n,m,q,seed,source_babai_secret_success,source_exact_secret_success,source_classical_greedy_secret_success,source_varqite_primary_secret_success,source_varqite_candidate_lwe_prior_success,source_varqite_candidate_any_success,source_babai_fail_but_qite_candidate_best_fix,source_babai_fail_but_qite_candidate_any_fix,regenerated_babai_secret_success,regenerated_greedy_secret_success,validation_babai_success_match,validation_greedy_success_match,validation_w_babai_match,validation_residual_match,delta_classical_candidate_best,classical_candidate_best_energy,classical_candidate_best_lwe_prior_score,classical_candidate_best_secret_ternary_violation,classical_candidate_best_noise_ternary_violation,classical_candidate_best_secret_weight,classical_candidate_best_noise_weight,w_classical_candidate_best,s_hat_classical_candidate_best,classical_candidate_best_secret_success,classical_candidate_generated_raw,classical_candidate_topk_used,classical_candidate_any_secret_success,classical_candidate_any_geometry_improved,classical_candidate_any_matches_exact_state,classical_candidate_any_matches_exact_energy,classical_min_dist2_true_among_candidates,classical_candidate_preview_states,babai_fail_but_classical_candidate_fix,qite_candidate_success_but_classical_candidate_fail,classical_candidate_success_but_qite_candidate_fail,qite_candidate_and_classical_candidate_both_success,qite_candidate_and_classical_candidate_both_fail,dist2_true_babai,dist2_true_classical_candidate_best,classical_candidate_best_geometry_improved,elapsed_total_sec,elapsed_greedy_sec,elapsed_classical_candidate_sec
3,4,17,0,True,True,True,True,True,True,False,False,True,True,True,True,True,True,"[0, 0, 0, 0]",1.0,21.05,0,0,3,1,"[-1, 9, -1, -8]","[1, 1, 16]",True,1,1,True,False,True,True,0,"[('(0, 0, 0, 0)', 1.0)]",False,False,False,True,False,0,0,False,0.0038743329932913184,2.4291977752000093e-05,0.0003345830482430756
3,4,17,2,True,True,True,True,True,True,False,False,True,True,True,True,True,True,"[0, 0, 0, 0]",0.0,10.0,0,0,2,0,"[-1, 5, -8, -6]","[16, 16, 0]",True,1,1,True,False,True,True,0,"[('(0, 0, 0, 0)', 0.0)]",False,False,False,True,False,0,0,False,0.001037334033753723,1.9167026039212942e-05,0.00012145901564508677
3,4,17,1,True,True,True,True,True,True,False,False,True,True,True,True,True,True,"[0, 0, 0, 0]",1.0,21.05,0,0,1,1,"[8, -1, -4, 5]","[1, 0, 0]",True,1,1,True,False,True,True,0,"[('(0, 0, 0, 0)', 1.0)]",False,False,False,True,False,0,0,False,0.0016287090256810188,2.3875036276876926e-05,0.0004112499882467091
3,4,17,3,True,False,True,True,True,True,False,False,True,True,True,True,True,True,"[0, 0, 0, 0]",1.0,21.05,0,0,1,1,"[-1, -3, 8, -5]","[0, 16, 0]",True,1,1,True,False,False,True,0,"[('(0, 0, 0, 0)', 1.0)]",False,False,False,True,False,0,0,False,0.001193041040096432,2.2666994482278824e-05,0.00014079100219532847
3,4,17,4,False,True,False,False,True,True,True,True,False,False,True,True,True,True,"[0, 0, 0, 0]",1.0,3021.05,3,0,3,1,"[-8, -7, 5, -5]","[8, 15, 7]",False,1,1,False,False,False,True,2,"[('(0, 0, 0, 0)', 1.0)]",False,True,False,False,False,2,2,False,0.000875165977049619,1.8791004549711943e-05,0.00011729204561561346
3,4,17,7,True,True,True,True,True,True,False,False,True,True,True,True,True,True,"[0, 0, 0, 0]",0.0,30.0,0,0,3,0,"[5, 7, 6, -4]","[16, 1, 1]",True,1,1,True,False,True,True,0,"[('(0, 0, 0, 0)', 0.0)]",False,False,False,True,False,0,0,False,0.0009354999638162553,1.7417012713849545e-05,0.00010883301729336381
3,4,17,6,False,False,False,False,True,True,True,True,False,False,True,True,True,True,"[0, 0, 0, 0]",1.0,3021.05,3,0,3,1,"[8, 3, 6, 8]","[13, 6, 2]",False,1,1,False,False,True,True,3,"[('(0, 0, 0, 0)', 1.0)]",False,True,False,False,False,3,3,False,0.0008515829686075449,1.6834004782140255e-05,0.00010475004091858864
3,4,17,5,True,True,True,True,True,True,False,False,True,True,True,True,True,True,"[0, 0, 0, 0]",1.0,1.05,0,0,2,1,"[4, 2, -3, 7]","[0, 16, 16]",True,1,1,True,False,True,True,0,"[('(0, 0, 0, 0)', 1.0)]",False,False,False,True,False,0,0,False,0.0008082909625954926,1.650000922381878e-05,0.00010437500895932317
3,4,17,9,False,False,False,False,True,True,True,True,False,False,True,True,True,True,"[0, 0, 0, 0]",1.0,2021.05,2,0,3,1,"[5, -5, -4, -5]","[14, 16, 11]",False,1,1,False,False,True,True,1,"[('(0, 0, 0, 0)', 1.0)]",False,True,False,False,False,1,1,False,0.0007953750318847597,1.6042031347751617e-05,0.0001010830164887011
3,4,17,8,True,True,True,True,True,True,False,False,True,True,True,True,True,True,"[0, 0, 0, 0]",0.0,30.0,0,0,1,0,"[-3, -5, 7, -6]","[0, 0, 16]",True,1,1,True,False,True,True,0,"[('(0, 0, 0, 0)', 0.0)]",False,False,False,True,False,0,0,False,0.0008460000390186906,1.6208970919251442e-05,0.00010200001997873187
3,4,17,10,True,False,True,True,True,True,False,False,True,True,True,True,True,True,"[0, 0, 0, 0]",1.0,21.05,0,0,1,1,"[-1, -4, 2, 2]","[0, 1, 0]",True,1,1,True,False,False,True,0,"[('(0, 0, 0, 0)', 1.0)]",False,False,False,True,False,0,0,False,0.000710166001226753,1.5833997167646885e-05,9.829096961766481e-05
3,4,17,11,True,True,True,True,True,True,False,False,True,True,True,True,True,True,"[0, 0, 0, 0]",0.0,30.0,0,0,3,0,"[-8, -8, -4, 7]","[16, 16, 1]",True,1,1,True,False,True,True,0,"[('(0, 0, 0, 0)', 0.0)]",False,False,False,True,False,0,0,False,0.0008163749589584768,1.650000922381878e-05,9.950000094249845e-05
3,4,17,14,True,True,True,True,True,True,False,False,True,True,True,True,True,True,"[0, 0, 0, 0]",1.0,21.05,0,0,1,1,"[2, 6, 5, -7]","[1, 0, 0]",True,1,1,True,False,True,True,0,"[('(0, 0, 0, 0)', 1.0)]",False,False,False,True,False,0,0,False,0.0011437080102041364,1.7041980754584074e-05,0.00010608305456116796
3,4,17,12,False,False,False,False,True,True,True,True,False,False,True,True,True,True,"[0, 0, 0, 0]",2.0,2012.1,2,0,2,2,"[-4, 2, 6, -6]","[0, 11, 14]",False,1,1,False,False,True,True,2,"[('(0, 0, 0, 0)', 2.0)]",False,True,False,False,False,2,2,False,0.0008697089506313205,1.6167003195732832e-05,0.00010241701966151595
3,4,17,15,False,False,False,False,True,True,True,True,False,False,True,True,True,True,"[0, 0, 0, 0]",1.0,2001.05,2,0,2,1,"[3, 6, -9, -6]","[13, 0, 15]",False,1,1,False,False,True,True,6,"[('(0, 0, 0, 0)', 1.0)]",False,True,False,False,False,6,6,False,0.000771709019318223,1.6250007320195436e-05,9.895901894196868e-05
3,4,17,13,True,True,True,True,True,True,False,False,True,True,True,True,True,True,"[0, 0, 0, 0]",2.0,12.1,0,0,2,2,"[-1, -5, -2, 3]","[0, 16, 1]",True,1,1,True,False,True,True,0,"[('(0, 0, 0, 0)', 2.0)]",False,False,False,True,False,0,0,False,0.0006765000289306045,1.5833997167646885e-05,0.00010183302219957113
3,4,17,16,True,True,True,True,True,True,False,False,True,True,True,True,True,True,"[0, 0, 0, 0]",0.0,30.0,0,0,3,0,"[4, 2, -4, 0]","[1, 1, 16]",True,1,1,True,False,True,True,0,"[('(0, 0, 0, 0)', 0.0)]",False,False,False,True,False,0,0,False,0.0012782079866155982,1.6542035154998302e-05,0.00010458298493176699
3,4,17,17,False,False,False,False,True,True,True,True,False,False,True,True,True,True,"[0, 0, 0, 0]",2.0,3032.1,3,0,3,2,"[5, -1, 5, -3]","[3, 9, 13]",False,1,1,False,False,True,True,1,"[('(0, 0, 0, 0)', 2.0)]",False,True,False,False,False,1,1,False,0.0007234580116346478,1.612497726455331e-05,9.695900371298194e-05
3,4,17,18,False,False,False,False,False,False,False,False,False,False,True,True,True,True,"[0, 0, 0, 0]",2.0,2012.1,2,0,2,2,"[4, 6, -4, 0]","[10, 4, 0]",False,1,1,False,False,True,True,10,"[('(0, 0, 0, 0)', 2.0)]",False,False,False,False,True,10,10,False,0.0008156250114552677,1.6000005416572094e-05,9.987503290176392e-05
3,4,17,19,True,True,True,True,True,True,False,False,True,True,True,True,True,True,"[0, 0, 0, 0]",2.0,32.1,0,0,1,2,"[-7, -2, -3, 5]","[1, 0, 0]",True,1,1,True,False,True,True,0,"[('(0, 0, 0, 0)', 2.0)]",False,False,False,True,False,0,0,False,0.0007107079727575183,1.575000351294875e-05,9.883299935609102e-05
3,4,17,20,True,True,True,True,True,True,False,False,True,True,True,True,True,True,"[0, 0, 0, 0]",0.0,10.0,0,0,2,0,"[6, 8, 4, -1]","[16, 1, 0]",True,1,1,True,False,True,True,0,"[('(0, 0, 0, 0)', 0.0)]",False,False,False,True,False,0,0,False,0.0007813340052962303,1.6250007320195436e-05,9.837502148002386e-05
3,4,17,21,True,True,True,True,True,True,False,False,True,True,True,True,True,True,"[0, 0, 0, 0]",1.0,1.05,0,0,2,1,"[-7, 5, 4, 6]","[0, 16, 1]",True,1,1,True,False,True,True,0,"[('(0, 0, 0, 0)', 1.0)]",False,False,False,True,False,0,0,False,0.0016047499957494438,2.1541956812143326e-05,0.00013358303112909198
3,4,17,22,True,True,True,True,True,True,False,False,True,True,True,True,True,True,"[0, 0, 0, 0]",1.0,21.05,0,0,3,1,"[8, 1, -2, -7]","[1, 1, 16]",True,1,1,True,False,True,True,0,"[('(0, 0, 0, 0)', 1.0)]",False,False,False,True,False,0,0,False,0.0009938339935615659,1.8499966245144606e-05,0.00011274998541921377
3,4,17,23,True,True,True,True,True,True,False,False,True,True,True,True,True,True,"[0, 0, 0, 0]",1.0,1.05,0,0,2,1,"[6, 3, 6, -5]","[16, 16, 0]",True,1,1,True,False,True,True,0,"[('(0, 0, 0, 0)', 1.0)]",False,False,False,True,False,0,0,False,0.0008259169990196824,1.712498487904668e-05,0.00011062499834224582
3,4,17,24,True,True,True,True,True,True,False,False,True,True,True,True,True,True,"[0, 0, 0, 0]",1.0,1.05,0,0,2,1,"[1, -7, -6, 0]","[1, 16, 0]",True,1,1,True,False,True,True,0,"[('(0, 0, 0, 0)', 1.0)]",False,False,False,True,False,0,0,False,0.0008288330282084644,1.6959034837782383e-05,0.00010541704250499606
3,4,17,25,False,True,False,False,True,True,True,True,False,False,True,True,True,True,"[0, 0, 0, 0]",1.0,1021.05,1,0,3,1,"[-5, 0, -3, 7]","[3, 1, 16]",False,1,1,False,False,False,True,2,"[('(0, 0, 0, 0)', 1.0)]",False,True,False,False,False,2,2,False,0.000731125008314848,1.679197885096073e-05,0.00010208401363343
3,4,17,26,False,False,False,False,False,False,False,False,False,False,True,True,True,True,"[0, 0, 0, 0]",1.0,2021.05,2,0,3,1,"[-8, -6, 4, -7]","[16, 10, 5]",False,1,1,False,False,True,True,2,"[('(0, 0, 0, 0)', 1.0)]",False,False,False,False,True,2,2,False,0.0007667909958399832,1.6790989320725203e-05,0.00010454194853082299
3,4,17,28,True,True,True,True,True,True,False,False,True,True,True,True,True,True,"[0, 0, 0, 0]",0.0,10.0,0,0,2,0,"[8, -5, -4, -3]","[1, 1, 0]",True,1,1,True,False,True,True,0,"[('(0, 0, 0, 0)', 0.0)]",False,False,False,True,False,0,0,False,0.0007835839642211795,1.6209029126912355e-05,0.00010312499944120646
3,4,17,27,True,False,True,True,True,True,False,False,True,True,True,True,True,True,"[0, 0, 0, 0]",1.0,1.05,0,0,2,1,"[6, -4, 2, -1]","[16, 16, 0]",True,1,1,True,False,False,True,0,"[('(0, 0, 0, 0)', 1.0)]",False,False,False,True,False,0,0,False,0.000738375005312264,1.637497916817665e-05,0.00010504102101549506
3,4,17,29,False,False,False,False,True,True,True,True,False,False,True,True,True,True,"[0, 0, 0, 0]",0.0,3030.0,3,0,3,0,"[7, -8, 8, 1]","[7, 15, 14]",False,1,1,False,False,True,True,1,"[('(0, 0, 0, 0)', 0.0)]",False,True,False,False,False,1,1,False,0.0011896660435013473,2.3833999875932932e-05,0.00015637499745935202
3,4,17,30,True,True,True,True,True,True,False,False,True,True,True,True,True,True,"[0, 0, 0, 0]",1.0,21.05,0,0,1,1,"[-4, -6, 7, -3]","[0, 16, 0]",True,1,1,True,False,True,True,0,"[('(0, 0, 0, 0)', 1.0)]",False,False,False,True,False,0,0,False,0.0012673749588429928,1.629203325137496e-05,0.000453874992672354
3,4,17,31,True,True,True,True,True,True,False,False,True,True,True,True,True,True,"[0, 0, 0, 0]",1.0,21.05,0,0,3,1,"[1, 1, -3, -5]","[16, 16, 1]",True,1,1,True,False,True,True,0,"[('(0, 0, 0, 0)', 1.0)]",False,False,False,True,False,0,0,False,0.0010320839937776327,1.9082974176853895e-05,0.0001609169994480908
3,4,17,34,False,False,False,False,True,True,True,True,False,False,True,True,True,True,"[0, 0, 0, 0]",1.0,2021.05,2,0,3,1,"[2, -1, -6, -6]","[4, 15, 16]",False,1,1,False,False,True,True,3,"[('(0, 0, 0, 0)', 1.0)]",False,True,False,False,False,3,3,False,0.0010894580045714974,2.099998528137803e-05,0.00011779199121519923
3,4,17,32,True,True,True,True,True,True,False,False,True,True,True,True,True,True,"[0, 0, 0, 0]",0.0,10.0,0,0,2,0,"[-6, -2, -2, -7]","[1, 0, 1]",True,1,1,True,False,True,True,0,"[('(0, 0, 0, 0)', 0.0)]",False,False,False,True,False,0,0,False,0.0016966249677352607,2.4290988221764565e-05,0.00014308298705145717
3,4,17,33,True,False,True,True,True,True,False,False,True,True,True,True,True,True,"[0, 0, 0, 0]",2.0,12.1,0,0,2,2,"[8, -6, -4, 4]","[1, 0, 16]",True,1,1,True,False,False,True,0,"[('(0, 0, 0, 0)', 2.0)]",False,False,False,True,False,0,0,False,0.0008073750068433583,1.8624996300786734e-05,0.00011279102182015777
3,4,17,35,False,False,False,False,True,True,True,True,False,False,True,True,True,True,"[0, 0, 0, 0]",2.0,2012.1,2,0,2,2,"[3, -4, -2, -9]","[8, 0, 13]",False,1,1,False,False,True,True,2,"[('(0, 0, 0, 0)', 2.0)]",False,True,False,False,False,2,2,False,0.0013061250210739672,4.641700070351362e-05,0.0002733750152401626
3,4,17,36,True,True,True,True,True,True,False,False,True,True,True,True,True,True,"[0, 0, 0, 0]",0.0,10.0,0,0,2,0,"[-4, -8, 8, -1]","[0, 1, 16]",True,1,1,True,False,True,True,0,"[('(0, 0, 0, 0)', 0.0)]",False,False,False,True,False,0,0,False,0.001470249961130321,4.541699308902025e-05,0.0002702089841477573
3,4,17,39,True,True,True,True,True,True,False,False,True,True,True,True,True,True,"[0, 0, 0, 0]",0.0,30.0,0,0,3,0,"[-4, -3, 3, -2]","[16, 16, 1]",True,1,1,True,False,True,True,0,"[('(0, 0, 0, 0)', 0.0)]",False,False,False,True,False,0,0,False,0.0009657499613240361,2.1208019461482763e-05,0.00013350002700462937
3,4,17,37,True,True,True,True,True,True,False,False,True,True,True,True,True,True,"[0, 0, 0, 0]",1.0,21.05,0,0,3,1,"[-2, 6, 0, 2]","[1, 16, 16]",True,1,1,True,False,True,True,0,"[('(0, 0, 0, 0)', 1.0)]",False,False,False,True,False,0,0,False,0.001687082985881716,2.3541972041130066e-05,0.00013699999544769526
3,4,17,41,True,True,True,True,True,True,False,False,True,True,True,True,True,True,"[0, 0, 0, 0]",1.0,21.05,0,0,1,1,"[-3, 2, 5, 5]","[0, 0, 1]",True,1,1,True,False,True,True,0,"[('(0, 0, 0, 0)', 1.0)]",False,False,False,True,False,0,0,False,0.001072583021596074,2.112501533702016e-05,0.00012729200534522533
3,4,17,40,True,True,True,True,True,True,False,False,True,True,True,True,True,True,"[0, 0, 0, 0]",2.0,12.1,0,0,2,2,"[5, -6, 9, 1]","[0, 16, 16]",True,1,1,True,False,True,True,0,"[('(0, 0, 0, 0)', 2.0)]",False,False,False,True,False,0,0,False,0.0009355000220239162,2.0332983694970608e-05,0.00012195802992209792
3,4,17,38,True,True,True,True,True,True,False,False,True,True,True,True,True,True,"[0, 0, 0, 0]",1.0,21.05,0,0,1,1,"[4, 4, 8, -2]","[1, 0, 0]",True,1,1,True,False,True,True,0,"[('(0, 0, 0, 0)', 1.0)]",False,False,False,True,False,0,0,False,0.0022920420160517097,2.6124995201826096e-05,0.00016254198271781206
3,4,17,43,False,False,False,False,True,True,True,True,False,False,True,True,True,True,"[0, 0, 0, 0]",1.0,3021.05,3,0,3,1,"[8, 1, 5, -7]","[14, 2, 13]",False,1,1,False,False,True,True,3,"[('(0, 0, 0, 0)', 1.0)]",False,True,False,False,False,3,3,False,0.0008491670014336705,2.0041014067828655e-05,0.00011416699271649122
3,4,17,44,False,False,False,False,True,True,True,True,False,False,True,True,True,True,"[0, 0, 0, 0]",1.0,2021.05,2,0,3,1,"[6, -3, -1, -2]","[13, 16, 4]",False,1,1,False,False,True,True,1,"[('(0, 0, 0, 0)', 1.0)]",False,True,False,False,False,1,1,False,0.0012311250320635736,2.0208011846989393e-05,0.00019049999536946416
3,4,17,45,True,True,True,True,True,True,False,False,True,True,True,True,True,True,"[0, 0, 0, 0]",0.0,30.0,0,0,1,0,"[-2, 8, -5, 8]","[1, 0, 0]",True,1,1,True,False,True,True,0,"[('(0, 0, 0, 0)', 0.0)]",False,False,False,True,False,0,0,False,0.0009530829847790301,1.95419997908175e-05,0.00012058397987857461
3,4,17,42,True,True,True,True,True,True,False,False,True,True,True,True,True,True,"[0, 0, 0, 0]",1.0,21.05,0,0,3,1,"[3, 0, -8, -7]","[1, 1, 16]",True,1,1,True,False,True,True,0,"[('(0, 0, 0, 0)', 1.0)]",False,False,False,True,False,0,0,False,0.002419082971755415,2.6458001229912043e-05,0.00024854199727997184
3,4,17,46,True,True,True,True,True,True,False,False,True,True,True,True,True,True,"[0, 0, 0, 0]",1.0,21.05,0,0,1,1,"[-2, -8, -7, -4]","[0, 1, 0]",True,1,1,True,False,True,True,0,"[('(0, 0, 0, 0)', 1.0)]",False,False,False,True,False,0,0,False,0.0012891250080429018,2.0249979570508003e-05,0.00012624997179955244
3,4,17,48,False,False,False,False,True,True,True,True,False,False,True,True,True,True,"[0, 0, 0, 0]",2.0,3032.1,3,0,3,2,"[8, 6, -3, -2]","[12, 11, 11]",False,1,1,False,False,False,True,6,"[('(0, 0, 0, 0)', 2.0)]",False,True,False,False,False,6,6,False,0.0010217910166829824,2.3291038814932108e-05,0.0001319579896517098
3,4,17,47,True,True,True,True,True,True,False,False,True,True,True,True,True,True,"[0, 0, 0, 0]",0.0,10.0,0,0,2,0,"[-6, -5, 0, 7]","[16, 1, 0]",True,1,1,True,False,True,True,0,"[('(0, 0, 0, 0)', 0.0)]",False,False,False,True,False,0,0,False,0.0013450830010697246,1.941696973517537e-05,0.00012079195585101843
3,4,17,52,False,False,False,False,False,False,False,False,False,False,True,True,True,True,"[0, 0, 0, 0]",1.0,2021.05,2,0,3,1,"[4, 2, -5, -4]","[13, 1, 6]",False,1,1,False,False,True,True,2,"[('(0, 0, 0, 0)', 1.0)]",False,False,False,False,True,2,2,False,0.0008532910142093897,1.9625003915280104e-05,0.00011570798233151436
3,4,17,49,False,False,False,False,True,True,True,True,False,False,True,True,True,True,"[0, 0, 0, 0]",2.0,3032.1,3,0,3,2,"[5, -6, 0, 3]","[2, 10, 7]",False,1,1,False,False,True,True,4,"[('(0, 0, 0, 0)', 2.0)]",False,True,False,False,False,4,4,False,0.0008841659873723984,1.850002445280552e-05,0.0001152500044554472
3,4,17,51,False,True,False,False,True,True,True,True,False,False,True,True,True,True,"[0, 0, 0, 0]",1.0,2021.05,2,0,3,1,"[7, 6, 5, -4]","[2, 1, 2]",False,1,1,False,False,False,True,2,"[('(0, 0, 0, 0)', 1.0)]",False,True,False,False,False,2,2,False,0.0008494579815305769,1.8082966562360525e-05,0.000109999964479357
3,4,17,50,True,True,True,True,True,True,False,False,True,True,True,True,True,True,"[0, 0, 0, 0]",1.0,21.05,0,0,1,1,"[4, 3, -4, -4]","[16, 0, 0]",True,1,1,True,False,True,True,0,"[('(0, 0, 0, 0)', 1.0)]",False,False,False,True,False,0,0,False,0.0023247500066645443,6.087496876716614e-05,0.00032116600777953863
3,4,17,54,False,False,False,False,True,True,True,True,False,False,True,True,True,True,"[0, 0, 0, 0]",1.0,3021.05,3,0,3,1,"[3, -8, 3, -3]","[13, 4, 9]",False,1,1,False,False,True,True,2,"[('(0, 0, 0, 0)', 1.0)]",False,True,False,False,False,2,2,False,0.0007438749889843166,1.754099503159523e-05,0.00010579201625660062
3,4,17,57,False,False,False,False,True,True,True,True,False,False,True,True,True,True,"[0, 0, 0, 0]",2.0,3032.1,3,0,3,2,"[6, 4, -5, 6]","[2, 14, 12]",False,1,1,False,False,True,True,2,"[('(0, 0, 0, 0)', 2.0)]",False,True,False,False,False,2,2,False,0.0008249579695984721,1.687504118308425e-05,0.0001039999770000577
3,4,17,55,False,False,False,False,True,True,True,True,False,False,True,True,True,True,"[0, 0, 0, 0]",1.0,3021.05,3,0,3,1,"[3, 0, -7, -8]","[6, 11, 12]",False,1,1,False,False,True,True,2,"[('(0, 0, 0, 0)', 1.0)]",False,True,False,False,False,2,2,False,0.0009454580140300095,1.7041980754584074e-05,0.00014716695295646787
3,4,17,58,False,False,False,False,True,True,True,True,False,False,True,True,True,True,"[0, 0, 0, 0]",1.0,3021.05,3,0,3,1,"[-3, 1, -3, 2]","[11, 15, 8]",False,1,1,False,False,True,True,5,"[('(0, 0, 0, 0)', 1.0)]",False,True,False,False,False,5,5,False,0.0008321669884026051,1.6624981071799994e-05,0.0001395419822074473
3,4,17,53,True,True,True,True,True,True,False,False,True,True,True,True,True,True,"[0, 0, 0, 0]",0.0,10.0,0,0,2,0,"[6, 0, -3, -5]","[1, 0, 1]",True,1,1,True,False,True,True,0,"[('(0, 0, 0, 0)', 0.0)]",False,False,False,True,False,0,0,False,0.002434207999613136,6.395799573510885e-05,0.0003220840007998049
3,4,17,56,False,False,False,False,True,True,True,True,False,False,True,True,True,True,"[0, 0, 0, 0]",1.0,3021.05,3,0,3,1,"[6, 0, 5, -5]","[12, 6, 11]",False,1,1,False,False,True,True,2,"[('(0, 0, 0, 0)', 1.0)]",False,True,False,False,False,2,2,False,0.0017445419798605144,2.341700019314885e-05,0.00028858298901468515
3,4,17,60,True,True,True,True,True,True,False,False,True,True,True,True,True,True,"[0, 0, 0, 0]",1.0,1.05,0,0,2,1,"[7, -1, -2, -4]","[1, 1, 0]",True,1,1,True,False,True,True,0,"[('(0, 0, 0, 0)', 1.0)]",False,False,False,True,False,0,0,False,0.001177166006527841,2.2249994799494743e-05,0.00014608300989493728
3,4,17,59,True,False,True,True,True,True,False,False,True,True,True,True,True,True,"[0, 0, 0, 0]",2.0,12.1,0,0,2,2,"[-1, 2, -4, 5]","[16, 0, 1]",True,1,1,True,False,False,True,0,"[('(0, 0, 0, 0)', 2.0)]",False,False,False,True,False,0,0,False,0.000793374958448112,1.6665959265083075e-05,0.0001230830093845725
3,4,17,62,True,True,True,True,True,True,False,False,True,True,True,True,True,True,"[0, 0, 0, 0]",1.0,1.05,0,0,2,1,"[2, -8, 5, 7]","[0, 1, 1]",True,1,1,True,False,True,True,0,"[('(0, 0, 0, 0)', 1.0)]",False,False,False,True,False,0,0,False,0.001183540967758745,5.8792007621377707e-05,0.00027237494941800833
3,4,17,61,False,False,False,False,True,True,True,True,False,False,True,True,True,True,"[0, 0, 0, 0]",1.0,3021.05,3,0,3,1,"[-3, -4, 4, 6]","[5, 5, 11]",False,1,1,False,False,True,True,3,"[('(0, 0, 0, 0)', 1.0)]",False,True,False,False,False,3,3,False,0.0014726660447195172,2.3083004634827375e-05,0.00026649999199435115
3,4,17,64,True,True,True,True,True,True,False,False,True,True,True,True,True,True,"[0, 0, 0, 0]",1.0,1.05,0,0,2,1,"[-6, 7, 8, -4]","[1, 0, 16]",True,1,1,True,False,True,True,0,"[('(0, 0, 0, 0)', 1.0)]",False,False,False,True,False,0,0,False,0.0009275419870391488,1.8082966562360525e-05,0.00011512497439980507
3,4,17,63,True,True,True,True,True,True,False,False,True,True,True,True,True,True,"[0, 0, 0, 0]",0.0,30.0,0,0,1,0,"[7, -1, -8, 3]","[1, 0, 0]",True,1,1,True,False,True,True,0,"[('(0, 0, 0, 0)', 0.0)]",False,False,False,True,False,0,0,False,0.0013458330067805946,2.3124972358345985e-05,0.00014470802852883935
3,4,17,65,False,False,False,False,True,True,True,True,False,False,True,True,True,True,"[0, 0, 0, 0]",2.0,3032.1,3,0,3,2,"[5, 5, -2, 2]","[12, 14, 10]",False,1,1,False,False,True,True,7,"[('(0, 0, 0, 0)', 2.0)]",False,True,False,False,False,7,7,False,0.0011501670232973993,1.933303428813815e-05,0.0001075419713743031
3,4,17,66,True,True,True,True,True,True,False,False,True,True,True,True,True,True,"[0, 0, 0, 0]",1.0,21.05,0,0,1,1,"[1, 6, 5, -8]","[16, 0, 0]",True,1,1,True,False,True,True,0,"[('(0, 0, 0, 0)', 1.0)]",False,False,False,True,False,0,0,False,0.0008549589547328651,1.733400858938694e-05,0.00010704196756705642
3,4,17,70,True,False,True,True,True,True,False,False,True,True,True,True,True,True,"[0, 0, 0, 0]",1.0,21.05,0,0,3,1,"[6, 5, -2, 2]","[16, 16, 1]",True,1,1,True,False,False,True,0,"[('(0, 0, 0, 0)', 1.0)]",False,False,False,True,False,0,0,False,0.0008293329738080502,1.7416023183614016e-05,0.00011941598495468497
3,4,17,68,True,True,True,True,True,True,False,False,True,True,True,True,True,True,"[0, 0, 0, 0]",1.0,21.05,0,0,1,1,"[-8, 3, 2, 1]","[16, 0, 0]",True,1,1,True,False,True,True,0,"[('(0, 0, 0, 0)', 1.0)]",False,False,False,True,False,0,0,False,0.0018143749912269413,2.1458021365106106e-05,0.00012883299496024847
3,4,17,67,False,False,False,False,True,True,True,True,False,False,True,True,True,True,"[0, 0, 0, 0]",2.0,2032.1,2,0,3,2,"[-9, -8, 4, -8]","[10, 16, 8]",False,1,1,False,False,True,True,2,"[('(0, 0, 0, 0)', 2.0)]",False,True,False,False,False,2,2,False,0.0017102090059779584,2.150004729628563e-05,0.0001323750475421548
3,4,17,72,False,False,False,False,True,True,True,True,False,False,True,True,True,True,"[0, 0, 0, 0]",2.0,3032.1,3,0,3,2,"[3, -5, -2, 7]","[6, 8, 5]",False,1,1,False,False,False,True,2,"[('(0, 0, 0, 0)', 2.0)]",False,True,False,False,False,2,2,False,0.0008377499761991203,1.6624981071799994e-05,0.00010241701966151595
3,4,17,69,True,True,True,True,True,True,False,False,True,True,True,True,True,True,"[0, 0, 0, 0]",1.0,21.05,0,0,1,1,"[6, 3, 2, 4]","[0, 0, 16]",True,1,1,True,False,True,True,0,"[('(0, 0, 0, 0)', 1.0)]",False,False,False,True,False,0,0,False,0.0014640840236097574,4.2000028770416975e-05,0.0003095830325037241
3,4,17,74,True,True,True,True,True,True,False,False,True,True,True,True,True,True,"[0, 0, 0, 0]",1.0,1.05,0,0,2,1,"[3, 3, 5, -1]","[16, 0, 1]",True,1,1,True,False,True,True,0,"[('(0, 0, 0, 0)', 1.0)]",False,False,False,True,False,0,0,False,0.001274749985896051,3.366702003404498e-05,0.00033766700653359294
3,4,17,71,False,False,False,False,True,True,True,True,False,False,True,True,True,True,"[0, 0, 0, 0]",1.0,2001.05,2,0,2,1,"[-5, -9, 7, 0]","[0, 12, 4]",False,1,1,False,False,True,True,2,"[('(0, 0, 0, 0)', 1.0)]",False,True,False,False,False,2,2,False,0.0017912909970618784,2.8125010430812836e-05,0.00027787499129772186
3,4,17,76,True,True,True,True,True,True,False,False,True,True,True,True,True,True,"[0, 0, 0, 0]",1.0,1.05,0,0,2,1,"[5, -5, -4, -5]","[0, 1, 16]",True,1,1,True,False,True,True,0,"[('(0, 0, 0, 0)', 1.0)]",False,False,False,True,False,0,0,False,0.0016293750377371907,2.1832995116710663e-05,0.00013383303303271532
3,4,17,75,True,True,True,True,True,True,False,False,True,True,True,True,True,True,"[0, 0, 0, 0]",2.0,32.1,0,0,3,2,"[0, -5, -6, -2]","[1, 1, 1]",True,1,1,True,False,True,True,0,"[('(0, 0, 0, 0)', 2.0)]",False,False,False,True,False,0,0,False,0.001891584019176662,4.895799793303013e-05,0.000372416980098933
3,4,17,77,True,True,True,True,True,True,False,False,True,True,True,True,True,True,"[0, 0, 0, 0]",0.0,10.0,0,0,2,0,"[5, -4, -8, -1]","[1, 16, 0]",True,1,1,True,False,True,True,0,"[('(0, 0, 0, 0)', 0.0)]",False,False,False,True,False,0,0,False,0.0012724170228466392,6.262504030019045e-05,0.00028891704278066754
3,4,17,78,True,True,True,True,True,True,False,False,True,True,True,True,True,True,"[0, 0, 0, 0]",0.0,10.0,0,0,2,0,"[4, -7, -3, -2]","[0, 1, 16]",True,1,1,True,False,True,True,0,"[('(0, 0, 0, 0)', 0.0)]",False,False,False,True,False,0,0,False,0.0011935000075027347,1.8874998204410076e-05,0.0002662499900907278
3,4,17,73,True,False,True,True,True,True,False,False,True,True,True,True,True,True,"[0, 0, 0, 0]",2.0,32.1,0,0,3,2,"[1, 9, -6, -5]","[1, 16, 1]",True,1,1,True,False,False,True,0,"[('(0, 0, 0, 0)', 2.0)]",False,False,False,True,False,0,0,False,0.002480541996192187,4.858302418142557e-05,0.0003381670103408396
3,4,17,79,True,True,True,True,True,True,False,False,True,True,True,True,True,True,"[0, 0, 0, 0]",1.0,21.05,0,0,1,1,"[2, 2, 7, -2]","[0, 0, 16]",True,1,1,True,False,True,True,0,"[('(0, 0, 0, 0)', 1.0)]",False,False,False,True,False,0,0,False,0.0008436249918304384,1.983396941795945e-05,0.00012091698590666056
3,4,17,80,True,True,True,True,True,True,False,False,True,True,True,True,True,True,"[0, 0, 0, 0]",0.0,30.0,0,0,1,0,"[-5, -6, -7, 5]","[0, 1, 0]",True,1,1,True,False,True,True,0,"[('(0, 0, 0, 0)', 0.0)]",False,False,False,True,False,0,0,False,0.0010025000083260238,2.1083978936076164e-05,0.0001242079888470471
3,4,17,81,False,False,False,False,True,True,True,True,False,False,True,True,True,True,"[0, 0, 0, 0]",1.0,3021.05,3,0,3,1,"[-8, 6, 7, -8]","[11, 11, 6]",False,1,1,False,False,True,True,1,"[('(0, 0, 0, 0)', 1.0)]",False,True,False,False,False,1,1,False,0.0008097499958239496,1.858395989984274e-05,0.00012295902706682682
3,4,17,85,True,False,True,True,True,True,False,False,True,True,True,True,True,True,"[0, 0, 0, 0]",1.0,1.05,0,0,2,1,"[7, 2, 7, 7]","[16, 0, 16]",True,1,1,True,False,False,True,0,"[('(0, 0, 0, 0)', 1.0)]",False,False,False,True,False,0,0,False,0.000834291975479573,1.795799471437931e-05,0.00011099997209385037
3,4,17,83,True,True,True,True,True,True,False,False,True,True,True,True,True,True,"[0, 0, 0, 0]",0.0,30.0,0,0,1,0,"[-5, 0, 6, 5]","[1, 0, 0]",True,1,1,True,False,True,True,0,"[('(0, 0, 0, 0)', 0.0)]",False,False,False,True,False,0,0,False,0.0012882089940831065,1.8832972273230553e-05,0.00011362496297806501
3,4,17,82,True,True,True,True,True,True,False,False,True,True,True,True,True,True,"[0, 0, 0, 0]",0.0,10.0,0,0,2,0,"[-1, 6, -5, -8]","[16, 0, 1]",True,1,1,True,False,True,True,0,"[('(0, 0, 0, 0)', 0.0)]",False,False,False,True,False,0,0,False,0.0015147909871302545,2.1291023585945368e-05,0.000157416972797364
3,4,17,84,True,True,True,True,True,True,False,False,True,True,True,True,True,True,"[0, 0, 0, 0]",0.0,10.0,0,0,2,0,"[-1, 6, -6, -2]","[1, 16, 0]",True,1,1,True,False,True,True,0,"[('(0, 0, 0, 0)', 0.0)]",False,False,False,True,False,0,0,False,0.0013031670241616666,1.8791004549711943e-05,0.00011570798233151436
3,4,17,87,False,False,False,False,True,True,True,True,False,False,True,True,True,True,"[0, 0, 0, 0]",1.0,2001.05,2,0,2,1,"[8, 7, 2, -3]","[2, 10, 0]",False,1,1,False,False,True,True,2,"[('(0, 0, 0, 0)', 1.0)]",False,True,False,False,False,2,2,False,0.0007722089649178088,1.712498487904668e-05,0.00010866601951420307
3,4,17,91,True,True,True,True,True,True,False,False,True,True,True,True,True,True,"[0, 0, 0, 0]",1.0,21.05,0,0,1,1,"[4, 1, 4, 2]","[0, 1, 0]",True,1,1,True,False,True,True,0,"[('(0, 0, 0, 0)', 1.0)]",False,False,False,True,False,0,0,False,0.000714458990842104,1.7000013031065464e-05,0.00010437495075166225
3,4,17,86,True,True,True,True,True,True,False,False,True,True,True,True,True,True,"[0, 0, 0, 0]",0.0,10.0,0,0,2,0,"[6, 0, -5, -2]","[1, 16, 0]",True,1,1,True,False,True,True,0,"[('(0, 0, 0, 0)', 0.0)]",False,False,False,True,False,0,0,False,0.0020309159881435335,4.095799522474408e-05,0.000299665960483253
3,4,17,88,True,True,True,True,True,True,False,False,True,True,True,True,True,True,"[0, 0, 0, 0]",1.0,1.05,0,0,2,1,"[-6, -5, -5, 4]","[16, 0, 16]",True,1,1,True,False,True,True,0,"[('(0, 0, 0, 0)', 1.0)]",False,False,False,True,False,0,0,False,0.00135908299125731,1.9832979887723923e-05,0.00016141700325533748
3,4,17,90,True,True,True,True,True,True,False,False,True,True,True,True,True,True,"[0, 0, 0, 0]",1.0,21.05,0,0,1,1,"[6, 3, 7, -8]","[0, 1, 0]",True,1,1,True,False,True,True,0,"[('(0, 0, 0, 0)', 1.0)]",False,False,False,True,False,0,0,False,0.0015228749834932387,1.899997005239129e-05,0.0001230000052601099
3,4,17,89,False,True,False,False,True,True,True,True,False,False,True,True,True,True,"[0, 0, 0, 0]",2.0,2032.1,2,0,3,2,"[-3, -3, 3, -8]","[1, 5, 10]",False,1,1,False,False,False,True,2,"[('(0, 0, 0, 0)', 2.0)]",False,True,False,False,False,2,2,False,0.001424957998096943,4.7833018470555544e-05,0.0002746660029515624
3,4,17,93,False,True,False,False,True,True,True,True,False,False,True,True,True,True,"[0, 0, 0, 0]",3.0,2043.15,2,0,3,3,"[8, -1, 2, -5]","[9, 1, 12]",False,1,1,False,False,False,True,2,"[('(0, 0, 0, 0)', 3.0)]",False,True,False,False,False,2,2,False,0.000853499979712069,1.6624981071799994e-05,0.0001027089892886579
3,4,17,96,True,True,True,True,True,True,False,False,True,True,True,True,True,True,"[0, 0, 0, 0]",0.0,30.0,0,0,3,0,"[-6, 0, 8, 5]","[16, 1, 1]",True,1,1,True,False,True,True,0,"[('(0, 0, 0, 0)', 0.0)]",False,False,False,True,False,0,0,False,0.0010749580105766654,1.9832979887723923e-05,0.0001300420262850821
3,4,17,92,True,True,True,True,True,True,False,False,True,True,True,True,True,True,"[0, 0, 0, 0]",1.0,1.05,0,0,2,1,"[0, 8, 6, 6]","[16, 16, 0]",True,1,1,True,False,True,True,0,"[('(0, 0, 0, 0)', 1.0)]",False,False,False,True,False,0,0,False,0.001182874955702573,1.899997005239129e-05,0.00012395798694342375
3,4,17,97,True,True,True,True,True,True,False,False,True,True,True,True,True,True,"[0, 0, 0, 0]",1.0,1.05,0,0,2,1,"[4, 1, -7, 5]","[16, 16, 0]",True,1,1,True,False,True,True,0,"[('(0, 0, 0, 0)', 1.0)]",False,False,False,True,False,0,0,False,0.0008568750345148146,1.6583013348281384e-05,0.00010279199341312051
3,4,17,98,True,True,True,True,True,True,False,False,True,True,True,True,True,True,"[0, 0, 0, 0]",1.0,21.05,0,0,1,1,"[1, -8, -4, -5]","[0, 16, 0]",True,1,1,True,False,True,True,0,"[('(0, 0, 0, 0)', 1.0)]",False,False,False,True,False,0,0,False,0.0008457080111838877,1.837499439716339e-05,0.00010941701475530863
3,4,17,99,True,True,True,True,True,True,False,False,True,True,True,True,True,True,"[0, 0, 0, 0]",0.0,10.0,0,0,2,0,"[-4, -5, 0, -4]","[0, 1, 16]",True,1,1,True,False,True,True,0,"[('(0, 0, 0, 0)', 0.0)]",False,False,False,True,False,0,0,False,0.0012355840299278498,1.9791012164205313e-05,0.0001200829865410924
3,4,17,94,True,True,True,True,True,True,False,False,True,True,True,True,True,True,"[0, 0, 0, 0]",1.0,21.05,0,0,1,1,"[4, 5, 0, -4]","[0, 1, 0]",True,1,1,True,False,True,True,0,"[('(0, 0, 0, 0)', 1.0)]",False,False,False,True,False,0,0,False,0.001801875012461096,4.516699118539691e-05,0.00014387501869350672
3,4,17,95,True,True,True,True,True,True,False,False,True,True,True,True,True,True,"[0, 0, 0, 0]",0.0,30.0,0,0,3,0,"[2, -4, 5, 7]","[16, 1, 1]",True,1,1,True,False,True,True,0,"[('(0, 0, 0, 0)', 0.0)]",False,False,False,True,False,0,0,False,0.0021968749933876097,2.099998528137803e-05,0.00012970896204933524
4,6,17,1,True,True,True,True,True,True,False,False,True,True,True,True,True,True,"[0, 0, 0, 0, 0, 0]",0.0,40.0,0,0,1,0,"[8, 2, 5, -3, -8, -5]","[0, 1, 0, 0]",True,1,1,True,False,True,True,0,"[('(0, 0, 0, 0, 0, 0)', 0.0)]",False,False,False,True,False,0,0,False,0.004923124972265214,6.212497828528285e-05,0.0003610840067267418
4,6,17,2,True,True,True,True,True,True,False,False,True,True,True,True,True,True,"[0, 0, 0, 0, 0, 0]",2.0,2.1,0,0,2,2,"[-8, 6, -7, -1, -2, 3]","[1, 0, 0, 16]",True,1,1,True,False,True,True,0,"[('(0, 0, 0, 0, 0, 0)', 2.0)]",False,False,False,True,False,0,0,False,0.0057221669703722,5.2332994528114796e-05,0.00030508299823850393
4,6,17,3,True,True,True,True,True,True,False,False,True,True,True,True,True,True,"[0, 0, 0, 0, 0, 0]",2.0,22.1,0,0,1,2,"[4, -8, 7, 2, 1, -9]","[0, 0, 0, 1]",True,1,1,True,False,True,True,0,"[('(0, 0, 0, 0, 0, 0)', 2.0)]",False,False,False,True,False,0,0,False,0.0028012500260956585,2.6916968636214733e-05,0.00015970802633091807
4,6,17,0,True,True,True,True,True,True,False,False,True,True,True,True,True,True,"[0, 0, 0, 0, 0, 0]",2.0,22.1,0,0,3,2,"[0, 5, 8, 3, 3, 8]","[1, 16, 0, 16]",True,1,1,True,False,True,True,0,"[('(0, 0, 0, 0, 0, 0)', 2.0)]",False,False,False,True,False,0,0,False,0.0027006249874830246,2.2541964426636696e-05,0.00013758300337940454
4,6,17,5,True,True,True,True,True,True,False,False,True,True,True,True,True,True,"[0, 0, 0, 0, 0, 0]",1.0,31.05,0,0,3,1,"[-8, 5, -7, 8, 1, -8]","[0, 1, 1, 1]",True,1,1,True,False,True,True,0,"[('(0, 0, 0, 0, 0, 0)', 1.0)]",False,False,False,True,False,0,0,False,0.002432083012536168,2.2042018827050924e-05,0.00012404099106788635
4,6,17,8,True,True,True,True,True,True,False,False,True,True,True,True,True,True,"[0, 0, 0, 0, 0, 0]",1.0,31.05,0,0,3,1,"[3, 3, -7, 7, -9, -6]","[16, 16, 1, 0]",True,1,1,True,False,True,True,0,"[('(0, 0, 0, 0, 0, 0)', 1.0)]",False,False,False,True,False,0,0,False,0.0027347500436007977,2.704199869185686e-05,0.00016975001199170947
4,6,17,4,False,False,False,False,False,False,False,False,False,False,True,True,True,True,"[0, 0, 0, 0, 0, 0]",2.0,4042.1,4,0,4,2,"[-3, -1, -3, 4, 0, 1]","[5, 4, 15, 11]",False,1,1,False,False,True,True,7,"[('(0, 0, 0, 0, 0, 0)', 2.0)]",False,False,False,False,True,7,7,False,0.005216207995545119,5.704199429601431e-05,0.0003334579523652792
4,6,17,7,True,True,True,True,True,True,False,False,True,True,True,True,True,True,"[0, 0, 0, 0, 0, 0]",2.0,22.1,0,0,3,2,"[7, 8, 2, -6, 5, 5]","[1, 1, 0, 1]",True,1,1,True,False,True,True,0,"[('(0, 0, 0, 0, 0, 0)', 2.0)]",False,False,False,True,False,0,0,False,0.002377374970819801,2.133403904736042e-05,0.0001248749904334545
4,6,17,6,True,True,True,True,True,True,False,False,True,True,True,True,True,True,"[0, 0, 0, 0, 0, 0]",2.0,42.1,0,0,4,2,"[-2, 7, 5, 4, -8, 2]","[16, 1, 1, 1]",True,1,1,True,False,True,True,0,"[('(0, 0, 0, 0, 0, 0)', 2.0)]",False,False,False,True,False,0,0,False,0.0027889999910257757,5.512498319149017e-05,0.0003249170258641243
4,6,17,10,True,True,True,True,True,True,False,False,True,True,True,True,True,True,"[0, 0, 0, 0, 0, 0]",1.0,31.05,0,0,3,1,"[6, 7, -5, -3, -3, 3]","[0, 1, 1, 1]",True,1,1,True,False,True,True,0,"[('(0, 0, 0, 0, 0, 0)', 1.0)]",False,False,False,True,False,0,0,False,0.0021574580459855497,2.0792009308934212e-05,0.00012220896314829588
4,6,17,9,True,True,True,True,True,True,False,False,True,True,True,True,True,True,"[0, 0, 0, 0, 0, 0]",0.0,60.0,0,0,4,0,"[-7, -1, -2, -8, 3, -5]","[16, 1, 1, 1]",True,1,1,True,False,True,True,0,"[('(0, 0, 0, 0, 0, 0)', 0.0)]",False,False,False,True,False,0,0,False,0.002734334033448249,2.6541994884610176e-05,0.0001579590025357902
4,6,17,13,True,True,True,True,True,True,False,False,True,True,True,True,True,True,"[0, 0, 0, 0, 0, 0]",1.0,11.05,0,0,2,1,"[-2, -2, -6, 3, 5, -6]","[16, 0, 1, 0]",True,1,1,True,False,True,True,0,"[('(0, 0, 0, 0, 0, 0)', 1.0)]",False,False,False,True,False,0,0,False,0.0027899579727090895,2.120796125382185e-05,0.00012145796790719032
4,6,17,12,True,True,True,True,True,True,False,False,True,True,True,True,True,True,"[0, 0, 0, 0, 0, 0]",2.0,22.1,0,0,1,2,"[7, -1, 8, 1, -2, 4]","[16, 0, 0, 0]",True,1,1,True,False,True,True,0,"[('(0, 0, 0, 0, 0, 0)', 2.0)]",False,False,False,True,False,0,0,False,0.0024777500075288117,2.3458036594092846e-05,0.00013704097364097834
4,6,17,11,True,True,True,True,True,True,False,False,True,True,True,True,True,True,"[0, 0, 0, 0, 0, 0]",1.0,11.05,0,0,2,1,"[-5, 5, -8, -7, -6, 6]","[0, 0, 16, 1]",True,1,1,True,False,True,True,0,"[('(0, 0, 0, 0, 0, 0)', 1.0)]",False,False,False,True,False,0,0,False,0.005290624976623803,2.5416957214474678e-05,0.00015224999515339732
4,6,17,15,True,True,True,True,True,True,False,False,True,True,True,True,True,True,"[0, 0, 0, 0, 0, 0]",2.0,22.1,0,0,3,2,"[-4, 2, -5, -7, 2, -8]","[0, 1, 16, 1]",True,1,1,True,False,True,True,0,"[('(0, 0, 0, 0, 0, 0)', 2.0)]",False,False,False,True,False,0,0,False,0.0021965419873595238,2.3374974261969328e-05,0.00013654102804139256
4,6,17,14,True,True,True,True,True,True,False,False,True,True,True,True,True,True,"[0, 0, 0, 0, 0, 0]",2.0,2.1,0,0,2,2,"[-8, 4, -2, 0, 1, 1]","[16, 0, 1, 0]",True,1,1,True,False,True,True,0,"[('(0, 0, 0, 0, 0, 0)', 2.0)]",False,False,False,True,False,0,0,False,0.002878041996154934,2.079096157103777e-05,0.0001230000052601099
4,6,17,16,True,True,True,True,True,True,False,False,True,True,True,True,True,True,"[0, 0, 0, 0, 0, 0]",1.0,31.05,0,0,3,1,"[-5, 0, 7, -7, 0, 7]","[16, 0, 1, 1]",True,1,1,True,False,True,True,0,"[('(0, 0, 0, 0, 0, 0)', 1.0)]",False,False,False,True,False,0,0,False,0.003243250015657395,2.616603160277009e-05,0.00015108298975974321
4,6,17,17,True,True,True,True,True,True,False,False,True,True,True,True,True,True,"[0, 0, 0, 0, 0, 0]",1.0,51.05,0,0,4,1,"[1, 8, 4, -8, -6, 8]","[16, 1, 1, 16]",True,1,1,True,False,True,True,0,"[('(0, 0, 0, 0, 0, 0)', 1.0)]",False,False,False,True,False,0,0,False,0.0026746669900603592,2.295803278684616e-05,0.0001332079991698265
4,6,17,18,True,True,True,True,True,True,False,False,True,True,True,True,True,True,"[0, 0, 0, 0, 0, 0]",0.0,60.0,0,0,4,0,"[-5, 6, 0, 5, 8, 0]","[1, 1, 1, 16]",True,1,1,True,False,True,True,0,"[('(0, 0, 0, 0, 0, 0)', 0.0)]",False,False,False,True,False,0,0,False,0.0023582089925184846,2.058397512882948e-05,0.00012254202738404274
4,6,17,23,True,True,True,True,True,True,False,False,True,True,True,True,True,True,"[0, 0, 0, 0, 0, 0]",1.0,31.05,0,0,1,1,"[0, -4, -2, -7, -1, 6]","[16, 0, 0, 0]",True,1,1,True,False,True,True,0,"[('(0, 0, 0, 0, 0, 0)', 1.0)]",False,False,False,True,False,0,0,False,0.0019087080145254731,2.5917019229382277e-05,0.00015004095621407032
4,6,17,19,True,True,True,True,True,True,False,False,True,True,True,True,True,True,"[0, 0, 0, 0, 0, 0]",2.0,22.1,0,0,1,2,"[-2, 1, -5, -8, -2, 7]","[0, 0, 0, 1]",True,1,1,True,False,True,True,0,"[('(0, 0, 0, 0, 0, 0)', 2.0)]",False,False,False,True,False,0,0,False,0.00397745898226276,3.0292023438960314e-05,0.00018687505507841706
4,6,17,21,True,True,True,True,True,True,False,False,True,True,True,True,True,True,"[0, 0, 0, 0, 0, 0]",1.0,31.05,0,0,3,1,"[-2, 0, 5, -4, -7, 7]","[1, 16, 1, 0]",True,1,1,True,False,True,True,0,"[('(0, 0, 0, 0, 0, 0)', 1.0)]",False,False,False,True,False,0,0,False,0.0031100420164875686,2.5917019229382277e-05,0.00014574994565919042
4,6,17,20,True,True,True,True,True,True,False,False,True,True,True,True,True,True,"[0, 0, 0, 0, 0, 0]",2.0,22.1,0,0,3,2,"[-1, 2, 7, 4, -2, 5]","[0, 16, 16, 1]",True,1,1,True,False,True,True,0,"[('(0, 0, 0, 0, 0, 0)', 2.0)]",False,False,False,True,False,0,0,False,0.004896625003311783,5.3957977797836065e-05,0.00030766602139919996
4,6,17,24,True,True,True,True,True,True,False,False,True,True,True,True,True,True,"[0, 0, 0, 0, 0, 0]",1.0,31.05,0,0,3,1,"[-4, 6, 6, 0, 6, 3]","[1, 16, 1, 0]",True,1,1,True,False,True,True,0,"[('(0, 0, 0, 0, 0, 0)', 1.0)]",False,False,False,True,False,0,0,False,0.0025888749514706433,2.37500062212348e-05,0.00014020799426361918
4,6,17,22,True,True,True,True,True,True,False,False,True,True,True,True,True,True,"[0, 0, 0, 0, 0, 0]",2.0,2.1,0,0,2,2,"[-8, 7, -3, -8, 5, -8]","[0, 0, 16, 1]",True,1,1,True,False,True,True,0,"[('(0, 0, 0, 0, 0, 0)', 2.0)]",False,False,False,True,False,0,0,False,0.002770167018752545,2.195901470258832e-05,0.00012274994514882565
4,6,17,25,True,True,True,True,True,True,False,False,True,True,True,True,True,True,"[0, 0, 0, 0, 0, 0]",0.0,20.0,0,0,2,0,"[5, -6, 7, 7, -1, -4]","[0, 1, 16, 0]",True,1,1,True,False,True,True,0,"[('(0, 0, 0, 0, 0, 0)', 0.0)]",False,False,False,True,False,0,0,False,0.0025352920056320727,2.2499996703118086e-05,0.00013391696847975254
4,6,17,28,True,True,True,True,True,True,False,False,True,True,True,True,True,True,"[0, 0, 0, 0, 0, 0]",1.0,31.05,0,0,3,1,"[0, -3, -1, -5, -7, 0]","[1, 16, 1, 0]",True,1,1,True,False,True,True,0,"[('(0, 0, 0, 0, 0, 0)', 1.0)]",False,False,False,True,False,0,0,False,0.002380291000008583,2.2791035007685423e-05,0.00013454101281240582
4,6,17,27,True,True,True,True,True,True,False,False,True,True,True,True,True,True,"[0, 0, 0, 0, 0, 0]",1.0,11.05,0,0,2,1,"[-6, 1, 5, -5, -8, -6]","[1, 1, 0, 0]",True,1,1,True,False,True,True,0,"[('(0, 0, 0, 0, 0, 0)', 1.0)]",False,False,False,True,False,0,0,False,0.002742124954238534,2.7125002816319466e-05,0.0001611249754205346
4,6,17,29,True,True,True,True,True,True,False,False,True,True,True,True,True,True,"[0, 0, 0, 0, 0, 0]",3.0,33.15,0,0,3,3,"[7, 7, -6, 7, 6, 5]","[1, 1, 0, 16]",True,1,1,True,False,True,True,0,"[('(0, 0, 0, 0, 0, 0)', 3.0)]",False,False,False,True,False,0,0,False,0.002283209003508091,2.19999928958714e-05,0.00012425001477822661
4,6,17,26,True,True,True,True,True,True,False,False,True,True,True,True,True,True,"[0, 0, 0, 0, 0, 0]",2.0,2.1,0,0,2,2,"[5, 0, 4, 5, -3, 2]","[1, 0, 16, 0]",True,1,1,True,False,True,True,0,"[('(0, 0, 0, 0, 0, 0)', 2.0)]",False,False,False,True,False,0,0,False,0.005105540971271694,5.36659499630332e-05,0.00030391704058274627
4,6,17,30,True,True,True,True,True,True,False,False,True,True,True,True,True,True,"[0, 0, 0, 0, 0, 0]",1.0,11.05,0,0,2,1,"[8, -1, 1, 1, -5, -5]","[1, 0, 0, 1]",True,1,1,True,False,True,True,0,"[('(0, 0, 0, 0, 0, 0)', 1.0)]",False,False,False,True,False,0,0,False,0.0025127080152742565,2.19999928958714e-05,0.00012854195665568113
4,6,17,31,True,True,True,True,True,True,False,False,True,True,True,True,True,True,"[0, 0, 0, 0, 0, 0]",2.0,2.1,0,0,2,2,"[1, -2, 6, -3, -4, 8]","[0, 16, 0, 16]",True,1,1,True,False,True,True,0,"[('(0, 0, 0, 0, 0, 0)', 2.0)]",False,False,False,True,False,0,0,False,0.002425834012683481,2.3500004317611456e-05,0.00013158301590010524
4,6,17,33,False,False,False,False,True,True,True,True,False,False,True,True,True,True,"[0, 0, 0, 0, 0, 0]",1.0,1031.05,1,0,3,1,"[6, 1, -7, -4, 8, 1]","[16, 0, 1, 11]",False,1,1,False,False,True,True,3,"[('(0, 0, 0, 0, 0, 0)', 1.0)]",False,True,False,False,False,3,3,False,0.002269916993100196,2.1124957129359245e-05,0.00012358400272205472
4,6,17,34,True,True,True,True,True,True,False,False,True,True,True,True,True,True,"[0, 0, 0, 0, 0, 0]",4.0,64.2,0,0,4,4,"[0, 8, -7, -9, 9, -7]","[1, 16, 1, 1]",True,1,1,True,False,True,True,0,"[('(0, 0, 0, 0, 0, 0)', 4.0)]",False,False,False,True,False,0,0,False,0.002655083022546023,2.800003858283162e-05,0.00015554099809378386
4,6,17,38,True,True,True,True,True,True,False,False,True,True,True,True,True,True,"[0, 0, 0, 0, 0, 0]",0.0,20.0,0,0,2,0,"[-1, 2, -2, -3, -4, -1]","[0, 0, 16, 1]",True,1,1,True,False,True,True,0,"[('(0, 0, 0, 0, 0, 0)', 0.0)]",False,False,False,True,False,0,0,False,0.0024641670170240104,2.5500019546598196e-05,0.0001455420278944075
4,6,17,32,True,True,True,True,True,True,False,False,True,True,True,True,True,True,"[0, 0, 0, 0, 0, 0]",2.0,22.1,0,0,1,2,"[2, 6, -6, -1, -3, 5]","[0, 1, 0, 0]",True,1,1,True,False,True,True,0,"[('(0, 0, 0, 0, 0, 0)', 2.0)]",False,False,False,True,False,0,0,False,0.003184375003911555,2.7916976250708103e-05,0.0001522909733466804
4,6,17,37,True,True,True,True,True,True,False,False,True,True,True,True,True,True,"[0, 0, 0, 0, 0, 0]",1.0,31.05,0,0,3,1,"[-7, 1, 1, 1, -4, -5]","[16, 16, 0, 16]",True,1,1,True,False,True,True,0,"[('(0, 0, 0, 0, 0, 0)', 1.0)]",False,False,False,True,False,0,0,False,0.003277040959801525,2.96669895760715e-05,0.0001878330367617309
4,6,17,36,True,True,True,True,True,True,False,False,True,True,True,True,True,True,"[0, 0, 0, 0, 0, 0]",1.0,11.05,0,0,2,1,"[-4, 0, 4, 2, 3, 3]","[0, 1, 16, 0]",True,1,1,True,False,True,True,0,"[('(0, 0, 0, 0, 0, 0)', 1.0)]",False,False,False,True,False,0,0,False,0.0025983329978771508,2.3084052372723818e-05,0.00013662496348842978
4,6,17,40,True,True,True,True,True,True,False,False,True,True,True,True,True,True,"[0, 0, 0, 0, 0, 0]",0.0,20.0,0,0,2,0,"[5, 1, 5, -8, -5, 0]","[0, 16, 16, 0]",True,1,1,True,False,True,True,0,"[('(0, 0, 0, 0, 0, 0)', 0.0)]",False,False,False,True,False,0,0,False,0.00243462499929592,2.3083004634827375e-05,0.00012770801549777389
4,6,17,35,False,False,False,False,False,False,False,False,False,False,True,True,True,True,"[0, 0, 0, 0, 0, 0]",1.0,4051.05,4,0,4,1,"[-4, -5, -8, 1, -4, -6]","[14, 7, 13, 15]",False,1,1,False,False,True,True,3,"[('(0, 0, 0, 0, 0, 0)', 1.0)]",False,False,False,False,True,3,3,False,0.005246082961093634,5.41249755769968e-05,0.0003002909943461418
4,6,17,39,False,False,False,False,True,True,True,True,False,False,True,True,True,True,"[0, 0, 0, 0, 0, 0]",1.0,4051.05,4,0,4,1,"[7, -2, 6, 0, 3, 7]","[14, 7, 15, 10]",False,1,1,False,False,True,True,3,"[('(0, 0, 0, 0, 0, 0)', 1.0)]",False,True,False,False,False,3,3,False,0.002632250019814819,2.3250002413988113e-05,0.00013504200614988804
4,6,17,41,False,True,False,False,True,True,True,True,False,False,True,True,True,True,"[0, 0, 0, 0, 0, 0]",2.0,3042.1,3,0,4,2,"[-4, -4, 6, -7, -7, -3]","[4, 12, 1, 4]",False,1,1,False,False,False,True,2,"[('(0, 0, 0, 0, 0, 0)', 2.0)]",False,True,False,False,False,2,2,False,0.002438833995256573,2.7375004719942808e-05,0.00016624998534098268
4,6,17,43,True,True,True,True,True,True,False,False,True,True,True,True,True,True,"[0, 0, 0, 0, 0, 0]",2.0,22.1,0,0,1,2,"[0, 3, -3, -4, -7, 2]","[0, 0, 0, 16]",True,1,1,True,False,True,True,0,"[('(0, 0, 0, 0, 0, 0)', 2.0)]",False,False,False,True,False,0,0,False,0.0027167079970240593,2.3250002413988113e-05,0.0001372500555589795
4,6,17,42,True,True,True,True,True,True,False,False,True,True,True,True,True,True,"[0, 0, 0, 0, 0, 0]",1.0,11.05,0,0,2,1,"[6, 3, 2, -1, -5, 8]","[0, 1, 0, 16]",True,1,1,True,False,True,True,0,"[('(0, 0, 0, 0, 0, 0)', 1.0)]",False,False,False,True,False,0,0,False,0.0025588750140741467,2.2249994799494743e-05,0.0001278749550692737
4,6,17,44,True,True,True,True,True,True,False,False,True,True,True,True,True,True,"[0, 0, 0, 0, 0, 0]",1.0,31.05,0,0,3,1,"[-8, 1, -3, -3, 7, 0]","[1, 1, 0, 16]",True,1,1,True,False,True,True,0,"[('(0, 0, 0, 0, 0, 0)', 1.0)]",False,False,False,True,False,0,0,False,0.002737417002208531,2.7083035092800856e-05,0.00015054200775921345
4,6,17,47,True,True,True,True,True,True,False,False,True,True,True,True,True,True,"[0, 0, 0, 0, 0, 0]",2.0,22.1,0,0,1,2,"[-5, 7, -1, 3, 8, -5]","[0, 1, 0, 0]",True,1,1,True,False,True,True,0,"[('(0, 0, 0, 0, 0, 0)', 2.0)]",False,False,False,True,False,0,0,False,0.002312667027581483,2.3958971723914146e-05,0.0001324999611824751
4,6,17,46,True,True,True,True,True,True,False,False,True,True,True,True,True,True,"[0, 0, 0, 0, 0, 0]",2.0,22.1,0,0,3,2,"[-6, -2, 5, -1, 7, 6]","[1, 16, 0, 1]",True,1,1,True,False,True,True,0,"[('(0, 0, 0, 0, 0, 0)', 2.0)]",False,False,False,True,False,0,0,False,0.002616250014398247,2.6458001229912043e-05,0.00014866696437820792
4,6,17,45,True,True,True,True,True,True,False,False,True,True,True,True,True,True,"[0, 0, 0, 0, 0, 0]",3.0,33.15,0,0,1,3,"[-5, -5, 7, -4, 9, -4]","[0, 0, 1, 0]",True,1,1,True,False,True,True,0,"[('(0, 0, 0, 0, 0, 0)', 3.0)]",False,False,False,True,False,0,0,False,0.00504945800639689,2.7999980375170708e-05,0.0006028339848853648
4,6,17,48,True,True,True,True,True,True,False,False,True,True,True,True,True,True,"[0, 0, 0, 0, 0, 0]",1.0,31.05,0,0,1,1,"[-8, 0, 3, -2, 4, -6]","[0, 0, 16, 0]",True,1,1,True,False,True,True,0,"[('(0, 0, 0, 0, 0, 0)', 1.0)]",False,False,False,True,False,0,0,False,0.0027483750018291175,2.7124944608658552e-05,0.000152749998960644
4,6,17,50,False,True,False,False,True,True,True,True,False,False,True,True,True,True,"[0, 0, 0, 0, 0, 0]",2.0,3042.1,3,0,4,2,"[7, 4, 1, -8, 4, -4]","[12, 1, 2, 11]",False,1,1,False,False,False,True,4,"[('(0, 0, 0, 0, 0, 0)', 2.0)]",False,True,False,False,False,4,4,False,0.002290958014782518,2.562499139457941e-05,0.00014704099157825112
4,6,17,53,False,False,False,False,True,True,True,True,False,False,True,True,True,True,"[0, 0, 0, 0, 0, 0]",2.0,2042.1,2,0,4,2,"[2, 6, 8, 8, 0, 6]","[1, 15, 1, 11]",False,1,1,False,False,True,True,3,"[('(0, 0, 0, 0, 0, 0)', 2.0)]",False,True,False,False,False,3,3,False,0.0029308750526979566,2.4709035642445087e-05,0.00014750001719221473
4,6,17,54,True,True,True,True,True,True,False,False,True,True,True,True,True,True,"[0, 0, 0, 0, 0, 0]",1.0,31.05,0,0,3,1,"[-3, 5, -3, 7, 5, -4]","[16, 16, 1, 0]",True,1,1,True,False,True,True,0,"[('(0, 0, 0, 0, 0, 0)', 1.0)]",False,False,False,True,False,0,0,False,0.0028186250128783286,2.666597720235586e-05,0.0001533749746158719
4,6,17,52,True,True,True,True,True,True,False,False,True,True,True,True,True,True,"[0, 0, 0, 0, 0, 0]",1.0,51.05,0,0,4,1,"[3, -2, 8, -3, 8, 3]","[16, 16, 1, 16]",True,1,1,True,False,True,True,0,"[('(0, 0, 0, 0, 0, 0)', 1.0)]",False,False,False,True,False,0,0,False,0.0033067920012399554,2.654205309227109e-05,0.00015716702910140157
4,6,17,49,True,True,True,True,True,True,False,False,True,True,True,True,True,True,"[0, 0, 0, 0, 0, 0]",2.0,22.1,0,0,1,2,"[-3, 8, -7, 5, 2, 1]","[0, 0, 1, 0]",True,1,1,True,False,True,True,0,"[('(0, 0, 0, 0, 0, 0)', 2.0)]",False,False,False,True,False,0,0,False,0.005682667018845677,5.504203727468848e-05,0.00032054103212431073
4,6,17,51,True,True,True,True,True,True,False,False,True,True,True,True,True,True,"[0, 0, 0, 0, 0, 0]",1.0,11.05,0,0,2,1,"[-1, -2, 7, 6, 8, -7]","[16, 0, 0, 1]",True,1,1,True,False,True,True,0,"[('(0, 0, 0, 0, 0, 0)', 1.0)]",False,False,False,True,False,0,0,False,0.004820041998755187,7.299997378140688e-05,0.0001794169656932354
4,6,17,55,True,True,True,True,True,True,False,False,True,True,True,True,True,True,"[0, 0, 0, 0, 0, 0]",1.0,31.05,0,0,3,1,"[3, 4, -3, 7, 1, -2]","[16, 0, 16, 1]",True,1,1,True,False,True,True,0,"[('(0, 0, 0, 0, 0, 0)', 1.0)]",False,False,False,True,False,0,0,False,0.00240958301583305,2.3957982193678617e-05,0.00013825000496581197
4,6,17,58,False,False,False,False,True,True,True,True,False,False,True,True,True,True,"[0, 0, 0, 0, 0, 0]",1.0,4051.05,4,0,4,1,"[-8, 0, -6, 4, -4, 8]","[4, 12, 13, 10]",False,1,1,False,False,True,True,4,"[('(0, 0, 0, 0, 0, 0)', 1.0)]",False,True,False,False,False,4,4,False,0.0025629160227254033,2.6124995201826096e-05,0.0001460839994251728
4,6,17,57,True,True,True,True,True,True,False,False,True,True,True,True,True,True,"[0, 0, 0, 0, 0, 0]",1.0,11.05,0,0,2,1,"[-5, -6, -7, -2, 0, 6]","[1, 1, 0, 0]",True,1,1,True,False,True,True,0,"[('(0, 0, 0, 0, 0, 0)', 1.0)]",False,False,False,True,False,0,0,False,0.0033107090275734663,6.479100557044148e-05,0.00033454096410423517
4,6,17,56,True,True,True,True,True,True,False,False,True,True,True,True,True,True,"[0, 0, 0, 0, 0, 0]",0.0,60.0,0,0,4,0,"[0, 5, 0, 5, 6, -1]","[1, 16, 1, 1]",True,1,1,True,False,True,True,0,"[('(0, 0, 0, 0, 0, 0)', 0.0)]",False,False,False,True,False,0,0,False,0.004162915982306004,6.745901191607118e-05,0.00025754200760275126
4,6,17,59,False,True,False,False,True,True,True,True,False,False,True,True,True,True,"[0, 0, 0, 0, 0, 0]",2.0,3042.1,3,0,4,2,"[2, -4, -6, 0, 2, 0]","[12, 15, 16, 13]",False,1,1,False,False,False,True,6,"[('(0, 0, 0, 0, 0, 0)', 2.0)]",False,True,False,False,False,6,6,False,0.002605167042929679,2.2709020413458347e-05,0.00013095902977511287
4,6,17,60,True,True,True,True,True,True,False,False,True,True,True,True,True,True,"[0, 0, 0, 0, 0, 0]",1.0,31.05,0,0,1,1,"[5, 0, -3, -1, 6, -6]","[0, 1, 0, 0]",True,1,1,True,False,True,True,0,"[('(0, 0, 0, 0, 0, 0)', 1.0)]",False,False,False,True,False,0,0,False,0.003918458009138703,2.6875000912696123e-05,0.00014950003242120147
4,6,17,61,False,False,False,False,True,True,True,True,False,False,True,True,True,True,"[0, 0, 0, 0, 0, 1]",4.0,3044.2,3,0,3,4,"[5, 5, 1, -6, -1, -7]","[4, 6, 5, 0]",False,2,2,False,False,True,True,2,"[('(0, 0, 0, 0, 0, 0)', 5.0), ('(0, 0, 0, 0, 0, 1)', 4.0)]",False,True,False,False,False,2,13,False,0.0024597080191597342,3.687501884996891e-05,0.00023954198695719242
4,6,17,64,True,True,True,True,True,True,False,False,True,True,True,True,True,True,"[0, 0, 0, 0, 0, 0]",0.0,20.0,0,0,2,0,"[-2, -1, 1, -4, -8, 1]","[0, 16, 1, 0]",True,1,1,True,False,True,True,0,"[('(0, 0, 0, 0, 0, 0)', 0.0)]",False,False,False,True,False,0,0,False,0.0026543750427663326,2.2292020730674267e-05,0.00012929097283631563
4,6,17,67,True,True,True,True,True,True,False,False,True,True,True,True,True,True,"[0, 0, 0, 0, 0, 0]",0.0,40.0,0,0,3,0,"[-5, 8, -1, 3, -7, 0]","[1, 1, 1, 0]",True,1,1,True,False,True,True,0,"[('(0, 0, 0, 0, 0, 0)', 0.0)]",False,False,False,True,False,0,0,False,0.002515708969440311,2.6333029381930828e-05,0.0001492080045863986
4,6,17,62,True,True,True,True,True,True,False,False,True,True,True,True,True,True,"[0, 0, 0, 0, 0, 0]",0.0,20.0,0,0,2,0,"[1, 1, 7, -1, 4, 5]","[16, 0, 16, 0]",True,1,1,True,False,True,True,0,"[('(0, 0, 0, 0, 0, 0)', 0.0)]",False,False,False,True,False,0,0,False,0.005127334035933018,2.6916968636214733e-05,0.00016595900524407625
4,6,17,63,True,True,True,True,True,True,False,False,True,True,True,True,True,True,"[0, 0, 0, 0, 0, 0]",1.0,31.05,0,0,1,1,"[-7, 2, -3, -5, -5, 7]","[16, 0, 0, 0]",True,1,1,True,False,True,True,0,"[('(0, 0, 0, 0, 0, 0)', 1.0)]",False,False,False,True,False,0,0,False,0.004897833976428956,2.4707987904548645e-05,0.00090562499826774
4,6,17,65,True,True,True,True,True,True,False,False,True,True,True,True,True,True,"[0, 0, 0, 0, 0, 0]",2.0,2.1,0,0,2,2,"[-7, 8, -9, 2, -4, 1]","[1, 0, 0, 1]",True,1,1,True,False,True,True,0,"[('(0, 0, 0, 0, 0, 0)', 2.0)]",False,False,False,True,False,0,0,False,0.0017233340186066926,2.1666986867785454e-05,0.00012550002429634333
4,6,17,66,True,True,True,True,True,True,False,False,True,True,True,True,True,True,"[0, 0, 0, 0, 0, 0]",0.0,20.0,0,0,2,0,"[-3, -5, 5, -7, -5, -4]","[16, 0, 16, 0]",True,1,1,True,False,True,True,0,"[('(0, 0, 0, 0, 0, 0)', 0.0)]",False,False,False,True,False,0,0,False,0.0044907910050824285,8.466700091958046e-05,0.0003512080293148756
4,6,17,68,False,False,False,False,False,False,False,False,False,False,True,True,True,True,"[0, 0, 0, 0, 0, 0]",2.0,4042.1,4,0,4,2,"[-6, -6, 4, -5, 7, 7]","[9, 15, 10, 11]",False,1,1,False,False,True,True,6,"[('(0, 0, 0, 0, 0, 0)', 2.0)]",False,False,False,False,True,6,6,False,0.0021468749619089067,2.341700019314885e-05,0.00013162504183128476
4,6,17,69,True,True,True,True,True,True,False,False,True,True,True,True,True,True,"[0, 0, 0, 0, 0, 0]",2.0,22.1,0,0,3,2,"[-3, 1, 0, 5, -3, 4]","[1, 0, 16, 1]",True,1,1,True,False,True,True,0,"[('(0, 0, 0, 0, 0, 0)', 2.0)]",False,False,False,True,False,0,0,False,0.0024955840199254453,2.3416010662913322e-05,0.0001389170065522194
4,6,17,71,True,True,True,True,True,True,False,False,True,True,True,True,True,True,"[0, 0, 0, 0, 0, 0]",1.0,11.05,0,0,2,1,"[0, -4, 0, 5, 4, -5]","[0, 0, 1, 16]",True,1,1,True,False,True,True,0,"[('(0, 0, 0, 0, 0, 0)', 1.0)]",False,False,False,True,False,0,0,False,0.002356500015594065,2.1333980839699507e-05,0.0001247089821845293
4,6,17,70,True,True,True,True,True,True,False,False,True,True,True,True,True,True,"[0, 0, 0, 0, 0, 0]",2.0,22.1,0,0,3,2,"[-4, 7, -2, -3, -2, 4]","[16, 16, 16, 0]",True,1,1,True,False,True,True,0,"[('(0, 0, 0, 0, 0, 0)', 2.0)]",False,False,False,True,False,0,0,False,0.003243250015657395,2.2708962205797434e-05,0.00034495798172429204
4,6,17,73,True,True,True,True,True,True,False,False,True,True,True,True,True,True,"[0, 0, 0, 0, 0, 0]",3.0,13.15,0,0,2,3,"[-1, 2, -8, 4, 2, -4]","[0, 0, 16, 16]",True,1,1,True,False,True,True,0,"[('(0, 0, 0, 0, 0, 0)', 3.0)]",False,False,False,True,False,0,0,False,0.002772832987830043,2.437504008412361e-05,0.00014012499013915658
4,6,17,72,True,True,True,True,True,True,False,False,True,True,True,True,True,True,"[0, 0, 0, 0, 0, 0]",3.0,33.15,0,0,3,3,"[-8, 6, -5, 2, -3, -4]","[1, 0, 1, 16]",True,1,1,True,False,True,True,0,"[('(0, 0, 0, 0, 0, 0)', 3.0)]",False,False,False,True,False,0,0,False,0.0038350000395439565,2.7583970222622156e-05,0.00016695901285856962
4,6,17,75,True,True,True,True,True,True,False,False,True,True,True,True,True,True,"[0, 0, 0, 0, 0, 0]",1.0,51.05,0,0,4,1,"[8, 6, 7, 2, -8, -2]","[16, 16, 1, 1]",True,1,1,True,False,True,True,0,"[('(0, 0, 0, 0, 0, 0)', 1.0)]",False,False,False,True,False,0,0,False,0.0021559580345638096,2.1374959032982588e-05,0.00012579199392348528
4,6,17,77,True,True,True,True,True,True,False,False,True,True,True,True,True,True,"[0, 0, 0, 0, 0, 0]",1.0,31.05,0,0,3,1,"[1, 6, -4, -1, 1, -7]","[16, 0, 1, 1]",True,1,1,True,False,True,True,0,"[('(0, 0, 0, 0, 0, 0)', 1.0)]",False,False,False,True,False,0,0,False,0.0028154579922556877,2.7875008527189493e-05,0.00015954201808199286
4,6,17,74,True,True,True,True,True,True,False,False,True,True,True,True,True,True,"[0, 0, 0, 0, 0, 0]",2.0,22.1,0,0,3,2,"[-4, -4, -7, 4, 2, 4]","[0, 1, 1, 16]",True,1,1,True,False,True,True,0,"[('(0, 0, 0, 0, 0, 0)', 2.0)]",False,False,False,True,False,0,0,False,0.0039057080284692347,2.7916976250708103e-05,0.00034791702637448907
4,6,17,80,True,True,True,True,True,True,False,False,True,True,True,True,True,True,"[0, 0, 0, 0, 0, 0]",0.0,20.0,0,0,2,0,"[2, -4, -7, 4, -5, -5]","[16, 0, 0, 16]",True,1,1,True,False,True,True,0,"[('(0, 0, 0, 0, 0, 0)', 0.0)]",False,False,False,True,False,0,0,False,0.0020809160196222365,2.7375004719942808e-05,0.00018541701138019562
4,6,17,78,True,True,True,True,True,True,False,False,True,True,True,True,True,True,"[0, 0, 0, 0, 0, 0]",3.0,13.15,0,0,2,3,"[5, 6, -2, -3, -3, -7]","[0, 0, 1, 16]",True,1,1,True,False,True,True,0,"[('(0, 0, 0, 0, 0, 0)', 3.0)]",False,False,False,True,False,0,0,False,0.0024829580215737224,3.024999750778079e-05,0.00015908305067569017
4,6,17,76,True,True,True,True,True,True,False,False,True,True,True,True,True,True,"[0, 0, 0, 0, 0, 0]",3.0,33.15,0,0,1,3,"[1, 5, -5, 1, -5, 0]","[0, 0, 0, 16]",True,1,1,True,False,True,True,0,"[('(0, 0, 0, 0, 0, 0)', 3.0)]",False,False,False,True,False,0,0,False,0.005404875031672418,6.654101889580488e-05,0.000206666998565197
4,6,17,81,True,True,True,True,True,True,False,False,True,True,True,True,True,True,"[0, 0, 0, 0, 0, 0]",0.0,40.0,0,0,1,0,"[7, -2, 7, 7, 4, -2]","[0, 1, 0, 0]",True,1,1,True,False,True,True,0,"[('(0, 0, 0, 0, 0, 0)', 0.0)]",False,False,False,True,False,0,0,False,0.0035238339914940298,3.01670515909791e-05,0.0001669589546509087
4,6,17,79,False,False,False,False,True,True,True,True,False,False,True,True,True,True,"[0, 0, 0, 0, 0, 0]",2.0,4042.1,4,0,4,2,"[-1, 8, 1, -4, 3, 0]","[7, 6, 2, 8]",False,1,1,False,False,False,True,3,"[('(0, 0, 0, 0, 0, 0)', 2.0)]",False,True,False,False,False,3,3,False,0.004050125018693507,3.1584000680595636e-05,0.00018470804207026958
4,6,17,83,True,True,True,True,True,True,False,False,True,True,True,True,True,True,"[0, 0, 0, 0, 0, 0]",1.0,11.05,0,0,2,1,"[5, -2, -8, 4, -1, 0]","[0, 1, 0, 1]",True,1,1,True,False,True,True,0,"[('(0, 0, 0, 0, 0, 0)', 1.0)]",False,False,False,True,False,0,0,False,0.005115999956615269,4.529202124103904e-05,0.0004727920168079436
4,6,17,82,True,True,True,True,True,True,False,False,True,True,True,True,True,True,"[0, 0, 0, 0, 0, 0]",0.0,40.0,0,0,3,0,"[2, -4, 8, 6, -4, 5]","[1, 16, 16, 0]",True,1,1,True,False,True,True,0,"[('(0, 0, 0, 0, 0, 0)', 0.0)]",False,False,False,True,False,0,0,False,0.005653000029269606,2.8082984499633312e-05,0.0001769590307958424
4,6,17,87,True,True,True,True,True,True,False,False,True,True,True,True,True,True,"[0, 0, 0, 0, 0, 0]",2.0,22.1,0,0,3,2,"[-2, 0, 4, -8, 0, 6]","[16, 16, 1, 0]",True,1,1,True,False,True,True,0,"[('(0, 0, 0, 0, 0, 0)', 2.0)]",False,False,False,True,False,0,0,False,0.003054708009585738,7.654196815565228e-05,0.00016712502110749483
4,6,17,84,True,True,True,True,True,True,False,False,True,True,True,True,True,True,"[0, 0, 0, 0, 0, 0]",0.0,40.0,0,0,1,0,"[-2, 8, -5, 2, -2, -1]","[0, 0, 16, 0]",True,1,1,True,False,True,True,0,"[('(0, 0, 0, 0, 0, 0)', 0.0)]",False,False,False,True,False,0,0,False,0.004145665967371315,2.8292008209973574e-05,0.00022604200057685375
4,6,17,86,True,True,True,True,True,True,False,False,True,True,True,True,True,True,"[0, 0, 0, 0, 0, 0]",0.0,40.0,0,0,1,0,"[3, 1, 8, 2, -3, -1]","[0, 0, 1, 0]",True,1,1,True,False,True,True,0,"[('(0, 0, 0, 0, 0, 0)', 0.0)]",False,False,False,True,False,0,0,False,0.005396916007157415,0.00013387500075623393,0.00016341701848432422
4,6,17,90,True,True,True,True,True,True,False,False,True,True,True,True,True,True,"[0, 0, 0, 0, 0, 0]",1.0,51.05,0,0,4,1,"[-5, -7, 4, -4, -3, -4]","[1, 16, 1, 16]",True,1,1,True,False,True,True,0,"[('(0, 0, 0, 0, 0, 0)', 1.0)]",False,False,False,True,False,0,0,False,0.0029797080205753446,2.845795825123787e-05,0.00016354199033230543
4,6,17,88,True,True,True,True,True,True,False,False,True,True,True,True,True,True,"[0, 0, 0, 0, 0, 0]",3.0,13.15,0,0,2,3,"[-5, 3, -2, -7, -4, -2]","[0, 16, 1, 0]",True,1,1,True,False,True,True,0,"[('(0, 0, 0, 0, 0, 0)', 3.0)]",False,False,False,True,False,0,0,False,0.004029584000818431,2.9125018045306206e-05,0.00033912499202415347
4,6,17,85,True,True,True,True,True,True,False,False,True,True,True,True,True,True,"[0, 0, 0, 0, 0, 0]",1.0,51.05,0,0,4,1,"[-5, 1, -7, 0, -1, -5]","[16, 1, 1, 16]",True,1,1,True,False,True,True,0,"[('(0, 0, 0, 0, 0, 0)', 1.0)]",False,False,False,True,False,0,0,False,0.004210834042169154,2.704199869185686e-05,0.0002520419657230377
4,6,17,89,True,True,True,True,True,True,False,False,True,True,True,True,True,True,"[0, 0, 0, 0, 0, 0]",0.0,40.0,0,0,3,0,"[5, 2, 1, -8, -1, -5]","[1, 0, 1, 16]",True,1,1,True,False,True,True,0,"[('(0, 0, 0, 0, 0, 0)', 0.0)]",False,False,False,True,False,0,0,False,0.004093458002898842,4.295801045373082e-05,0.00024754100013524294
4,6,17,91,True,True,True,True,True,True,False,False,True,True,True,True,True,True,"[0, 0, 0, 0, 0, 0]",2.0,2.1,0,0,2,2,"[-3, -3, -7, -1, -2, 7]","[1, 0, 0, 16]",True,1,1,True,False,True,True,0,"[('(0, 0, 0, 0, 0, 0)', 2.0)]",False,False,False,True,False,0,0,False,0.004497250018175691,2.6541005354374647e-05,0.00015291600720956922
4,6,17,94,True,True,True,True,True,True,False,False,True,True,True,True,True,True,"[0, 0, 0, 0, 0, 0]",0.0,20.0,0,0,2,0,"[-4, -7, -4, 3, 1, 2]","[1, 16, 0, 0]",True,1,1,True,False,True,True,0,"[('(0, 0, 0, 0, 0, 0)', 0.0)]",False,False,False,True,False,0,0,False,0.0029380000196397305,2.68329749815166e-05,0.00016037496970966458
4,6,17,92,True,True,True,True,True,True,False,False,True,True,True,True,True,True,"[0, 0, 0, 0, 0, 0]",1.0,31.05,0,0,1,1,"[7, -5, 0, 0, 7, -2]","[0, 16, 0, 0]",True,1,1,True,False,True,True,0,"[('(0, 0, 0, 0, 0, 0)', 1.0)]",False,False,False,True,False,0,0,False,0.0034408330102451146,2.4124979972839355e-05,0.00014020799426361918
4,6,17,95,True,True,True,True,True,True,False,False,True,True,True,True,True,True,"[0, 0, 0, 0, 0, 0]",1.0,11.05,0,0,2,1,"[7, -8, -3, -2, 3, -5]","[0, 1, 0, 1]",True,1,1,True,False,True,True,0,"[('(0, 0, 0, 0, 0, 0)', 1.0)]",False,False,False,True,False,0,0,False,0.004044042027089745,2.5667017325758934e-05,0.0004060410428792238
4,6,17,93,False,False,False,False,True,True,True,True,False,False,True,True,True,True,"[0, 0, 0, 0, 0, 0]",1.0,4051.05,4,0,4,1,"[3, 8, 1, 5, -8, -3]","[6, 7, 15, 4]",False,1,1,False,False,True,True,3,"[('(0, 0, 0, 0, 0, 0)', 1.0)]",False,True,False,False,False,3,3,False,0.004835667030420154,2.4500011932104826e-05,0.0013209169846959412
4,6,17,96,True,True,True,True,True,True,False,False,True,True,True,True,True,True,"[0, 0, 0, 0, 0, 0]",1.0,11.05,0,0,2,1,"[-1, -5, 5, 4, 1, 6]","[16, 0, 1, 0]",True,1,1,True,False,True,True,0,"[('(0, 0, 0, 0, 0, 0)', 1.0)]",False,False,False,True,False,0,0,False,0.002752667001914233,2.366595435887575e-05,0.0002470419858582318
4,6,17,97,True,True,True,True,True,True,False,False,True,True,True,True,True,True,"[0, 0, 0, 0, 0, 0]",2.0,22.1,0,0,3,2,"[0, -1, 6, 3, 0, -2]","[0, 1, 16, 1]",True,1,1,True,False,True,True,0,"[('(0, 0, 0, 0, 0, 0)', 2.0)]",False,False,False,True,False,0,0,False,0.003452999982982874,2.704199869185686e-05,0.00018112501129508018
4,6,17,98,True,True,True,True,True,True,False,False,True,True,True,True,True,True,"[0, 0, 0, 0, 0, 0]",1.0,11.05,0,0,2,1,"[-8, -4, 6, -6, -7, 4]","[16, 0, 0, 1]",True,1,1,True,False,True,True,0,"[('(0, 0, 0, 0, 0, 0)', 1.0)]",False,False,False,True,False,0,0,False,0.004259083012584597,2.8292008209973574e-05,0.00015937502030283213
4,6,17,99,True,True,True,True,True,True,False,False,True,True,True,True,True,True,"[0, 0, 0, 0, 0, 0]",1.0,31.05,0,0,3,1,"[2, 3, -5, 1, -4, 6]","[1, 0, 1, 16]",True,1,1,True,False,True,True,0,"[('(0, 0, 0, 0, 0, 0)', 1.0)]",False,False,False,True,False,0,0,False,0.0031970840063877404,2.9332994017750025e-05,0.00019820901798084378
5,7,17,1,False,False,False,False,True,True,True,True,False,False,True,True,True,True,"[0, 0, 0, 0, 0, 0, 0]",1.0,2051.05,2,0,4,1,"[5, -2, 7, 4, 0, 8, -2]","[16, 6, 0, 1, 4]",False,1,1,False,False,True,True,4,"[('(0, 0, 0, 0, 0, 0, 0)', 1.0)]",False,True,False,False,False,4,4,False,0.004463416989892721,3.195903263986111e-05,0.00019874999998137355
5,7,17,3,True,False,True,True,True,True,False,False,True,True,True,True,True,True,"[0, 0, 0, 0, 0, 0, 0]",2.0,2.1,0,0,2,2,"[1, -9, -2, 5, -7, -7, 8]","[0, 0, 16, 1, 0]",True,1,1,True,False,False,True,0,"[('(0, 0, 0, 0, 0, 0, 0)', 2.0)]",False,False,False,True,False,0,0,False,0.003633667016401887,2.5999965146183968e-05,0.00015770795289427042
5,7,17,0,True,True,True,True,True,True,False,False,True,True,True,True,True,True,"[0, 0, 0, 0, 0, 0, 0]",2.0,2.1,0,0,2,2,"[5, -2, -1, -1, 6, 4, 2]","[0, 0, 16, 16, 0]",True,1,1,True,False,True,True,0,"[('(0, 0, 0, 0, 0, 0, 0)', 2.0)]",False,False,False,True,False,0,0,False,0.004933707998134196,3.100000321865082e-05,0.00017675000708550215
5,7,17,2,True,True,True,True,True,True,False,False,True,True,True,True,True,True,"[0, 0, 0, 0, 0, 0, 0]",3.0,13.15,0,0,2,3,"[3, 3, 2, 2, 3, -4, 4]","[0, 16, 0, 0, 1]",True,1,1,True,False,True,True,0,"[('(0, 0, 0, 0, 0, 0, 0)', 3.0)]",False,False,False,True,False,0,0,False,0.004397541983053088,3.008398925885558e-05,0.00018595799338072538
5,7,17,4,True,True,True,True,True,True,False,False,True,True,True,True,True,True,"[0, 0, 0, 0, 0, 0, 0]",1.0,11.05,0,0,2,1,"[-4, 8, -8, 1, 3, -8, 1]","[16, 0, 0, 1, 0]",True,1,1,True,False,True,True,0,"[('(0, 0, 0, 0, 0, 0, 0)', 1.0)]",False,False,False,True,False,0,0,False,0.004734707996249199,2.6333029381930828e-05,0.00016404199413955212
5,7,17,6,True,True,True,True,True,True,False,False,True,True,True,True,True,True,"[0, 0, 0, 0, 0, 0, 0]",1.0,31.05,0,0,3,1,"[3, 0, -3, -4, -1, -6, -8]","[1, 0, 0, 16, 16]",True,1,1,True,False,True,True,0,"[('(0, 0, 0, 0, 0, 0, 0)', 1.0)]",False,False,False,True,False,0,0,False,0.004958084027748555,3.220798680558801e-05,0.00019079097546637058
5,7,17,7,False,False,False,False,False,False,False,False,False,False,True,True,True,True,"[0, 0, 0, 0, 0, 0, 0]",2.0,4062.1,4,0,5,2,"[0, -7, -1, 5, -3, 1, 3]","[8, 1, 10, 10, 3]",False,1,1,False,False,True,True,5,"[('(0, 0, 0, 0, 0, 0, 0)', 2.0)]",False,False,False,False,True,5,5,False,0.003834292001556605,2.7958012651652098e-05,0.0001627500168979168
5,7,17,8,True,True,True,True,True,True,False,False,True,True,True,True,True,True,"[0, 0, 0, 0, 0, 0, 0]",1.0,11.05,0,0,2,1,"[4, 3, 2, -8, -7, 5, -4]","[0, 0, 1, 16, 0]",True,1,1,True,False,True,True,0,"[('(0, 0, 0, 0, 0, 0, 0)', 1.0)]",False,False,False,True,False,0,0,False,0.004766375001054257,3.0957977287471294e-05,0.00017045799177139997
5,7,17,5,True,True,True,True,True,True,False,False,True,True,True,True,True,True,"[0, 0, 0, 0, 0, 0, 0]",3.0,13.15,0,0,2,3,"[-6, 7, -4, -1, -7, -6, -4]","[0, 16, 0, 0, 1]",True,1,1,True,False,True,True,0,"[('(0, 0, 0, 0, 0, 0, 0)', 3.0)]",False,False,False,True,False,0,0,False,0.006536333996336907,3.079103771597147e-05,0.00018225004896521568
5,7,17,9,False,False,False,False,True,True,True,True,False,False,True,True,True,True,"[0, 0, 0, 0, 0, 0, 0]",2.0,5062.1,5,0,5,2,"[6, 6, -8, 3, -4, 4, 3]","[13, 11, 12, 10, 5]",False,1,1,False,False,True,True,5,"[('(0, 0, 0, 0, 0, 0, 0)', 2.0)]",False,True,False,False,False,5,5,False,0.005360708048101515,6.125000072643161e-05,0.0003442080342210829
5,7,17,12,False,False,False,False,False,False,False,False,False,False,True,True,True,True,"[0, 0, 0, 0, 0, 0, 0]",3.0,5073.15,5,0,5,3,"[-3, -6, 3, 0, 0, 0, -6]","[9, 9, 13, 4, 7]",False,1,1,False,False,False,True,4,"[('(0, 0, 0, 0, 0, 0, 0)', 3.0)]",False,False,False,False,True,4,4,False,0.0034208750003017485,2.6250025257468224e-05,0.00015187502140179276
5,7,17,11,True,True,True,True,True,True,False,False,True,True,True,True,True,True,"[0, 0, 0, 0, 0, 0, 0]",0.0,40.0,0,0,3,0,"[7, 2, -3, 2, 8, 1, -2]","[1, 0, 1, 16, 0]",True,1,1,True,False,True,True,0,"[('(0, 0, 0, 0, 0, 0, 0)', 0.0)]",False,False,False,True,False,0,0,False,0.0038134159985929728,2.4500011932104826e-05,0.00014687498332932591
5,7,17,10,True,True,True,True,True,True,False,False,True,True,True,True,True,True,"[0, 0, 0, 0, 0, 0, 0]",1.0,51.05,0,0,4,1,"[2, 6, 5, 4, -3, -8, 1]","[16, 1, 16, 1, 0]",True,1,1,True,False,True,True,0,"[('(0, 0, 0, 0, 0, 0, 0)', 1.0)]",False,False,False,True,False,0,0,False,0.004106957989279181,2.9208953492343426e-05,0.00016716698883101344
5,7,17,14,True,True,True,True,True,True,False,False,True,True,True,True,True,True,"[0, 0, 0, 0, 0, 0, 0]",2.0,2.1,0,0,2,2,"[8, -1, -2, 8, -2, 6, 0]","[1, 0, 0, 1, 0]",True,1,1,True,False,True,True,0,"[('(0, 0, 0, 0, 0, 0, 0)', 2.0)]",False,False,False,True,False,0,0,False,0.004151083994656801,2.475001383572817e-05,0.0001481659710407257
5,7,17,15,True,True,True,True,True,True,False,False,True,True,True,True,True,True,"[0, 0, 0, 0, 0, 0, 0]",1.0,11.05,0,0,2,1,"[7, -7, -3, -2, -7, 6, 4]","[0, 1, 0, 1, 0]",True,1,1,True,False,True,True,0,"[('(0, 0, 0, 0, 0, 0, 0)', 1.0)]",False,False,False,True,False,0,0,False,0.004643874999601394,3.183301305398345e-05,0.00017025001579895616
5,7,17,16,True,True,True,True,True,True,False,False,True,True,True,True,True,True,"[0, 0, 0, 0, 0, 0, 0]",0.0,40.0,0,0,1,0,"[-3, 5, 5, 0, -4, -6, 5]","[0, 0, 1, 0, 0]",True,1,1,True,False,True,True,0,"[('(0, 0, 0, 0, 0, 0, 0)', 0.0)]",False,False,False,True,False,0,0,False,0.004368291003629565,5.9500045608729124e-05,0.0003488330403342843
5,7,17,13,True,False,True,True,True,True,False,False,True,True,True,True,True,True,"[0, 0, 0, 0, 0, 0, 0]",4.0,64.2,0,0,4,4,"[0, -5, -8, 3, 0, -5, 2]","[1, 0, 16, 1, 1]",True,1,1,True,False,False,True,0,"[('(0, 0, 0, 0, 0, 0, 0)', 4.0)]",False,False,False,True,False,0,0,False,0.007250791997648776,2.7665984816849232e-05,0.00016041600611060858
5,7,17,17,True,True,True,True,True,True,False,False,True,True,True,True,True,True,"[0, 0, 0, 0, 0, 0, 0]",1.0,31.05,0,0,3,1,"[7, 7, 6, -6, -2, 6, -1]","[16, 16, 16, 0, 0]",True,1,1,True,False,True,True,0,"[('(0, 0, 0, 0, 0, 0, 0)', 1.0)]",False,False,False,True,False,0,0,False,0.003551458998117596,2.4916953407227993e-05,0.00017845898400992155
5,7,17,18,True,True,True,True,True,True,False,False,True,True,True,True,True,True,"[0, 0, 0, 0, 0, 0, 0]",2.0,2.1,0,0,2,2,"[-6, -2, 3, -6, 0, 1, -8]","[0, 0, 16, 0, 1]",True,1,1,True,False,True,True,0,"[('(0, 0, 0, 0, 0, 0, 0)', 2.0)]",False,False,False,True,False,0,0,False,0.003526958986185491,2.6667024940252304e-05,0.00015183299547061324
5,7,17,22,True,True,True,True,True,True,False,False,True,True,True,True,True,True,"[0, 0, 0, 0, 0, 0, 0]",0.0,40.0,0,0,3,0,"[4, -3, -3, 4, 5, 7, -4]","[0, 1, 0, 16, 16]",True,1,1,True,False,True,True,0,"[('(0, 0, 0, 0, 0, 0, 0)', 0.0)]",False,False,False,True,False,0,0,False,0.0037373749655671418,2.4457986000925303e-05,0.0001485829707235098
5,7,17,20,True,True,True,True,True,True,False,False,True,True,True,True,True,True,"[0, 0, 0, 0, 0, 0, 0]",2.0,22.1,0,0,1,2,"[-4, -4, -1, 2, 7, -9, 4]","[0, 16, 0, 0, 0]",True,1,1,True,False,True,True,0,"[('(0, 0, 0, 0, 0, 0, 0)', 2.0)]",False,False,False,True,False,0,0,False,0.0044654159573838115,2.9500050004571676e-05,0.0001995420316234231
5,7,17,19,True,True,True,True,True,True,False,False,True,True,True,True,True,True,"[0, 0, 0, 0, 0, 0, 0]",1.0,51.05,0,0,4,1,"[-8, -6, 5, 0, -7, -7, 1]","[0, 1, 16, 16, 1]",True,1,1,True,False,True,True,0,"[('(0, 0, 0, 0, 0, 0, 0)', 1.0)]",False,False,False,True,False,0,0,False,0.006269667006563395,8.44579772092402e-05,0.00041975005296990275
5,7,17,21,True,True,True,True,True,True,False,False,True,True,True,True,True,True,"[0, 0, 0, 0, 0, 0, 0]",1.0,31.05,0,0,1,1,"[5, -5, -7, 1, -2, -1, 6]","[1, 0, 0, 0, 0]",True,1,1,True,False,True,True,0,"[('(0, 0, 0, 0, 0, 0, 0)', 1.0)]",False,False,False,True,False,0,0,False,0.004114041978027672,2.8667040169239044e-05,0.0001521250233054161
5,7,17,24,True,True,True,True,True,True,False,False,True,True,True,True,True,True,"[0, 0, 0, 0, 0, 0, 0]",2.0,22.1,0,0,1,2,"[-5, -2, 8, 6, 5, -4, 7]","[0, 16, 0, 0, 0]",True,1,1,True,False,True,True,0,"[('(0, 0, 0, 0, 0, 0, 0)', 2.0)]",False,False,False,True,False,0,0,False,0.004073957970831543,2.4667009711265564e-05,0.0001444579684175551
5,7,17,25,True,True,True,True,True,True,False,False,True,True,True,True,True,True,"[0, 0, 0, 0, 0, 0, 0]",1.0,31.05,0,0,1,1,"[0, -2, 1, -3, 2, -7, 7]","[0, 0, 0, 16, 0]",True,1,1,True,False,True,True,0,"[('(0, 0, 0, 0, 0, 0, 0)', 1.0)]",False,False,False,True,False,0,0,False,0.0044495829497464,2.700003096833825e-05,0.00015062501188367605
5,7,17,29,True,True,True,True,True,True,False,False,True,True,True,True,True,True,"[0, 0, 0, 0, 0, 0, 0]",1.0,31.05,0,0,3,1,"[-5, 7, -8, 4, -4, 0, -2]","[16, 1, 1, 0, 0]",True,1,1,True,False,True,True,0,"[('(0, 0, 0, 0, 0, 0, 0)', 1.0)]",False,False,False,True,False,0,0,False,0.004488416016101837,2.9124959837645292e-05,0.0001603750279173255
5,7,17,26,True,True,True,True,True,True,False,False,True,True,True,True,True,True,"[0, 0, 0, 0, 0, 0, 0]",2.0,22.1,0,0,3,2,"[2, 6, 3, 7, 0, -5, -7]","[0, 1, 16, 1, 0]",True,1,1,True,False,True,True,0,"[('(0, 0, 0, 0, 0, 0, 0)', 2.0)]",False,False,False,True,False,0,0,False,0.0038126659928821027,2.400000812485814e-05,0.000140833028126508
5,7,17,27,False,False,False,False,True,True,True,True,False,False,True,True,True,True,"[0, 0, 0, 0, 0, 0, 0]",4.0,5084.2,5,0,5,4,"[6, -5, 5, 2, 2, -6, 6]","[4, 4, 10, 6, 13]",False,1,1,False,False,True,True,2,"[('(0, 0, 0, 0, 0, 0, 0)', 4.0)]",False,True,False,False,False,2,2,False,0.0047754160477779806,2.9916991479694843e-05,0.00017487502191215754
5,7,17,23,True,True,True,True,True,True,False,False,True,True,True,True,True,True,"[0, 0, 0, 0, 0, 0, 0]",2.0,22.1,0,0,1,2,"[-7, -1, -7, 5, 5, -7, -2]","[0, 0, 16, 0, 0]",True,1,1,True,False,True,True,0,"[('(0, 0, 0, 0, 0, 0, 0)', 2.0)]",False,False,False,True,False,0,0,False,0.006456708011683077,5.9166981372982264e-05,0.00034395797410979867
5,7,17,28,False,True,False,False,True,True,True,True,False,False,True,True,True,True,"[0, 0, 0, 0, 0, 0, 0]",3.0,4073.15,4,0,5,3,"[2, 3, 4, 7, 3, 0, 8]","[11, 11, 1, 3, 5]",False,1,1,False,False,False,True,8,"[('(0, 0, 0, 0, 0, 0, 0)', 3.0)]",False,True,False,False,False,8,8,False,0.004270165984053165,2.7499976567924023e-05,0.00017074996139854193
5,7,17,31,True,True,True,True,True,True,False,False,True,True,True,True,True,True,"[0, 0, 0, 0, 0, 0, 0]",1.0,31.05,0,0,3,1,"[-3, -2, -8, -6, 1, -7, -1]","[16, 1, 1, 0, 0]",True,1,1,True,False,True,True,0,"[('(0, 0, 0, 0, 0, 0, 0)', 1.0)]",False,False,False,True,False,0,0,False,0.004190624982584268,2.729095285758376e-05,0.00021374999778345227
5,7,17,32,True,True,True,True,True,True,False,False,True,True,True,True,True,True,"[0, 0, 0, 0, 0, 0, 0]",2.0,42.1,0,0,4,2,"[3, 7, 0, 5, 2, 3, 3]","[16, 16, 0, 1, 16]",True,1,1,True,False,True,True,0,"[('(0, 0, 0, 0, 0, 0, 0)', 2.0)]",False,False,False,True,False,0,0,False,0.004433041962329298,2.916704397648573e-05,0.00017312500858679414
5,7,17,30,False,False,False,False,True,True,True,True,False,False,True,True,True,True,"[0, 0, 0, 0, 0, 0, 0]",2.0,5062.1,5,0,5,2,"[4, 4, 1, 5, 6, -4, -3]","[11, 15, 3, 13, 13]",False,1,1,False,False,True,True,6,"[('(0, 0, 0, 0, 0, 0, 0)', 2.0)]",False,True,False,False,False,6,6,False,0.005008540989365429,6.166700040921569e-05,0.00016658398089930415
5,7,17,33,True,True,True,True,True,True,False,False,True,True,True,True,True,True,"[0, 0, 0, 0, 0, 0, 0]",1.0,11.05,0,0,2,1,"[5, 1, 2, -3, 0, -2, -4]","[0, 0, 0, 16, 1]",True,1,1,True,False,True,True,0,"[('(0, 0, 0, 0, 0, 0, 0)', 1.0)]",False,False,False,True,False,0,0,False,0.005173582991119474,2.8709007892757654e-05,0.00016829196829348803
5,7,17,34,True,True,True,True,True,True,False,False,True,True,True,True,True,True,"[0, 0, 0, 0, 0, 0, 0]",2.0,2.1,0,0,2,2,"[-2, 6, -5, 0, 3, 0, 2]","[0, 1, 16, 0, 0]",True,1,1,True,False,True,True,0,"[('(0, 0, 0, 0, 0, 0, 0)', 2.0)]",False,False,False,True,False,0,0,False,0.0045845829881727695,2.6124995201826096e-05,0.000155583955347538
5,7,17,35,True,True,True,True,True,True,False,False,True,True,True,True,True,True,"[0, 0, 0, 0, 0, 0, 0]",3.0,13.15,0,0,2,3,"[5, -4, -7, 4, 2, -6, 0]","[0, 16, 0, 16, 0]",True,1,1,True,False,True,True,0,"[('(0, 0, 0, 0, 0, 0, 0)', 3.0)]",False,False,False,True,False,0,0,False,0.004672041977755725,2.8166978154331446e-05,0.00016112503362819552
5,7,17,36,True,True,True,True,True,True,False,False,True,True,True,True,True,True,"[0, 0, 0, 0, 0, 0, 0]",1.0,31.05,0,0,3,1,"[3, -7, -1, 5, 7, -8, 8]","[0, 1, 1, 0, 16]",True,1,1,True,False,True,True,0,"[('(0, 0, 0, 0, 0, 0, 0)', 1.0)]",False,False,False,True,False,0,0,False,0.004959790967404842,2.6499968953430653e-05,0.0001710839569568634
5,7,17,38,True,True,True,True,True,True,False,False,True,True,True,True,True,True,"[0, 0, 0, 0, 0, 0, 0]",0.0,20.0,0,0,2,0,"[4, -4, -2, 6, 8, -3, 7]","[16, 1, 0, 0, 0]",True,1,1,True,False,True,True,0,"[('(0, 0, 0, 0, 0, 0, 0)', 0.0)]",False,False,False,True,False,0,0,False,0.005023583013098687,6.075005512684584e-05,0.00036458298563957214
5,7,17,37,False,True,False,False,False,False,False,False,False,False,True,True,True,True,"[0, 0, 0, 0, 0, 0, 0]",4.0,5084.2,5,0,5,4,"[-1, -2, 2, 0, 2, -3, 2]","[15, 13, 9, 12, 3]",False,1,1,False,False,False,True,10,"[('(0, 0, 0, 0, 0, 0, 0)', 4.0)]",False,False,False,False,True,10,10,False,0.004511874984018505,2.9334041755646467e-05,0.00016879098257049918
5,7,17,39,True,True,True,True,True,True,False,False,True,True,True,True,True,True,"[0, 0, 0, 0, 0, 0, 0]",0.0,40.0,0,0,3,0,"[-6, 2, -8, 8, 2, -4, -7]","[1, 16, 1, 0, 0]",True,1,1,True,False,True,True,0,"[('(0, 0, 0, 0, 0, 0, 0)', 0.0)]",False,False,False,True,False,0,0,False,0.00424666702747345,2.7292000595480204e-05,0.00015495804836973548
5,7,17,40,True,True,True,True,True,True,False,False,True,True,True,True,True,True,"[0, 0, 0, 0, 0, 0, 0]",0.0,40.0,0,0,3,0,"[-3, -2, 8, 1, -4, 7, -2]","[1, 16, 16, 0, 0]",True,1,1,True,False,True,True,0,"[('(0, 0, 0, 0, 0, 0, 0)', 0.0)]",False,False,False,True,False,0,0,False,0.003974499995820224,2.4957989808171988e-05,0.00014416698832064867
5,7,17,41,True,True,True,True,True,True,False,False,True,True,True,True,True,True,"[0, 0, 0, 0, 0, 0, 0]",2.0,22.1,0,0,3,2,"[7, -5, -6, 2, -6, -2, -7]","[1, 16, 0, 0, 1]",True,1,1,True,False,True,True,0,"[('(0, 0, 0, 0, 0, 0, 0)', 2.0)]",False,False,False,True,False,0,0,False,0.0037345000309869647,2.6958994567394257e-05,0.00018391699995845556
5,7,17,42,False,True,False,True,True,True,True,True,False,False,True,True,True,True,"[0, 0, 0, 0, 0, 0, 0]",3.0,4073.15,4,0,5,3,"[4, -8, -2, 6, 5, -4, 6]","[9, 7, 1, 13, 13]",False,1,1,False,False,False,False,9,"[('(0, 0, 0, 0, 0, 0, 0)', 3.0)]",False,True,False,False,False,9,9,False,0.004867459007073194,2.6667024940252304e-05,0.0001520830555818975
5,7,17,43,False,False,False,False,True,True,True,True,False,False,True,True,True,True,"[0, -1, 0, 0, 0, 0, 0]",3.0,3053.15,3,0,4,3,"[-9, 8, -7, -4, 1, 1, -5]","[4, 8, 11, 0, 1]",False,2,2,False,True,True,True,5,"[('(0, 0, 0, 0, 0, 0, 0)', 4.0), ('(0, -1, 0, 0, 0, 0, 0)', 3.0)]",False,True,False,False,False,6,5,True,0.003722374967765063,4.2082974687218666e-05,0.00026820896891877055
5,7,17,46,False,False,False,False,True,True,True,True,False,False,True,True,True,True,"[0, 0, 0, 0, 0, 0, 0]",1.0,4071.05,4,0,5,1,"[-8, 4, -3, -5, 0, -3, 2]","[15, 16, 4, 9, 4]",False,1,1,False,False,True,True,2,"[('(0, 0, 0, 0, 0, 0, 0)', 1.0)]",False,True,False,False,False,2,2,False,0.003896125010214746,2.462498378008604e-05,0.00014295801520347595
5,7,17,45,True,True,True,True,True,True,False,False,True,True,True,True,True,True,"[0, 0, 0, 0, 0, 0, 0]",2.0,22.1,0,0,3,2,"[5, 0, -1, -2, -3, 2, 7]","[0, 16, 16, 16, 0]",True,1,1,True,False,True,True,0,"[('(0, 0, 0, 0, 0, 0, 0)', 2.0)]",False,False,False,True,False,0,0,False,0.0044517500209622085,2.416700590401888e-05,0.00014508399181067944
5,7,17,44,False,True,False,False,True,True,True,True,False,False,True,True,True,True,"[0, 0, 0, 0, 0, 0, 0]",1.0,4071.05,4,0,5,1,"[-5, 7, 4, 3, -4, 0, 2]","[6, 4, 4, 16, 7]",False,1,1,False,False,False,True,2,"[('(0, 0, 0, 0, 0, 0, 0)', 1.0)]",False,True,False,False,False,2,2,False,0.008418957993853837,3.458303399384022e-05,0.00016229198081418872
5,7,17,48,False,False,False,False,True,True,True,True,False,False,True,True,True,True,"[0, 0, 0, 0, 0, 0, 0]",1.0,5071.05,5,0,5,1,"[2, 4, 0, 1, -5, -8, -7]","[4, 15, 9, 15, 2]",False,1,1,False,False,True,True,2,"[('(0, 0, 0, 0, 0, 0, 0)', 1.0)]",False,True,False,False,False,2,2,False,0.003735708014573902,2.9125018045306206e-05,0.00015712500317022204
5,7,17,47,True,True,True,True,True,True,False,False,True,True,True,True,True,True,"[0, 0, 0, 0, 0, 0, 0]",3.0,33.15,0,0,3,3,"[-6, 5, -2, 5, -4, -7, -8]","[1, 16, 0, 16, 0]",True,1,1,True,False,True,True,0,"[('(0, 0, 0, 0, 0, 0, 0)', 3.0)]",False,False,False,True,False,0,0,False,0.004092167015187442,2.7667032554745674e-05,0.00015929201617836952
5,7,17,49,True,True,True,True,True,True,False,False,True,True,True,True,True,True,"[0, 0, 0, 0, 0, 0, 0]",1.0,51.05,0,0,4,1,"[8, -3, -4, 6, 7, 8, 5]","[1, 16, 1, 0, 16]",True,1,1,True,False,True,True,0,"[('(0, 0, 0, 0, 0, 0, 0)', 1.0)]",False,False,False,True,False,0,0,False,0.00410941697191447,2.470804611220956e-05,0.00014633400132879615
5,7,17,50,True,True,True,True,True,True,False,False,True,True,True,True,True,True,"[0, 0, 0, 0, 0, 0, 0]",1.0,31.05,0,0,1,1,"[4, 8, -4, 8, 6, -5, -5]","[16, 0, 0, 0, 0]",True,1,1,True,False,True,True,0,"[('(0, 0, 0, 0, 0, 0, 0)', 1.0)]",False,False,False,True,False,0,0,False,0.004480707983020693,2.420798409730196e-05,0.00014575000386685133
5,7,17,52,True,True,True,True,True,True,False,False,True,True,True,True,True,True,"[0, 0, 0, 0, 0, 0, 0]",0.0,40.0,0,0,3,0,"[-2, 0, -6, -6, 2, -7, -2]","[1, 16, 0, 1, 0]",True,1,1,True,False,True,True,0,"[('(0, 0, 0, 0, 0, 0, 0)', 0.0)]",False,False,False,True,False,0,0,False,0.0040260840323753655,2.5124987587332726e-05,0.00014366698451340199
5,7,17,54,False,False,False,False,True,True,True,True,False,False,True,True,True,True,"[0, 0, 0, 0, 0, 0, 0]",3.0,3053.15,3,0,4,3,"[-6, -7, -5, -1, -2, 3, 4]","[0, 8, 9, 13, 1]",False,1,1,False,False,True,True,3,"[('(0, 0, 0, 0, 0, 0, 0)', 3.0)]",False,True,False,False,False,3,3,False,0.0036507080076262355,2.54589831456542e-05,0.00014766695676371455
5,7,17,51,True,True,True,True,True,True,False,False,True,True,True,True,True,True,"[0, 0, 0, 0, 0, 0, 0]",3.0,13.15,0,0,2,3,"[1, 8, -8, 4, 3, -4, 6]","[1, 0, 0, 0, 16]",True,1,1,True,False,True,True,0,"[('(0, 0, 0, 0, 0, 0, 0)', 3.0)]",False,False,False,True,False,0,0,False,0.006428416993003339,6.07079709880054e-05,0.0003591660060919821
5,7,17,55,True,True,True,True,True,True,False,False,True,True,True,True,True,True,"[0, 0, 0, 0, 0, 0, 0]",1.0,11.05,0,0,2,1,"[-4, -5, 4, 8, 6, -1, 4]","[1, 0, 0, 0, 16]",True,1,1,True,False,True,True,0,"[('(0, 0, 0, 0, 0, 0, 0)', 1.0)]",False,False,False,True,False,0,0,False,0.0038875830359756947,2.3875036276876926e-05,0.00014479202218353748
5,7,17,53,False,False,False,False,True,True,True,True,False,False,True,True,True,True,"[0, 0, 0, 0, 0, 0, 0]",3.0,4073.15,4,0,5,3,"[-4, -3, -7, -7, 4, 1, 3]","[3, 1, 5, 14, 2]",False,1,1,False,False,False,True,8,"[('(0, 0, 0, 0, 0, 0, 0)', 3.0)]",False,True,False,False,False,8,8,False,0.004517791967373341,2.400000812485814e-05,0.0003239999641664326
5,7,17,57,True,True,True,True,True,True,False,False,True,True,True,True,True,True,"[0, 0, 0, 0, 0, 0, 0]",1.0,11.05,0,0,2,1,"[4, -7, -5, 7, 0, 8, -7]","[0, 0, 0, 1, 1]",True,1,1,True,False,True,True,0,"[('(0, 0, 0, 0, 0, 0, 0)', 1.0)]",False,False,False,True,False,0,0,False,0.0037049169768579304,2.400000812485814e-05,0.000139000010676682
5,7,17,56,True,False,True,True,True,True,False,False,True,True,True,True,True,True,"[0, 0, 0, 0, 0, 0, 0]",3.0,13.15,0,0,2,3,"[-7, -7, -3, -2, -8, 0, -7]","[16, 0, 0, 0, 1]",True,1,1,True,False,False,True,0,"[('(0, 0, 0, 0, 0, 0, 0)', 3.0)]",False,False,False,True,False,0,0,False,0.004971290996763855,2.620898885652423e-05,0.00015487498603761196
5,7,17,58,False,False,False,False,True,True,True,True,False,False,True,True,True,True,"[0, 0, 0, 0, 0, 0, 0]",1.0,5071.05,5,0,5,1,"[-3, -3, -7, 5, 4, 7, -7]","[6, 3, 3, 13, 3]",False,1,1,False,False,True,True,3,"[('(0, 0, 0, 0, 0, 0, 0)', 1.0)]",False,True,False,False,False,3,3,False,0.00454554200405255,2.7333036996424198e-05,0.00017487502191215754
5,7,17,59,False,True,False,False,True,True,True,True,False,False,True,True,True,True,"[0, 0, 0, 0, 0, 0, 0]",3.0,4073.15,4,0,5,3,"[2, -9, -1, 0, -3, 6, 0]","[11, 12, 16, 6, 7]",False,1,1,False,False,False,True,4,"[('(0, 0, 0, 0, 0, 0, 0)', 3.0)]",False,True,False,False,False,4,4,False,0.004356459015980363,2.3457978386431932e-05,0.00013762502931058407
5,7,17,63,True,True,True,True,True,True,False,False,True,True,True,True,True,True,"[0, 0, 0, 0, 0, 0, 0]",2.0,22.1,0,0,3,2,"[8, 3, -2, 7, -4, -3, 4]","[1, 0, 0, 1, 16]",True,1,1,True,False,True,True,0,"[('(0, 0, 0, 0, 0, 0, 0)', 2.0)]",False,False,False,True,False,0,0,False,0.003845500003080815,2.3917004000395536e-05,0.00013658299576491117
5,7,17,61,False,False,False,False,True,True,True,True,False,False,True,True,True,True,"[0, 0, 0, 0, 0, 0, 0]",3.0,5073.15,5,0,5,3,"[3, -2, 4, 4, 4, 2, 4]","[8, 2, 2, 8, 12]",False,1,1,False,False,False,True,8,"[('(0, 0, 0, 0, 0, 0, 0)', 3.0)]",False,True,False,False,False,8,8,False,0.0035927919670939445,2.5250017642974854e-05,0.0001484170206822455
5,7,17,60,False,False,False,False,False,False,False,False,False,False,True,True,True,True,"[0, 0, 0, 0, 0, 0, 0]",1.0,4071.05,4,0,5,1,"[-4, 6, -6, -4, 0, 0, -4]","[16, 3, 11, 3, 15]",False,1,1,False,False,True,True,7,"[('(0, 0, 0, 0, 0, 0, 0)', 1.0)]",False,False,False,False,True,7,7,False,0.00648575002560392,5.916703958064318e-05,0.00036283297231420875
5,7,17,62,True,True,True,True,True,True,False,False,True,True,True,True,True,True,"[0, 0, 0, 0, 0, 0, 0]",2.0,2.1,0,0,2,2,"[-1, 0, -5, -6, -5, 8, 4]","[1, 0, 1, 0, 0]",True,1,1,True,False,True,True,0,"[('(0, 0, 0, 0, 0, 0, 0)', 2.0)]",False,False,False,True,False,0,0,False,0.0032375839655287564,2.479198155924678e-05,0.00015495799016207457
5,7,17,65,True,True,True,True,True,True,False,False,True,True,True,True,True,True,"[0, 0, 0, 0, 0, 0, 0]",1.0,31.05,0,0,3,1,"[5, 5, 0, -8, -3, 3, 8]","[1, 0, 0, 1, 16]",True,1,1,True,False,True,True,0,"[('(0, 0, 0, 0, 0, 0, 0)', 1.0)]",False,False,False,True,False,0,0,False,0.003044124983716756,2.341700019314885e-05,0.00013404199853539467
5,7,17,64,False,False,False,False,False,False,False,False,False,False,True,True,True,True,"[0, 0, 0, 0, 0, 0, 0]",3.0,5073.15,5,0,5,3,"[-5, 6, -8, -6, 5, 4, 2]","[5, 2, 10, 6, 6]",False,1,1,False,False,True,True,5,"[('(0, 0, 0, 0, 0, 0, 0)', 3.0)]",False,False,False,False,True,5,5,False,0.003329457947984338,2.3333006538450718e-05,0.00013183295959606767
5,7,17,66,True,True,True,True,True,True,False,False,True,True,True,True,True,True,"[0, 0, 0, 0, 0, 0, 0]",2.0,22.1,0,0,1,2,"[-4, 7, 7, -7, -5, 5, 2]","[0, 0, 16, 0, 0]",True,1,1,True,False,True,True,0,"[('(0, 0, 0, 0, 0, 0, 0)', 2.0)]",False,False,False,True,False,0,0,False,0.0060841249651275575,3.045797348022461e-05,0.00017337495228275657
5,7,17,68,False,False,False,False,True,True,True,True,False,False,True,True,True,True,"[0, 0, 0, 0, 0, 0, 0]",1.0,4051.05,4,0,4,1,"[-7, 0, 8, 6, 6, -2, -7]","[6, 5, 2, 0, 8]",False,1,1,False,False,True,True,3,"[('(0, 0, 0, 0, 0, 0, 0)', 1.0)]",False,True,False,False,False,3,3,False,0.006345040979795158,3.066594945266843e-05,0.00018795899813994765
5,7,17,69,False,False,False,False,True,True,True,True,False,False,True,True,True,True,"[0, 0, 0, 0, 0, 0, 0]",1.0,4071.05,4,0,5,1,"[-7, 7, 5, -2, 6, -6, 8]","[4, 15, 16, 10, 6]",False,1,1,False,False,True,True,2,"[('(0, 0, 0, 0, 0, 0, 0)', 1.0)]",False,True,False,False,False,2,2,False,0.006318667030427605,3.0792027246207e-05,0.00018216599710285664
5,7,17,70,True,True,True,True,True,True,False,False,True,True,True,True,True,True,"[0, 0, 0, 0, 0, 0, 0]",0.0,40.0,0,0,3,0,"[-4, -4, -7, 2, 4, -7, -6]","[16, 16, 16, 0, 0]",True,1,1,True,False,True,True,0,"[('(0, 0, 0, 0, 0, 0, 0)', 0.0)]",False,False,False,True,False,0,0,False,0.006628624978475273,2.6958005037158728e-05,0.0001565409475006163
5,7,17,67,True,True,True,True,True,True,False,False,True,True,True,True,True,True,"[0, 0, 0, 0, 0, 0, 0]",2.0,22.1,0,0,1,2,"[4, -8, 6, -6, 8, 4, -7]","[16, 0, 0, 0, 0]",True,1,1,True,False,True,True,0,"[('(0, 0, 0, 0, 0, 0, 0)', 2.0)]",False,False,False,True,False,0,0,False,0.008559417037758976,6.329204188659787e-05,0.00038950005546212196
5,7,17,74,True,True,True,True,True,True,False,False,True,True,True,True,True,True,"[0, 0, 0, 0, 0, 0, 0]",0.0,20.0,0,0,2,0,"[-1, -7, 0, -3, 1, 0, 3]","[16, 16, 0, 0, 0]",True,1,1,True,False,True,True,0,"[('(0, 0, 0, 0, 0, 0, 0)', 0.0)]",False,False,False,True,False,0,0,False,0.0032579999533481896,2.5250017642974854e-05,0.00014787499094381928
5,7,17,71,True,True,True,True,True,True,False,False,True,True,True,True,True,True,"[0, 0, 0, 0, 0, 0, 0]",2.0,2.1,0,0,2,2,"[5, 1, -8, -7, -2, 2, 5]","[0, 16, 0, 16, 0]",True,1,1,True,False,True,True,0,"[('(0, 0, 0, 0, 0, 0, 0)', 2.0)]",False,False,False,True,False,0,0,False,0.004736917035188526,4.483398515731096e-05,0.0001723749446682632
5,7,17,73,False,False,False,False,True,True,True,True,False,False,True,True,True,True,"[0, 0, 0, 0, 0, 0, 0]",2.0,4062.1,4,0,5,2,"[-5, 7, 3, 4, 7, 2, -7]","[8, 15, 8, 15, 1]",False,1,1,False,False,True,True,2,"[('(0, 0, 0, 0, 0, 0, 0)', 2.0)]",False,True,False,False,False,2,2,False,0.004842332971747965,2.8959009796380997e-05,0.0002835000050254166
5,7,17,72,True,False,True,True,True,True,False,False,True,True,True,True,True,True,"[0, 0, 0, 0, 0, 0, 0]",2.0,62.1,0,0,5,2,"[1, 8, -2, 7, -1, 2, 8]","[1, 16, 1, 16, 1]",True,1,1,True,False,False,True,0,"[('(0, 0, 0, 0, 0, 0, 0)', 2.0)]",False,False,False,True,False,0,0,False,0.00485862500499934,0.00011091603664681315,0.0003571250126697123
5,7,17,75,True,False,True,True,True,True,False,False,True,True,True,True,True,True,"[0, 0, 0, 0, 0, 0, 0]",3.0,33.15,0,0,3,3,"[6, 8, -3, -3, 7, -3, -3]","[0, 0, 1, 1, 16]",True,1,1,True,False,False,True,0,"[('(0, 0, 0, 0, 0, 0, 0)', 3.0)]",False,False,False,True,False,0,0,False,0.005710166995413601,2.9292015824466944e-05,0.00018287502462044358
5,7,17,76,True,True,True,True,True,True,False,False,True,True,True,True,True,True,"[0, 0, 0, 0, 0, 0, 0]",2.0,22.1,0,0,3,2,"[4, -8, -3, -6, -1, -4, 1]","[1, 1, 0, 1, 0]",True,1,1,True,False,True,True,0,"[('(0, 0, 0, 0, 0, 0, 0)', 2.0)]",False,False,False,True,False,0,0,False,0.004587124974932522,2.741703065112233e-05,0.00015375000657513738
5,7,17,78,True,True,True,True,True,True,False,False,True,True,True,True,True,True,"[0, 0, 0, 0, 0, 0, 0]",2.0,22.1,0,0,1,2,"[7, 3, -8, -6, -3, 1, 3]","[0, 1, 0, 0, 0]",True,1,1,True,False,True,True,0,"[('(0, 0, 0, 0, 0, 0, 0)', 2.0)]",False,False,False,True,False,0,0,False,0.004819416964892298,2.7292000595480204e-05,0.0003921250463463366
5,7,17,77,True,False,True,True,True,True,False,False,True,True,True,True,True,True,"[0, 0, 0, 0, 0, 0, 0]",3.0,13.15,0,0,2,3,"[5, 7, 0, 3, 0, 6, 8]","[1, 16, 0, 0, 0]",True,1,1,True,False,False,True,0,"[('(0, 0, 0, 0, 0, 0, 0)', 3.0)]",False,False,False,True,False,0,0,False,0.005497290985658765,2.6958005037158728e-05,0.00015875004464760423
5,7,17,79,False,False,False,False,True,True,True,True,False,False,True,True,True,True,"[0, 0, 0, 0, 0, 0, 0]",2.0,4042.1,4,0,4,2,"[-4, -6, -5, 4, -6, 0, 4]","[10, 7, 2, 0, 13]",False,1,1,False,False,True,True,5,"[('(0, 0, 0, 0, 0, 0, 0)', 2.0)]",False,True,False,False,False,5,5,False,0.006142291007563472,2.5833025574684143e-05,0.00015216699102893472
5,7,17,81,False,False,False,False,False,False,False,False,False,False,True,True,True,True,"[0, 0, 0, 0, 0, 0, 0]",3.0,5073.15,5,0,5,3,"[0, 5, -4, -7, 2, -6, -6]","[9, 15, 12, 6, 12]",False,1,1,False,False,False,True,7,"[('(0, 0, 0, 0, 0, 0, 0)', 3.0)]",False,False,False,False,True,7,7,False,0.0044017499894835055,2.500001573935151e-05,0.000149083964060992
5,7,17,80,True,True,True,True,True,True,False,False,True,True,True,True,True,True,"[0, 0, 0, 0, 0, 0, 0]",1.0,31.05,0,0,1,1,"[0, 7, 0, 5, 6, -4, -5]","[0, 0, 16, 0, 0]",True,1,1,True,False,True,True,0,"[('(0, 0, 0, 0, 0, 0, 0)', 1.0)]",False,False,False,True,False,0,0,False,0.005390334001276642,2.8875016141682863e-05,0.0005768749979324639
5,7,17,83,True,True,True,True,True,True,False,False,True,True,True,True,True,True,"[0, 0, 0, 0, 0, 0, 0]",1.0,31.05,0,0,3,1,"[-3, 5, 6, -4, -3, -8, -4]","[0, 1, 1, 16, 0]",True,1,1,True,False,True,True,0,"[('(0, 0, 0, 0, 0, 0, 0)', 1.0)]",False,False,False,True,False,0,0,False,0.00439745798939839,2.454203786328435e-05,0.00014899997040629387
5,7,17,82,True,True,True,True,True,True,False,False,True,True,True,True,True,True,"[0, 0, 0, 0, 0, 0, 0]",1.0,31.05,0,0,1,1,"[-1, -1, -2, 4, 8, -3, 8]","[0, 1, 0, 0, 0]",True,1,1,True,False,True,True,0,"[('(0, 0, 0, 0, 0, 0, 0)', 1.0)]",False,False,False,True,False,0,0,False,0.006994624971412122,2.9959017410874367e-05,0.00018316699424758554
5,7,17,84,True,True,True,True,True,True,False,False,True,True,True,True,True,True,"[0, 0, 0, 0, 0, 0, 0]",0.0,40.0,0,0,3,0,"[6, 8, -3, 2, 5, -2, -7]","[16, 0, 1, 1, 0]",True,1,1,True,False,True,True,0,"[('(0, 0, 0, 0, 0, 0, 0)', 0.0)]",False,False,False,True,False,0,0,False,0.006901332992129028,6.129202665761113e-05,0.0003566250088624656
5,7,17,85,True,True,True,True,True,True,False,False,True,True,True,True,True,True,"[0, 0, 0, 0, 0, 0, 0]",1.0,31.05,0,0,3,1,"[-5, 1, 5, -4, -7, 9, 5]","[16, 0, 1, 16, 0]",True,1,1,True,False,True,True,0,"[('(0, 0, 0, 0, 0, 0, 0)', 1.0)]",False,False,False,True,False,0,0,False,0.004224458010867238,2.3957982193678617e-05,0.0001367499935440719
5,7,17,86,True,True,True,True,True,True,False,False,True,True,True,True,True,True,"[0, 0, 0, 0, 0, 0, 0]",1.0,51.05,0,0,4,1,"[-1, -3, 5, -2, -8, 3, 6]","[16, 1, 1, 1, 0]",True,1,1,True,False,True,True,0,"[('(0, 0, 0, 0, 0, 0, 0)', 1.0)]",False,False,False,True,False,0,0,False,0.007380791998002678,6.295798812061548e-05,0.00046112498966977
5,7,17,90,False,False,False,False,True,True,True,True,False,False,True,True,True,True,"[0, 0, 0, 0, 0, 0, 0]",2.0,5062.1,5,0,5,2,"[6, 4, 6, -3, -1, -8, -1]","[11, 13, 6, 7, 10]",False,1,1,False,False,True,True,5,"[('(0, 0, 0, 0, 0, 0, 0)', 2.0)]",False,True,False,False,False,5,5,False,0.004334874975029379,2.3957982193678617e-05,0.0001425419468432665
5,7,17,87,True,False,True,True,True,True,False,False,True,True,True,True,True,True,"[0, 0, 0, 0, 0, 0, 0]",3.0,33.15,0,0,3,3,"[-6, 1, -3, 5, -7, 6, 3]","[16, 0, 16, 16, 0]",True,1,1,True,False,False,True,0,"[('(0, 0, 0, 0, 0, 0, 0)', 3.0)]",False,False,False,True,False,0,0,False,0.005339041992556304,2.8958020266145468e-05,0.00016600004164502025
5,7,17,88,True,True,True,True,True,True,False,False,True,True,True,True,True,True,"[0, 0, 0, 0, 0, 0, 0]",2.0,22.1,0,0,3,2,"[-9, 8, -1, 3, 1, 6, 8]","[1, 0, 0, 1, 16]",True,1,1,True,False,True,True,0,"[('(0, 0, 0, 0, 0, 0, 0)', 2.0)]",False,False,False,True,False,0,0,False,0.0053522909875027835,6.033299723640084e-05,0.00035858299816027284
5,7,17,89,True,False,True,True,True,True,False,False,True,True,True,True,True,True,"[0, 0, 0, 0, 0, 0, 0]",2.0,2.1,0,0,2,2,"[4, -3, 5, -2, 7, -2, -5]","[0, 0, 0, 16, 1]",True,1,1,True,False,False,True,0,"[('(0, 0, 0, 0, 0, 0, 0)', 2.0)]",False,False,False,True,False,0,0,False,0.0053378340089693666,2.758303890004754e-05,0.00015958299627527595
5,7,17,94,True,True,True,True,True,True,False,False,True,True,True,True,True,True,"[0, 0, 0, 0, 0, 0, 0]",0.0,40.0,0,0,3,0,"[-8, -8, -2, 0, 1, -3, -2]","[16, 0, 0, 16, 1]",True,1,1,True,False,True,True,0,"[('(0, 0, 0, 0, 0, 0, 0)', 0.0)]",False,False,False,True,False,0,0,False,0.003778000012971461,2.3500004317611456e-05,0.00014216697309166193
5,7,17,95,True,True,True,True,True,True,False,False,True,True,True,True,True,True,"[0, 0, 0, 0, 0, 0, 0]",1.0,11.05,0,0,2,1,"[-6, 4, 3, 4, 5, -4, -1]","[0, 0, 0, 16, 16]",True,1,1,True,False,True,True,0,"[('(0, 0, 0, 0, 0, 0, 0)', 1.0)]",False,False,False,True,False,0,0,False,0.003611000021919608,2.516602398827672e-05,0.00014587503392249346
5,7,17,91,True,True,True,True,True,True,False,False,True,True,True,True,True,True,"[0, 0, 0, 0, 0, 0, 0]",0.0,20.0,0,0,2,0,"[-4, -7, -1, 7, -3, 7, -2]","[1, 0, 0, 0, 1]",True,1,1,True,False,True,True,0,"[('(0, 0, 0, 0, 0, 0, 0)', 0.0)]",False,False,False,True,False,0,0,False,0.005012292007450014,2.741703065112233e-05,0.00016950001008808613
5,7,17,92,False,False,False,False,True,True,True,True,False,False,True,True,True,True,"[0, 0, 0, 0, 0, 0, 0]",3.0,5073.15,5,0,5,3,"[7, -2, -4, -7, 6, -6, 8]","[11, 5, 14, 3, 14]",False,1,1,False,False,True,True,5,"[('(0, 0, 0, 0, 0, 0, 0)', 3.0)]",False,True,False,False,False,5,5,False,0.0046836669789627194,2.8708018362522125e-05,0.00019516702741384506
5,7,17,93,True,True,True,True,True,True,False,False,True,True,True,True,True,True,"[0, 0, 0, 0, 0, 0, 0]",2.0,42.1,0,0,4,2,"[-1, -6, -7, 4, 2, -7, -5]","[1, 16, 16, 1, 0]",True,1,1,True,False,True,True,0,"[('(0, 0, 0, 0, 0, 0, 0)', 2.0)]",False,False,False,True,False,0,0,False,0.006740333046764135,2.824998227879405e-05,0.000161041971296072
5,7,17,97,True,True,True,True,True,True,False,False,True,True,True,True,True,True,"[0, 0, 0, 0, 0, 0, 0]",3.0,13.15,0,0,2,3,"[7, -2, 0, 1, -3, 3, -5]","[0, 0, 16, 0, 16]",True,1,1,True,False,True,True,0,"[('(0, 0, 0, 0, 0, 0, 0)', 3.0)]",False,False,False,True,False,0,0,False,0.003618667018599808,2.4791050236672163e-05,0.0001729169744066894
5,7,17,96,True,True,True,True,True,True,False,False,True,True,True,True,True,True,"[0, 0, 0, 0, 0, 0, 0]",3.0,13.15,0,0,2,3,"[2, -7, -5, 5, -7, -8, 3]","[0, 0, 0, 16, 16]",True,1,1,True,False,True,True,0,"[('(0, 0, 0, 0, 0, 0, 0)', 3.0)]",False,False,False,True,False,0,0,False,0.005305875034537166,2.4874985683709383e-05,0.000142207951284945
5,7,17,98,False,False,False,False,True,True,True,True,False,False,True,True,True,True,"[0, 0, 0, 0, 0, 0, 0]",2.0,5062.1,5,0,5,2,"[3, -2, -5, 4, -2, -3, 3]","[2, 4, 5, 8, 10]",False,1,1,False,False,True,True,5,"[('(0, 0, 0, 0, 0, 0, 0)', 2.0)]",False,True,False,False,False,5,5,False,0.004815374966710806,2.908398164436221e-05,0.00016250001499429345
5,7,17,99,True,True,True,True,True,True,False,False,True,True,True,True,True,True,"[0, 0, 0, 0, 0, 0, 0]",1.0,11.05,0,0,2,1,"[-9, -8, -4, 4, 7, 0, -7]","[1, 16, 0, 0, 0]",True,1,1,True,False,True,True,0,"[('(0, 0, 0, 0, 0, 0, 0)', 1.0)]",False,False,False,True,False,0,0,False,0.004894833022262901,2.637505531311035e-05,0.00017062504775822163
6,8,17,2,True,True,True,True,True,True,False,False,True,True,True,True,True,True,"[0, 0, 0, 0, 0, 0, 0, 0]",1.0,11.05,0,0,3,1,"[1, -7, 7, 5, 1, 2, -4, -2]","[0, 1, 0, 0, 16, 16]",True,1,1,True,False,True,True,0,"[('(0, 0, 0, 0, 0, 0, 0, 0)', 1.0)]",False,False,False,True,False,0,0,False,0.005324666970409453,3.2291049137711525e-05,0.00020695797866210341
6,8,17,4,False,False,False,False,True,True,True,True,False,False,True,True,True,True,"[0, 0, 0, 0, 0, 0, 0, 0]",2.0,6062.1,6,0,6,2,"[-8, 4, 6, 7, -4, 2, 0, -8]","[9, 12, 13, 12, 11, 3]",False,1,1,False,False,False,True,4,"[('(0, 0, 0, 0, 0, 0, 0, 0)', 2.0)]",False,True,False,False,False,4,4,False,0.006852874998003244,6.512500112876296e-05,0.00041070900624617934
6,8,17,0,True,True,True,True,True,True,False,False,True,True,True,True,True,True,"[0, 0, 0, 0, 0, 0, 0, 0]",1.0,31.05,0,0,2,1,"[-5, -2, -6, 0, -8, -2, -2, -6]","[0, 0, 1, 1, 0, 0]",True,1,1,True,False,True,True,0,"[('(0, 0, 0, 0, 0, 0, 0, 0)', 1.0)]",False,False,False,True,False,0,0,False,0.01009158295346424,3.5415985621511936e-05,0.00020937505178153515
6,8,17,1,False,False,False,False,True,True,True,True,False,False,True,True,True,True,"[0, 0, 0, 0, 0, 0, 0, 0]",3.0,6073.15,6,0,6,3,"[-8, 4, 3, -4, -1, 3, -8, -2]","[8, 11, 10, 13, 11, 11]",False,1,1,False,False,False,False,8,"[('(0, 0, 0, 0, 0, 0, 0, 0)', 3.0)]",False,True,False,False,False,8,8,False,0.006159124954137951,2.7166970539838076e-05,0.00016262498684227467
6,8,17,3,False,True,True,True,True,True,True,True,False,True,True,True,True,True,"[0, 0, 0, 0, -1, 0, 0, 0]",2.0,2.1,0,0,3,2,"[-3, -7, 1, -9, -3, -6, 0, 4]","[1, 0, 0, 1, 16, 0]",True,2,2,True,True,True,True,0,"[('(0, 0, 0, 0, 0, 0, 0, 0)', 3.0), ('(0, 0, 0, 0, -1, 0, 0, 0)', 2.0)]",True,False,False,True,False,5,0,True,0.00545487500494346,5.224999040365219e-05,0.00034487497759982944
6,8,17,5,True,True,True,True,True,True,False,False,True,True,True,True,True,True,"[0, 0, 0, 0, 0, 0, 0, 0]",1.0,51.05,0,0,5,1,"[8, 3, 4, -1, 7, 4, 8, -3]","[0, 1, 16, 1, 1, 16]",True,1,1,True,False,True,True,0,"[('(0, 0, 0, 0, 0, 0, 0, 0)', 1.0)]",False,False,False,True,False,0,0,False,0.006212750042323023,3.5167031455785036e-05,0.00021162501070648432
6,8,17,7,True,True,True,True,True,True,False,False,True,True,True,True,True,True,"[0, 0, 0, 0, 0, 0, 0, 0]",2.0,22.1,0,0,2,2,"[-1, 8, -2, 3, -5, 7, 5, -4]","[16, 0, 0, 1, 0, 0]",True,1,1,True,False,True,True,0,"[('(0, 0, 0, 0, 0, 0, 0, 0)', 2.0)]",False,False,False,True,False,0,0,False,0.008286791970022023,3.0499999411404133e-05,0.00018137501319870353
6,8,17,8,True,True,True,True,True,True,False,False,True,True,True,True,True,True,"[0, 0, 0, 0, 0, 0, 0, 0]",1.0,31.05,0,0,2,1,"[0, -6, 1, 0, -5, -3, 0, 6]","[16, 16, 0, 0, 0, 0]",True,1,1,True,False,True,True,0,"[('(0, 0, 0, 0, 0, 0, 0, 0)', 1.0)]",False,False,False,True,False,0,0,False,0.005798375001177192,2.62079993262887e-05,0.00015254097525030375
6,8,17,6,True,True,True,True,True,True,False,False,True,True,True,True,True,True,"[0, 0, 0, 0, 0, 0, 0, 0]",2.0,22.1,0,0,4,2,"[5, 0, 6, -1, 5, 7, -5, -6]","[1, 0, 16, 1, 16, 0]",True,1,1,True,False,True,True,0,"[('(0, 0, 0, 0, 0, 0, 0, 0)', 2.0)]",False,False,False,True,False,0,0,False,0.00795583298895508,7.041601929813623e-05,0.00019229104509577155
6,8,17,10,True,True,True,True,True,True,False,False,True,True,True,True,True,True,"[0, 0, 0, 0, 0, 0, 0, 0]",0.0,40.0,0,0,4,0,"[-5, 2, -1, -8, -3, 2, -4, 6]","[16, 16, 1, 0, 0, 16]",True,1,1,True,False,True,True,0,"[('(0, 0, 0, 0, 0, 0, 0, 0)', 0.0)]",False,False,False,True,False,0,0,False,0.006143625010736287,2.8082984499633312e-05,0.00017162499716505408
6,8,17,11,False,False,False,False,True,True,True,True,False,False,True,True,True,True,"[0, 0, 0, 0, 0, 0, 0, 0]",1.0,5071.05,5,0,6,1,"[-4, 2, 5, 4, 0, 6, -5, -7]","[16, 4, 4, 3, 11, 11]",False,1,1,False,False,True,True,3,"[('(0, 0, 0, 0, 0, 0, 0, 0)', 1.0)]",False,True,False,False,False,3,3,False,0.004697374999523163,2.5250017642974854e-05,0.00015229196287691593
6,8,17,9,True,True,True,True,True,True,False,False,True,True,True,True,True,True,"[0, 0, 0, 0, 0, 0, 0, 0]",2.0,22.1,0,0,4,2,"[-5, 7, -5, 0, -1, 6, -1, -9]","[1, 1, 0, 0, 1, 16]",True,1,1,True,False,True,True,0,"[('(0, 0, 0, 0, 0, 0, 0, 0)', 2.0)]",False,False,False,True,False,0,0,False,0.009570083988364786,3.2917014323174953e-05,0.00023070897441357374
6,8,17,12,True,True,True,True,True,True,False,False,True,True,True,True,True,True,"[0, 0, 0, 0, 0, 0, 0, 0]",2.0,22.1,0,0,4,2,"[7, 2, -2, 0, 8, -6, -7, 6]","[16, 1, 0, 1, 0, 16]",True,1,1,True,False,True,True,0,"[('(0, 0, 0, 0, 0, 0, 0, 0)', 2.0)]",False,False,False,True,False,0,0,False,0.0055299579980783165,2.862501423805952e-05,0.00020633300300687551
6,8,17,13,True,True,True,True,True,True,False,False,True,True,True,True,True,True,"[0, 0, 0, 0, 0, 0, 0, 0]",1.0,31.05,0,0,4,1,"[6, -1, -4, -3, -1, 5, 5, 4]","[0, 1, 16, 0, 1, 16]",True,1,1,True,False,True,True,0,"[('(0, 0, 0, 0, 0, 0, 0, 0)', 1.0)]",False,False,False,True,False,0,0,False,0.007651916006579995,6.0542020946741104e-05,0.00036345800617709756
6,8,17,14,False,False,False,False,True,True,True,True,False,False,True,True,True,True,"[0, 0, 0, 0, 0, 0, 0, 0]",2.0,5062.1,5,0,6,2,"[4, -3, -2, 7, 7, 3, -6, 2]","[7, 2, 16, 10, 7, 10]",False,1,1,False,False,True,True,7,"[('(0, 0, 0, 0, 0, 0, 0, 0)', 2.0)]",False,True,False,False,False,7,7,False,0.005639125010930002,3.0082999728620052e-05,0.0001753329997882247
6,8,17,15,True,True,True,True,True,True,False,False,True,True,True,True,True,True,"[0, 0, 0, 0, 0, 0, 0, 0]",1.0,31.05,0,0,4,1,"[-7, 6, 7, -1, -4, -8, 2, 7]","[1, 1, 0, 0, 16, 1]",True,1,1,True,False,True,True,0,"[('(0, 0, 0, 0, 0, 0, 0, 0)', 1.0)]",False,False,False,True,False,0,0,False,0.005308083025738597,2.520799171179533e-05,0.00015062501188367605
6,8,17,16,False,True,False,False,False,False,False,False,False,False,True,True,True,True,"[0, 0, 0, 0, 0, 0, 0, 0]",3.0,4053.15,4,0,5,3,"[4, -8, -4, -3, -6, 0, -3, 0]","[14, 3, 8, 16, 4, 0]",False,1,1,False,False,False,True,8,"[('(0, 0, 0, 0, 0, 0, 0, 0)', 3.0)]",False,False,False,False,True,8,8,False,0.00543058302719146,2.7582980692386627e-05,0.00016854197019711137
6,8,17,18,True,True,True,True,True,True,False,False,True,True,True,True,True,True,"[0, 0, 0, 0, 0, 0, 0, 0]",2.0,22.1,0,0,2,2,"[-8, 5, -1, 4, -4, 8, 2, 1]","[1, 16, 0, 0, 0, 0]",True,1,1,True,False,True,True,0,"[('(0, 0, 0, 0, 0, 0, 0, 0)', 2.0)]",False,False,False,True,False,0,0,False,0.006460417003836483,3.091595135629177e-05,0.00018095900304615498
6,8,17,19,True,True,True,True,True,True,False,False,True,True,True,True,True,True,"[0, 0, 0, 0, 0, 0, 0, 0]",1.0,31.05,0,0,2,1,"[8, 2, 8, 5, 6, 1, 8, 7]","[1, 0, 0, 1, 0, 0]",True,1,1,True,False,True,True,0,"[('(0, 0, 0, 0, 0, 0, 0, 0)', 1.0)]",False,False,False,True,False,0,0,False,0.005600583041086793,2.8291018679738045e-05,0.000167582998983562
6,8,17,17,True,True,True,True,True,True,False,False,True,True,True,True,True,True,"[0, 0, 0, 0, 0, 0, 0, 0]",1.0,31.05,0,0,4,1,"[-1, 4, 7, 6, 1, 8, 7, -3]","[1, 1, 0, 16, 0, 1]",True,1,1,True,False,True,True,0,"[('(0, 0, 0, 0, 0, 0, 0, 0)', 1.0)]",False,False,False,True,False,0,0,False,0.009183166024740785,6.200000643730164e-05,0.00040191703010350466
6,8,17,20,True,True,True,True,True,True,False,False,True,True,True,True,True,True,"[0, 0, 0, 0, 0, 0, 0, 0]",0.0,40.0,0,0,2,0,"[-4, 4, 4, 2, 3, -2, -4, -4]","[0, 0, 0, 0, 1, 16]",True,1,1,True,False,True,True,0,"[('(0, 0, 0, 0, 0, 0, 0, 0)', 0.0)]",False,False,False,True,False,0,0,False,0.006548707955516875,2.483394928276539e-05,0.00014933297643437982
6,8,17,21,True,True,True,True,True,True,False,False,True,True,True,True,True,True,"[0, 0, 0, 0, 0, 0, 0, 0]",0.0,40.0,0,0,2,0,"[-6, 6, 0, 4, 0, -7, -1, -5]","[0, 0, 1, 0, 0, 16]",True,1,1,True,False,True,True,0,"[('(0, 0, 0, 0, 0, 0, 0, 0)', 0.0)]",False,False,False,True,False,0,0,False,0.005836791999172419,2.6250025257468224e-05,0.00016079097986221313
6,8,17,23,False,False,False,False,True,True,True,True,False,False,True,True,True,True,"[0, 0, 0, 0, 0, 0, 0, 0]",1.0,5051.05,5,0,5,1,"[-2, -8, 2, 3, -3, 7, 8, -6]","[13, 4, 12, 9, 0, 9]",False,1,1,False,False,True,True,2,"[('(0, 0, 0, 0, 0, 0, 0, 0)', 1.0)]",False,True,False,False,False,2,2,False,0.005452999961562455,2.6500027161091566e-05,0.00015941698802635074
6,8,17,22,True,True,True,True,True,True,False,False,True,True,True,True,True,True,"[0, 0, 0, 0, 0, 0, 0, 0]",2.0,22.1,0,0,2,2,"[-7, 2, 5, -7, 3, -1, -4, -7]","[0, 0, 1, 0, 1, 0]",True,1,1,True,False,True,True,0,"[('(0, 0, 0, 0, 0, 0, 0, 0)', 2.0)]",False,False,False,True,False,0,0,False,0.00663458404596895,2.9749993700534105e-05,0.00017791602294892073
6,8,17,26,True,True,True,True,True,True,False,False,True,True,True,True,True,True,"[0, 0, 0, 0, 0, 0, 0, 0]",2.0,2.1,0,0,3,2,"[3, -2, 4, 8, -6, -1, 2, 1]","[1, 16, 0, 16, 0, 0]",True,1,1,True,False,True,True,0,"[('(0, 0, 0, 0, 0, 0, 0, 0)', 2.0)]",False,False,False,True,False,0,0,False,0.005226875015068799,2.5917019229382277e-05,0.00016024999786168337
6,8,17,25,False,True,True,True,True,True,True,True,False,True,True,True,True,True,"[0, 0, 0, -1, 0, 0, 0, 0]",2.0,42.1,0,0,1,2,"[0, 0, 4, 4, 4, 7, -7, 6]","[0, 0, 0, 16, 0, 0]",True,2,2,True,True,True,True,0,"[('(0, 0, 0, 0, 0, 0, 0, 0)', 3.0), ('(0, 0, 0, -1, 0, 0, 0, 0)', 2.0)]",True,False,False,True,False,5,0,True,0.0059067499823868275,4.312500823289156e-05,0.00028004200430586934
6,8,17,27,True,False,True,True,True,True,False,False,True,True,True,True,True,True,"[0, 0, 0, 0, 0, 0, 0, 0]",3.0,53.15,0,0,5,3,"[-1, 8, 1, 7, 1, 0, 1, 7]","[1, 0, 16, 1, 1, 16]",True,1,1,True,False,False,True,0,"[('(0, 0, 0, 0, 0, 0, 0, 0)', 3.0)]",False,False,False,True,False,0,0,False,0.006472500041127205,2.62079993262887e-05,0.00015587499365210533
6,8,17,29,False,False,False,False,True,True,True,True,False,False,True,True,True,True,"[0, 0, 0, 0, 0, 0, 0, 0]",2.0,6062.1,6,0,6,2,"[-6, 0, 3, 1, -4, -3, 1, 4]","[15, 6, 2, 2, 12, 11]",False,1,1,False,False,True,True,4,"[('(0, 0, 0, 0, 0, 0, 0, 0)', 2.0)]",False,True,False,False,False,4,4,False,0.006402125000022352,2.766697434708476e-05,0.00016029103426262736
6,8,17,28,False,False,False,False,True,True,True,True,False,False,True,True,True,True,"[0, 0, 0, 0, 0, 0, 0, 0]",2.0,3022.1,3,0,4,2,"[0, 6, 8, -3, 7, -6, 3, 0]","[0, 12, 4, 16, 0, 3]",False,1,1,False,False,True,True,4,"[('(0, 0, 0, 0, 0, 0, 0, 0)', 2.0)]",False,True,False,False,False,4,4,False,0.005259874975308776,2.520799171179533e-05,0.0001580000389367342
6,8,17,24,True,True,True,True,True,True,False,False,True,True,True,True,True,True,"[0, 0, 0, 0, 0, 0, 0, 0]",2.0,22.1,0,0,2,2,"[5, 6, 7, -2, 4, -1, -4, 4]","[16, 0, 0, 16, 0, 0]",True,1,1,True,False,True,True,0,"[('(0, 0, 0, 0, 0, 0, 0, 0)', 2.0)]",False,False,False,True,False,0,0,False,0.012924291018862277,3.083399496972561e-05,0.0001844159560278058
6,8,17,30,True,True,True,True,True,True,False,False,True,True,True,True,True,True,"[0, 0, 0, 0, 0, 0, 0, 0]",1.0,31.05,0,0,4,1,"[-8, 4, 7, -8, -3, 5, 9, -5]","[0, 16, 1, 1, 16, 0]",True,1,1,True,False,True,True,0,"[('(0, 0, 0, 0, 0, 0, 0, 0)', 1.0)]",False,False,False,True,False,0,0,False,0.006468875042628497,2.479198155924678e-05,0.00014729099348187447
6,8,17,34,True,True,True,True,True,True,False,False,True,True,True,True,True,True,"[0, 0, 0, 0, 0, 0, 0, 0]",0.0,20.0,0,0,3,0,"[8, -6, 1, 2, 3, 0, 2, -1]","[0, 0, 16, 1, 0, 16]",True,1,1,True,False,True,True,0,"[('(0, 0, 0, 0, 0, 0, 0, 0)', 0.0)]",False,False,False,True,False,0,0,False,0.004942915984429419,2.6875000912696123e-05,0.00016066600801423192
6,8,17,32,False,True,False,False,True,True,True,True,False,False,True,True,True,True,"[0, 0, 0, 0, 0, 0, 0, 0]",3.0,5053.15,5,0,5,3,"[3, -1, -2, -6, -6, 1, -8, 6]","[5, 6, 13, 12, 8, 0]",False,1,1,False,False,False,True,4,"[('(0, 0, 0, 0, 0, 0, 0, 0)', 3.0)]",False,True,False,False,False,4,4,False,0.006661583029199392,2.8124952223151922e-05,0.00016854098066687584
6,8,17,33,True,True,True,True,True,True,False,False,True,True,True,True,True,True,"[0, 0, 0, 0, 0, 0, 0, 0]",0.0,40.0,0,0,4,0,"[-8, -2, -2, -4, 1, 5, -5, -1]","[1, 0, 16, 0, 16, 1]",True,1,1,True,False,True,True,0,"[('(0, 0, 0, 0, 0, 0, 0, 0)', 0.0)]",False,False,False,True,False,0,0,False,0.006845124997198582,2.924998989328742e-05,0.00035849999403581023
6,8,17,31,True,True,True,True,True,True,False,False,True,True,True,True,True,True,"[0, 0, 0, 0, 0, 0, 0, 0]",1.0,31.05,0,0,2,1,"[-3, -3, -3, -5, 8, -3, 3, -2]","[0, 1, 0, 16, 0, 0]",True,1,1,True,False,True,True,0,"[('(0, 0, 0, 0, 0, 0, 0, 0)', 1.0)]",False,False,False,True,False,0,0,False,0.007787625014316291,3.1999952625483274e-05,0.00018683401867747307
6,8,17,35,False,True,False,False,True,True,True,True,False,False,True,True,True,True,"[0, 0, 0, 0, 0, 0, 0, 0]",1.0,6071.05,6,0,6,1,"[-8, -3, 8, -1, -3, 2, 2, -1]","[3, 8, 15, 5, 7, 5]",False,1,1,False,False,False,True,2,"[('(0, 0, 0, 0, 0, 0, 0, 0)', 1.0)]",False,True,False,False,False,2,2,False,0.006615417019929737,2.4332955945283175e-05,0.0001503749517723918
6,8,17,39,True,True,True,True,True,True,False,False,True,True,True,True,True,True,"[0, 0, 0, 0, 0, 0, 0, 0]",2.0,22.1,0,0,4,2,"[-3, 0, 6, -2, -2, 4, 6, 0]","[1, 1, 1, 0, 16, 0]",True,1,1,True,False,True,True,0,"[('(0, 0, 0, 0, 0, 0, 0, 0)', 2.0)]",False,False,False,True,False,0,0,False,0.00563224998768419,3.0124967452138662e-05,0.00017629202920943499
6,8,17,36,False,False,False,False,False,False,False,False,False,False,True,True,True,True,"[0, 0, 0, 0, 0, 0, 0, 0]",2.0,5042.1,5,0,5,2,"[-6, 2, -7, -8, 5, -8, 6, 3]","[4, 13, 0, 2, 11, 11]",False,1,1,False,False,True,True,4,"[('(0, 0, 0, 0, 0, 0, 0, 0)', 2.0)]",False,False,False,False,True,4,4,False,0.00684200000250712,2.716603921726346e-05,0.0001610000035725534
6,8,17,38,False,False,False,False,True,True,True,True,False,False,True,True,True,True,"[0, 0, 0, 0, 0, 0, 0, 0]",1.0,6071.05,6,0,6,1,"[-4, -8, 8, 4, 2, -1, 3, -5]","[6, 14, 10, 15, 14, 9]",False,1,1,False,False,True,True,3,"[('(0, 0, 0, 0, 0, 0, 0, 0)', 1.0)]",False,True,False,False,False,3,3,False,0.007123458024580032,2.7499976567924023e-05,0.00016441603656858206
6,8,17,40,True,True,True,True,True,True,False,False,True,True,True,True,True,True,"[0, 0, 0, 0, 0, 0, 0, 0]",0.0,60.0,0,0,1,0,"[-7, -1, 6, 1, 8, -3, 3, -8]","[0, 0, 0, 0, 16, 0]",True,1,1,True,False,True,True,0,"[('(0, 0, 0, 0, 0, 0, 0, 0)', 0.0)]",False,False,False,True,False,0,0,False,0.00543995900079608,2.4875043891370296e-05,0.0001522080274298787
6,8,17,37,True,True,True,True,True,True,False,False,True,True,True,True,True,True,"[0, 0, 0, 0, 0, 0, 0, 0]",1.0,51.05,0,0,5,1,"[0, 5, -4, -6, 7, 0, -1, 8]","[1, 16, 0, 16, 1, 16]",True,1,1,True,False,True,True,0,"[('(0, 0, 0, 0, 0, 0, 0, 0)', 1.0)]",False,False,False,True,False,0,0,False,0.008209082996472716,2.7834030333906412e-05,0.0001629579928703606
6,8,17,44,True,True,True,True,True,True,False,False,True,True,True,True,True,True,"[0, 0, 0, 0, 0, 0, 0, 0]",1.0,11.05,0,0,3,1,"[8, 5, -5, 1, 5, 2, -9, 8]","[16, 0, 1, 0, 0, 1]",True,1,1,True,False,True,True,0,"[('(0, 0, 0, 0, 0, 0, 0, 0)', 1.0)]",False,False,False,True,False,0,0,False,0.005402375012636185,2.6165973395109177e-05,0.00015787500888109207
6,8,17,41,True,True,True,True,True,True,False,False,True,True,True,True,True,True,"[0, 0, 0, 0, 0, 0, 0, 0]",3.0,53.15,0,0,5,3,"[7, -1, 0, 0, 1, 2, 0, -8]","[1, 0, 1, 1, 16, 16]",True,1,1,True,False,True,True,0,"[('(0, 0, 0, 0, 0, 0, 0, 0)', 3.0)]",False,False,False,True,False,0,0,False,0.006374916003551334,2.783298259600997e-05,0.00017512502381578088
6,8,17,43,False,False,False,False,True,True,True,True,False,False,True,True,True,True,"[0, 0, 0, 0, 0, 0, 0, 0]",2.0,6062.1,6,0,6,2,"[-2, -7, -5, -6, -8, -5, -2, -2]","[9, 13, 4, 13, 11, 5]",False,1,1,False,False,False,True,4,"[('(0, 0, 0, 0, 0, 0, 0, 0)', 2.0)]",False,True,False,False,False,4,4,False,0.00620404101209715,2.441700780764222e-05,0.00015137495938688517
6,8,17,45,True,True,True,True,True,True,False,False,True,True,True,True,True,True,"[0, 0, 0, 0, 0, 0, 0, 0]",2.0,2.1,0,0,3,2,"[5, 6, -3, -3, 1, -6, -7, -1]","[0, 0, 0, 16, 16, 16]",True,1,1,True,False,True,True,0,"[('(0, 0, 0, 0, 0, 0, 0, 0)', 2.0)]",False,False,False,True,False,0,0,False,0.00565116701181978,2.6458001229912043e-05,0.00016062502982094884
6,8,17,42,True,True,True,True,True,True,False,False,True,True,True,True,True,True,"[0, 0, 0, 0, 0, 0, 0, 0]",1.0,31.05,0,0,4,1,"[8, -2, -4, -2, -2, -3, 5, -1]","[1, 16, 0, 16, 16, 0]",True,1,1,True,False,True,True,0,"[('(0, 0, 0, 0, 0, 0, 0, 0)', 1.0)]",False,False,False,True,False,0,0,False,0.01194291701540351,2.9959017410874367e-05,0.00018258299678564072
6,8,17,48,False,False,False,False,False,False,False,False,False,False,True,True,True,True,"[0, 0, 0, 0, 0, 0, 0, 0]",4.0,6084.2,6,0,6,4,"[0, 3, -7, -5, -5, 8, 0, -2]","[14, 2, 6, 11, 11, 9]",False,1,1,False,False,False,True,12,"[('(0, 0, 0, 0, 0, 0, 0, 0)', 4.0)]",False,False,False,False,True,12,12,False,0.005470625008456409,2.4250010028481483e-05,0.00014474999625235796
6,8,17,47,True,False,True,True,True,True,False,False,True,True,True,True,True,True,"[0, 0, 0, 0, 0, 0, 0, 0]",2.0,2.1,0,0,3,2,"[5, 3, 7, -3, 5, -2, -7, 7]","[1, 1, 1, 0, 0, 0]",True,1,1,True,False,False,True,0,"[('(0, 0, 0, 0, 0, 0, 0, 0)', 2.0)]",False,False,False,True,False,0,0,False,0.0063089579925872386,2.7833040803670883e-05,0.00016558298375457525
6,8,17,46,False,False,False,False,True,True,True,True,False,False,True,True,True,True,"[0, 0, 0, 0, 0, 0, 0, 0]",2.0,5062.1,5,0,6,2,"[8, 5, -4, -8, 7, 1, 2, -4]","[9, 14, 1, 8, 11, 6]",False,1,1,False,False,True,True,5,"[('(0, 0, 0, 0, 0, 0, 0, 0)', 2.0)]",False,True,False,False,False,5,5,False,0.008495624992065132,2.9709015507251024e-05,0.00018166698282584548
6,8,17,49,True,False,True,True,True,True,False,False,True,True,True,True,True,True,"[0, 0, 0, 0, 0, 0, 0, 0]",3.0,33.15,0,0,4,3,"[8, -1, 5, -3, 0, 5, -6, -3]","[1, 0, 1, 0, 1, 16]",True,1,1,True,False,False,True,0,"[('(0, 0, 0, 0, 0, 0, 0, 0)', 3.0)]",False,False,False,True,False,0,0,False,0.007616167014930397,6.491702515631914e-05,0.00037579203490167856
6,8,17,51,True,True,True,True,True,True,False,False,True,True,True,True,True,True,"[0, 0, 0, 0, 0, 0, 0, 0]",1.0,11.05,0,0,3,1,"[8, 3, -7, -4, -8, 1, -3, 0]","[16, 0, 16, 16, 0, 0]",True,1,1,True,False,True,True,0,"[('(0, 0, 0, 0, 0, 0, 0, 0)', 1.0)]",False,False,False,True,False,0,0,False,0.005066625017207116,2.4500011932104826e-05,0.00014320795889943838
6,8,17,54,False,False,False,False,True,True,True,True,False,False,True,True,True,True,"[0, 0, 0, 0, 0, 0, 0, 0]",1.0,5051.05,5,0,5,1,"[-6, 6, -7, -4, -7, 4, 4, 3]","[8, 14, 13, 0, 4, 2]",False,1,1,False,False,True,True,3,"[('(0, 0, 0, 0, 0, 0, 0, 0)', 1.0)]",False,True,False,False,False,3,3,False,0.005532125011086464,2.74579506367445e-05,0.00016766699263826013
6,8,17,50,True,True,True,True,True,True,False,False,True,True,True,True,True,True,"[0, 0, 0, 0, 0, 0, 0, 0]",2.0,2.1,0,0,3,2,"[5, 1, 5, -5, 8, 3, -7, 6]","[16, 16, 0, 0, 1, 0]",True,1,1,True,False,True,True,0,"[('(0, 0, 0, 0, 0, 0, 0, 0)', 2.0)]",False,False,False,True,False,0,0,False,0.0068543750094249845,2.8749986086040735e-05,0.0001722919987514615
6,8,17,52,True,True,True,True,True,True,False,False,True,True,True,True,True,True,"[0, 0, 0, 0, 0, 0, 0, 0]",1.0,31.05,0,0,2,1,"[-6, 5, -5, -7, 2, 6, -8, 6]","[0, 16, 1, 0, 0, 0]",True,1,1,True,False,True,True,0,"[('(0, 0, 0, 0, 0, 0, 0, 0)', 1.0)]",False,False,False,True,False,0,0,False,0.008598374959547073,6.495800334960222e-05,0.00039316603215411305
6,8,17,55,True,True,True,True,True,True,False,False,True,True,True,True,True,True,"[0, 0, 0, 0, 0, 0, 0, 0]",0.0,40.0,0,0,2,0,"[6, 4, 2, 5, -4, -2, 1, 0]","[0, 0, 0, 16, 0, 1]",True,1,1,True,False,True,True,0,"[('(0, 0, 0, 0, 0, 0, 0, 0)', 0.0)]",False,False,False,True,False,0,0,False,0.005242499988526106,2.4374981876462698e-05,0.00014583399752154946
6,8,17,53,False,False,False,False,False,False,False,False,False,False,True,True,True,True,"[0, 0, 0, 0, 0, 0, 0, 0]",3.0,5053.15,5,0,5,3,"[2, -7, -2, -4, -5, 5, -1, -4]","[0, 8, 9, 5, 5, 10]",False,1,1,False,False,False,True,7,"[('(0, 0, 0, 0, 0, 0, 0, 0)', 3.0)]",False,False,False,False,True,7,7,False,0.007084041018970311,2.9082992114126682e-05,0.00017133302753791213
6,8,17,58,True,True,True,True,True,True,False,False,True,True,True,True,True,True,"[0, 0, 0, 0, 0, 0, 0, 0]",2.0,22.1,0,0,4,2,"[6, 1, -1, -3, -8, -7, -3, 7]","[16, 1, 16, 0, 16, 0]",True,1,1,True,False,True,True,0,"[('(0, 0, 0, 0, 0, 0, 0, 0)', 2.0)]",False,False,False,True,False,0,0,False,0.0064178750035353005,2.7375004719942808e-05,0.00016312499064952135
6,8,17,56,False,False,False,False,True,True,True,True,False,False,True,True,True,True,"[0, 0, 0, 0, 0, 0, 0, 0]",2.0,6062.1,6,0,6,2,"[-1, 1, -2, 0, 3, -2, 4, 4]","[6, 7, 6, 2, 10, 11]",False,1,1,False,False,True,True,7,"[('(0, 0, 0, 0, 0, 0, 0, 0)', 2.0)]",False,True,False,False,False,7,7,False,0.0074575410108082,6.233301246538758e-05,0.00039724999805912375
6,8,17,59,False,False,False,False,False,False,False,False,False,False,True,True,True,True,"[0, 0, 0, 0, 0, 0, 0, 0]",3.0,6073.15,6,0,6,3,"[7, -7, 0, -5, -8, 3, -2, -4]","[15, 10, 13, 6, 3, 13]",False,1,1,False,False,True,True,7,"[('(0, 0, 0, 0, 0, 0, 0, 0)', 3.0)]",False,False,False,False,True,7,7,False,0.00532179104629904,2.4582957848906517e-05,0.0001457909820601344
6,8,17,57,False,True,False,True,False,False,False,False,False,False,True,True,True,True,"[0, 0, 0, 0, 0, 0, 0, 0]",4.0,4084.2,4,0,6,4,"[3, -3, 8, -4, -7, -3, 1, -6]","[2, 15, 1, 3, 14, 1]",False,1,1,False,False,False,False,8,"[('(0, 0, 0, 0, 0, 0, 0, 0)', 4.0)]",False,False,False,False,True,8,8,False,0.006442207959480584,2.7875008527189493e-05,0.0001650420017540455
6,8,17,60,False,True,False,False,True,True,True,True,False,False,True,True,True,True,"[0, 0, 0, 0, 0, 0, 0, 0]",3.0,6073.15,6,0,6,3,"[-5, -6, 0, 6, 2, 6, 3, -3]","[7, 15, 15, 11, 14, 3]",False,1,1,False,False,False,True,4,"[('(0, 0, 0, 0, 0, 0, 0, 0)', 3.0)]",False,True,False,False,False,4,4,False,0.006197624956257641,3.01670515909791e-05,0.0001765000051818788
6,8,17,62,True,True,True,True,True,True,False,False,True,True,True,True,True,True,"[0, 0, 0, 0, 0, 0, 0, 0]",1.0,31.05,0,0,2,1,"[-3, 5, -8, 1, 5, -6, 2, -2]","[16, 0, 0, 0, 16, 0]",True,1,1,True,False,True,True,0,"[('(0, 0, 0, 0, 0, 0, 0, 0)', 1.0)]",False,False,False,True,False,0,0,False,0.005432792007923126,2.8334034141153097e-05,0.00016937503824010491
6,8,17,63,True,True,True,True,True,True,False,False,True,True,True,True,True,True,"[0, 0, 0, 0, 0, 0, 0, 0]",1.0,11.05,0,0,3,1,"[-8, -3, 3, 2, -4, 6, -2, 2]","[0, 16, 1, 0, 0, 1]",True,1,1,True,False,True,True,0,"[('(0, 0, 0, 0, 0, 0, 0, 0)', 1.0)]",False,False,False,True,False,0,0,False,0.005546167027205229,2.4499953724443913e-05,0.00015254103345796466
6,8,17,65,False,False,False,False,True,True,True,True,False,False,True,True,True,True,"[0, 0, 0, 0, 0, 0, 0, 0]",3.0,3073.15,3,0,6,3,"[3, 4, -1, 2, 4, 1, -3, 5]","[1, 16, 9, 1, 11, 3]",False,1,1,False,False,True,True,5,"[('(0, 0, 0, 0, 0, 0, 0, 0)', 3.0)]",False,True,False,False,False,5,5,False,0.005276875046547502,2.8292008209973574e-05,0.00016220903489738703
6,8,17,64,False,True,False,False,True,True,True,True,False,False,True,True,True,True,"[0, 0, 0, 0, 0, 0, 0, 0]",3.0,5053.15,5,0,5,3,"[5, -6, -7, 4, -8, 2, 4, 7]","[15, 13, 0, 12, 4, 7]",False,1,1,False,False,False,True,4,"[('(0, 0, 0, 0, 0, 0, 0, 0)', 3.0)]",False,True,False,False,False,4,4,False,0.0062887080130167305,2.6582973077893257e-05,0.00015729101141914725
6,8,17,61,True,True,True,True,True,True,False,False,True,True,True,True,True,True,"[0, 0, 0, 0, 0, 0, 0, 0]",2.0,22.1,0,0,4,2,"[-3, 4, 4, 7, -4, -3, -7, 9]","[16, 1, 0, 0, 16, 16]",True,1,1,True,False,True,True,0,"[('(0, 0, 0, 0, 0, 0, 0, 0)', 2.0)]",False,False,False,True,False,0,0,False,0.011223291978240013,6.204098463058472e-05,0.0003772499621845782
6,8,17,66,True,True,True,True,True,True,False,False,True,True,True,True,True,True,"[0, 0, 0, 0, 0, 0, 0, 0]",2.0,22.1,0,0,2,2,"[5, -5, 4, -7, -7, 6, 0, -5]","[0, 1, 0, 0, 16, 0]",True,1,1,True,False,True,True,0,"[('(0, 0, 0, 0, 0, 0, 0, 0)', 2.0)]",False,False,False,True,False,0,0,False,0.00618533295346424,2.704199869185686e-05,0.00015591701958328485
6,8,17,67,True,True,True,True,True,True,False,False,True,True,True,True,True,True,"[0, 0, 0, 0, 0, 0, 0, 0]",0.0,40.0,0,0,4,0,"[4, -2, 8, -1, -8, -2, -1, 3]","[16, 0, 1, 16, 16, 0]",True,1,1,True,False,True,True,0,"[('(0, 0, 0, 0, 0, 0, 0, 0)', 0.0)]",False,False,False,True,False,0,0,False,0.00563879101537168,2.466596197336912e-05,0.00014954200014472008
6,8,17,68,True,True,True,True,True,True,False,False,True,True,True,True,True,True,"[0, 0, 0, 0, 0, 0, 0, 0]",0.0,60.0,0,0,5,0,"[4, 4, -4, -7, -7, 5, -3, -7]","[0, 16, 16, 16, 16, 16]",True,1,1,True,False,True,True,0,"[('(0, 0, 0, 0, 0, 0, 0, 0)', 0.0)]",False,False,False,True,False,0,0,False,0.006465042009949684,2.8374954126775265e-05,0.000165749981533736
6,8,17,71,True,True,True,True,True,True,False,False,True,True,True,True,True,True,"[0, 0, 0, 0, 0, 0, 0, 0]",1.0,11.05,0,0,3,1,"[-2, -8, 4, 1, 4, 0, 7, 1]","[1, 0, 0, 1, 1, 0]",True,1,1,True,False,True,True,0,"[('(0, 0, 0, 0, 0, 0, 0, 0)', 1.0)]",False,False,False,True,False,0,0,False,0.005899292009416968,2.6999972760677338e-05,0.00016079097986221313
6,8,17,69,True,True,True,True,True,True,False,False,True,True,True,True,True,True,"[0, 0, 0, 0, 0, 0, 0, 0]",1.0,31.05,0,0,2,1,"[-3, 3, -6, 5, 2, 2, 4, 0]","[1, 0, 0, 0, 0, 1]",True,1,1,True,False,True,True,0,"[('(0, 0, 0, 0, 0, 0, 0, 0)', 1.0)]",False,False,False,True,False,0,0,False,0.008700666017830372,2.575002145022154e-05,0.00016191694885492325
6,8,17,72,False,False,False,False,False,False,False,False,False,False,True,True,True,True,"[0, 0, 0, 0, 0, 0, 0, 0]",2.0,4022.1,4,0,4,2,"[-1, 6, 7, 7, -3, 2, -3, 6]","[9, 0, 14, 0, 15, 11]",False,1,1,False,False,True,True,6,"[('(0, 0, 0, 0, 0, 0, 0, 0)', 2.0)]",False,False,False,False,True,6,6,False,0.005643707991112024,2.4457986000925303e-05,0.00014816701877862215
6,8,17,70,False,False,False,False,True,True,True,True,False,False,True,True,True,True,"[0, 0, 0, 0, 0, 0, 0, 0]",1.0,3051.05,3,0,5,1,"[8, 1, 3, -7, 3, 5, -8, 1]","[3, 1, 4, 0, 1, 3]",False,1,1,False,False,True,True,4,"[('(0, 0, 0, 0, 0, 0, 0, 0)', 1.0)]",False,True,False,False,False,4,4,False,0.008622333989478648,5.908298771828413e-05,0.0003875409602187574
6,8,17,73,False,False,False,False,False,False,False,False,False,False,True,True,True,True,"[0, 0, 0, 0, 0, 0, 0, 0]",3.0,6073.15,6,0,6,3,"[7, -4, 3, -4, 8, -4, -7, 1]","[8, 2, 12, 7, 5, 9]",False,1,1,False,False,True,True,6,"[('(0, 0, 0, 0, 0, 0, 0, 0)', 3.0)]",False,False,False,False,True,6,6,False,0.006368667003698647,2.704199869185686e-05,0.00016200001118704677
6,8,17,74,False,False,False,False,True,True,True,True,False,False,True,True,True,True,"[0, 0, 0, 0, 0, 0, 0, 0]",2.0,5062.1,5,0,6,2,"[2, -8, -3, 0, -7, 6, 3, 6]","[11, 10, 13, 7, 5, 16]",False,1,1,False,False,True,True,5,"[('(0, 0, 0, 0, 0, 0, 0, 0)', 2.0)]",False,True,False,False,False,5,5,False,0.00684779102448374,2.8375012334436178e-05,0.0001729580108076334
6,8,17,76,True,True,True,True,True,True,False,False,True,True,True,True,True,True,"[0, 0, 0, 0, 0, 0, 0, 0]",2.0,22.1,0,0,2,2,"[-7, 5, 6, 3, -9, 4, 7, 3]","[0, 16, 0, 0, 1, 0]",True,1,1,True,False,True,True,0,"[('(0, 0, 0, 0, 0, 0, 0, 0)', 2.0)]",False,False,False,True,False,0,0,False,0.006154500006232411,2.4583947379142046e-05,0.00014754198491573334
6,8,17,75,True,True,True,True,True,True,False,False,True,True,True,True,True,True,"[0, 0, 0, 0, 0, 0, 0, 0]",1.0,31.05,0,0,4,1,"[8, 4, 0, 5, -6, 1, 6, -4]","[0, 16, 1, 1, 0, 16]",True,1,1,True,False,True,True,0,"[('(0, 0, 0, 0, 0, 0, 0, 0)', 1.0)]",False,False,False,True,False,0,0,False,0.008679124992340803,6.575003499165177e-05,0.00037412496749311686
6,8,17,77,False,True,False,False,True,True,True,True,False,False,True,True,True,True,"[0, 0, 0, 0, 0, 0, 0, 0]",2.0,6062.1,6,0,6,2,"[5, 2, 6, 3, -3, 4, 4, 4]","[14, 8, 10, 13, 3, 14]",False,1,1,False,False,False,True,4,"[('(0, 0, 0, 0, 0, 0, 0, 0)', 2.0)]",False,True,False,False,False,4,4,False,0.00716574996476993,2.9375019948929548e-05,0.00017291598487645388
6,8,17,78,True,True,True,True,True,True,False,False,True,True,True,True,True,True,"[0, 0, 0, 0, 0, 0, 0, 0]",1.0,31.05,0,0,2,1,"[-6, -8, -6, -7, -2, 4, -4, 5]","[0, 0, 1, 0, 0, 1]",True,1,1,True,False,True,True,0,"[('(0, 0, 0, 0, 0, 0, 0, 0)', 1.0)]",False,False,False,True,False,0,0,False,0.007603541016578674,7.483299123123288e-05,0.0012272500316612422
6,8,17,80,True,True,True,True,True,True,False,False,True,True,True,True,True,True,"[0, 0, 0, 0, 0, 0, 0, 0]",1.0,31.05,0,0,2,1,"[2, 7, 5, -7, 3, -6, 5, 8]","[16, 0, 0, 0, 0, 16]",True,1,1,True,False,True,True,0,"[('(0, 0, 0, 0, 0, 0, 0, 0)', 1.0)]",False,False,False,True,False,0,0,False,0.005796457990072668,2.416700590401888e-05,0.00014541699783876538
6,8,17,81,False,True,False,False,False,False,False,False,False,False,True,True,True,True,"[0, 0, 0, 0, 0, 0, 0, 0]",3.0,6073.15,6,0,6,3,"[3, 8, -1, -8, 3, 2, 9, 8]","[2, 12, 2, 7, 8, 10]",False,1,1,False,False,False,True,10,"[('(0, 0, 0, 0, 0, 0, 0, 0)', 3.0)]",False,False,False,False,True,10,10,False,0.0059386249631643295,2.983398735523224e-05,0.00017604103777557611
6,8,17,79,True,False,True,True,True,True,False,False,True,True,True,True,True,True,"[0, 0, 0, 0, 0, 0, 0, 0]",4.0,24.2,0,0,3,4,"[-2, -9, -3, 6, -2, 0, 7, 5]","[16, 0, 1, 0, 16, 0]",True,1,1,True,False,False,True,0,"[('(0, 0, 0, 0, 0, 0, 0, 0)', 4.0)]",False,False,False,True,False,0,0,False,0.008903666981495917,3.0292023438960314e-05,0.00017741695046424866
6,8,17,83,True,True,True,True,True,True,False,False,True,True,True,True,True,True,"[0, 0, 0, 0, 0, 0, 0, 0]",2.0,42.1,0,0,1,2,"[7, -4, -6, 8, 8, 2, 4, 0]","[0, 0, 0, 0, 0, 16]",True,1,1,True,False,True,True,0,"[('(0, 0, 0, 0, 0, 0, 0, 0)', 2.0)]",False,False,False,True,False,0,0,False,0.006803416996262968,2.716702874749899e-05,0.00016599998343735933
6,8,17,84,False,False,False,False,False,False,False,False,False,False,True,True,True,True,"[0, 0, 0, 0, 0, 0, 0, 0]",2.0,6062.1,6,0,6,2,"[4, 0, 0, -8, -5, 4, 0, -6]","[3, 6, 7, 8, 15, 6]",False,1,1,False,False,True,True,7,"[('(0, 0, 0, 0, 0, 0, 0, 0)', 2.0)]",False,False,False,False,True,7,7,False,0.00518420897424221,2.4540990125387907e-05,0.0001492910087108612
6,8,17,82,True,True,True,True,True,True,False,False,True,True,True,True,True,True,"[0, 0, 0, 0, 0, 0, 0, 0]",1.0,51.05,0,0,1,1,"[-5, -1, 9, -8, -4, -4, 4, -5]","[1, 0, 0, 0, 0, 0]",True,1,1,True,False,True,True,0,"[('(0, 0, 0, 0, 0, 0, 0, 0)', 1.0)]",False,False,False,True,False,0,0,False,0.009335374983493239,6.108300294727087e-05,0.00037445902125909925
6,8,17,86,True,True,True,True,True,True,False,False,True,True,True,True,True,True,"[0, 0, 0, 0, 0, 0, 0, 0]",1.0,31.05,0,0,4,1,"[-7, -1, 5, -1, 3, -2, -2, -1]","[1, 1, 1, 0, 16, 0]",True,1,1,True,False,True,True,0,"[('(0, 0, 0, 0, 0, 0, 0, 0)', 1.0)]",False,False,False,True,False,0,0,False,0.004240416979882866,2.7667032554745674e-05,0.00016529200365766883
6,8,17,87,True,True,True,True,True,True,False,False,True,True,True,True,True,True,"[0, 0, 0, 0, 0, 0, 0, 0]",1.0,11.05,0,0,3,1,"[5, 3, 3, -4, -5, 0, -7, 1]","[0, 0, 1, 0, 16, 16]",True,1,1,True,False,True,True,0,"[('(0, 0, 0, 0, 0, 0, 0, 0)', 1.0)]",False,False,False,True,False,0,0,False,0.005098416993860155,2.6458001229912043e-05,0.00015937502030283213
6,8,17,85,True,True,True,True,True,True,False,False,True,True,True,True,True,True,"[0, 0, 0, 0, 0, 0, 0, 0]",1.0,51.05,0,0,5,1,"[0, -6, -4, 5, 7, 0, -7, 6]","[1, 0, 1, 1, 16, 1]",True,1,1,True,False,True,True,0,"[('(0, 0, 0, 0, 0, 0, 0, 0)', 1.0)]",False,False,False,True,False,0,0,False,0.008450749970506877,6.233400199562311e-05,0.001245874969754368
6,8,17,88,True,True,True,True,True,True,False,False,True,True,True,True,True,True,"[0, 0, 0, 0, 0, 0, 0, 0]",1.0,31.05,0,0,4,1,"[7, 1, -1, 2, 5, 3, -1, -4]","[16, 1, 0, 16, 0, 16]",True,1,1,True,False,True,True,0,"[('(0, 0, 0, 0, 0, 0, 0, 0)', 1.0)]",False,False,False,True,False,0,0,False,0.005247833032626659,2.458301605656743e-05,0.00014712498523294926
6,8,17,89,False,False,False,False,False,False,False,False,False,False,True,True,True,True,"[0, 0, 0, 0, 0, 0, 0, 0]",2.0,5062.1,5,0,6,2,"[8, -3, -9, -7, -2, 8, -4, -4]","[1, 9, 3, 2, 2, 8]",False,1,1,False,False,True,True,7,"[('(0, 0, 0, 0, 0, 0, 0, 0)', 2.0)]",False,False,False,False,True,7,7,False,0.007189000025391579,2.9791961424052715e-05,0.0006574589642696083
6,8,17,91,True,True,True,True,True,True,False,False,True,True,True,True,True,True,"[0, 0, 0, 0, 0, 0, 0, 0]",2.0,42.1,0,0,1,2,"[6, 8, -3, 4, 0, 4, -6, -7]","[0, 0, 1, 0, 0, 0]",True,1,1,True,False,True,True,0,"[('(0, 0, 0, 0, 0, 0, 0, 0)', 2.0)]",False,False,False,True,False,0,0,False,0.0056392920087091625,2.624996704980731e-05,0.00015354098286479712
6,8,17,92,False,False,False,False,True,True,True,True,False,False,True,True,True,True,"[0, 0, 0, 0, 0, 0, 0, 0]",4.0,6084.2,6,0,6,4,"[4, -4, -5, -2, -8, -5, 4, 5]","[13, 4, 5, 15, 11, 6]",False,1,1,False,False,False,False,7,"[('(0, 0, 0, 0, 0, 0, 0, 0)', 4.0)]",False,True,False,False,False,7,7,False,0.005510374961886555,2.8375012334436178e-05,0.00016620795940980315
6,8,17,93,True,True,True,True,True,True,False,False,True,True,True,True,True,True,"[0, 0, 0, 0, 0, 0, 0, 0]",0.0,20.0,0,0,3,0,"[0, -7, 2, 1, 7, -7, -6, 6]","[1, 0, 0, 16, 0, 16]",True,1,1,True,False,True,True,0,"[('(0, 0, 0, 0, 0, 0, 0, 0)', 0.0)]",False,False,False,True,False,0,0,False,0.006063000007998198,2.470804611220956e-05,0.0001442920183762908
6,8,17,90,False,False,False,False,False,False,False,False,False,False,True,True,True,True,"[0, 0, 0, 0, 0, 0, 0, 0]",3.0,5073.15,5,0,6,3,"[-5, 7, 7, 8, 5, 2, 6, 3]","[9, 8, 8, 8, 5, 16]",False,1,1,False,False,True,True,11,"[('(0, 0, 0, 0, 0, 0, 0, 0)', 3.0)]",False,False,False,False,True,11,11,False,0.010245083016343415,2.783298259600997e-05,0.00016325002070516348
6,8,17,96,False,True,False,True,False,False,False,False,False,False,True,True,True,True,"[0, 0, 0, 0, 0, 0, 0, 0]",3.0,5073.15,5,0,6,3,"[3, 8, -5, 1, 2, -5, 3, 0]","[15, 11, 16, 3, 13, 14]",False,1,1,False,False,False,False,5,"[('(0, 0, 0, 0, 0, 0, 0, 0)', 3.0)]",False,False,False,False,True,5,5,False,0.0051719999755732715,2.6958005037158728e-05,0.00016008398961275816
6,8,17,94,True,True,True,True,True,True,False,False,True,True,True,True,True,True,"[0, 0, 0, 0, 0, 0, 0, 0]",1.0,51.05,0,0,1,1,"[5, -4, -5, 4, -8, -2, 7, -8]","[0, 0, 0, 0, 0, 16]",True,1,1,True,False,True,True,0,"[('(0, 0, 0, 0, 0, 0, 0, 0)', 1.0)]",False,False,False,True,False,0,0,False,0.009169833036139607,6.0416990891098976e-05,0.0004048330010846257
6,8,17,98,False,False,False,False,False,False,False,False,False,False,True,True,True,True,"[0, 0, 0, 0, 0, 0, 0, 0]",2.0,5062.1,5,0,6,2,"[2, 8, -7, 3, -5, 3, -6, -7]","[10, 4, 11, 16, 5, 2]",False,1,1,False,False,True,True,3,"[('(0, 0, 0, 0, 0, 0, 0, 0)', 2.0)]",False,False,False,False,True,3,3,False,0.0051549169584177434,2.9999995604157448e-05,0.00017100002150982618
6,8,17,95,True,True,True,True,True,True,False,False,True,True,True,True,True,True,"[0, 0, 0, 0, 0, 0, 0, 0]",0.0,40.0,0,0,2,0,"[-1, -3, 5, -4, 8, -8, 1, 1]","[1, 1, 0, 0, 0, 0]",True,1,1,True,False,True,True,0,"[('(0, 0, 0, 0, 0, 0, 0, 0)', 0.0)]",False,False,False,True,False,0,0,False,0.006572665995918214,2.566695911809802e-05,0.00015608296962454915
6,8,17,97,True,True,True,True,True,True,False,False,True,True,True,True,True,True,"[0, 0, 0, 0, 0, 0, 0, 0]",2.0,2.1,0,0,3,2,"[-9, 8, 6, 5, -6, -1, -5, -4]","[16, 0, 1, 0, 0, 16]",True,1,1,True,False,True,True,0,"[('(0, 0, 0, 0, 0, 0, 0, 0)', 2.0)]",False,False,False,True,False,0,0,False,0.006305875023826957,2.500001573935151e-05,0.00014695798745378852
6,8,17,99,True,True,True,True,True,True,False,False,True,True,True,True,True,True,"[0, 0, 0, 0, 0, 0, 0, 0]",1.0,31.05,0,0,4,1,"[-2, 4, 5, 3, 2, 5, -8, -3]","[16, 16, 0, 16, 16, 0]",True,1,1,True,False,True,True,0,"[('(0, 0, 0, 0, 0, 0, 0, 0)', 1.0)]",False,False,False,True,False,0,0,False,0.005861832993105054,2.6708992663770914e-05,0.0001627500168979168
7,10,17,1,True,True,True,True,True,True,False,False,True,True,True,True,True,True,"[0, 0, 0, 0, 0, 0, 0, 0, 0, 0]",0.0,20.0,0,0,4,0,"[-4, 2, -6, 6, 4, -1, 8, -7, 7, 8]","[1, 16, 0, 0, 16, 0, 1]",True,1,1,True,False,True,True,0,"[('(0, 0, 0, 0, 0, 0, 0, 0, 0, 0)', 0.0)]",False,False,False,True,False,0,0,False,0.01708620897261426,4.2000028770416975e-05,0.0002537919790484011
7,10,17,0,True,True,True,True,True,True,False,False,True,True,True,True,True,True,"[0, 0, 0, 0, 0, 0, 0, 0, 0, 0]",2.0,42.1,0,0,2,2,"[-5, 7, 2, 6, -1, -4, -6, -4, -7, -6]","[0, 0, 1, 1, 0, 0, 0]",True,1,1,True,False,True,True,0,"[('(0, 0, 0, 0, 0, 0, 0, 0, 0, 0)', 2.0)]",False,False,False,True,False,0,0,False,0.013680792006198317,3.5958015359938145e-05,0.00020650000078603625
7,10,17,2,True,True,True,True,True,True,False,False,True,True,True,True,True,True,"[0, 0, 0, 0, 0, 0, 0, 0, 0, 0]",2.0,42.1,0,0,2,2,"[1, -5, -2, 6, -8, 5, -6, -5, 4, 1]","[0, 0, 0, 1, 0, 1, 0]",True,1,1,True,False,True,True,0,"[('(0, 0, 0, 0, 0, 0, 0, 0, 0, 0)', 2.0)]",False,False,False,True,False,0,0,False,0.014228500018361956,4.033301956951618e-05,0.00024229101836681366
7,10,17,3,True,False,True,True,True,True,False,False,True,True,True,True,True,True,"[0, 0, 0, 0, 0, 0, 0, 0, 0, 0]",2.0,42.1,0,0,2,2,"[-7, 3, 1, 4, -9, -6, 3, -5, -2, 0]","[0, 0, 0, 0, 16, 1, 0]",True,1,1,True,False,False,True,0,"[('(0, 0, 0, 0, 0, 0, 0, 0, 0, 0)', 2.0)]",False,False,False,True,False,0,0,False,0.019327833026181906,3.970798570662737e-05,0.00023487501312047243
7,10,17,8,True,True,True,True,True,True,False,False,True,True,True,True,True,True,"[0, 0, 0, 0, 0, 0, 0, 0, 0, 0]",2.0,22.1,0,0,3,2,"[2, 3, 0, 5, -6, -4, -4, 0, -1, 7]","[0, 0, 0, 1, 16, 1, 0]",True,1,1,True,False,True,True,0,"[('(0, 0, 0, 0, 0, 0, 0, 0, 0, 0)', 2.0)]",False,False,False,True,False,0,0,False,0.009957832982763648,3.2790994737297297e-05,0.0002007500152103603
7,10,17,6,True,False,True,True,True,True,False,False,True,True,True,True,True,True,"[0, 0, 0, 0, 0, 0, 0, 0, 0, 0]",4.0,44.2,0,0,3,4,"[8, 4, -8, -6, -3, -3, 2, -1, -3, -7]","[0, 1, 0, 1, 0, 0, 1]",True,1,1,True,False,False,True,0,"[('(0, 0, 0, 0, 0, 0, 0, 0, 0, 0)', 4.0)]",False,False,False,True,False,0,0,False,0.015047292050439864,3.370799822732806e-05,0.00020879099611192942
7,10,17,7,True,True,True,True,True,True,False,False,True,True,True,True,True,True,"[0, 0, 0, 0, 0, 0, 0, 0, 0, 0]",1.0,31.05,0,0,5,1,"[-7, -1, -3, 6, -3, 3, 5, -1, 7, 5]","[16, 0, 16, 1, 16, 0, 1]",True,1,1,True,False,True,True,0,"[('(0, 0, 0, 0, 0, 0, 0, 0, 0, 0)', 1.0)]",False,False,False,True,False,0,0,False,0.01873737503774464,4.0834012906998396e-05,0.0002744590165093541
7,10,17,4,False,True,False,False,False,False,False,False,False,False,True,True,True,True,"[0, 0, 0, 0, 0, 0, 0, 0, 0, 0]",6.0,5086.3,5,0,6,6,"[-4, 9, -7, 3, -3, 0, -3, -2, 5, 3]","[6, 10, 2, 15, 13, 0, 1]",False,1,1,False,False,False,False,11,"[('(0, 0, 0, 0, 0, 0, 0, 0, 0, 0)', 6.0)]",False,False,False,False,True,11,11,False,0.02234995795879513,3.8624973967671394e-05,0.00022737495601177216
7,10,17,9,True,True,True,True,True,True,False,False,True,True,True,True,True,True,"[0, 0, 0, 0, 0, 0, 0, 0, 0, 0]",2.0,22.1,0,0,5,2,"[7, -7, -6, 1, 7, -8, 8, -6, 5, -8]","[16, 16, 1, 16, 16, 0, 0]",True,1,1,True,False,True,True,0,"[('(0, 0, 0, 0, 0, 0, 0, 0, 0, 0)', 2.0)]",False,False,False,True,False,0,0,False,0.014026542019564658,3.5999983083456755e-05,0.0002049580216407776
7,10,17,5,True,True,True,True,True,True,False,False,True,True,True,True,True,True,"[0, 0, 0, 0, 0, 0, 0, 0, 0, 0]",3.0,33.15,0,0,3,3,"[-7, 1, 3, 7, -6, -8, -4, -5, -7, -2]","[0, 1, 0, 16, 0, 0, 1]",True,1,1,True,False,True,True,0,"[('(0, 0, 0, 0, 0, 0, 0, 0, 0, 0)', 3.0)]",False,False,False,True,False,0,0,False,0.018398167041596025,3.958295565098524e-05,0.00022741698194295168
7,10,17,14,True,True,True,True,True,True,False,False,True,True,True,True,True,True,"[0, 0, 0, 0, 0, 0, 0, 0, 0, 0]",1.0,31.05,0,0,5,1,"[-7, 2, 1, 7, 1, -5, -6, 2, 2, 0]","[0, 1, 16, 1, 0, 16, 16]",True,1,1,True,False,True,True,0,"[('(0, 0, 0, 0, 0, 0, 0, 0, 0, 0)', 1.0)]",False,False,False,True,False,0,0,False,0.01506725000217557,3.412499791011214e-05,0.00019729201449081302
7,10,17,11,True,True,True,True,True,True,False,False,True,True,True,True,True,True,"[0, 0, 0, 0, 0, 0, 0, 0, 0, 0]",3.0,53.15,0,0,6,3,"[-5, -4, 6, -4, 6, 3, -2, 3, 8, 1]","[16, 0, 16, 1, 16, 16, 16]",True,1,1,True,False,True,True,0,"[('(0, 0, 0, 0, 0, 0, 0, 0, 0, 0)', 3.0)]",False,False,False,True,False,0,0,False,0.019043500011321157,5.1499984692782164e-05,0.00022166699636727571
7,10,17,10,True,True,True,True,True,True,False,False,True,True,True,True,True,True,"[0, 0, 0, 0, 0, 0, 0, 0, 0, 0]",1.0,31.05,0,0,5,1,"[6, -7, 0, 7, 4, -3, 4, 0, 2, -2]","[16, 16, 16, 0, 0, 1, 1]",True,1,1,True,False,True,True,0,"[('(0, 0, 0, 0, 0, 0, 0, 0, 0, 0)', 1.0)]",False,False,False,True,False,0,0,False,0.013160708011128008,3.5582983400672674e-05,0.00022666697623208165
7,10,17,12,True,True,True,True,True,True,False,False,True,True,True,True,True,True,"[0, 0, 0, 0, 0, 0, 0, 0, 0, 0]",2.0,2.1,0,0,4,2,"[6, 8, -3, -6, -4, 7, 4, -3, 1, -5]","[1, 16, 1, 16, 0, 0, 0]",True,1,1,True,False,True,True,0,"[('(0, 0, 0, 0, 0, 0, 0, 0, 0, 0)', 2.0)]",False,False,False,True,False,0,0,False,0.017401916964445263,3.729201853275299e-05,0.0002133749658241868
7,10,17,13,False,True,False,False,True,True,True,True,False,False,True,True,True,True,"[0, 0, 0, 0, 0, 0, 0, 0, 0, 0]",3.0,6073.15,6,0,7,3,"[6, -1, 7, -1, 2, -2, 4, -4, -1, 2]","[1, 13, 10, 15, 15, 12, 5]",False,1,1,False,False,False,True,4,"[('(0, 0, 0, 0, 0, 0, 0, 0, 0, 0)', 3.0)]",False,True,False,False,False,4,4,False,0.01422966702375561,3.283302066847682e-05,0.00023741699988022447
7,10,17,17,True,True,True,True,True,True,False,False,True,True,True,True,True,True,"[0, 0, 0, 0, 0, 0, 0, 0, 0, 0]",2.0,2.1,0,0,4,2,"[-6, 2, -1, 8, 2, -5, 7, 3, 5, 1]","[16, 1, 16, 0, 16, 0, 0]",True,1,1,True,False,True,True,0,"[('(0, 0, 0, 0, 0, 0, 0, 0, 0, 0)', 2.0)]",False,False,False,True,False,0,0,False,0.014189042034558952,3.2292038667947054e-05,0.00019641697872430086
7,10,17,15,True,True,True,True,True,True,False,False,True,True,True,True,True,True,"[0, 0, 0, 0, 0, 0, 0, 0, 0, 0]",4.0,44.2,0,0,3,4,"[-5, 9, -8, 5, 6, -6, 6, -4, -4, 1]","[16, 0, 16, 16, 0, 0, 0]",True,1,1,True,False,True,True,0,"[('(0, 0, 0, 0, 0, 0, 0, 0, 0, 0)', 4.0)]",False,False,False,True,False,0,0,False,0.019371542031876743,3.1791976653039455e-05,0.00019108300330117345
7,10,17,16,False,True,False,False,False,False,False,False,False,False,True,True,True,True,"[0, 0, 0, 0, 0, 0, 0, 0, 0, 0]",6.0,7106.3,7,0,7,6,"[-2, 7, -5, 6, 8, 2, -3, 3, -8, 2]","[10, 5, 13, 2, 3, 12, 3]",False,1,1,False,False,False,False,14,"[('(0, 0, 0, 0, 0, 0, 0, 0, 0, 0)', 6.0)]",False,False,False,False,True,14,14,False,0.013858042017091066,3.1582952942699194e-05,0.0001919999485835433
7,10,17,19,True,True,True,True,True,True,False,False,True,True,True,True,True,True,"[0, 0, 0, 0, 0, 0, 0, 0, 0, 0]",3.0,13.15,0,0,4,3,"[-3, 2, 7, 7, -8, -5, 6, 0, -6, 7]","[0, 0, 1, 1, 0, 16, 1]",True,1,1,True,False,True,True,0,"[('(0, 0, 0, 0, 0, 0, 0, 0, 0, 0)', 3.0)]",False,False,False,True,False,0,0,False,0.01408612501109019,3.1333998776972294e-05,0.00019937497563660145
7,10,17,18,True,True,True,True,True,True,False,False,True,True,True,True,True,True,"[0, 0, 0, 0, 0, 0, 0, 0, 0, 0]",2.0,22.1,0,0,5,2,"[-2, 4, 7, -4, -6, 5, -1, 2, 8, 6]","[0, 1, 16, 16, 0, 16, 16]",True,1,1,True,False,True,True,0,"[('(0, 0, 0, 0, 0, 0, 0, 0, 0, 0)', 2.0)]",False,False,False,True,False,0,0,False,0.016692042001523077,3.3333024475723505e-05,0.00019950000569224358
7,10,17,21,True,True,True,True,True,True,False,False,True,True,True,True,True,True,"[0, 0, 0, 0, 0, 0, 0, 0, 0, 0]",3.0,13.15,0,0,4,3,"[-2, 8, -4, -6, 7, 6, -3, 5, -4, -1]","[0, 16, 16, 0, 0, 16, 16]",True,1,1,True,False,True,True,0,"[('(0, 0, 0, 0, 0, 0, 0, 0, 0, 0)', 3.0)]",False,False,False,True,False,0,0,False,0.014362166984938085,2.9999995604157448e-05,0.0001871249987743795
7,10,17,20,True,True,True,True,True,True,False,False,True,True,True,True,True,True,"[0, 0, 0, 0, 0, 0, 0, 0, 0, 0]",3.0,13.15,0,0,4,3,"[-2, -4, -6, -4, -5, 0, 7, -3, 3, -5]","[0, 1, 16, 0, 16, 0, 16]",True,1,1,True,False,True,True,0,"[('(0, 0, 0, 0, 0, 0, 0, 0, 0, 0)', 3.0)]",False,False,False,True,False,0,0,False,0.022084334050305188,3.566697705537081e-05,0.00021479098359122872
7,10,17,22,True,False,True,True,True,True,False,False,True,True,True,True,True,True,"[0, 0, 0, 0, 0, 0, 0, 0, 0, 0]",3.0,33.15,0,0,3,3,"[-1, -6, -2, 7, 4, -5, 3, 3, 4, -2]","[0, 0, 16, 16, 0, 0, 16]",True,1,1,True,False,False,True,0,"[('(0, 0, 0, 0, 0, 0, 0, 0, 0, 0)', 3.0)]",False,False,False,True,False,0,0,False,0.018891124986112118,7.870799163356423e-05,0.0004545000265352428
7,10,17,23,False,False,False,False,True,True,True,True,False,False,True,True,True,True,"[0, 0, 0, 0, 0, 0, 0, 0, 0, 0]",2.0,6042.1,6,0,6,2,"[-3, -5, 0, 8, 4, 5, 0, 8, -4, -6]","[8, 13, 9, 2, 10, 0, 2]",False,1,1,False,False,True,True,4,"[('(0, 0, 0, 0, 0, 0, 0, 0, 0, 0)', 2.0)]",False,True,False,False,False,4,4,False,0.011855749995447695,3.404199378564954e-05,0.00020312500419095159
7,10,17,24,True,True,True,True,True,True,False,False,True,True,True,True,True,True,"[0, 0, 0, 0, 0, 0, 0, 0, 0, 0]",3.0,33.15,0,0,5,3,"[-2, -7, 4, -1, 5, -3, -7, 2, 4, 8]","[0, 16, 16, 16, 1, 16, 0]",True,1,1,True,False,True,True,0,"[('(0, 0, 0, 0, 0, 0, 0, 0, 0, 0)', 3.0)]",False,False,False,True,False,0,0,False,0.0144808329641819,3.4374999813735485e-05,0.00020812498405575752
7,10,17,26,True,True,True,True,True,True,False,False,True,True,True,True,True,True,"[0, 0, 0, 0, 0, 0, 0, 0, 0, 0]",1.0,31.05,0,0,3,1,"[-1, 6, -2, -5, -6, 5, -6, -7, -4, -6]","[1, 0, 16, 0, 0, 0, 16]",True,1,1,True,False,True,True,0,"[('(0, 0, 0, 0, 0, 0, 0, 0, 0, 0)', 1.0)]",False,False,False,True,False,0,0,False,0.016162042040377855,2.96669895760715e-05,0.000184166943654418
7,10,17,27,True,True,True,True,True,True,False,False,True,True,True,True,True,True,"[0, 0, 0, 0, 0, 0, 0, 0, 0, 0]",2.0,2.1,0,0,4,2,"[-3, -7, 5, -1, -8, 3, -2, 1, -8, 1]","[16, 16, 0, 0, 0, 16, 1]",True,1,1,True,False,True,True,0,"[('(0, 0, 0, 0, 0, 0, 0, 0, 0, 0)', 2.0)]",False,False,False,True,False,0,0,False,0.016633582999929786,3.450002986937761e-05,0.00020691700046882033
7,10,17,25,True,True,True,True,True,True,False,False,True,True,True,True,True,True,"[0, 0, 0, 0, 0, 0, 0, 0, 0, 0]",3.0,33.15,0,0,5,3,"[7, -2, -7, 3, -4, 4, 1, 2, -3, -9]","[16, 16, 0, 16, 1, 16, 0]",True,1,1,True,False,True,True,0,"[('(0, 0, 0, 0, 0, 0, 0, 0, 0, 0)', 3.0)]",False,False,False,True,False,0,0,False,0.020139915985055268,3.2791984267532825e-05,0.00020004203543066978
7,10,17,28,True,True,True,True,True,True,False,False,True,True,True,True,True,True,"[0, 0, 0, 0, 0, 0, 0, 0, 0, 0]",2.0,2.1,0,0,4,2,"[-5, 8, 2, 8, -2, 1, 4, -2, -5, 6]","[0, 1, 0, 1, 0, 16, 1]",True,1,1,True,False,True,True,0,"[('(0, 0, 0, 0, 0, 0, 0, 0, 0, 0)', 2.0)]",False,False,False,True,False,0,0,False,0.01767187495715916,7.508299313485622e-05,0.0004433330032043159
7,10,17,29,True,True,True,True,True,True,False,False,True,True,True,True,True,True,"[0, 0, 0, 0, 0, 0, 0, 0, 0, 0]",2.0,22.1,0,0,5,2,"[2, 7, 8, -5, 7, 1, -5, 6, -6, -7]","[1, 16, 0, 16, 1, 16, 0]",True,1,1,True,False,True,True,0,"[('(0, 0, 0, 0, 0, 0, 0, 0, 0, 0)', 2.0)]",False,False,False,True,False,0,0,False,0.01764991699019447,3.2125040888786316e-05,0.00019820797024294734
7,10,17,30,True,True,True,True,True,True,False,False,True,True,True,True,True,True,"[0, 0, 0, 0, 0, 0, 0, 0, 0, 0]",3.0,53.15,0,0,6,3,"[-4, -6, 3, -1, 0, -2, -5, 4, 6, 0]","[0, 16, 16, 1, 16, 1, 1]",True,1,1,True,False,True,True,0,"[('(0, 0, 0, 0, 0, 0, 0, 0, 0, 0)', 3.0)]",False,False,False,True,False,0,0,False,0.014488707995042205,3.7165998946875334e-05,0.0002114590024575591
7,10,17,32,True,True,True,True,True,True,False,False,True,True,True,True,True,True,"[0, 0, 0, 0, 0, 0, 0, 0, 0, 0]",4.0,64.2,0,0,2,4,"[8, 7, 1, 1, -5, -2, 5, 0, 8, 3]","[0, 1, 0, 0, 0, 1, 0]",True,1,1,True,False,True,True,0,"[('(0, 0, 0, 0, 0, 0, 0, 0, 0, 0)', 4.0)]",False,False,False,True,False,0,0,False,0.01230833400040865,3.162497887387872e-05,0.00019420799799263477
7,10,17,31,False,False,False,False,True,True,True,True,False,False,True,True,True,True,"[0, 0, 0, 0, 0, 0, 0, 0, 0, 0]",4.0,6084.2,6,0,7,4,"[6, -4, -5, -1, -3, 1, 8, -7, 3, -6]","[11, 1, 9, 14, 7, 2, 10]",False,1,1,False,False,True,True,4,"[('(0, 0, 0, 0, 0, 0, 0, 0, 0, 0)', 4.0)]",False,True,False,False,False,4,4,False,0.02071783400606364,3.0709023121744394e-05,0.00018849998014047742
7,10,17,34,True,True,True,True,True,True,False,False,True,True,True,True,True,True,"[0, 0, 0, 0, 0, 0, 0, 0, 0, 0]",3.0,33.15,0,0,3,3,"[-5, 4, 3, -2, -3, -6, 0, -5, -8, -3]","[0, 0, 16, 0, 1, 16, 0]",True,1,1,True,False,True,True,0,"[('(0, 0, 0, 0, 0, 0, 0, 0, 0, 0)', 3.0)]",False,False,False,True,False,0,0,False,0.01608779199887067,3.50830378010869e-05,0.00020937499357387424
7,10,17,33,False,True,True,True,False,False,False,False,False,True,True,True,True,True,"[1, 0, 0, 0, -1, 0, 0, 0, 0, 0]",3.0,33.15,0,0,3,3,"[3, -8, -1, 5, 4, 8, -6, -6, -7, 0]","[0, 0, 1, 1, 0, 0, 1]",True,3,3,True,True,True,True,0,"[('(0, 0, 0, 0, 0, 0, 0, 0, 0, 0)', 8.0), ('(1, 0, 0, 0, -1, 0, 0, 0, 0, 0)', 3.0), ('(0, 0, 0, 0, -1, 0, 0, 0, 0, 0)', 6.0)]",True,False,True,False,False,9,0,True,0.012894125015009195,7.754098623991013e-05,0.0005107920151203871
7,10,17,39,True,True,True,True,True,True,False,False,True,True,True,True,True,True,"[0, 0, 0, 0, 0, 0, 0, 0, 0, 0]",4.0,24.2,0,0,4,4,"[6, 5, 6, 4, 1, -3, 5, 6, -3, 5]","[0, 1, 0, 1, 16, 1, 0]",True,1,1,True,False,True,True,0,"[('(0, 0, 0, 0, 0, 0, 0, 0, 0, 0)', 4.0)]",False,False,False,True,False,0,0,False,0.011345750011969358,3.2791984267532825e-05,0.00020804203813895583
7,10,17,36,True,True,True,True,True,True,False,False,True,True,True,True,True,True,"[0, 0, 0, 0, 0, 0, 0, 0, 0, 0]",1.0,31.05,0,0,5,1,"[3, 8, -7, 1, -5, -8, 8, 3, 2, -2]","[1, 1, 1, 0, 0, 16, 16]",True,1,1,True,False,True,True,0,"[('(0, 0, 0, 0, 0, 0, 0, 0, 0, 0)', 1.0)]",False,False,False,True,False,0,0,False,0.017216000007465482,3.3374992199242115e-05,0.00020020798547193408
7,10,17,38,True,True,True,True,True,True,False,False,True,True,True,True,True,True,"[0, 0, 0, 0, 0, 0, 0, 0, 0, 0]",3.0,33.15,0,0,3,3,"[2, -1, 0, -2, 8, -2, 3, 7, 4, 4]","[0, 1, 1, 0, 1, 0, 0]",True,1,1,True,False,True,True,0,"[('(0, 0, 0, 0, 0, 0, 0, 0, 0, 0)', 3.0)]",False,False,False,True,False,0,0,False,0.012123375025112182,3.041699528694153e-05,0.00018395896768197417
7,10,17,37,True,True,True,True,True,True,False,False,True,True,True,True,True,True,"[0, 0, 0, 0, 0, 0, 0, 0, 0, 0]",3.0,33.15,0,0,3,3,"[7, -3, 9, -3, -8, 0, -1, 1, -2, 8]","[0, 0, 1, 0, 16, 1, 0]",True,1,1,True,False,True,True,0,"[('(0, 0, 0, 0, 0, 0, 0, 0, 0, 0)', 3.0)]",False,False,False,True,False,0,0,False,0.01676549995318055,7.670902414247394e-05,0.00042266701348125935
7,10,17,35,True,True,True,True,True,True,False,False,True,True,True,True,True,True,"[0, 0, 0, 0, 0, 0, 0, 0, 0, 0]",1.0,11.05,0,0,4,1,"[4, -1, 4, -3, 4, -7, -2, 2, -7, -8]","[0, 1, 0, 16, 16, 0, 1]",True,1,1,True,False,True,True,0,"[('(0, 0, 0, 0, 0, 0, 0, 0, 0, 0)', 1.0)]",False,False,False,True,False,0,0,False,0.018832082976587117,3.629195271059871e-05,0.00020945799769833684
7,10,17,40,True,True,True,True,True,True,False,False,True,True,True,True,True,True,"[0, 0, 0, 0, 0, 0, 0, 0, 0, 0]",2.0,42.1,0,0,2,2,"[-2, -5, 0, 8, 6, -4, 3, -2, -5, -2]","[0, 16, 0, 0, 16, 0, 0]",True,1,1,True,False,True,True,0,"[('(0, 0, 0, 0, 0, 0, 0, 0, 0, 0)', 2.0)]",False,False,False,True,False,0,0,False,0.012261541036423296,3.200001083314419e-05,0.00019300001440569758
7,10,17,43,True,True,True,True,True,True,False,False,True,True,True,True,True,True,"[0, 0, 0, 0, 0, 0, 0, 0, 0, 0]",3.0,53.15,0,0,2,3,"[5, 8, -8, -3, -7, -7, 5, 6, 4, -1]","[16, 0, 0, 0, 0, 0, 16]",True,1,1,True,False,True,True,0,"[('(0, 0, 0, 0, 0, 0, 0, 0, 0, 0)', 3.0)]",False,False,False,True,False,0,0,False,0.013981916010379791,3.512500552460551e-05,0.00020866695558652282
7,10,17,41,True,True,True,True,True,True,False,False,True,True,True,True,True,True,"[0, 0, 0, 0, 0, 0, 0, 0, 0, 0]",2.0,62.1,0,0,1,2,"[-4, 2, 5, 7, -1, -5, -4, 2, 2, -4]","[0, 0, 0, 1, 0, 0, 0]",True,1,1,True,False,True,True,0,"[('(0, 0, 0, 0, 0, 0, 0, 0, 0, 0)', 2.0)]",False,False,False,True,False,0,0,False,0.01509354100562632,3.0333001632243395e-05,0.00018516695126891136
7,10,17,42,True,True,True,True,True,True,False,False,True,True,True,True,True,True,"[0, 0, 0, 0, 0, 0, 0, 0, 0, 0]",1.0,11.05,0,0,4,1,"[-3, 7, -2, 8, -4, -7, -5, 3, 1, 4]","[16, 16, 0, 16, 0, 0, 1]",True,1,1,True,False,True,True,0,"[('(0, 0, 0, 0, 0, 0, 0, 0, 0, 0)', 1.0)]",False,False,False,True,False,0,0,False,0.016103999980259687,3.300001844763756e-05,0.00020037504145875573
7,10,17,44,True,True,True,True,True,True,False,False,True,True,True,True,True,True,"[0, 0, 0, 0, 0, 0, 0, 0, 0, 0]",3.0,13.15,0,0,4,3,"[3, -4, 2, -9, 6, 7, 0, 0, -8, -6]","[16, 1, 0, 0, 16, 1, 0]",True,1,1,True,False,True,True,0,"[('(0, 0, 0, 0, 0, 0, 0, 0, 0, 0)', 3.0)]",False,False,False,True,False,0,0,False,0.020091041980776936,3.279105294495821e-05,0.0001990000018849969
7,10,17,46,True,True,True,True,True,True,False,False,True,True,True,True,True,True,"[0, 0, 0, 0, 0, 0, 0, 0, 0, 0]",1.0,31.05,0,0,3,1,"[-3, -8, 1, 0, -6, 5, -2, -4, -6, -3]","[0, 16, 0, 16, 0, 0, 16]",True,1,1,True,False,True,True,0,"[('(0, 0, 0, 0, 0, 0, 0, 0, 0, 0)', 1.0)]",False,False,False,True,False,0,0,False,0.016036708955653012,7.404200732707977e-05,0.00045250001130625606
7,10,17,47,False,False,False,False,True,True,True,True,False,False,True,True,True,True,"[0, 0, 0, 0, 0, 0, 0, 0, 0, 0]",3.0,7073.15,7,0,7,3,"[-2, 6, 5, -4, 1, -7, 5, 7, -8, -2]","[15, 15, 15, 2, 8, 7, 15]",False,1,1,False,False,True,True,6,"[('(0, 0, 0, 0, 0, 0, 0, 0, 0, 0)', 3.0)]",False,True,False,False,False,6,6,False,0.012786375009454787,3.058405127376318e-05,0.00018049997743219137
7,10,17,45,True,False,True,True,True,True,False,False,True,True,True,True,True,True,"[0, 0, 0, 0, 0, 0, 0, 0, 0, 0]",2.0,22.1,0,0,5,2,"[-6, -4, -3, -6, -6, -3, -4, -1, 2, -3]","[1, 0, 16, 0, 16, 16, 1]",True,1,1,True,False,False,True,0,"[('(0, 0, 0, 0, 0, 0, 0, 0, 0, 0)', 2.0)]",False,False,False,True,False,0,0,False,0.01410425000358373,7.079099304974079e-05,0.0004796659923158586
7,10,17,49,True,True,True,True,True,True,False,False,True,True,True,True,True,True,"[0, 0, 0, 0, 0, 0, 0, 0, 0, 0]",3.0,73.15,0,0,1,3,"[6, -2, -1, 1, -2, -6, 6, 6, -3, 7]","[0, 1, 0, 0, 0, 0, 0]",True,1,1,True,False,True,True,0,"[('(0, 0, 0, 0, 0, 0, 0, 0, 0, 0)', 3.0)]",False,False,False,True,False,0,0,False,0.011034167022444308,3.058300353586674e-05,0.00018575001740828156
7,10,17,48,True,True,True,True,True,True,False,False,True,True,True,True,True,True,"[0, 0, 0, 0, 0, 0, 0, 0, 0, 0]",5.0,55.25,0,0,3,5,"[-2, -5, -3, 1, -3, 3, -7, -3, 6, -1]","[1, 1, 0, 16, 0, 0, 0]",True,1,1,True,False,True,True,0,"[('(0, 0, 0, 0, 0, 0, 0, 0, 0, 0)', 5.0)]",False,False,False,True,False,0,0,False,0.018063750001601875,3.304204437881708e-05,0.00019466597586870193
7,10,17,52,True,True,True,True,True,True,False,False,True,True,True,True,True,True,"[0, 0, 0, 0, 0, 0, 0, 0, 0, 0]",1.0,31.05,0,0,3,1,"[-3, 3, 7, -4, -8, 2, -7, -6, 8, 2]","[0, 0, 0, 16, 16, 0, 1]",True,1,1,True,False,True,True,0,"[('(0, 0, 0, 0, 0, 0, 0, 0, 0, 0)', 1.0)]",False,False,False,True,False,0,0,False,0.01561320899054408,6.925000343471766e-05,0.00043120799819007516
7,10,17,50,False,True,False,False,True,True,True,True,False,False,True,True,True,True,"[0, 0, 0, 0, 0, 0, 0, 0, 0, 0]",3.0,5073.15,5,0,7,3,"[2, -1, 8, 5, -1, 2, -5, 6, 2, -5]","[9, 9, 15, 11, 16, 10, 1]",False,1,1,False,False,False,True,8,"[('(0, 0, 0, 0, 0, 0, 0, 0, 0, 0)', 3.0)]",False,True,False,False,False,8,8,False,0.016611415951047093,3.612501313909888e-05,0.00021737499628216028
7,10,17,51,False,False,False,False,False,False,False,False,False,False,True,True,True,True,"[0, 0, 0, 0, 0, 0, 0, 0, 0, 0]",4.0,6084.2,6,0,7,4,"[2, -8, -3, 8, 8, -2, -6, -5, 1, 3]","[4, 10, 11, 13, 16, 15, 12]",False,1,1,False,False,True,True,16,"[('(0, 0, 0, 0, 0, 0, 0, 0, 0, 0)', 4.0)]",False,False,False,False,True,16,16,False,0.019612417032476515,7.700000423938036e-05,0.00044887501280754805
7,10,17,53,True,True,True,True,True,True,False,False,True,True,True,True,True,True,"[0, 0, 0, 0, 0, 0, 0, 0, 0, 0]",3.0,53.15,0,0,2,3,"[5, 8, 8, -5, -3, 8, -3, -5, -1, -5]","[16, 1, 0, 0, 0, 0, 0]",True,1,1,True,False,True,True,0,"[('(0, 0, 0, 0, 0, 0, 0, 0, 0, 0)', 3.0)]",False,False,False,True,False,0,0,False,0.015273458033334464,3.125000512227416e-05,0.00018329202430322766
7,10,17,54,True,True,True,True,True,True,False,False,True,True,True,True,True,True,"[0, 0, 0, 0, 0, 0, 0, 0, 0, 0]",0.0,40.0,0,0,5,0,"[6, -7, -8, 2, 6, 2, 8, 6, 3, 1]","[16, 16, 0, 1, 16, 0, 1]",True,1,1,True,False,True,True,0,"[('(0, 0, 0, 0, 0, 0, 0, 0, 0, 0)', 0.0)]",False,False,False,True,False,0,0,False,0.014987834030762315,3.629201091825962e-05,0.00021737499628216028
7,10,17,58,True,True,True,True,True,True,False,False,True,True,True,True,True,True,"[0, 0, 0, 0, 0, 0, 0, 0, 0, 0]",2.0,22.1,0,0,3,2,"[-5, 2, -5, -7, 4, 8, -4, -1, -2, -5]","[1, 0, 16, 0, 0, 16, 0]",True,1,1,True,False,True,True,0,"[('(0, 0, 0, 0, 0, 0, 0, 0, 0, 0)', 2.0)]",False,False,False,True,False,0,0,False,0.012299790978431702,3.620801726356149e-05,0.0002163749886676669
7,10,17,55,True,True,True,True,True,True,False,False,True,True,True,True,True,True,"[0, 0, 0, 0, 0, 0, 0, 0, 0, 0]",2.0,22.1,0,0,3,2,"[5, 7, 8, -2, -4, 0, -2, 3, -3, -4]","[0, 0, 1, 0, 16, 0, 1]",True,1,1,True,False,True,True,0,"[('(0, 0, 0, 0, 0, 0, 0, 0, 0, 0)', 2.0)]",False,False,False,True,False,0,0,False,0.01517841697204858,3.850000211969018e-05,0.0002228330122306943
7,10,17,59,True,True,True,True,True,True,False,False,True,True,True,True,True,True,"[0, 0, 0, 0, 0, 0, 0, 0, 0, 0]",2.0,22.1,0,0,3,2,"[-2, -1, 3, 1, -3, -4, 2, 9, -3, 4]","[16, 0, 1, 0, 0, 16, 0]",True,1,1,True,False,True,True,0,"[('(0, 0, 0, 0, 0, 0, 0, 0, 0, 0)', 2.0)]",False,False,False,True,False,0,0,False,0.014527000021189451,3.2333016861230135e-05,0.00019158300710842013
7,10,17,57,True,True,True,True,True,True,False,False,True,True,True,True,True,True,"[0, 0, 0, 0, 0, 0, 0, 0, 0, 0]",1.0,31.05,0,0,3,1,"[-4, -3, 5, 2, 8, -4, 8, 2, 8, 4]","[0, 0, 16, 1, 0, 0, 16]",True,1,1,True,False,True,True,0,"[('(0, 0, 0, 0, 0, 0, 0, 0, 0, 0)', 1.0)]",False,False,False,True,False,0,0,False,0.01368908304721117,3.266701241955161e-05,0.00020216696429997683
7,10,17,56,True,True,True,True,True,True,False,False,True,True,True,True,True,True,"[0, 0, 0, 0, 0, 0, 0, 0, 0, 0]",1.0,71.05,0,0,1,1,"[-5, 0, 6, 5, -3, -8, -8, 1, -3, 0]","[0, 1, 0, 0, 0, 0, 0]",True,1,1,True,False,True,True,0,"[('(0, 0, 0, 0, 0, 0, 0, 0, 0, 0)', 1.0)]",False,False,False,True,False,0,0,False,0.027066542010288686,7.83750438131392e-05,0.0004486659890972078
7,10,17,60,False,False,False,False,True,True,True,True,False,False,True,True,True,True,"[0, 0, 0, 0, 0, 0, 0, 0, 0, 0]",5.0,6095.25,6,0,7,5,"[-3, 5, 0, -8, 6, -1, 1, -7, 1, 2]","[11, 2, 9, 3, 10, 1, 11]",False,1,1,False,False,False,True,6,"[('(0, 0, 0, 0, 0, 0, 0, 0, 0, 0)', 5.0)]",False,True,False,False,False,6,6,False,0.016451750008855015,8.099997648969293e-05,0.00045308296103030443
7,10,17,63,False,False,False,False,False,False,False,False,False,False,True,True,True,True,"[0, 0, 0, 0, 0, 0, 0, 0, 0, 0]",5.0,6095.25,6,0,7,5,"[6, 1, 2, 3, -5, -5, -6, 0, 0, -7]","[5, 11, 1, 4, 11, 13, 11]",False,1,1,False,False,False,True,17,"[('(0, 0, 0, 0, 0, 0, 0, 0, 0, 0)', 5.0)]",False,False,False,False,True,17,17,False,0.012940915999934077,3.4791999496519566e-05,0.0002233749837614596
7,10,17,62,True,True,True,True,True,True,False,False,True,True,True,True,True,True,"[0, 0, 0, 0, 0, 0, 0, 0, 0, 0]",3.0,13.15,0,0,4,3,"[-5, 0, -3, -6, 5, -5, -7, 7, 0, -5]","[1, 0, 0, 16, 16, 1, 0]",True,1,1,True,False,True,True,0,"[('(0, 0, 0, 0, 0, 0, 0, 0, 0, 0)', 3.0)]",False,False,False,True,False,0,0,False,0.014742875006049871,3.470800584182143e-05,0.0002050829934887588
7,10,17,61,False,True,False,False,False,False,False,False,False,False,True,True,True,True,"[0, 0, 0, 0, 0, 0, 0, 0, 0, 0]",4.0,6084.2,6,0,7,4,"[-6, 6, 0, -8, 3, 0, -8, -2, -9, -7]","[3, 2, 2, 9, 14, 16, 12]",False,1,1,False,False,False,False,8,"[('(0, 0, 0, 0, 0, 0, 0, 0, 0, 0)', 4.0)]",False,False,False,False,True,8,8,False,0.019379208039026707,3.566598752513528e-05,0.0002145830076187849
7,10,17,69,True,True,True,True,True,True,False,False,True,True,True,True,True,True,"[0, 0, 0, 0, 0, 0, 0, 0, 0, 0]",0.0,40.0,0,0,3,0,"[8, 3, -6, 1, -2, -6, -2, -7, 6, 0]","[0, 0, 1, 0, 16, 0, 16]",True,1,1,True,False,True,True,0,"[('(0, 0, 0, 0, 0, 0, 0, 0, 0, 0)', 0.0)]",False,False,False,True,False,0,0,False,0.010318999993614852,3.14170029014349e-05,0.00019495899323374033
7,10,17,66,True,True,True,True,True,True,False,False,True,True,True,True,True,True,"[0, 0, 0, 0, 0, 0, 0, 0, 0, 0]",4.0,24.2,0,0,4,4,"[2, -5, 7, 3, 1, 3, 5, -5, -8, -1]","[0, 0, 1, 1, 0, 16, 16]",True,1,1,True,False,True,True,0,"[('(0, 0, 0, 0, 0, 0, 0, 0, 0, 0)', 4.0)]",False,False,False,True,False,0,0,False,0.01289208303205669,3.1917006708681583e-05,0.00022316700778901577
7,10,17,67,False,True,False,False,True,True,True,True,False,False,True,True,True,True,"[0, 0, 0, 0, 0, 0, 0, 0, 0, 0]",4.0,5084.2,5,0,7,4,"[-8, -5, -2, 4, -7, -5, 3, 4, -4, -4]","[10, 5, 16, 3, 1, 2, 13]",False,1,1,False,False,False,True,10,"[('(0, 0, 0, 0, 0, 0, 0, 0, 0, 0)', 4.0)]",False,True,False,False,False,10,10,False,0.011185791983734816,3.145798109471798e-05,0.00019537500338628888
7,10,17,64,False,True,False,True,True,True,True,True,False,False,True,True,True,True,"[0, 0, 0, 0, 0, 0, 0, 0, 0, 0]",5.0,6075.25,6,0,6,5,"[-5, 6, -6, -1, -1, -4, 0, -7, 3, -5]","[4, 13, 15, 3, 12, 0, 7]",False,1,1,False,False,False,False,8,"[('(0, 0, 0, 0, 0, 0, 0, 0, 0, 0)', 5.0)]",False,True,False,False,False,8,8,False,0.020884750003460795,3.7165998946875334e-05,0.00022500002523884177
7,10,17,65,True,True,True,True,True,True,False,False,True,True,True,True,True,True,"[0, 0, 0, 0, 0, 0, 0, 0, 0, 0]",3.0,13.15,0,0,4,3,"[-4, -4, 7, 0, -7, 5, 0, 1, -7, -2]","[0, 16, 16, 1, 0, 0, 1]",True,1,1,True,False,True,True,0,"[('(0, 0, 0, 0, 0, 0, 0, 0, 0, 0)', 3.0)]",False,False,False,True,False,0,0,False,0.02120304200798273,3.770901821553707e-05,0.0002174999681301415
7,10,17,70,False,True,False,False,False,False,False,False,False,False,True,True,True,True,"[0, 0, 0, 0, 0, 0, 0, 0, 0, 0]",5.0,6075.25,6,0,6,5,"[0, 3, 3, 5, 4, 1, -8, -6, -2, 3]","[8, 11, 0, 9, 9, 15, 8]",False,1,1,False,False,False,False,8,"[('(0, 0, 0, 0, 0, 0, 0, 0, 0, 0)', 5.0)]",False,False,False,False,True,8,8,False,0.012780333985574543,3.245804691687226e-05,0.00018879200797528028
7,10,17,71,False,True,False,True,True,True,True,True,False,False,True,True,True,True,"[0, 0, 0, 0, 0, 0, 0, 0, 0, 0]",4.0,7084.2,7,0,7,4,"[-4, 4, 7, -2, 0, -6, -8, 0, -5, 8]","[8, 15, 12, 13, 6, 4, 15]",False,1,1,False,False,False,False,9,"[('(0, 0, 0, 0, 0, 0, 0, 0, 0, 0)', 4.0)]",False,True,False,False,False,9,9,False,0.014231915993150324,3.850000211969018e-05,0.00022266700398176908
7,10,17,68,True,True,True,True,True,True,False,False,True,True,True,True,True,True,"[0, 0, 0, 0, 0, 0, 0, 0, 0, 0]",3.0,53.15,0,0,2,3,"[-3, 1, -4, -3, 7, 6, -8, -6, -5, 4]","[16, 0, 0, 0, 1, 0, 0]",True,1,1,True,False,True,True,0,"[('(0, 0, 0, 0, 0, 0, 0, 0, 0, 0)', 3.0)]",False,False,False,True,False,0,0,False,0.017067166976630688,3.6040961276739836e-05,0.00021124997874721885
7,10,17,74,True,True,True,True,True,True,False,False,True,True,True,True,True,True,"[0, 0, 0, 0, 0, 0, 0, 0, 0, 0]",1.0,31.05,0,0,5,1,"[0, -5, -8, -6, 4, -4, -4, 5, 5, 6]","[1, 1, 1, 0, 1, 0, 1]",True,1,1,True,False,True,True,0,"[('(0, 0, 0, 0, 0, 0, 0, 0, 0, 0)', 1.0)]",False,False,False,True,False,0,0,False,0.014846625039353967,3.837497206404805e-05,0.00022474996512755752
7,10,17,72,True,True,True,True,True,True,False,False,True,True,True,True,True,True,"[0, 0, 0, 0, 0, 0, 0, 0, 0, 0]",0.0,20.0,0,0,4,0,"[8, -5, -7, 5, 8, 8, 4, -3, -1, -8]","[16, 0, 1, 16, 0, 16, 0]",True,1,1,True,False,True,True,0,"[('(0, 0, 0, 0, 0, 0, 0, 0, 0, 0)', 0.0)]",False,False,False,True,False,0,0,False,0.0208990839892067,3.908301005139947e-05,0.0002329169656150043
7,10,17,73,True,True,True,True,True,True,False,False,True,True,True,True,True,True,"[0, 0, 0, 0, 0, 0, 0, 0, 0, 0]",3.0,33.15,0,0,3,3,"[-8, 8, 4, 5, 4, 3, -3, -2, -1, -4]","[1, 16, 0, 0, 0, 1, 0]",True,1,1,True,False,True,True,0,"[('(0, 0, 0, 0, 0, 0, 0, 0, 0, 0)', 3.0)]",False,False,False,True,False,0,0,False,0.015061667014379054,3.904203185811639e-05,0.00022958399495109916
7,10,17,75,True,True,True,True,True,True,False,False,True,True,True,True,True,True,"[0, 0, 0, 0, 0, 0, 0, 0, 0, 0]",0.0,40.0,0,0,3,0,"[7, -2, -7, -1, 8, 2, -6, 4, -2, 3]","[0, 1, 1, 0, 16, 0, 0]",True,1,1,True,False,True,True,0,"[('(0, 0, 0, 0, 0, 0, 0, 0, 0, 0)', 0.0)]",False,False,False,True,False,0,0,False,0.015796124993357807,3.766699228435755e-05,0.0005402090027928352
7,10,17,76,True,True,True,True,True,True,False,False,True,True,True,True,True,True,"[0, 0, 0, 0, 0, 0, 0, 0, 0, 0]",1.0,31.05,0,0,3,1,"[-1, 4, 8, 0, -2, -1, 4, -7, 7, -8]","[0, 16, 0, 0, 16, 0, 16]",True,1,1,True,False,True,True,0,"[('(0, 0, 0, 0, 0, 0, 0, 0, 0, 0)', 1.0)]",False,False,False,True,False,0,0,False,0.0205199170159176,4.0000013541430235e-05,0.0002253329730592668
7,10,17,77,True,True,True,True,True,True,False,False,True,True,True,True,True,True,"[0, 0, 0, 0, 0, 0, 0, 0, 0, 0]",4.0,44.2,0,0,3,4,"[5, 0, 8, 1, 5, -5, -2, -6, -6, -3]","[0, 1, 0, 0, 1, 16, 0]",True,1,1,True,False,True,True,0,"[('(0, 0, 0, 0, 0, 0, 0, 0, 0, 0)', 4.0)]",False,False,False,True,False,0,0,False,0.015906333981547505,3.9583013858646154e-05,0.0003773749922402203
7,10,17,78,True,True,True,True,True,True,False,False,True,True,True,True,True,True,"[0, 0, 0, 0, 0, 0, 0, 0, 0, 0]",2.0,22.1,0,0,3,2,"[-1, 8, -4, 7, 2, -4, -8, 7, -3, -3]","[1, 1, 16, 0, 0, 0, 0]",True,1,1,True,False,True,True,0,"[('(0, 0, 0, 0, 0, 0, 0, 0, 0, 0)', 2.0)]",False,False,False,True,False,0,0,False,0.019000832980964333,3.7624966353178024e-05,0.0002239580499008298
7,10,17,79,True,True,True,True,True,True,False,False,True,True,True,True,True,True,"[0, 0, 0, 0, 0, 0, 0, 0, 0, 0]",3.0,33.15,0,0,3,3,"[-1, -5, 3, 1, -2, 8, 4, -2, 4, 2]","[0, 16, 0, 16, 0, 1, 0]",True,1,1,True,False,True,True,0,"[('(0, 0, 0, 0, 0, 0, 0, 0, 0, 0)', 3.0)]",False,False,False,True,False,0,0,False,0.018000790965743363,3.9000005926936865e-05,0.0002221670001745224
7,10,17,80,True,True,True,True,True,True,False,False,True,True,True,True,True,True,"[0, 0, 0, 0, 0, 0, 0, 0, 0, 0]",4.0,44.2,0,0,3,4,"[-5, 0, 5, -7, 1, -3, -8, -2, 2, -7]","[0, 1, 16, 1, 0, 0, 0]",True,1,1,True,False,True,True,0,"[('(0, 0, 0, 0, 0, 0, 0, 0, 0, 0)', 4.0)]",False,False,False,True,False,0,0,False,0.020856958988588303,8.349999552592635e-05,0.00024120899615809321
7,10,17,81,True,True,True,True,True,True,False,False,True,True,True,True,True,True,"[0, 0, 0, 0, 0, 0, 0, 0, 0, 0]",3.0,33.15,0,0,5,3,"[-5, 8, 6, 5, 1, 3, 4, 8, -3, 8]","[0, 1, 16, 16, 0, 16, 1]",True,1,1,True,False,True,True,0,"[('(0, 0, 0, 0, 0, 0, 0, 0, 0, 0)', 3.0)]",False,False,False,True,False,0,0,False,0.016431500029284507,3.658304922282696e-05,0.0002061669947579503
7,10,17,82,True,True,True,True,True,True,False,False,True,True,True,True,True,True,"[0, 0, 0, 0, 0, 0, 0, 0, 0, 0]",4.0,24.2,0,0,4,4,"[2, -2, 7, 6, 7, -2, 0, -8, 0, 4]","[16, 16, 1, 0, 16, 0, 0]",True,1,1,True,False,True,True,0,"[('(0, 0, 0, 0, 0, 0, 0, 0, 0, 0)', 4.0)]",False,False,False,True,False,0,0,False,0.015072582988068461,3.704102709889412e-05,0.00022833404364064336
7,10,17,83,True,True,True,True,True,True,False,False,True,True,True,True,True,True,"[0, 0, 0, 0, 0, 0, 0, 0, 0, 0]",1.0,51.05,0,0,6,1,"[-6, -7, -3, -2, -2, 8, -2, 9, 0, -7]","[16, 16, 0, 16, 16, 1, 1]",True,1,1,True,False,True,True,0,"[('(0, 0, 0, 0, 0, 0, 0, 0, 0, 0)', 1.0)]",False,False,False,True,False,0,0,False,0.019002458022441715,3.816699609160423e-05,0.0002279590116813779
7,10,17,84,True,True,True,True,True,True,False,False,True,True,True,True,True,True,"[0, 0, 0, 0, 0, 0, 0, 0, 0, 0]",1.0,31.05,0,0,3,1,"[-5, 4, 2, -2, 4, -5, 5, 4, 0, -4]","[1, 0, 0, 0, 1, 0, 1]",True,1,1,True,False,True,True,0,"[('(0, 0, 0, 0, 0, 0, 0, 0, 0, 0)', 1.0)]",False,False,False,True,False,0,0,False,0.02116208296502009,9.083299664780498e-05,0.00048816599883139133
7,10,17,85,True,True,True,True,True,True,False,False,True,True,True,True,True,True,"[0, 0, 0, 0, 0, 0, 0, 0, 0, 0]",0.0,40.0,0,0,3,0,"[-5, 7, -4, -2, 4, 4, -1, 2, 3, 5]","[0, 0, 0, 0, 16, 16, 1]",True,1,1,True,False,True,True,0,"[('(0, 0, 0, 0, 0, 0, 0, 0, 0, 0)', 0.0)]",False,False,False,True,False,0,0,False,0.01436329196440056,4.741700831800699e-05,0.00027120899176225066
7,10,17,86,True,True,True,True,True,True,False,False,True,True,True,True,True,True,"[0, 0, 0, 0, 0, 0, 0, 0, 0, 0]",2.0,22.1,0,0,5,2,"[-3, 5, -8, 3, -6, -4, -1, -2, 5, 1]","[0, 1, 16, 1, 16, 16, 0]",True,1,1,True,False,True,True,0,"[('(0, 0, 0, 0, 0, 0, 0, 0, 0, 0)', 2.0)]",False,False,False,True,False,0,0,False,0.017546040995512158,4.070898285135627e-05,0.00025166699197143316
7,10,17,87,True,True,True,True,True,True,False,False,True,True,True,True,True,True,"[0, 0, 0, 0, 0, 0, 0, 0, 0, 0]",3.0,13.15,0,0,4,3,"[-4, 7, -2, 0, 5, 6, -4, -2, 5, -5]","[0, 16, 16, 0, 16, 16, 0]",True,1,1,True,False,True,True,0,"[('(0, 0, 0, 0, 0, 0, 0, 0, 0, 0)', 3.0)]",False,False,False,True,False,0,0,False,0.017891667026560754,3.9416016079485416e-05,0.00023187499027699232
7,10,17,88,True,True,True,True,True,True,False,False,True,True,True,True,True,True,"[0, 0, 0, 0, 0, 0, 0, 0, 0, 0]",2.0,22.1,0,0,3,2,"[-3, 6, -3, -3, -8, -2, 4, -6, 2, -7]","[0, 16, 0, 1, 0, 16, 0]",True,1,1,True,False,True,True,0,"[('(0, 0, 0, 0, 0, 0, 0, 0, 0, 0)', 2.0)]",False,False,False,True,False,0,0,False,0.016337334003765136,4.0624989196658134e-05,0.00023208395577967167
7,10,17,90,False,False,True,True,True,True,True,True,False,True,True,True,True,True,"[0, 0, 1, 0, 0, 0, 0, 0, 0, 0]",4.0,44.2,0,0,5,4,"[-7, -9, 7, 7, 2, -6, 8, 1, 5, -2]","[16, 1, 0, 1, 0, 16, 16]",True,2,2,True,True,False,False,0,"[('(0, 0, 0, 0, 0, 0, 0, 0, 0, 0)', 5.0), ('(0, 0, 1, 0, 0, 0, 0, 0, 0, 0)', 4.0)]",True,False,False,True,False,7,0,True,0.016849333012942225,6.741599645465612e-05,0.00044666603207588196
7,10,17,92,True,True,True,True,True,True,False,False,True,True,True,True,True,True,"[0, 0, 0, 0, 0, 0, 0, 0, 0, 0]",4.0,64.2,0,0,6,4,"[-4, -4, -5, 5, -3, 8, 2, -7, 8, -3]","[16, 0, 1, 1, 16, 1, 1]",True,1,1,True,False,True,True,0,"[('(0, 0, 0, 0, 0, 0, 0, 0, 0, 0)', 4.0)]",False,False,False,True,False,0,0,False,0.013334833027329296,8.616596460342407e-05,0.0006429170025512576
7,10,17,91,False,False,False,False,False,False,False,False,False,False,True,True,True,True,"[0, 0, 0, 0, 0, 0, 0, 0, 0, 0]",4.0,6064.2,6,0,6,4,"[-1, 2, 4, 3, 1, -7, -8, -2, -9, 0]","[4, 0, 5, 7, 6, 3, 2]",False,1,1,False,False,True,True,6,"[('(0, 0, 0, 0, 0, 0, 0, 0, 0, 0)', 4.0)]",False,False,False,False,True,6,6,False,0.0162335840286687,4.033400909975171e-05,0.0002263330388814211
7,10,17,89,False,True,False,False,False,False,False,False,False,False,True,True,True,True,"[0, 0, 0, 0, 0, 0, 0, 0, 0, 0]",4.0,6064.2,6,0,6,4,"[-5, -1, -7, -1, -2, -3, 0, 2, -3, 3]","[4, 15, 2, 9, 0, 14, 2]",False,1,1,False,False,False,False,9,"[('(0, 0, 0, 0, 0, 0, 0, 0, 0, 0)', 4.0)]",False,False,False,False,True,9,9,False,0.021763416996691376,3.812497016042471e-05,0.00022374995751306415
7,10,17,94,True,True,True,True,True,True,False,False,True,True,True,True,True,True,"[0, 0, 0, 0, 0, 0, 0, 0, 0, 0]",2.0,22.1,0,0,3,2,"[-8, 7, 7, 7, 3, -4, 0, 2, -3, -8]","[0, 0, 0, 0, 1, 1, 16]",True,1,1,True,False,True,True,0,"[('(0, 0, 0, 0, 0, 0, 0, 0, 0, 0)', 2.0)]",False,False,False,True,False,0,0,False,0.013923165970481932,3.645801916718483e-05,0.0002204999909736216
7,10,17,93,False,False,False,False,True,True,True,True,False,False,True,True,True,True,"[0, 0, 0, 0, 0, 0, 0, 0, 0, 0]",4.0,6084.2,6,0,7,4,"[-7, 2, 0, 6, -5, 4, -1, -7, -1, 2]","[7, 2, 9, 4, 12, 1, 2]",False,1,1,False,False,True,True,10,"[('(0, 0, 0, 0, 0, 0, 0, 0, 0, 0)', 4.0)]",False,True,False,False,False,10,10,False,0.020039208990056068,3.6207959055900574e-05,0.00025754194939509034
7,10,17,96,True,True,True,True,True,True,False,False,True,True,True,True,True,True,"[0, 0, 0, 0, 0, 0, 0, 0, 0, 0]",0.0,40.0,0,0,3,0,"[4, -8, -6, 2, 7, -8, -6, 0, 3, 8]","[1, 0, 0, 0, 0, 1, 1]",True,1,1,True,False,True,True,0,"[('(0, 0, 0, 0, 0, 0, 0, 0, 0, 0)', 0.0)]",False,False,False,True,False,0,0,False,0.015141958021558821,3.679096698760986e-05,0.00021850003395229578
7,10,17,95,False,False,False,False,True,True,True,True,False,False,True,True,True,True,"[0, 0, 0, 0, 0, 0, 0, 0, 0, 0]",4.0,6084.2,6,0,7,4,"[-7, -1, -5, -2, -6, 5, 8, -8, 9, -7]","[16, 15, 12, 10, 4, 13, 15]",False,1,1,False,False,False,True,8,"[('(0, 0, 0, 0, 0, 0, 0, 0, 0, 0)', 4.0)]",False,True,False,False,False,8,8,False,0.01868891599588096,3.875000402331352e-05,0.00022254098439589143
7,10,17,97,False,True,False,False,False,False,False,False,False,False,True,True,True,True,"[0, 0, 0, 0, 0, 0, 0, 0, 0, 0]",5.0,7045.25,6,1,6,2,"[5, -5, -7, -3, -8, -5, -3, -5, -1, 6]","[11, 9, 4, 0, 12, 2, 12]",False,1,1,False,False,False,False,7,"[('(0, 0, 0, 0, 0, 0, 0, 0, 0, 0)', 5.0)]",False,False,False,False,True,7,7,False,0.016957500018179417,3.5333039704710245e-05,0.00021654099691659212
7,10,17,99,True,True,True,True,True,True,False,False,True,True,True,True,True,True,"[0, 0, 0, 0, 0, 0, 0, 0, 0, 0]",1.0,31.05,0,0,3,1,"[-4, -7, 3, -8, 7, 7, 2, -4, 5, 4]","[0, 0, 0, 1, 1, 0, 16]",True,1,1,True,False,True,True,0,"[('(0, 0, 0, 0, 0, 0, 0, 0, 0, 0)', 1.0)]",False,False,False,True,False,0,0,False,0.016620874986983836,3.98330157622695e-05,0.0002335000317543745
7,10,17,98,False,False,False,False,False,False,False,False,False,False,True,True,True,True,"[0, 0, 0, 0, 0, 0, 0, 0, 0, 0]",3.0,5053.15,5,0,6,3,"[5, 6, 8, -4, 8, 3, -2, -3, -2, 2]","[3, 0, 11, 1, 6, 4, 15]",False,1,1,False,False,True,True,9,"[('(0, 0, 0, 0, 0, 0, 0, 0, 0, 0)', 3.0)]",False,False,False,False,True,9,9,False,0.016359125031158328,3.687501884996891e-05,0.0002162919845432043
8,11,17,3,True,True,True,True,True,True,False,False,True,True,True,True,True,True,"[0, 0, 0, 0, 0, 0, 0, 0, 0, 0, 0]",0.0,50.0,0,0,5,0,"[-6, 7, -7, -5, 5, -4, 8, -1, -8, 2, 4]","[0, 1, 1, 16, 1, 0, 0, 16]",True,1,1,True,False,True,True,0,"[('(0, 0, 0, 0, 0, 0, 0, 0, 0, 0, 0)', 0.0)]",False,False,False,True,False,0,0,False,0.020819416968151927,4.179199459031224e-05,0.0002626670175231993
8,11,17,0,True,False,True,False,True,True,False,False,True,True,True,True,True,True,"[0, 0, 0, 0, 0, 0, 0, 0, 0, 0, 0]",4.0,54.2,0,0,6,4,"[-2, 8, 3, -1, 2, 8, 4, -3, 5, -4, 6]","[0, 1, 16, 0, 16, 1, 1, 16]",True,1,1,True,False,False,False,0,"[('(0, 0, 0, 0, 0, 0, 0, 0, 0, 0, 0)', 4.0)]",False,False,False,True,False,0,0,False,0.01673662499524653,3.975001163780689e-05,0.00025658297818154097
8,11,17,2,True,True,True,True,True,True,False,False,True,True,True,True,True,True,"[0, 0, 0, 0, 0, 0, 0, 0, 0, 0, 0]",2.0,32.1,0,0,3,2,"[-8, 3, -8, 0, -6, 0, 8, -3, 0, 2, -8]","[0, 0, 0, 16, 16, 16, 0, 0]",True,1,1,True,False,True,True,0,"[('(0, 0, 0, 0, 0, 0, 0, 0, 0, 0, 0)', 2.0)]",False,False,False,True,False,0,0,False,0.0232487500179559,4.170800093561411e-05,0.00026037503266707063
8,11,17,1,True,False,True,True,True,True,False,False,True,True,True,True,True,True,"[0, 0, 0, 0, 0, 0, 0, 0, 0, 0, 0]",3.0,23.15,0,0,5,3,"[8, -7, 0, 2, -3, 3, -1, -4, 5, 9, -2]","[1, 0, 0, 1, 16, 1, 0, 1]",True,1,1,True,False,False,True,0,"[('(0, 0, 0, 0, 0, 0, 0, 0, 0, 0, 0)', 3.0)]",False,False,False,True,False,0,0,False,0.022250292007811368,4.074996104463935e-05,0.0005604999605566263
8,11,17,4,False,False,False,False,False,False,False,False,False,False,True,True,True,True,"[0, 0, 0, 0, 0, 0, 0, 0, 0, 0, 0]",4.0,7074.2,7,0,7,4,"[-7, 0, 6, -3, 7, 1, 9, 5, 5, -5, 2]","[11, 4, 2, 14, 8, 8, 13, 0]",False,1,1,False,False,True,True,12,"[('(0, 0, 0, 0, 0, 0, 0, 0, 0, 0, 0)', 4.0)]",False,False,False,False,True,12,12,False,0.02537262497935444,3.966601798310876e-05,0.0002496249508112669
8,11,17,5,True,True,True,True,True,True,False,False,True,True,True,True,True,True,"[0, 0, 0, 0, 0, 0, 0, 0, 0, 0, 0]",2.0,52.1,0,0,6,2,"[-7, 5, 0, 1, 0, 1, -4, 1, -5, 7, 8]","[1, 0, 0, 16, 16, 1, 16, 1]",True,1,1,True,False,True,True,0,"[('(0, 0, 0, 0, 0, 0, 0, 0, 0, 0, 0)', 2.0)]",False,False,False,True,False,0,0,False,0.018994457961525768,4.108401481062174e-05,0.000260957982391119
8,11,17,6,True,True,True,True,True,True,False,False,True,True,True,True,True,True,"[0, 0, 0, 0, 0, 0, 0, 0, 0, 0, 0]",2.0,52.1,0,0,6,2,"[8, 5, 8, -5, -8, 8, 7, -4, -4, 6, -6]","[1, 1, 16, 16, 1, 0, 16, 0]",True,1,1,True,False,True,True,0,"[('(0, 0, 0, 0, 0, 0, 0, 0, 0, 0, 0)', 2.0)]",False,False,False,True,False,0,0,False,0.026868624961934984,3.870902583003044e-05,0.00024329096777364612
8,11,17,10,False,True,False,False,False,False,False,False,False,False,True,True,True,True,"[0, 0, 0, 0, 0, 0, 0, 0, 0, 0, 0]",3.0,6083.15,6,0,8,3,"[-2, -3, 7, -2, 8, -6, -8, 0, 6, -7, -5]","[9, 15, 16, 15, 13, 1, 9, 4]",False,1,1,False,False,False,False,5,"[('(0, 0, 0, 0, 0, 0, 0, 0, 0, 0, 0)', 3.0)]",False,False,False,False,True,5,5,False,0.017314666998572648,3.845803439617157e-05,0.0002306249807588756
8,11,17,8,True,True,True,True,True,True,False,False,True,True,True,True,True,True,"[0, 0, 0, 0, 0, 0, 0, 0, 0, 0, 0]",3.0,23.15,0,0,3,3,"[-1, 2, 5, 6, -7, 8, -3, 7, -1, -4, 7]","[0, 0, 16, 0, 16, 0, 0, 16]",True,1,1,True,False,True,True,0,"[('(0, 0, 0, 0, 0, 0, 0, 0, 0, 0, 0)', 3.0)]",False,False,False,True,False,0,0,False,0.026754499995149672,7.933401502668858e-05,0.0004861660418100655
8,11,17,7,True,True,True,True,True,True,False,False,True,True,True,True,True,True,"[0, 0, 0, 0, 0, 0, 0, 0, 0, 0, 0]",2.0,52.1,0,0,2,2,"[2, -4, 3, -8, -3, -4, 5, 1, -7, 6, -8]","[0, 0, 16, 0, 0, 1, 0, 0]",True,1,1,True,False,True,True,0,"[('(0, 0, 0, 0, 0, 0, 0, 0, 0, 0, 0)', 2.0)]",False,False,False,True,False,0,0,False,0.02596116700442508,4.029198316857219e-05,0.0002504159929230809
8,11,17,9,True,True,True,True,True,True,False,False,True,True,True,True,True,True,"[0, 0, 0, 0, 0, 0, 0, 0, 0, 0, 0]",2.0,12.1,0,0,4,2,"[4, -8, -8, 1, -2, 8, 9, 5, 3, 7, -5]","[1, 1, 0, 16, 0, 0, 0, 16]",True,1,1,True,False,True,True,0,"[('(0, 0, 0, 0, 0, 0, 0, 0, 0, 0, 0)', 2.0)]",False,False,False,True,False,0,0,False,0.021828041994012892,3.6207959055900574e-05,0.00023029098520055413
8,11,17,11,False,True,False,False,False,False,False,False,False,False,True,True,True,True,"[0, 0, 0, 0, 0, 0, 0, 0, 0, 0, 0]",7.0,8077.35,7,1,7,4,"[-9, 2, -6, 8, -7, 0, -3, 8, 2, 0, 5]","[4, 0, 11, 12, 2, 8, 10, 8]",False,1,1,False,False,False,False,15,"[('(0, 0, 0, 0, 0, 0, 0, 0, 0, 0, 0)', 7.0)]",False,False,False,False,True,15,15,False,0.02289345901226625,7.729197386652231e-05,0.0004910409916192293
8,11,17,13,True,True,True,True,True,True,False,False,True,True,True,True,True,True,"[0, 0, 0, 0, 0, 0, 0, 0, 0, 0, 0]",2.0,12.1,0,0,4,2,"[1, 4, -6, -2, -1, -8, 3, 1, 1, 1, -3]","[16, 0, 0, 0, 0, 1, 1, 1]",True,1,1,True,False,True,True,0,"[('(0, 0, 0, 0, 0, 0, 0, 0, 0, 0, 0)', 2.0)]",False,False,False,True,False,0,0,False,0.019138041010592133,3.749999450519681e-05,0.00023087498266249895
8,11,17,14,False,False,False,False,False,False,False,False,False,False,True,True,True,True,"[0, 0, 0, 0, 0, 0, 0, 0, 0, 0, 0]",3.0,6083.15,6,0,8,3,"[-3, -4, -8, 3, -6, -4, 3, 0, 2, 4, 5]","[14, 8, 11, 9, 5, 16, 1, 15]",False,1,1,False,False,True,True,9,"[('(0, 0, 0, 0, 0, 0, 0, 0, 0, 0, 0)', 3.0)]",False,False,False,False,True,9,9,False,0.022665458032861352,3.6541023291647434e-05,0.00022433401318266988
8,11,17,12,True,False,False,False,True,True,False,False,True,False,True,True,True,True,"[0, 0, 0, 0, 0, 0, 0, 0, 0, 0, 0]",5.0,65.25,0,0,2,5,"[-4, 3, -7, -5, 6, -7, 7, -7, 6, 1, -2]","[1, 0, 0, 0, 0, 0, 1, 0]",True,2,2,True,False,True,True,0,"[('(0, 0, 0, 0, 0, 0, 0, 0, 0, 0, 0)', 5.0), ('(0, 1, 0, 0, 0, 0, 0, 0, 0, 0, 0)', 4.0)]",False,False,False,True,False,0,0,False,0.021560124994721264,6.241700612008572e-05,0.000421375036239624
8,11,17,16,True,True,True,True,True,True,False,False,True,True,True,True,True,True,"[0, 0, 0, 0, 0, 0, 0, 0, 0, 0, 0]",0.0,30.0,0,0,4,0,"[-7, 6, 5, -4, 0, -6, 4, 5, 6, 0, -4]","[0, 16, 1, 0, 16, 1, 0, 0]",True,1,1,True,False,True,True,0,"[('(0, 0, 0, 0, 0, 0, 0, 0, 0, 0, 0)', 0.0)]",False,False,False,True,False,0,0,False,0.022452125034760684,3.441702574491501e-05,0.00022129202261567116
8,11,17,17,True,True,True,True,True,True,False,False,True,True,True,True,True,True,"[0, 0, 0, 0, 0, 0, 0, 0, 0, 0, 0]",3.0,43.15,0,0,2,3,"[4, -7, -1, 4, -6, 0, 2, 3, 8, 1, -6]","[16, 0, 16, 0, 0, 0, 0, 0]",True,1,1,True,False,True,True,0,"[('(0, 0, 0, 0, 0, 0, 0, 0, 0, 0, 0)', 3.0)]",False,False,False,True,False,0,0,False,0.019684583006892353,3.474997356534004e-05,0.0002138750278390944
8,11,17,19,False,False,False,False,True,True,True,True,False,False,True,True,True,True,"[0, 0, 0, 0, 0, 0, 0, 0, 0, 0, 0]",3.0,8083.15,8,0,8,3,"[-4, -8, -3, 4, -4, 0, -7, 7, -6, 6, -2]","[13, 14, 7, 15, 10, 9, 7, 4]",False,1,1,False,False,True,True,4,"[('(0, 0, 0, 0, 0, 0, 0, 0, 0, 0, 0)', 3.0)]",False,True,False,False,False,4,4,False,0.017953208996914327,3.5415985621511936e-05,0.00022441701730713248
8,11,17,18,False,True,False,True,False,False,False,False,False,False,True,True,True,True,"[0, 0, 0, 0, 0, 0, 0, 0, 0, 0, 0]",4.0,6074.2,6,0,7,4,"[-4, -8, -7, 7, 7, 7, 5, -6, -5, -8, -3]","[16, 8, 7, 6, 10, 0, 13, 9]",False,1,1,False,False,False,False,9,"[('(0, 0, 0, 0, 0, 0, 0, 0, 0, 0, 0)', 4.0)]",False,False,False,False,True,9,9,False,0.019996833987534046,3.408297197893262e-05,0.0002168750506825745
8,11,17,15,True,True,True,True,True,True,False,False,True,True,True,True,True,True,"[0, 0, 0, 0, 0, 0, 0, 0, 0, 0, 0]",2.0,32.1,0,0,5,2,"[-7, -7, 6, 4, -2, -6, -5, -6, 1, 2, -6]","[0, 0, 16, 1, 0, 1, 1, 1]",True,1,1,True,False,True,True,0,"[('(0, 0, 0, 0, 0, 0, 0, 0, 0, 0, 0)', 2.0)]",False,False,False,True,False,0,0,False,0.02935654204338789,3.674998879432678e-05,0.00022904097568243742
8,11,17,21,False,False,False,False,True,True,True,True,False,False,True,True,True,True,"[0, 0, 0, 0, 0, 0, -1, 0, 0, 0, 0]",5.0,5105.25,5,0,8,5,"[-5, 3, 7, -6, -6, -8, -7, 5, 1, 7, 1]","[3, 15, 1, 1, 3, 16, 12, 6]",False,2,2,False,False,True,True,8,"[('(0, 0, 0, 0, 0, 0, 0, 0, 0, 0, 0)', 6.0), ('(0, 0, 0, 0, 0, 0, -1, 0, 0, 0, 0)', 5.0)]",False,True,False,False,False,8,13,False,0.013422749994788319,5.8750039897859097e-05,0.00039850000757724047
8,11,17,20,True,False,True,True,True,True,False,False,True,True,True,True,True,True,"[0, 0, 0, 0, 0, 0, 0, 0, 0, 0, 0]",4.0,54.2,0,0,2,4,"[8, -1, 2, 2, -4, 5, -4, 3, 4, -2, -1]","[0, 0, 0, 16, 1, 0, 0, 0]",True,1,1,True,False,False,True,0,"[('(0, 0, 0, 0, 0, 0, 0, 0, 0, 0, 0)', 4.0)]",False,False,False,True,False,0,0,False,0.03187941596843302,3.4541008062660694e-05,0.00021737499628216028
8,11,17,24,True,True,True,True,True,True,False,False,True,True,True,True,True,True,"[0, 0, 0, 0, 0, 0, 0, 0, 0, 0, 0]",0.0,50.0,0,0,5,0,"[3, 3, 8, -6, 4, -6, 5, -6, -5, -4, 4]","[0, 16, 1, 1, 0, 0, 16, 16]",True,1,1,True,False,True,True,0,"[('(0, 0, 0, 0, 0, 0, 0, 0, 0, 0, 0)', 0.0)]",False,False,False,True,False,0,0,False,0.020987458003219217,3.445800393819809e-05,0.00021879200357943773
8,11,17,22,True,True,True,True,True,True,False,False,True,True,True,True,True,True,"[0, 0, 0, 0, 0, 0, 0, 0, 0, 0, 0]",2.0,32.1,0,0,3,2,"[1, -1, -2, -1, -4, 8, 3, 6, -4, -2, -1]","[0, 1, 0, 0, 16, 0, 0, 1]",True,1,1,True,False,True,True,0,"[('(0, 0, 0, 0, 0, 0, 0, 0, 0, 0, 0)', 2.0)]",False,False,False,True,False,0,0,False,0.01852612500078976,3.2999960239976645e-05,0.00020662503084167838
8,11,17,25,False,False,False,False,False,False,False,False,False,False,True,True,True,True,"[0, 0, 0, 0, 0, 0, 0, 0, 0, 0, 0]",6.0,8116.3,8,0,8,6,"[-5, 2, 0, 6, 2, 5, 4, 4, -1, 8, -5]","[7, 11, 12, 6, 6, 11, 15, 15]",False,1,1,False,False,False,False,8,"[('(0, 0, 0, 0, 0, 0, 0, 0, 0, 0, 0)', 6.0)]",False,False,False,False,True,8,8,False,0.018051624996587634,3.187498077750206e-05,0.00020129198674112558
8,11,17,23,True,True,True,True,True,True,False,False,True,True,True,True,True,True,"[0, 0, 0, 0, 0, 0, 0, 0, 0, 0, 0]",2.0,32.1,0,0,3,2,"[3, 6, 2, -8, 6, 4, 5, -8, 4, 5, 5]","[1, 0, 1, 0, 16, 0, 0, 0]",True,1,1,True,False,True,True,0,"[('(0, 0, 0, 0, 0, 0, 0, 0, 0, 0, 0)', 2.0)]",False,False,False,True,False,0,0,False,0.026071249973028898,3.645900869742036e-05,0.00023691600654274225
8,11,17,28,False,False,False,False,True,True,True,True,False,False,True,True,True,True,"[0, 0, 0, 0, 0, 0, 0, 0, 0, 0, 0]",4.0,7094.2,7,0,8,4,"[2, 0, 5, -3, 1, -5, 5, 0, 6, 0, -6]","[9, 12, 16, 3, 3, 8, 7, 4]",False,1,1,False,False,False,True,6,"[('(0, 0, 0, 0, 0, 0, 0, 0, 0, 0, 0)', 4.0)]",False,True,False,False,False,6,6,False,0.018992665980476886,3.504200140014291e-05,0.0002216250286437571
8,11,17,26,True,True,True,True,True,True,False,False,True,True,True,True,True,True,"[0, 0, 0, 0, 0, 0, 0, 0, 0, 0, 0]",3.0,43.15,0,0,2,3,"[3, -8, 3, -5, -7, -6, 8, 6, -7, -7, 3]","[0, 0, 1, 0, 16, 0, 0, 0]",True,1,1,True,False,True,True,0,"[('(0, 0, 0, 0, 0, 0, 0, 0, 0, 0, 0)', 3.0)]",False,False,False,True,False,0,0,False,0.0252685840241611,8.129200432449579e-05,0.0004927919944748282
8,11,17,27,False,False,False,False,False,False,False,False,False,False,True,True,True,True,"[0, 0, 0, 0, 0, 0, 0, 0, 0, 0, 0]",4.0,7094.2,7,0,8,4,"[2, -3, 0, -5, -7, 8, 0, 6, 8, -5, -1]","[14, 4, 5, 9, 15, 1, 4, 15]",False,1,1,False,False,False,True,9,"[('(0, 0, 0, 0, 0, 0, 0, 0, 0, 0, 0)', 4.0)]",False,False,False,False,True,9,9,False,0.025831583014223725,3.487500362098217e-05,0.00022558297496289015
8,11,17,29,False,False,False,False,True,True,True,True,False,False,True,True,True,True,"[0, 0, 0, 0, 0, 0, 0, 0, 0, 0, 0]",5.0,6085.25,6,0,7,5,"[1, -4, -2, -4, -7, 2, -5, 0, -3, 6, -7]","[2, 10, 4, 12, 12, 6, 16, 0]",False,1,1,False,False,True,True,6,"[('(0, 0, 0, 0, 0, 0, 0, 0, 0, 0, 0)', 5.0)]",False,True,False,False,False,6,6,False,0.019698415999300778,3.600004129111767e-05,0.0002307079848833382
8,11,17,30,True,True,True,True,True,True,False,False,True,True,True,True,True,True,"[0, 0, 0, 0, 0, 0, 0, 0, 0, 0, 0]",1.0,41.05,0,0,5,1,"[8, 8, -1, -3, 0, 5, -1, 6, 2, -8, -3]","[0, 16, 1, 0, 1, 1, 1, 0]",True,1,1,True,False,True,True,0,"[('(0, 0, 0, 0, 0, 0, 0, 0, 0, 0, 0)', 1.0)]",False,False,False,True,False,0,0,False,0.021493166976142675,3.574998117983341e-05,0.0002228749799542129
8,11,17,33,True,True,True,True,True,True,False,False,True,True,True,True,True,True,"[0, 0, 0, 0, 0, 0, 0, 0, 0, 0, 0]",0.0,50.0,0,0,3,0,"[1, -2, 6, 2, 0, 4, -8, -1, -7, -8, -2]","[0, 0, 0, 0, 16, 16, 0, 16]",True,1,1,True,False,True,True,0,"[('(0, 0, 0, 0, 0, 0, 0, 0, 0, 0, 0)', 0.0)]",False,False,False,True,False,0,0,False,0.019330708018969744,3.3416959922760725e-05,0.00020995800150558352
8,11,17,34,True,True,True,True,True,True,False,False,True,True,True,True,True,True,"[0, 0, 0, 0, 0, 0, 0, 0, 0, 0, 0]",2.0,12.1,0,0,4,2,"[2, 7, 5, -6, -3, -6, -7, 0, -5, 9, 0]","[0, 0, 16, 16, 1, 0, 1, 0]",True,1,1,True,False,True,True,0,"[('(0, 0, 0, 0, 0, 0, 0, 0, 0, 0, 0)', 2.0)]",False,False,False,True,False,0,0,False,0.018509083020035177,3.2917014323174953e-05,0.00020395801402628422
8,11,17,31,True,True,True,True,True,True,False,False,True,True,True,True,True,True,"[0, 0, 0, 0, 0, 0, 0, 0, 0, 0, 0]",2.0,52.1,0,0,6,2,"[-7, 8, -4, -4, 7, 1, 2, -4, 1, -1, -1]","[1, 16, 1, 1, 16, 0, 16, 0]",True,1,1,True,False,True,True,0,"[('(0, 0, 0, 0, 0, 0, 0, 0, 0, 0, 0)', 2.0)]",False,False,False,True,False,0,0,False,0.02918004203820601,7.783301407471299e-05,0.000464749988168478
8,11,17,32,True,True,True,True,True,True,False,False,True,True,True,True,True,True,"[0, 0, 0, 0, 0, 0, 0, 0, 0, 0, 0]",1.0,41.05,0,0,3,1,"[8, 4, 6, 7, -4, -7, -4, 0, 5, 7, 8]","[1, 0, 0, 0, 0, 1, 0, 1]",True,1,1,True,False,True,True,0,"[('(0, 0, 0, 0, 0, 0, 0, 0, 0, 0, 0)', 1.0)]",False,False,False,True,False,0,0,False,0.025968667003326118,3.391597419977188e-05,0.00021166697843000293
8,11,17,35,True,True,True,True,True,True,False,False,True,True,True,True,True,True,"[0, 0, 0, 0, 0, 0, 0, 0, 0, 0, 0]",2.0,12.1,0,0,4,2,"[-4, -1, 0, -5, -4, 0, -2, 6, 5, 6, -3]","[0, 16, 0, 0, 1, 16, 0, 16]",True,1,1,True,False,True,True,0,"[('(0, 0, 0, 0, 0, 0, 0, 0, 0, 0, 0)', 2.0)]",False,False,False,True,False,0,0,False,0.020003874960821122,3.441702574491501e-05,0.00021675002062693238
8,11,17,37,True,True,True,True,True,True,False,False,True,True,True,True,True,True,"[0, 0, 0, 0, 0, 0, 0, 0, 0, 0, 0]",3.0,23.15,0,0,5,3,"[-8, -3, -4, 4, 4, -2, 1, -8, -8, -2, -8]","[16, 0, 1, 1, 0, 1, 0, 16]",True,1,1,True,False,True,True,0,"[('(0, 0, 0, 0, 0, 0, 0, 0, 0, 0, 0)', 3.0)]",False,False,False,True,False,0,0,False,0.019013000011909753,3.20419785566628e-05,0.00021008303156122565
8,11,17,40,True,True,True,True,True,True,False,False,True,True,True,True,True,True,"[0, 0, 0, 0, 0, 0, 0, 0, 0, 0, 0]",3.0,23.15,0,0,3,3,"[1, 8, 5, 0, -1, -8, 3, 6, -3, -1, -1]","[0, 0, 16, 0, 0, 16, 16, 0]",True,1,1,True,False,True,True,0,"[('(0, 0, 0, 0, 0, 0, 0, 0, 0, 0, 0)', 3.0)]",False,False,False,True,False,0,0,False,0.014814708032645285,3.320799442008138e-05,0.00021600001491606236
8,11,17,36,True,True,True,True,True,True,False,False,True,True,True,True,True,True,"[0, 0, 0, 0, 0, 0, 0, 0, 0, 0, 0]",2.0,52.1,0,0,2,2,"[-1, 8, 2, 3, 4, 2, 6, -3, 6, -7, 4]","[1, 0, 16, 0, 0, 0, 0, 0]",True,1,1,True,False,True,True,0,"[('(0, 0, 0, 0, 0, 0, 0, 0, 0, 0, 0)', 2.0)]",False,False,False,True,False,0,0,False,0.025244332966394722,3.825000021606684e-05,0.00023141701240092516
8,11,17,38,False,True,False,False,False,False,False,False,False,False,True,True,True,True,"[0, 0, 0, 0, 0, 0, 0, 0, 0, 0, 0]",7.0,8097.35,7,1,8,4,"[6, 6, -8, 7, 5, -7, -1, 3, -4, -1, 4]","[10, 13, 2, 9, 15, 1, 5, 15]",False,1,1,False,False,False,False,8,"[('(0, 0, 0, 0, 0, 0, 0, 0, 0, 0, 0)', 7.0)]",False,False,False,False,True,8,8,False,0.024870708002708852,8.408399298787117e-05,0.00022799998987466097
8,11,17,39,False,False,False,False,False,False,False,False,False,False,True,True,True,True,"[0, 0, 0, 0, 0, 0, 0, 0, 0, 0, 0]",3.0,7083.15,7,0,8,3,"[-7, 7, 4, -5, -5, 7, -5, 8, 6, -2, 0]","[12, 10, 5, 7, 3, 16, 4, 9]",False,1,1,False,False,True,True,6,"[('(0, 0, 0, 0, 0, 0, 0, 0, 0, 0, 0)', 3.0)]",False,False,False,False,True,6,6,False,0.025158000004012138,3.429199568927288e-05,0.00021704199025407434
8,11,17,41,False,False,False,False,False,False,False,False,False,False,True,True,True,True,"[0, 0, 0, 0, 0, 0, 0, 0, 0, 0, -1]",4.0,6094.2,6,0,8,4,"[3, -6, -5, 3, 4, 7, 5, -4, -3, 4, 8]","[7, 6, 14, 1, 1, 10, 9, 13]",False,2,2,False,True,True,True,4,"[('(0, 0, 0, 0, 0, 0, 0, 0, 0, 0, 0)', 5.0), ('(0, 0, 0, 0, 0, 0, 0, 0, 0, 0, -1)', 4.0)]",False,False,False,False,True,11,4,True,0.02271966601256281,5.9792015235871077e-05,0.0004101250087842345
8,11,17,42,True,True,True,True,True,True,False,False,True,True,True,True,True,True,"[0, 0, 0, 0, 0, 0, 0, 0, 0, 0, 0]",1.0,41.05,0,0,5,1,"[5, 1, 3, 6, -1, -7, -8, -6, 5, 3, 5]","[1, 1, 0, 0, 0, 16, 16, 16]",True,1,1,True,False,True,True,0,"[('(0, 0, 0, 0, 0, 0, 0, 0, 0, 0, 0)', 1.0)]",False,False,False,True,False,0,0,False,0.02144845895236358,3.595894668251276e-05,0.00022104202071204782
8,11,17,45,True,True,True,True,True,True,False,False,True,True,True,True,True,True,"[0, 0, 0, 0, 0, 0, 0, 0, 0, 0, 0]",2.0,12.1,0,0,4,2,"[0, 3, -8, 0, 3, -8, 3, 6, -3, -8, 9]","[16, 16, 1, 0, 0, 1, 0, 0]",True,1,1,True,False,True,True,0,"[('(0, 0, 0, 0, 0, 0, 0, 0, 0, 0, 0)', 2.0)]",False,False,False,True,False,0,0,False,0.01814116694731638,3.300001844763756e-05,0.00021270796423777938
8,11,17,44,True,True,True,True,True,True,False,False,True,True,True,True,True,True,"[0, 0, 0, 0, 0, 0, 0, 0, 0, 0, 0]",0.0,50.0,0,0,3,0,"[4, -8, 0, 8, 4, -1, 7, 4, -1, 1, 6]","[16, 1, 1, 0, 0, 0, 0, 0]",True,1,1,True,False,True,True,0,"[('(0, 0, 0, 0, 0, 0, 0, 0, 0, 0, 0)', 0.0)]",False,False,False,True,False,0,0,False,0.023942125029861927,3.4917029552161694e-05,0.00022166699636727571
8,11,17,43,True,True,True,True,True,True,False,False,True,True,True,True,True,True,"[0, 0, 0, 0, 0, 0, 0, 0, 0, 0, 0]",1.0,41.05,0,0,3,1,"[6, -1, 1, -7, -3, -2, -1, -2, -2, -2, 2]","[0, 16, 0, 1, 0, 16, 0, 0]",True,1,1,True,False,True,True,0,"[('(0, 0, 0, 0, 0, 0, 0, 0, 0, 0, 0)', 1.0)]",False,False,False,True,False,0,0,False,0.023329749994445592,3.704201662912965e-05,0.00023516698274761438
8,11,17,47,True,True,True,True,True,True,False,False,True,True,True,True,True,True,"[0, 0, 0, 0, 0, 0, 0, 0, 0, 0, 0]",0.0,70.0,0,0,6,0,"[1, 3, 5, 2, 7, -6, 0, -7, -1, 5, 5]","[16, 16, 16, 1, 0, 16, 1, 0]",True,1,1,True,False,True,True,0,"[('(0, 0, 0, 0, 0, 0, 0, 0, 0, 0, 0)', 0.0)]",False,False,False,True,False,0,0,False,0.02063525002449751,7.754203397780657e-05,0.0004231249913573265
8,11,17,46,True,True,True,True,True,True,False,False,True,True,True,True,True,True,"[0, 0, 0, 0, 0, 0, 0, 0, 0, 0, 0]",2.0,32.1,0,0,3,2,"[1, -8, 3, 5, 7, 1, 8, 8, 7, 6, -2]","[0, 1, 0, 0, 0, 16, 0, 16]",True,1,1,True,False,True,True,0,"[('(0, 0, 0, 0, 0, 0, 0, 0, 0, 0, 0)', 2.0)]",False,False,False,True,False,0,0,False,0.023406249994877726,3.812502836808562e-05,0.00023241702001541853
8,11,17,51,True,True,True,True,True,True,False,False,True,True,True,True,True,True,"[0, 0, 0, 0, 0, 0, 0, 0, 0, 0, 0]",3.0,23.15,0,0,5,3,"[6, -4, 1, 1, 7, -7, 6, 7, -8, -4, 2]","[1, 0, 1, 16, 16, 0, 16, 0]",True,1,1,True,False,True,True,0,"[('(0, 0, 0, 0, 0, 0, 0, 0, 0, 0, 0)', 3.0)]",False,False,False,True,False,0,0,False,0.013193499995395541,3.549997927621007e-05,0.0002222080365754664
8,11,17,49,False,False,False,False,False,False,False,False,False,False,True,True,True,True,"[0, 0, 0, 0, 0, 0, 0, 0, 0, 0, 0]",1.0,7101.05,7,0,8,1,"[-5, -6, 3, 4, 2, 7, 5, 1, 0, -1, 1]","[3, 4, 16, 15, 12, 8, 2, 6]",False,1,1,False,False,True,True,8,"[('(0, 0, 0, 0, 0, 0, 0, 0, 0, 0, 0)', 1.0)]",False,False,False,False,True,8,8,False,0.016770374961197376,3.5208999179303646e-05,0.00023779203183948994
8,11,17,50,True,True,True,True,True,True,False,False,True,True,True,True,True,True,"[0, 0, 0, 0, 0, 0, 0, 0, 0, 0, 0]",2.0,12.1,0,0,4,2,"[-2, -2, -2, 8, 4, 4, 1, 5, 6, 6, 8]","[1, 0, 0, 0, 1, 0, 1, 16]",True,1,1,True,False,True,True,0,"[('(0, 0, 0, 0, 0, 0, 0, 0, 0, 0, 0)', 2.0)]",False,False,False,True,False,0,0,False,0.016544541984330863,3.670796286314726e-05,0.0002328749978914857
8,11,17,48,False,False,False,False,True,True,True,True,False,False,True,True,True,True,"[0, 0, 0, 0, 0, 0, 0, 0, 0, 0, 0]",4.0,7094.2,7,0,8,4,"[-1, -1, 5, 3, 3, 1, 1, 6, 0, -4, -6]","[8, 14, 15, 6, 14, 6, 16, 4]",False,1,1,False,False,True,True,10,"[('(0, 0, 0, 0, 0, 0, 0, 0, 0, 0, 0)', 4.0)]",False,True,False,False,False,10,10,False,0.024144499970134348,7.883296348154545e-05,0.0004892920260317624
8,11,17,52,True,True,True,True,True,True,False,False,True,True,True,True,True,True,"[0, 0, 0, 0, 0, 0, 0, 0, 0, 0, 0]",2.0,72.1,0,0,1,2,"[-8, -1, -1, 1, 6, -3, 3, 4, 8, 7, -1]","[0, 0, 0, 1, 0, 0, 0, 0]",True,1,1,True,False,True,True,0,"[('(0, 0, 0, 0, 0, 0, 0, 0, 0, 0, 0)', 2.0)]",False,False,False,True,False,0,0,False,0.020606292004231364,7.987499702721834e-05,0.0006672079907730222
8,11,17,54,True,False,True,True,True,True,False,False,True,True,True,True,True,True,"[0, 0, 0, 0, 0, 0, 0, 0, 0, 0, 0]",4.0,14.2,0,0,4,4,"[-1, 3, -3, 1, 4, 7, -7, 2, -5, 5, 3]","[0, 1, 16, 16, 0, 0, 0, 1]",True,1,1,True,False,False,True,0,"[('(0, 0, 0, 0, 0, 0, 0, 0, 0, 0, 0)', 4.0)]",False,False,False,True,False,0,0,False,0.021852875011973083,4.083302337676287e-05,0.00026012497255578637
8,11,17,53,True,True,True,True,True,True,False,False,True,True,True,True,True,True,"[0, 0, 0, 0, 0, 0, 0, 0, 0, 0, 0]",2.0,12.1,0,0,4,2,"[-4, 1, -6, 7, -4, -4, 4, 8, 3, 8, 8]","[16, 1, 0, 1, 1, 0, 0, 0]",True,1,1,True,False,True,True,0,"[('(0, 0, 0, 0, 0, 0, 0, 0, 0, 0, 0)', 2.0)]",False,False,False,True,False,0,0,False,0.0228865829994902,4.037498729303479e-05,0.00024141703033819795
8,11,17,55,True,True,True,True,True,True,False,False,True,True,True,True,True,True,"[0, 0, 0, 0, 0, 0, 0, 0, 0, 0, 0]",3.0,23.15,0,0,5,3,"[0, 6, -8, 0, -7, 7, 4, 9, 7, 0, 0]","[0, 1, 1, 1, 16, 16, 0, 0]",True,1,1,True,False,True,True,0,"[('(0, 0, 0, 0, 0, 0, 0, 0, 0, 0, 0)', 3.0)]",False,False,False,True,False,0,0,False,0.027637624996714294,4.1417020838707685e-05,0.00025637500220909715
8,11,17,56,True,True,True,True,True,True,False,False,True,True,True,True,True,True,"[0, 0, 0, 0, 0, 0, 0, 0, 0, 0, 0]",1.0,81.05,0,0,1,1,"[-5, 6, -7, -1, -5, 3, -5, 6, -8, -7, -4]","[0, 0, 0, 0, 0, 0, 0, 1]",True,1,1,True,False,True,True,0,"[('(0, 0, 0, 0, 0, 0, 0, 0, 0, 0, 0)', 1.0)]",False,False,False,True,False,0,0,False,0.024658292008098215,9.104202035814524e-05,0.0003625419922173023
8,11,17,58,False,True,False,False,False,False,False,False,False,False,True,True,True,True,"[0, 0, 0, 0, 0, 0, 0, 0, 0, 0, 0]",6.0,8116.3,8,0,8,6,"[-5, 1, -5, 6, 3, -5, -6, -1, 2, -8, 5]","[6, 11, 15, 3, 13, 3, 12, 7]",False,1,1,False,False,False,False,12,"[('(0, 0, 0, 0, 0, 0, 0, 0, 0, 0, 0)', 6.0)]",False,False,False,False,True,12,12,False,0.0225530419847928,4.016701132059097e-05,0.00039912498323246837
8,11,17,57,True,True,True,True,True,True,False,False,True,True,True,True,True,True,"[0, 0, 0, 0, 0, 0, 0, 0, 0, 0, 0]",1.0,41.05,0,0,3,1,"[4, 4, -1, -5, 3, -8, -4, 4, 4, -4, -7]","[0, 16, 0, 16, 0, 0, 0, 1]",True,1,1,True,False,True,True,0,"[('(0, 0, 0, 0, 0, 0, 0, 0, 0, 0, 0)', 1.0)]",False,False,False,True,False,0,0,False,0.024348791979718953,8.72919918037951e-05,0.0004350829985924065
8,11,17,60,False,False,False,False,True,True,True,True,False,False,True,True,True,True,"[0, 0, 0, 0, 0, 0, 0, 0, 0, 0, 0]",3.0,6063.15,6,0,7,3,"[7, -6, -5, -1, 6, -7, 7, -4, 8, 5, -5]","[1, 0, 4, 5, 15, 10, 9, 12]",False,1,1,False,False,True,True,5,"[('(0, 0, 0, 0, 0, 0, 0, 0, 0, 0, 0)', 3.0)]",False,True,False,False,False,5,5,False,0.017926583997905254,3.850000211969018e-05,0.0002395000192336738
8,11,17,59,True,True,True,True,True,True,False,False,True,True,True,True,True,True,"[0, 0, 0, 0, 0, 0, 0, 0, 0, 0, 0]",2.0,12.1,0,0,4,2,"[-6, -2, -2, -5, 8, 0, 0, -1, 5, 7, -1]","[16, 0, 0, 1, 0, 16, 0, 16]",True,1,1,True,False,True,True,0,"[('(0, 0, 0, 0, 0, 0, 0, 0, 0, 0, 0)', 2.0)]",False,False,False,True,False,0,0,False,0.02523149998160079,4.2000028770416975e-05,0.0003077500150538981
8,11,17,61,False,False,False,False,False,False,False,False,False,False,True,True,True,True,"[0, 0, 0, 0, 0, 0, 0, 0, 0, 0, 0]",2.0,5052.1,5,0,6,2,"[-8, -6, 2, 5, 7, 7, 0, -5, -3, -4, -1]","[1, 12, 0, 4, 0, 2, 11, 11]",False,1,1,False,False,True,True,6,"[('(0, 0, 0, 0, 0, 0, 0, 0, 0, 0, 0)', 2.0)]",False,False,False,False,True,6,6,False,0.020265707978978753,4.116701893508434e-05,0.0005851250025443733
8,11,17,65,False,False,False,False,False,False,False,False,False,False,True,True,True,True,"[0, 0, 0, 0, 0, 0, 0, 0, 0, 0, 0]",3.0,7083.15,7,0,8,3,"[4, -1, -6, -1, 8, -7, 2, 8, 2, 8, -8]","[14, 15, 11, 15, 16, 13, 15, 3]",False,1,1,False,False,True,True,10,"[('(0, 0, 0, 0, 0, 0, 0, 0, 0, 0, 0)', 3.0)]",False,False,False,False,True,10,10,False,0.01901037502102554,4.266604082658887e-05,0.00024608400417491794
8,11,17,64,True,True,True,True,True,True,False,False,True,True,True,True,True,True,"[0, 0, 0, 0, 0, 0, 0, 0, 0, 0, 0]",2.0,32.1,0,0,5,2,"[8, -5, -5, 1, 1, -7, -2, 6, 7, 7, 6]","[16, 16, 1, 0, 16, 0, 0, 1]",True,1,1,True,False,True,True,0,"[('(0, 0, 0, 0, 0, 0, 0, 0, 0, 0, 0)', 2.0)]",False,False,False,True,False,0,0,False,0.022522999963257462,0.0001265419996343553,0.000613124982919544
8,11,17,63,False,True,False,False,False,False,False,False,False,False,True,True,True,True,"[0, 0, 0, 0, 0, 0, 0, 0, 0, 0, 0]",5.0,7105.25,7,0,8,5,"[4, -3, 2, 1, -6, 2, 8, -1, -7, 2, -1]","[6, 13, 10, 12, 6, 2, 3, 16]",False,1,1,False,False,False,False,11,"[('(0, 0, 0, 0, 0, 0, 0, 0, 0, 0, 0)', 5.0)]",False,False,False,False,True,11,11,False,0.025137624994385988,4.1166029404848814e-05,0.0002577499835751951
8,11,17,66,True,True,True,True,True,True,False,False,True,True,True,True,True,True,"[0, 0, 0, 0, 0, 0, 0, 0, 0, 0, 0]",3.0,43.15,0,0,6,3,"[-5, -6, 4, -1, 4, 2, -2, -6, 3, -1, 3]","[0, 16, 0, 16, 16, 16, 16, 1]",True,1,1,True,False,True,True,0,"[('(0, 0, 0, 0, 0, 0, 0, 0, 0, 0, 0)', 3.0)]",False,False,False,True,False,0,0,False,0.02344333298970014,3.891700180247426e-05,0.0005342909717001021
8,11,17,62,True,True,True,True,True,True,False,False,True,True,True,True,True,True,"[0, 0, 0, 0, 0, 0, 0, 0, 0, 0, 0]",2.0,12.1,0,0,4,2,"[-4, 8, 3, 7, -4, 7, 0, 3, -4, -6, -1]","[1, 16, 0, 0, 1, 0, 1, 0]",True,1,1,True,False,True,True,0,"[('(0, 0, 0, 0, 0, 0, 0, 0, 0, 0, 0)', 2.0)]",False,False,False,True,False,0,0,False,0.03433920897077769,9.170803241431713e-05,0.0005683330236934125
8,11,17,69,True,True,True,True,True,True,False,False,True,True,True,True,True,True,"[0, 0, 0, 0, 0, 0, 0, 0, 0, 0, 0]",2.0,12.1,0,0,4,2,"[0, 5, 8, 1, -6, 7, 5, -3, -1, -5, 0]","[1, 0, 1, 16, 0, 1, 0, 0]",True,1,1,True,False,True,True,0,"[('(0, 0, 0, 0, 0, 0, 0, 0, 0, 0, 0)', 2.0)]",False,False,False,True,False,0,0,False,0.01922337501309812,4.054198507219553e-05,0.00026216701371595263
8,11,17,68,True,True,True,True,True,True,False,False,True,True,True,True,True,True,"[0, 0, 0, 0, 0, 0, 0, 0, 0, 0, 0]",1.0,21.05,0,0,4,1,"[-1, 0, 1, -3, -8, 4, -6, -2, 5, 8, 7]","[0, 16, 0, 16, 0, 1, 0, 1]",True,1,1,True,False,True,True,0,"[('(0, 0, 0, 0, 0, 0, 0, 0, 0, 0, 0)', 1.0)]",False,False,False,True,False,0,0,False,0.024633459048345685,4.299997817724943e-05,0.00025279197143390775
8,11,17,67,True,True,True,True,True,True,False,False,True,True,True,True,True,True,"[0, 0, 0, 0, 0, 0, 0, 0, 0, 0, 0]",3.0,23.15,0,0,5,3,"[7, 5, 1, -3, 5, -2, -1, 6, 2, -5, -5]","[0, 0, 16, 1, 16, 16, 0, 16]",True,1,1,True,False,True,True,0,"[('(0, 0, 0, 0, 0, 0, 0, 0, 0, 0, 0)', 3.0)]",False,False,False,True,False,0,0,False,0.024729750002734363,4.174996865913272e-05,0.00032345898216590285
8,11,17,70,False,False,False,False,True,True,True,True,False,False,True,True,True,True,"[0, 0, 0, 0, 0, 0, 0, 0, 0, 0, 0]",2.0,7092.1,7,0,8,2,"[1, -3, 5, 6, 1, 0, 6, 4, -7, 6, -6]","[13, 8, 6, 10, 2, 1, 15, 2]",False,1,1,False,False,True,True,4,"[('(0, 0, 0, 0, 0, 0, 0, 0, 0, 0, 0)', 2.0)]",False,True,False,False,False,4,4,False,0.023569999961182475,4.033400909975171e-05,0.0002548749907873571
8,11,17,71,True,True,True,True,True,True,False,False,True,True,True,True,True,True,"[0, 0, 0, 0, 0, 0, 0, 0, 0, 0, 0]",2.0,32.1,0,0,5,2,"[-7, -1, 2, 5, -5, 4, -1, -5, -7, -6, 7]","[0, 1, 0, 16, 16, 1, 0, 1]",True,1,1,True,False,True,True,0,"[('(0, 0, 0, 0, 0, 0, 0, 0, 0, 0, 0)', 2.0)]",False,False,False,True,False,0,0,False,0.028347041981760412,3.9624981582164764e-05,0.000478167028632015
8,11,17,72,False,False,False,False,True,True,True,True,False,False,True,True,True,True,"[0, 0, 0, 0, 0, 0, 0, 0, 0, 0, 0]",2.0,5092.1,5,0,8,2,"[3, 8, 6, 2, -1, -7, -2, -5, 6, -8, -2]","[5, 10, 5, 16, 16, 8, 5, 16]",False,1,1,False,False,True,True,5,"[('(0, 0, 0, 0, 0, 0, 0, 0, 0, 0, 0)', 2.0)]",False,True,False,False,False,5,5,False,0.020424499991349876,3.933400148525834e-05,0.0002478339592926204
8,11,17,73,True,True,True,True,True,True,False,False,True,True,True,True,True,True,"[0, 0, 0, 0, 0, 0, 0, 0, 0, 0, 0]",2.0,12.1,0,0,4,2,"[8, -4, -7, 6, 2, -5, -3, -1, -7, -2, -5]","[16, 16, 1, 0, 0, 0, 0, 1]",True,1,1,True,False,True,True,0,"[('(0, 0, 0, 0, 0, 0, 0, 0, 0, 0, 0)', 2.0)]",False,False,False,True,False,0,0,False,0.018727832997683436,3.7624966353178024e-05,0.00023674999829381704
8,11,17,75,True,True,True,True,True,True,False,False,True,True,True,True,True,True,"[0, 0, 0, 0, 0, 0, 0, 0, 0, 0, 0]",2.0,12.1,0,0,4,2,"[-8, 8, -7, -5, 2, 4, 7, 0, -5, 6, -8]","[0, 16, 0, 1, 1, 0, 0, 1]",True,1,1,True,False,True,True,0,"[('(0, 0, 0, 0, 0, 0, 0, 0, 0, 0, 0)', 2.0)]",False,False,False,True,False,0,0,False,0.016918833018280566,3.895797999575734e-05,0.00023750000400468707
8,11,17,74,False,False,True,True,True,True,True,True,False,True,True,True,True,True,"[0, 0, 0, 0, 0, 0, -1, 0, 0, 0, 0]",5.0,25.25,0,0,4,5,"[-9, -8, -3, -2, 5, 6, -3, 6, -2, 0, 8]","[1, 16, 16, 16, 0, 0, 0, 0]",True,2,2,True,True,False,False,0,"[('(0, 0, 0, 0, 0, 0, 0, 0, 0, 0, 0)', 6.0), ('(0, 0, 0, 0, 0, 0, -1, 0, 0, 0, 0)', 5.0)]",True,False,False,True,False,7,0,True,0.021916374971624464,0.00014462502440437675,0.00046087498776614666
8,11,17,76,False,False,False,False,False,False,False,False,False,False,True,True,True,True,"[0, 0, 0, 0, 0, 0, 0, 0, 0, 0, 0]",4.0,6094.2,6,0,8,4,"[-1, -1, -1, 1, 2, -3, 5, 4, -4, 0, 3]","[3, 1, 8, 8, 5, 12, 9, 16]",False,1,1,False,False,True,True,9,"[('(0, 0, 0, 0, 0, 0, 0, 0, 0, 0, 0)', 4.0)]",False,False,False,False,True,9,9,False,0.014323499985039234,3.674998879432678e-05,0.00023754098219797015
8,11,17,78,True,True,True,True,True,True,False,False,True,True,True,True,True,True,"[0, 0, 0, 0, 0, 0, 0, 0, 0, 0, 0]",2.0,12.1,0,0,4,2,"[3, 0, 5, -8, 7, 0, -8, -3, -5, -3, 7]","[1, 0, 1, 16, 0, 0, 1, 0]",True,1,1,True,False,True,True,0,"[('(0, 0, 0, 0, 0, 0, 0, 0, 0, 0, 0)', 2.0)]",False,False,False,True,False,0,0,False,0.016458500002045184,3.574998117983341e-05,0.00022645900025963783
8,11,17,77,True,True,True,True,True,True,False,False,True,True,True,True,True,True,"[0, 0, 0, 0, 0, 0, 0, 0, 0, 0, 0]",1.0,61.05,0,0,6,1,"[8, -1, -2, 2, -5, 0, 2, 5, -1, -4, -2]","[16, 1, 16, 0, 16, 0, 1, 1]",True,1,1,True,False,True,True,0,"[('(0, 0, 0, 0, 0, 0, 0, 0, 0, 0, 0)', 1.0)]",False,False,False,True,False,0,0,False,0.02862829196965322,4.0375045500695705e-05,0.0002527909819036722
8,11,17,80,True,True,True,True,True,True,False,False,True,True,True,True,True,True,"[0, 0, 0, 0, 0, 0, 0, 0, 0, 0, 0]",0.0,50.0,0,0,3,0,"[-5, 7, -6, 2, -2, -3, -8, -3, -3, -7, 3]","[0, 1, 1, 0, 0, 1, 0, 0]",True,1,1,True,False,True,True,0,"[('(0, 0, 0, 0, 0, 0, 0, 0, 0, 0, 0)', 0.0)]",False,False,False,True,False,0,0,False,0.019496499968227,3.9624981582164764e-05,0.0002372079761698842
8,11,17,81,True,True,True,True,True,True,False,False,True,True,True,True,True,True,"[0, 0, 0, 0, 0, 0, 0, 0, 0, 0, 0]",4.0,34.2,0,0,5,4,"[5, 3, 8, 1, 2, 5, 5, -3, 0, 2, 3]","[1, 16, 0, 0, 1, 0, 16, 16]",True,1,1,True,False,True,True,0,"[('(0, 0, 0, 0, 0, 0, 0, 0, 0, 0, 0)', 4.0)]",False,False,False,True,False,0,0,False,0.01710691599873826,3.56250093318522e-05,0.00022720900597050786
8,11,17,79,True,True,True,True,True,True,False,False,True,True,True,True,True,True,"[0, 0, 0, 0, 0, 0, 0, 0, 0, 0, 0]",4.0,14.2,0,0,4,4,"[4, 7, 3, -4, 5, 8, 8, 2, -1, 6, -5]","[16, 0, 1, 0, 0, 16, 1, 0]",True,1,1,True,False,True,True,0,"[('(0, 0, 0, 0, 0, 0, 0, 0, 0, 0, 0)', 4.0)]",False,False,False,True,False,0,0,False,0.033737707999534905,8.354196324944496e-05,0.0005202919710427523
8,11,17,82,False,True,False,False,False,False,False,False,False,False,True,True,True,True,"[0, 0, 0, 0, 0, 0, 0, 0, 0, 0, 0]",6.0,5116.3,5,0,8,6,"[3, 7, 1, -6, 8, -7, -5, 4, -7, -6, 5]","[16, 12, 4, 14, 1, 1, 5, 5]",False,2,2,False,True,False,False,7,"[('(0, 0, 0, 0, 0, 0, 0, 0, 0, 0, 0)', 6.0), ('(0, 0, 0, -1, 0, 0, 0, 0, 0, 0, 0)', 4.0)]",False,False,False,False,True,11,11,False,0.021452708053402603,6.262498209252954e-05,0.00041862495709210634
8,11,17,83,True,True,True,True,True,True,False,False,True,True,True,True,True,True,"[0, 0, 0, 0, 0, 0, 0, 0, 0, 0, 0]",1.0,21.05,0,0,4,1,"[3, 8, 4, -1, 8, -5, 0, -4, 6, -7, 1]","[0, 0, 16, 16, 1, 16, 0, 0]",True,1,1,True,False,True,True,0,"[('(0, 0, 0, 0, 0, 0, 0, 0, 0, 0, 0)', 1.0)]",False,False,False,True,False,0,0,False,0.020125375012867153,3.691698657348752e-05,0.00023570895427837968
8,11,17,84,True,True,True,True,True,True,False,False,True,True,True,True,True,True,"[0, 0, 0, 0, 0, 0, 0, 0, 0, 0, 0]",2.0,32.1,0,0,5,2,"[-6, -8, 6, 7, 7, -1, -6, 3, -3, 5, 2]","[1, 1, 1, 0, 0, 1, 16, 0]",True,1,1,True,False,True,True,0,"[('(0, 0, 0, 0, 0, 0, 0, 0, 0, 0, 0)', 2.0)]",False,False,False,True,False,0,0,False,0.02163466694764793,3.729196032509208e-05,0.00023337500169873238
8,11,17,86,False,False,False,False,True,True,True,True,False,False,True,True,True,True,"[0, 1, -1, 0, 0, 0, 0, 0, 0, 0, 0]",5.0,7105.25,7,0,8,5,"[-8, 5, 7, 5, -4, -5, -3, 3, 1, -3, 4]","[13, 2, 7, 4, 8, 9, 16, 12]",False,3,3,False,False,True,True,5,"[('(0, 0, 0, 0, 0, 0, 0, 0, 0, 0, 0)', 7.0), ('(0, 1, -1, 0, 0, 0, 0, 0, 0, 0, 0)', 5.0), ('(0, 1, 0, 0, 0, 0, 0, 0, 0, 0, 0)', 6.0)]",False,True,False,False,False,5,9,False,0.02076608396600932,8.679198799654841e-05,0.0005864169797860086
8,11,17,85,False,False,False,False,False,False,False,False,False,False,True,True,True,True,"[0, 0, 0, 0, 0, 0, 0, 0, 0, 0, 0]",4.0,7094.2,7,0,8,4,"[2, -1, 1, 2, 4, -1, -2, -5, -1, 2, -6]","[11, 2, 6, 1, 11, 10, 5, 5]",False,1,1,False,False,True,True,10,"[('(0, 0, 0, 0, 0, 0, 0, 0, 0, 0, 0)', 4.0)]",False,False,False,False,True,10,10,False,0.027060125023126602,3.745901631191373e-05,0.0002330829738639295
8,11,17,88,True,True,True,True,True,True,False,False,True,True,True,True,True,True,"[0, 0, 0, 0, 0, 0, 0, 0, 0, 0, 0]",2.0,12.1,0,0,4,2,"[2, -3, 3, -1, -7, 4, 1, 3, -5, 6, 7]","[16, 0, 1, 16, 0, 16, 0, 0]",True,1,1,True,False,True,True,0,"[('(0, 0, 0, 0, 0, 0, 0, 0, 0, 0, 0)', 2.0)]",False,False,False,True,False,0,0,False,0.021672707982361317,3.549997927621007e-05,0.00022116699256002903
8,11,17,87,True,True,True,True,True,True,False,False,True,True,True,True,True,True,"[0, 0, 0, 0, 0, 0, 0, 0, 0, 0, 0]",1.0,81.05,0,0,7,1,"[5, -4, -1, 4, -1, 0, -7, -8, 7, 3, 2]","[16, 1, 1, 1, 16, 0, 1, 1]",True,1,1,True,False,True,True,0,"[('(0, 0, 0, 0, 0, 0, 0, 0, 0, 0, 0)', 1.0)]",False,False,False,True,False,0,0,False,0.019381584017537534,3.724999260157347e-05,0.00023037503706291318
8,11,17,89,False,True,False,False,False,False,False,False,False,False,True,True,True,True,"[0, 0, 0, 0, 0, 0, 0, 0, 0, 0, 0]",5.0,6085.25,6,0,7,5,"[3, 4, 6, -1, -3, 5, -5, 9, -8, -6, 2]","[1, 15, 4, 10, 0, 12, 3, 10]",False,1,1,False,False,False,False,11,"[('(0, 0, 0, 0, 0, 0, 0, 0, 0, 0, 0)', 5.0)]",False,False,False,False,True,11,11,False,0.021422042045742273,3.6624958738684654e-05,0.00022612500470131636
8,11,17,92,True,True,True,True,True,True,False,False,True,True,True,True,True,True,"[0, 0, 0, 0, 0, 0, 0, 0, 0, 0, 0]",0.0,30.0,0,0,4,0,"[-6, -7, -4, -5, 3, -4, 3, 3, 6, 8, 8]","[16, 16, 0, 16, 0, 0, 0, 16]",True,1,1,True,False,True,True,0,"[('(0, 0, 0, 0, 0, 0, 0, 0, 0, 0, 0)', 0.0)]",False,False,False,True,False,0,0,False,0.013645708037074655,3.362499410286546e-05,0.0002129159984178841
8,11,17,91,True,True,True,True,True,True,False,False,True,True,True,True,True,True,"[0, 0, 0, 0, 0, 0, 0, 0, 0, 0, 0]",2.0,32.1,0,0,5,2,"[6, 2, -2, -7, 6, 4, -5, 3, 0, 5, 2]","[1, 1, 0, 1, 0, 0, 1, 16]",True,1,1,True,False,True,True,0,"[('(0, 0, 0, 0, 0, 0, 0, 0, 0, 0, 0)', 2.0)]",False,False,False,True,False,0,0,False,0.018046458018943667,3.720802487805486e-05,0.00023308303207159042
8,11,17,90,True,True,True,True,True,True,False,False,True,True,True,True,True,True,"[0, 0, 0, 0, 0, 0, 0, 0, 0, 0, 0]",2.0,32.1,0,0,5,2,"[-3, 7, -9, 3, 3, 5, -5, 6, 2, 7, 7]","[16, 0, 0, 1, 0, 16, 16, 16]",True,1,1,True,False,True,True,0,"[('(0, 0, 0, 0, 0, 0, 0, 0, 0, 0, 0)', 2.0)]",False,False,False,True,False,0,0,False,0.02437787503004074,3.4541008062660694e-05,0.00021787500008940697
8,11,17,93,True,True,True,True,True,True,False,False,True,True,True,True,True,True,"[0, 0, 0, 0, 0, 0, 0, 0, 0, 0, 0]",2.0,32.1,0,0,5,2,"[2, 4, 4, 2, -3, 1, -7, -5, 4, 2, 8]","[16, 1, 1, 0, 16, 0, 16, 0]",True,1,1,True,False,True,True,0,"[('(0, 0, 0, 0, 0, 0, 0, 0, 0, 0, 0)', 2.0)]",False,False,False,True,False,0,0,False,0.027115500008221716,3.524997737258673e-05,0.00022066704696044326
8,11,17,94,True,True,True,True,True,True,False,False,True,True,True,True,True,True,"[0, 0, 0, 0, 0, 0, 0, 0, 0, 0, 0]",2.0,52.1,0,0,6,2,"[0, 2, 3, 0, 7, 2, -5, -2, 5, -5, 7]","[1, 0, 16, 1, 0, 1, 1, 1]",True,1,1,True,False,True,True,0,"[('(0, 0, 0, 0, 0, 0, 0, 0, 0, 0, 0)', 2.0)]",False,False,False,True,False,0,0,False,0.022027083032298833,3.479100996628404e-05,0.00022966699907556176
8,11,17,97,False,True,False,False,False,False,False,False,False,False,True,True,True,True,"[0, 0, 0, 0, 0, 0, 0, 0, 0, 0, 0]",6.0,6116.3,6,0,8,6,"[9, 7, 6, -6, 8, -8, 2, 6, -9, -4, -2]","[13, 7, 1, 13, 5, 10, 16, 14]",False,2,2,False,True,False,False,9,"[('(0, 0, 0, 0, 0, 0, 0, 0, 0, 0, 0)', 6.0), ('(0, 0, 0, 0, 1, 0, 0, 0, 0, 0, 0)', 5.0)]",False,False,False,False,True,10,10,False,0.01579625002341345,6.033398676663637e-05,0.00040549994446337223
8,11,17,95,True,True,True,True,True,True,False,False,True,True,True,True,True,True,"[0, 0, 0, 0, 0, 0, 0, 0, 0, 0, 0]",1.0,41.05,0,0,5,1,"[4, 0, 2, 5, 7, 7, 4, 1, -8, 3, 3]","[16, 0, 16, 0, 1, 0, 16, 16]",True,1,1,True,False,True,True,0,"[('(0, 0, 0, 0, 0, 0, 0, 0, 0, 0, 0)', 1.0)]",False,False,False,True,False,0,0,False,0.025897542014718056,3.262498648837209e-05,0.00021133298287168145
8,11,17,98,False,False,False,False,True,True,True,True,False,False,True,True,True,True,"[0, 0, 0, 0, 0, 0, 0, 0, 0, 0, 0]",4.0,7094.2,7,0,8,4,"[-2, -3, 1, -4, -7, -4, 9, 3, -3, -4, -6]","[15, 1, 13, 8, 13, 5, 7, 15]",False,1,1,False,False,True,True,5,"[('(0, 0, 0, 0, 0, 0, 0, 0, 0, 0, 0)', 4.0)]",False,True,False,False,False,5,5,False,0.015475334017537534,3.287498839199543e-05,0.00020700000459328294
8,11,17,96,True,True,True,True,True,True,False,False,True,True,True,True,True,True,"[0, 0, 0, 0, 0, 0, 0, 0, 0, 0, 0]",3.0,23.15,0,0,3,3,"[2, 5, 5, 5, -8, -6, 7, 0, 7, -4, 0]","[16, 0, 1, 0, 1, 0, 0, 0]",True,1,1,True,False,True,True,0,"[('(0, 0, 0, 0, 0, 0, 0, 0, 0, 0, 0)', 3.0)]",False,False,False,True,False,0,0,False,0.024792750016786158,3.674998879432678e-05,0.0002340420032851398
8,11,17,99,False,False,False,False,False,False,False,False,False,False,True,True,True,True,"[0, 0, 0, 0, 0, 0, 0, 0, 0, 0, 0]",5.0,6105.25,6,0,8,5,"[7, 0, 0, 5, 4, -7, 3, -3, 5, -5, 8]","[12, 1, 4, 3, 11, 16, 13, 8]",False,1,1,False,False,False,False,12,"[('(0, 0, 0, 0, 0, 0, 0, 0, 0, 0, 0)', 5.0)]",False,False,False,False,True,12,12,False,0.017112125002313405,3.5375007428228855e-05,0.00022041704505681992
9,12,17,0,False,False,False,False,False,False,False,False,False,False,True,True,True,True,"[0, 0, 0, 0, 0, 0, 0, 0, 0, 0, 0, 0]",4.0,9114.2,9,0,9,4,"[3, 3, -2, 5, -5, 2, -4, -9, -7, 6, -6, -2]","[4, 6, 2, 3, 3, 10, 3, 4, 14]",False,1,1,False,False,False,False,10,"[('(0, 0, 0, 0, 0, 0, 0, 0, 0, 0, 0, 0)', 4.0)]",False,False,False,False,True,10,10,False,0.029811832995619625,4.5249995309859514e-05,0.0002988330088555813
9,12,17,3,False,True,False,False,False,False,False,False,False,False,True,True,True,True,"[0, 0, 0, 0, 0, 0, 0, 0, 0, 0, 0, 0]",5.0,6105.25,6,0,8,5,"[2, 8, -5, 3, -8, -7, 5, -7, 5, 5, -2, -5]","[0, 1, 2, 15, 9, 12, 1, 3, 2]",False,1,1,False,False,False,False,7,"[('(0, 0, 0, 0, 0, 0, 0, 0, 0, 0, 0, 0)', 5.0)]",False,False,False,False,True,7,7,False,0.028314166993368417,4.4042011722922325e-05,0.00029808300314471126
9,12,17,1,False,True,False,False,False,False,False,False,False,False,True,True,True,True,"[0, 0, 0, 0, 0, 0, 0, 0, 0, 0, 0, 0]",4.0,7094.2,7,0,8,4,"[-3, -4, 0, -6, 7, -3, -7, -8, -8, 0, -2, -3]","[2, 4, 0, 3, 5, 6, 1, 10, 14]",False,1,1,False,False,False,False,6,"[('(0, 0, 0, 0, 0, 0, 0, 0, 0, 0, 0, 0)', 4.0)]",False,False,False,False,True,6,6,False,0.03127425001002848,4.283303860574961e-05,0.0002928749890998006
9,12,17,2,False,False,False,False,False,False,False,False,False,False,True,True,True,True,"[0, 0, 0, 0, 0, 0, 0, 0, 0, 0, 0, 0]",4.0,8094.2,8,0,8,4,"[4, 5, -2, 6, 3, -2, -8, 6, -5, -8, 5, -7]","[7, 8, 14, 6, 5, 15, 13, 0, 14]",False,1,1,False,False,False,True,10,"[('(0, 0, 0, 0, 0, 0, 0, 0, 0, 0, 0, 0)', 4.0)]",False,False,False,False,True,10,10,False,0.022383167000953108,9.612500434741378e-05,0.0006052919779904187
9,12,17,4,True,False,True,True,True,True,False,False,True,True,True,True,True,True,"[0, 0, 0, 0, 0, 0, 0, 0, 0, 0, 0, 0]",4.0,14.2,0,0,4,4,"[1, -3, -4, 9, 0, 7, -8, -1, 0, -6, -7, 3]","[1, 0, 0, 0, 1, 0, 0, 1, 1]",True,1,1,True,False,False,True,0,"[('(0, 0, 0, 0, 0, 0, 0, 0, 0, 0, 0, 0)', 4.0)]",False,False,False,True,False,0,0,False,0.02843791601480916,4.46249614469707e-05,0.000281207961961627
9,12,17,6,True,True,True,True,True,True,False,False,True,True,True,True,True,True,"[0, 0, 0, 0, 0, 0, 0, 0, 0, 0, 0, 0]",2.0,12.1,0,0,4,2,"[3, -2, 2, 5, -8, -8, -2, -2, 3, 0, -1, -6]","[16, 0, 1, 16, 0, 0, 0, 0, 1]",True,1,1,True,False,True,True,0,"[('(0, 0, 0, 0, 0, 0, 0, 0, 0, 0, 0, 0)', 2.0)]",False,False,False,True,False,0,0,False,0.0234647499746643,3.708299482241273e-05,0.00024312501773238182
9,12,17,5,True,True,True,True,True,True,False,False,True,True,True,True,True,True,"[0, 0, 0, 0, 0, 0, 0, 0, 0, 0, 0, 0]",1.0,41.05,0,0,3,1,"[1, -5, 1, -1, 4, -6, 5, 7, -1, -7, -5, 1]","[0, 1, 0, 16, 0, 0, 0, 0, 16]",True,1,1,True,False,True,True,0,"[('(0, 0, 0, 0, 0, 0, 0, 0, 0, 0, 0, 0)', 1.0)]",False,False,False,True,False,0,0,False,0.027223916025832295,4.229199839755893e-05,0.0002674160059541464
9,12,17,7,True,True,True,True,True,True,False,False,True,True,True,True,True,True,"[0, 0, 0, 0, 0, 0, 0, 0, 0, 0, 0, 0]",2.0,32.1,0,0,3,2,"[-7, -7, -6, -8, 2, -1, 5, 4, -5, 6, 0, 5]","[0, 16, 1, 0, 1, 0, 0, 0, 0]",True,1,1,True,False,True,True,0,"[('(0, 0, 0, 0, 0, 0, 0, 0, 0, 0, 0, 0)', 2.0)]",False,False,False,True,False,0,0,False,0.03030737495282665,3.787502646446228e-05,0.0002533330116420984
9,12,17,8,False,True,False,False,True,True,True,True,False,False,True,True,True,True,"[0, 0, 0, 0, 0, 0, 0, 0, 0, 0, 0, 0]",2.0,7092.1,7,0,8,2,"[2, 8, 1, -6, 3, -7, 7, -3, -7, 7, -4, 6]","[6, 3, 16, 2, 4, 2, 0, 2, 8]",False,1,1,False,False,False,True,4,"[('(0, 0, 0, 0, 0, 0, 0, 0, 0, 0, 0, 0)', 2.0)]",False,True,False,False,False,4,4,False,0.030538582999724895,4.1834020521491766e-05,0.00026595802046358585
9,12,17,9,True,True,True,True,True,True,False,False,True,True,True,True,True,True,"[0, 0, 0, 0, 0, 0, 0, 0, 0, 0, 0, 0]",3.0,43.15,0,0,6,3,"[6, 5, -7, -2, 4, -2, -4, -8, -4, 6, 0, -3]","[1, 16, 0, 16, 16, 16, 1, 0, 0]",True,1,1,True,False,True,True,0,"[('(0, 0, 0, 0, 0, 0, 0, 0, 0, 0, 0, 0)', 3.0)]",False,False,False,True,False,0,0,False,0.02901141601614654,3.724999260157347e-05,0.0002501659910194576
9,12,17,11,False,False,False,False,False,False,False,False,False,False,True,True,True,True,"[0, 0, 0, 0, 0, 0, 0, 0, 0, 0, 0, 0]",3.0,5083.15,5,0,8,3,"[4, 2, -7, -1, 2, 9, 1, -2, -6, -3, 8, 0]","[12, 16, 12, 16, 10, 5, 7, 0, 1]",False,1,1,False,False,True,True,12,"[('(0, 0, 0, 0, 0, 0, 0, 0, 0, 0, 0, 0)', 3.0)]",False,False,False,False,True,12,12,False,0.024504958011675626,3.7375022657215595e-05,0.00025275000371038914
9,12,17,10,True,True,True,True,True,True,False,False,True,True,True,True,True,True,"[0, 0, 0, 0, 0, 0, 0, 0, 0, 0, 0, 0]",1.0,21.05,0,0,4,1,"[0, 3, 1, -3, -6, -7, 7, 7, 8, -1, -2, -2]","[1, 1, 0, 0, 0, 0, 0, 1, 16]",True,1,1,True,False,True,True,0,"[('(0, 0, 0, 0, 0, 0, 0, 0, 0, 0, 0, 0)', 1.0)]",False,False,False,True,False,0,0,False,0.033157165977172554,8.320901542901993e-05,0.0005464169662445784
9,12,17,12,False,False,False,False,False,False,False,False,False,False,True,True,True,True,"[0, 0, 0, 0, 0, 0, 0, 0, 0, 0, 0, 0]",4.0,9114.2,9,0,9,4,"[-6, -8, 7, -6, 6, -3, 8, -2, -5, -4, -7, 0]","[5, 3, 5, 15, 4, 9, 7, 4, 14]",False,1,1,False,False,False,True,6,"[('(0, 0, 0, 0, 0, 0, 0, 0, 0, 0, 0, 0)', 4.0)]",False,False,False,False,True,6,6,False,0.026648457976989448,3.966700751334429e-05,0.0002574169775471091
9,12,17,13,True,True,True,True,True,True,False,False,True,True,True,True,True,True,"[0, 0, 0, 0, 0, 0, 0, 0, 0, 0, 0, 0]",3.0,23.15,0,0,3,3,"[-7, 3, 1, 8, -7, 2, 5, 1, 3, -1, -1, -8]","[0, 0, 16, 0, 0, 16, 0, 0, 1]",True,1,1,True,False,True,True,0,"[('(0, 0, 0, 0, 0, 0, 0, 0, 0, 0, 0, 0)', 3.0)]",False,False,False,True,False,0,0,False,0.03404495900031179,3.7416990380734205e-05,0.00025275000371038914
9,12,17,14,False,False,False,False,False,False,False,False,False,False,True,True,True,True,"[0, 0, 0, 0, 0, 0, 0, 0, 0, 0, 0, 0]",6.0,8086.3,7,1,8,3,"[5, 2, -8, -5, 1, 7, 2, 0, -2, -6, 0, 2]","[1, 3, 13, 0, 9, 7, 9, 9, 4]",False,1,1,False,False,False,False,10,"[('(0, 0, 0, 0, 0, 0, 0, 0, 0, 0, 0, 0)', 6.0)]",False,False,False,False,True,10,10,False,0.02917225001147017,3.5999983083456755e-05,0.00024083297466859221
9,12,17,15,False,True,False,True,False,False,False,False,False,False,True,True,True,True,"[0, 0, 0, 0, 0, 0, 0, 0, 0, 0, 0, 0]",4.0,8114.2,8,0,9,4,"[8, -8, -3, -8, -2, 3, -2, -1, 5, 7, 6, -1]","[16, 5, 6, 10, 13, 11, 6, 7, 3]",False,1,1,False,False,False,False,9,"[('(0, 0, 0, 0, 0, 0, 0, 0, 0, 0, 0, 0)', 4.0)]",False,False,False,False,True,9,9,False,0.031595250009559095,3.970798570662737e-05,0.0002685830113478005
9,12,17,18,True,True,True,True,True,True,False,False,True,True,True,True,True,True,"[0, 0, 0, 0, 0, 0, 0, 0, 0, 0, 0, 0]",0.0,30.0,0,0,4,0,"[6, 0, -7, -5, -5, 2, 5, 5, 2, 3, 4, 6]","[0, 16, 1, 1, 1, 0, 0, 0, 0]",True,1,1,True,False,True,True,0,"[('(0, 0, 0, 0, 0, 0, 0, 0, 0, 0, 0, 0)', 0.0)]",False,False,False,True,False,0,0,False,0.028583040984813124,3.63329891115427e-05,0.00024829100584611297
9,12,17,17,True,True,True,True,True,True,False,False,True,True,True,True,True,True,"[0, 0, 0, 0, 0, 0, 0, 0, 0, 0, 0, 0]",0.0,50.0,0,0,5,0,"[3, 3, 3, -7, 1, 1, -4, -5, -5, 2, -6, 8]","[0, 0, 16, 16, 16, 16, 16, 0, 0]",True,1,1,True,False,True,True,0,"[('(0, 0, 0, 0, 0, 0, 0, 0, 0, 0, 0, 0)', 0.0)]",False,False,False,True,False,0,0,False,0.038853916979860514,8.341699140146375e-05,0.0005463749985210598
9,12,17,19,False,False,False,False,False,False,False,False,False,False,True,True,True,True,"[0, 0, 0, 0, 0, 0, 0, 0, 0, 0, 0, 0]",5.0,8125.25,8,0,9,5,"[4, -1, 7, 1, -6, 1, -7, 1, -4, 1, -1, -5]","[8, 9, 1, 14, 9, 8, 7, 4, 5]",False,1,1,False,False,False,False,7,"[('(0, 0, 0, 0, 0, 0, 0, 0, 0, 0, 0, 0)', 5.0)]",False,False,False,False,True,7,7,False,0.028344249993097037,3.512500552460551e-05,0.00024287495762109756
9,12,17,20,False,True,False,False,False,False,False,False,False,False,True,True,True,True,"[0, 0, 0, 0, 0, 0, 0, 0, 0, 0, 0, 0]",4.0,8094.2,8,0,8,4,"[-7, -9, 5, -3, 2, 1, 8, 1, -9, -8, 4, 6]","[5, 9, 2, 0, 11, 11, 12, 6, 4]",False,1,1,False,False,False,True,10,"[('(0, 0, 0, 0, 0, 0, 0, 0, 0, 0, 0, 0)', 4.0)]",False,False,False,False,True,10,10,False,0.02225500001804903,3.750005271285772e-05,0.0002478330279700458
9,12,17,16,False,False,False,False,False,False,False,False,False,False,True,True,True,True,"[0, 0, 0, 0, 0, 0, 0, 0, 0, 0, 0, 0]",6.0,7106.3,6,1,9,3,"[-6, 4, 3, 1, 2, -5, 1, -6, 2, -1, -2, 2]","[4, 5, 16, 13, 1, 11, 9, 16, 9]",False,1,1,False,False,False,False,10,"[('(0, 0, 0, 0, 0, 0, 0, 0, 0, 0, 0, 0)', 6.0)]",False,False,False,False,True,10,10,False,0.03947362495819107,3.6457960959523916e-05,0.000241084024310112
9,12,17,22,True,True,True,True,True,True,False,False,True,True,True,True,True,True,"[0, 0, 0, 0, 0, 0, 0, 0, 0, 0, 0, 0]",1.0,21.05,0,0,4,1,"[8, -8, 7, -1, 6, -8, 4, -1, 1, 7, 2, -8]","[1, 1, 0, 0, 0, 0, 0, 16, 16]",True,1,1,True,False,True,True,0,"[('(0, 0, 0, 0, 0, 0, 0, 0, 0, 0, 0, 0)', 1.0)]",False,False,False,True,False,0,0,False,0.022596166003495455,4.0499959141016006e-05,0.0002639580052345991
9,12,17,21,True,True,True,True,True,True,False,False,True,True,True,True,True,True,"[0, 0, 0, 0, 0, 0, 0, 0, 0, 0, 0, 0]",1.0,41.05,0,0,5,1,"[-5, 0, 5, 5, 7, -3, -4, -4, -3, 0, -3, -2]","[0, 0, 1, 16, 16, 16, 0, 1, 0]",True,1,1,True,False,True,True,0,"[('(0, 0, 0, 0, 0, 0, 0, 0, 0, 0, 0, 0)', 1.0)]",False,False,False,True,False,0,0,False,0.030672207998577505,8.554098894819617e-05,0.0005533749936148524
9,12,17,23,True,True,True,True,True,True,False,False,True,True,True,True,True,True,"[0, 0, 0, 0, 0, 0, 0, 0, 0, 0, 0, 0]",2.0,12.1,0,0,4,2,"[-5, 0, 0, 8, 8, -5, 2, -8, -7, -1, 3, 7]","[1, 16, 0, 0, 16, 0, 1, 0, 0]",True,1,1,True,False,True,True,0,"[('(0, 0, 0, 0, 0, 0, 0, 0, 0, 0, 0, 0)', 2.0)]",False,False,False,True,False,0,0,False,0.024834625015500933,3.425002796575427e-05,0.00023820798378437757
9,12,17,24,True,True,True,True,True,True,False,False,True,True,True,True,True,True,"[0, 0, 0, 0, 0, 0, 0, 0, 0, 0, 0, 0]",2.0,12.1,0,0,4,2,"[-5, -7, -5, 5, -4, -8, 3, 2, 2, -4, -3, 9]","[0, 0, 1, 16, 0, 0, 16, 1, 0]",True,1,1,True,False,True,True,0,"[('(0, 0, 0, 0, 0, 0, 0, 0, 0, 0, 0, 0)', 2.0)]",False,False,False,True,False,0,0,False,0.025008667027577758,3.620801726356149e-05,0.00024458300322294235
9,12,17,25,True,True,True,True,True,True,False,False,True,True,True,True,True,True,"[0, 0, 0, 0, 0, 0, 0, 0, 0, 0, 0, 0]",3.0,23.15,0,0,5,3,"[-3, 1, -7, 6, 1, 7, 3, 5, 4, 5, -1, -8]","[0, 1, 16, 0, 0, 1, 16, 0, 16]",True,1,1,True,False,True,True,0,"[('(0, 0, 0, 0, 0, 0, 0, 0, 0, 0, 0, 0)', 3.0)]",False,False,False,True,False,0,0,False,0.02802529203472659,3.595795715227723e-05,0.00023633305681869388
9,12,17,26,True,True,True,True,True,True,False,False,True,True,True,True,True,True,"[0, 0, 0, 0, 0, 0, 0, 0, 0, 0, 0, 0]",2.0,12.1,0,0,4,2,"[7, 3, 5, 1, 1, -6, -7, 4, 2, 6, -7, -1]","[0, 1, 0, 0, 0, 0, 1, 16, 16]",True,1,1,True,False,True,True,0,"[('(0, 0, 0, 0, 0, 0, 0, 0, 0, 0, 0, 0)', 2.0)]",False,False,False,True,False,0,0,False,0.02823066699784249,3.674998879432678e-05,0.00024912500521168113
9,12,17,28,False,False,False,False,False,False,False,False,False,False,True,True,True,True,"[0, 0, 0, 0, 0, 0, 0, 0, 0, 0, 0, 0]",3.0,9103.15,9,0,9,3,"[-2, 3, 2, -9, -6, -4, 3, -4, -6, 2, 5, 0]","[10, 10, 3, 7, 6, 2, 12, 2, 7]",False,1,1,False,False,True,True,9,"[('(0, 0, 0, 0, 0, 0, 0, 0, 0, 0, 0, 0)', 3.0)]",False,False,False,False,True,9,9,False,0.02281262498581782,3.429100615903735e-05,0.00023437495110556483
9,12,17,27,True,True,True,True,True,True,False,False,True,True,True,True,True,True,"[0, 0, 0, 0, 0, 0, 0, 0, 0, 0, 0, 0]",1.0,41.05,0,0,5,1,"[2, -4, 8, 1, 1, 2, 4, -6, -2, -1, 6, 2]","[16, 0, 1, 1, 16, 0, 1, 0, 0]",True,1,1,True,False,True,True,0,"[('(0, 0, 0, 0, 0, 0, 0, 0, 0, 0, 0, 0)', 1.0)]",False,False,False,True,False,0,0,False,0.031331000034697354,3.6582991015166044e-05,0.0002450409810990095
9,12,17,29,False,True,False,False,False,False,False,False,False,False,True,True,True,True,"[0, 0, 0, 0, 0, 0, 0, 0, 0, 0, 0, 0]",3.0,7103.15,7,0,9,3,"[2, -3, 1, -7, -4, -4, 8, -6, -5, 6, -6, 2]","[11, 4, 5, 1, 14, 5, 14, 16, 12]",False,1,1,False,False,False,True,6,"[('(0, 0, 0, 0, 0, 0, 0, 0, 0, 0, 0, 0)', 3.0)]",False,False,False,False,True,6,6,False,0.03248999995412305,3.587501123547554e-05,0.00023799994960427284
9,12,17,30,True,True,True,True,True,True,False,False,True,True,True,True,True,True,"[0, 0, 0, 0, 0, 0, 0, 0, 0, 0, 0, 0]",3.0,3.15,0,0,4,3,"[2, -9, -8, 2, 1, 8, 6, 2, -8, 0, -3, 7]","[16, 0, 16, 0, 16, 0, 0, 0, 1]",True,1,1,True,False,True,True,0,"[('(0, 0, 0, 0, 0, 0, 0, 0, 0, 0, 0, 0)', 3.0)]",False,False,False,True,False,0,0,False,0.028832666983362287,3.508297959342599e-05,0.00023383297957479954
9,12,17,31,True,True,True,True,True,True,False,False,True,True,True,True,True,True,"[0, 0, 0, 0, 0, 0, 0, 0, 0, 0, 0, 0]",1.0,21.05,0,0,4,1,"[0, 3, 4, 0, 2, -2, 8, 6, -8, -6, -1, 8]","[1, 0, 0, 0, 0, 1, 0, 1, 1]",True,1,1,True,False,True,True,0,"[('(0, 0, 0, 0, 0, 0, 0, 0, 0, 0, 0, 0)', 1.0)]",False,False,False,True,False,0,0,False,0.03073783399304375,3.516697324812412e-05,0.0002442080294713378
9,12,17,32,False,False,False,False,True,True,True,True,False,False,True,True,True,True,"[0, 0, 0, 0, 0, 0, 0, 0, 0, 0, 0, 0]",4.0,7114.2,7,0,9,4,"[-8, 7, 0, 8, -1, -9, 7, 6, -3, -1, -6, -6]","[14, 2, 2, 16, 13, 1, 7, 13, 10]",False,1,1,False,False,True,True,4,"[('(0, 0, 0, 0, 0, 0, 0, 0, 0, 0, 0, 0)', 4.0)]",False,True,False,False,False,4,4,False,0.029794166970532387,3.424996975809336e-05,0.0002295409794896841
9,12,17,33,True,True,True,True,True,True,False,False,True,True,True,True,True,True,"[0, 0, 0, 0, 0, 0, 0, 0, 0, 0, 0, 0]",3.0,23.15,0,0,3,3,"[-5, -2, -1, -3, -7, 8, 2, 3, -6, -5, 2, 3]","[16, 0, 16, 0, 0, 1, 0, 0, 0]",True,1,1,True,False,True,True,0,"[('(0, 0, 0, 0, 0, 0, 0, 0, 0, 0, 0, 0)', 3.0)]",False,False,False,True,False,0,0,False,0.030359625001437962,3.787502646446228e-05,0.0002577919512987137
9,12,17,34,True,False,True,True,True,True,False,False,True,True,True,True,True,True,"[0, 0, 0, 0, 0, 0, 0, 0, 0, 0, 0, 0]",4.0,34.2,0,0,3,4,"[-7, -6, 0, 6, 7, -7, -8, 1, 0, 4, -5, -2]","[0, 16, 0, 0, 0, 1, 0, 16, 0]",True,1,1,True,False,False,False,0,"[('(0, 0, 0, 0, 0, 0, 0, 0, 0, 0, 0, 0)', 4.0)]",False,False,False,True,False,0,0,False,0.02550629200413823,3.579101758077741e-05,0.00023929099552333355
9,12,17,35,True,True,True,True,True,True,False,False,True,True,True,True,True,True,"[0, 0, 0, 0, 0, 0, 0, 0, 0, 0, 0, 0]",2.0,52.1,0,0,6,2,"[-7, 8, -3, 6, -3, -5, -8, -1, -3, 3, 5, -1]","[1, 0, 16, 1, 16, 1, 0, 1, 0]",True,1,1,True,False,True,True,0,"[('(0, 0, 0, 0, 0, 0, 0, 0, 0, 0, 0, 0)', 2.0)]",False,False,False,True,False,0,0,False,0.03588516596937552,9.616697207093239e-05,0.00028329098131507635
9,12,17,37,True,True,True,True,True,True,False,False,True,True,True,True,True,True,"[0, 0, 0, 0, 0, 0, 0, 0, 0, 0, 0, 0]",1.0,41.05,0,0,5,1,"[6, 7, 3, -1, -4, -7, 1, 2, 2, 8, 7, -1]","[0, 16, 0, 16, 1, 1, 0, 16, 0]",True,1,1,True,False,True,True,0,"[('(0, 0, 0, 0, 0, 0, 0, 0, 0, 0, 0, 0)', 1.0)]",False,False,False,True,False,0,0,False,0.025098374986555427,8.187501225620508e-05,0.0005442500114440918
9,12,17,36,False,False,False,False,True,True,True,True,False,False,True,True,True,True,"[0, 0, 0, 0, 0, 0, 0, 0, 0, 0, 0, 0]",3.0,9103.15,9,0,9,3,"[0, -4, 6, 0, 8, -7, 0, 7, -8, -1, 8, 0]","[9, 15, 6, 12, 4, 9, 8, 12, 12]",False,1,1,False,False,True,True,6,"[('(0, 0, 0, 0, 0, 0, 0, 0, 0, 0, 0, 0)', 3.0)]",False,True,False,False,False,6,6,False,0.025835332984570414,3.733299672603607e-05,0.0002501250128261745
9,12,17,39,True,True,True,True,True,True,False,False,True,True,True,True,True,True,"[0, 0, 0, 0, 0, 0, 0, 0, 0, 0, 0, 0]",1.0,41.05,0,0,5,1,"[2, 1, 2, 0, 7, -4, -3, -8, -1, 8, 4, -5]","[0, 1, 0, 0, 16, 16, 0, 1, 16]",True,1,1,True,False,True,True,0,"[('(0, 0, 0, 0, 0, 0, 0, 0, 0, 0, 0, 0)', 1.0)]",False,False,False,True,False,0,0,False,0.023766208032611758,3.9082951843738556e-05,0.0002655829885043204
9,12,17,38,True,True,True,True,True,True,False,False,True,True,True,True,True,True,"[0, 0, 0, 0, 0, 0, 0, 0, 0, 0, 0, 0]",2.0,32.1,0,0,5,2,"[6, 0, 1, 4, 8, 1, -8, -2, 6, 1, -3, 6]","[1, 0, 0, 16, 0, 16, 1, 1, 0]",True,1,1,True,False,True,True,0,"[('(0, 0, 0, 0, 0, 0, 0, 0, 0, 0, 0, 0)', 2.0)]",False,False,False,True,False,0,0,False,0.03774479194544256,8.662504842504859e-05,0.0005691249971278012
9,12,17,42,False,True,False,False,False,False,False,False,False,False,True,True,True,True,"[0, 0, 0, 0, 0, 0, 0, 0, 0, 0, 0, 0]",4.0,8114.2,8,0,9,4,"[-9, 1, 6, 5, 0, -3, -6, -1, -7, 8, -6, 0]","[4, 13, 11, 4, 6, 11, 14, 1, 3]",False,1,1,False,False,False,False,8,"[('(0, 0, 0, 0, 0, 0, 0, 0, 0, 0, 0, 0)', 4.0)]",False,False,False,False,True,8,8,False,0.025673708005342633,8.90420051291585e-05,0.0005996249965392053
9,12,17,40,False,True,False,True,False,False,False,False,False,False,True,True,True,True,"[0, 0, 0, 0, 0, 0, 0, 0, 0, 0, 0, 0]",5.0,7105.25,7,0,8,5,"[1, 5, -3, 3, -1, 2, -3, 6, -8, -3, -2, -4]","[2, 8, 10, 14, 16, 4, 11, 0, 12]",False,1,1,False,False,False,False,9,"[('(0, 0, 0, 0, 0, 0, 0, 0, 0, 0, 0, 0)', 5.0)]",False,False,False,False,True,9,9,False,0.028954332985449582,5.179096478968859e-05,0.0002850419841706753
9,12,17,43,False,False,False,False,False,False,False,False,False,False,True,True,True,True,"[0, 0, 0, 0, 0, 0, 0, 0, 0, 0, -1, 0]",4.0,4074.2,4,0,7,4,"[8, 4, 8, 7, -6, -2, 7, -1, 7, -9, 4, -9]","[0, 0, 6, 8, 1, 1, 16, 9, 4]",False,2,2,False,True,True,True,9,"[('(0, 0, 0, 0, 0, 0, 0, 0, 0, 0, 0, 0)', 5.0), ('(0, 0, 0, 0, 0, 0, 0, 0, 0, 0, -1, 0)', 4.0)]",False,False,False,False,True,16,9,True,0.02534983301302418,6.90409797243774e-05,0.0004906249814666808
9,12,17,41,False,False,False,False,True,True,True,True,False,False,True,True,True,True,"[0, 0, 0, 0, 0, 0, 0, 0, 0, 0, 0, 0]",5.0,7125.25,7,0,9,5,"[-2, 1, 5, 7, -4, 2, -2, -6, 2, 2, -4, 5]","[16, 7, 6, 6, 9, 6, 16, 2, 10]",False,1,1,False,False,False,False,8,"[('(0, 0, 0, 0, 0, 0, 0, 0, 0, 0, 0, 0)', 5.0)]",False,True,False,False,False,8,8,False,0.03761433297768235,3.9834005292505026e-05,0.00029499997617676854
9,12,17,45,False,True,False,False,False,False,False,False,False,False,True,True,True,True,"[0, 0, 0, 0, 0, 0, 0, 0, 0, 0, 0, 0]",6.0,6066.3,5,1,7,3,"[4, -2, 7, 9, -8, -2, 6, 3, -4, -4, -6, 7]","[3, 16, 14, 10, 0, 3, 14, 0, 1]",False,1,1,False,False,False,False,8,"[('(0, 0, 0, 0, 0, 0, 0, 0, 0, 0, 0, 0)', 6.0)]",False,False,False,False,True,8,8,False,0.022113542014267296,4.2208004742860794e-05,0.0002835830091498792
9,12,17,44,True,True,True,True,True,True,False,False,True,True,True,True,True,True,"[0, 0, 0, 0, 0, 0, 0, 0, 0, 0, 0, 0]",2.0,52.1,0,0,2,2,"[2, -5, 1, -5, -2, 6, 7, 6, -5, -8, -7, 5]","[0, 0, 1, 0, 16, 0, 0, 0, 0]",True,1,1,True,False,True,True,0,"[('(0, 0, 0, 0, 0, 0, 0, 0, 0, 0, 0, 0)', 2.0)]",False,False,False,True,False,0,0,False,0.035476625023875386,4.5082997530698776e-05,0.0002792919985949993
9,12,17,47,False,False,False,False,False,False,False,False,False,False,True,True,True,True,"[0, 0, 0, 0, 0, 0, 0, 0, 0, 0, 0, 0]",4.0,7094.2,7,0,8,4,"[1, 5, -1, -4, -8, 4, 3, 1, 1, 2, 6, -8]","[4, 15, 9, 5, 16, 2, 11, 15, 0]",False,1,1,False,False,False,True,14,"[('(0, 0, 0, 0, 0, 0, 0, 0, 0, 0, 0, 0)', 4.0)]",False,False,False,False,True,14,14,False,0.02799641597084701,4.39169816672802e-05,0.0002894579665735364
9,12,17,46,False,True,True,True,True,True,True,True,False,True,True,True,True,True,"[0, -1, 0, 0, 0, 0, 0, 0, 0, 0, 0, 0]",4.0,14.2,0,0,4,4,"[6, -4, 5, 6, 3, 6, 2, 6, 6, -5, -4, 3]","[16, 0, 0, 0, 16, 0, 1, 0, 1]",True,2,2,True,True,True,True,0,"[('(0, 0, 0, 0, 0, 0, 0, 0, 0, 0, 0, 0)', 5.0), ('(0, -1, 0, 0, 0, 0, 0, 0, 0, 0, 0, 0)', 4.0)]",True,False,False,True,False,5,0,True,0.034518125001341105,0.00020299997413530946,0.0005324999801814556
9,12,17,48,False,False,False,False,False,False,False,False,False,False,True,True,True,True,"[0, 0, 0, 0, 0, 0, 0, 0, -1, 0, 0, 0]",5.0,8125.25,8,0,9,5,"[7, -9, 7, -1, 6, -3, 2, 5, 1, -3, 2, 4]","[5, 2, 1, 7, 13, 6, 5, 5, 8]",False,2,2,False,False,False,False,10,"[('(0, 0, 0, 0, 0, 0, 0, 0, 0, 0, 0, 0)', 6.0), ('(0, 0, 0, 0, 0, 0, 0, 0, -1, 0, 0, 0)', 5.0)]",False,False,False,False,True,10,11,False,0.027943374996539205,7.120799273252487e-05,0.0005007919971831143
9,12,17,50,True,True,True,True,True,True,False,False,True,True,True,True,True,True,"[0, 0, 0, 0, 0, 0, 0, 0, 0, 0, 0, 0]",1.0,41.05,0,0,5,1,"[-6, -2, 7, -3, 2, 2, 2, -8, -2, -3, 3, 4]","[0, 0, 0, 1, 0, 16, 1, 1, 16]",True,1,1,True,False,True,True,0,"[('(0, 0, 0, 0, 0, 0, 0, 0, 0, 0, 0, 0)', 1.0)]",False,False,False,True,False,0,0,False,0.02547816699370742,4.962499951943755e-05,0.00027833401691168547
9,12,17,49,True,True,True,True,True,True,False,False,True,True,True,True,True,True,"[0, 0, 0, 0, 0, 0, 0, 0, 0, 0, 0, 0]",2.0,52.1,0,0,6,2,"[4, -5, -1, 5, 8, 7, 4, -6, -7, 6, -4, -1]","[16, 1, 16, 1, 1, 0, 0, 0, 16]",True,1,1,True,False,True,True,0,"[('(0, 0, 0, 0, 0, 0, 0, 0, 0, 0, 0, 0)', 2.0)]",False,False,False,True,False,0,0,False,0.026907375024165958,4.229199839755893e-05,0.00027829199098050594
9,12,17,52,True,True,True,True,True,True,False,False,True,True,True,True,True,True,"[0, 0, 0, 0, 0, 0, 0, 0, 0, 0, 0, 0]",2.0,32.1,0,0,3,2,"[3, 4, -5, 1, -3, 7, 7, -2, 0, -1, 8, -1]","[0, 0, 0, 1, 1, 0, 16, 0, 0]",True,1,1,True,False,True,True,0,"[('(0, 0, 0, 0, 0, 0, 0, 0, 0, 0, 0, 0)', 2.0)]",False,False,False,True,False,0,0,False,0.031014040985610336,4.2041996493935585e-05,0.00026349996915087104
9,12,17,51,False,True,False,False,False,False,False,False,False,False,True,True,True,True,"[0, 0, 0, 0, 0, 0, 0, 0, 0, 0, 0, 0]",7.0,7127.35,7,0,8,7,"[-7, -3, -6, 1, 3, -6, 4, 7, -6, -1, -1, -2]","[1, 14, 12, 11, 12, 0, 14, 3, 4]",False,1,1,False,False,False,False,10,"[('(0, 0, 0, 0, 0, 0, 0, 0, 0, 0, 0, 0)', 7.0)]",False,False,False,False,True,10,10,False,0.03293375001521781,4.4042011722922325e-05,0.00027362495893612504
9,12,17,53,True,True,True,True,True,True,False,False,True,True,True,True,True,True,"[0, 0, 0, 0, 0, 0, 0, 0, 0, 0, 0, 0]",1.0,61.05,0,0,2,1,"[3, 0, 9, 5, 0, -2, -4, -4, 8, 7, 2, 4]","[0, 0, 1, 0, 0, 0, 16, 0, 0]",True,1,1,True,False,True,True,0,"[('(0, 0, 0, 0, 0, 0, 0, 0, 0, 0, 0, 0)', 1.0)]",False,False,False,True,False,0,0,False,0.03195454104570672,4.437501775100827e-05,0.0002811250160448253
9,12,17,54,True,True,True,True,True,True,False,False,True,True,True,True,True,True,"[0, 0, 0, 0, 0, 0, 0, 0, 0, 0, 0, 0]",2.0,32.1,0,0,5,2,"[-3, 2, 7, -1, -4, 7, 0, -6, -1, 7, 5, -8]","[16, 0, 1, 0, 0, 1, 0, 16, 16]",True,1,1,True,False,True,True,0,"[('(0, 0, 0, 0, 0, 0, 0, 0, 0, 0, 0, 0)', 2.0)]",False,False,False,True,False,0,0,False,0.026639499992597848,4.5833003241568804e-05,0.00028241705149412155
9,12,17,55,False,True,True,True,True,True,True,True,False,True,True,True,True,True,"[0, 0, 0, 0, 0, 0, 0, 0, 1, 0, 0, 0]",3.0,23.15,0,0,3,3,"[8, 2, 7, 7, 0, 4, 8, 5, 0, 3, 8, 4]","[1, 0, 1, 0, 0, 16, 0, 0, 0]",True,2,2,True,True,True,True,0,"[('(0, 0, 0, 0, 0, 0, 0, 0, 0, 0, 0, 0)', 5.0), ('(0, 0, 0, 0, 0, 0, 0, 0, 1, 0, 0, 0)', 3.0)]",True,False,False,True,False,8,0,True,0.03425425000023097,7.191702025011182e-05,0.0005152079975232482
9,12,17,57,True,True,True,True,True,True,False,False,True,True,True,True,True,True,"[0, 0, 0, 0, 0, 0, 0, 0, 0, 0, 0, 0]",2.0,32.1,0,0,3,2,"[-1, 3, -3, -3, -7, -3, -6, 6, 0, 1, 5, -4]","[1, 0, 0, 0, 16, 0, 0, 16, 0]",True,1,1,True,False,True,True,0,"[('(0, 0, 0, 0, 0, 0, 0, 0, 0, 0, 0, 0)', 2.0)]",False,False,False,True,False,0,0,False,0.022472541022580117,3.9583013858646154e-05,0.0002636670251376927
9,12,17,56,False,True,False,False,False,False,False,False,False,False,True,True,True,True,"[0, 0, 0, 0, 0, 0, 0, 0, 0, 0, 0, 0]",5.0,8125.25,8,0,9,5,"[-1, 5, -2, -8, 0, 5, -1, 3, 7, 0, 0, -1]","[9, 14, 9, 16, 5, 6, 10, 12, 14]",False,1,1,False,False,False,False,8,"[('(0, 0, 0, 0, 0, 0, 0, 0, 0, 0, 0, 0)', 5.0)]",False,False,False,False,True,8,8,False,0.030912459013052285,4.191696643829346e-05,0.00027254101587459445
9,12,17,59,True,True,True,True,True,True,False,False,True,True,True,True,True,True,"[0, 0, 0, 0, 0, 0, 0, 0, 0, 0, 0, 0]",2.0,32.1,0,0,3,2,"[-3, 1, 8, 0, 2, 0, -3, -5, 5, -1, 6, -5]","[0, 0, 0, 0, 16, 0, 1, 16, 0]",True,1,1,True,False,True,True,0,"[('(0, 0, 0, 0, 0, 0, 0, 0, 0, 0, 0, 0)', 2.0)]",False,False,False,True,False,0,0,False,0.026475499966181815,4.2458006646484137e-05,0.00027483399026095867
9,12,17,58,True,True,True,True,True,True,False,False,True,True,True,True,True,True,"[0, 0, 0, 0, 0, 0, 0, 0, 0, 0, 0, 0]",4.0,74.2,0,0,7,4,"[7, -6, 7, 6, 7, 6, 4, 2, 5, 2, -6, -8]","[16, 1, 0, 16, 1, 1, 16, 16, 0]",True,1,1,True,False,True,True,0,"[('(0, 0, 0, 0, 0, 0, 0, 0, 0, 0, 0, 0)', 4.0)]",False,False,False,True,False,0,0,False,0.03204483294393867,4.033301956951618e-05,0.00027112499810755253
9,12,17,60,True,True,True,True,True,True,False,False,True,True,True,True,True,True,"[0, 0, 0, 0, 0, 0, 0, 0, 0, 0, 0, 0]",1.0,41.05,0,0,5,1,"[6, -3, 6, 5, 0, 8, -6, -1, 2, -3, 5, 4]","[16, 16, 16, 0, 16, 0, 16, 0, 0]",True,1,1,True,False,True,True,0,"[('(0, 0, 0, 0, 0, 0, 0, 0, 0, 0, 0, 0)', 1.0)]",False,False,False,True,False,0,0,False,0.02278399997157976,3.762502456083894e-05,0.0002513749641366303
9,12,17,61,False,False,False,False,False,False,False,False,False,False,True,True,True,True,"[0, 0, 0, 0, 0, 0, 0, 1, 0, 0, 0, 0]",4.0,8114.2,8,0,9,4,"[-6, 3, 1, -6, -5, 5, -1, 2, -6, -1, 5, -4]","[2, 7, 5, 12, 13, 2, 12, 1, 9]",False,2,2,False,False,False,True,8,"[('(0, 0, 0, 0, 0, 0, 0, 0, 0, 0, 0, 0)', 5.0), ('(0, 0, 0, 0, 0, 0, 0, 1, 0, 0, 0, 0)', 4.0)]",False,False,False,False,True,8,11,False,0.03135479200864211,6.920902524143457e-05,0.0004973330069333315
9,12,17,62,True,True,True,True,True,True,False,False,True,True,True,True,True,True,"[0, 0, 0, 0, 0, 0, 0, 0, 0, 0, 0, 0]",1.0,61.05,0,0,6,1,"[5, -2, -8, 0, 6, 3, -6, -5, 1, 7, 6, -6]","[16, 0, 16, 1, 0, 16, 0, 1, 1]",True,1,1,True,False,True,True,0,"[('(0, 0, 0, 0, 0, 0, 0, 0, 0, 0, 0, 0)', 1.0)]",False,False,False,True,False,0,0,False,0.02980416698846966,3.8457976188510656e-05,0.00025283300783485174
9,12,17,63,False,True,True,True,True,True,True,True,False,True,True,True,True,True,"[0, 0, 0, 0, 0, 0, 0, 1, 0, 0, 0, 0]",3.0,23.15,0,0,5,3,"[-4, -4, -8, 5, 0, 5, -5, -8, 0, -1, -2, 1]","[0, 16, 1, 16, 0, 16, 0, 16, 0]",True,2,2,True,True,True,True,0,"[('(0, 0, 0, 0, 0, 0, 0, 0, 0, 0, 0, 0)', 6.0), ('(0, 0, 0, 0, 0, 0, 0, 1, 0, 0, 0, 0)', 3.0)]",True,False,False,True,False,7,0,True,0.030518417013809085,7.033301517367363e-05,0.0005049579776823521
9,12,17,65,True,True,True,True,True,True,False,False,True,True,True,True,True,True,"[0, 0, 0, 0, 0, 0, 0, 0, 0, 0, 0, 0]",2.0,52.1,0,0,6,2,"[4, -2, 2, 2, 3, -8, -5, -4, 4, 5, 4, -4]","[16, 16, 1, 16, 0, 1, 0, 0, 1]",True,1,1,True,False,True,True,0,"[('(0, 0, 0, 0, 0, 0, 0, 0, 0, 0, 0, 0)', 2.0)]",False,False,False,True,False,0,0,False,0.03016712499083951,4.0207989513874054e-05,0.0002567500341683626
9,12,17,64,False,False,False,False,True,True,True,True,False,False,True,True,True,True,"[0, 0, 0, 0, 0, 0, 0, 0, 0, 0, 0, 0]",2.0,8112.1,8,0,9,2,"[-6, -7, -8, -8, -5, -4, 0, -4, -4, -9, -5, -8]","[9, 3, 7, 4, 2, 16, 11, 15, 4]",False,1,1,False,False,True,True,4,"[('(0, 0, 0, 0, 0, 0, 0, 0, 0, 0, 0, 0)', 2.0)]",False,True,False,False,False,4,4,False,0.03321383299771696,4.054099554196e-05,0.0002563329762779176
9,12,17,66,True,True,True,True,True,True,False,False,True,True,True,True,True,True,"[0, 0, 0, 0, 0, 0, 0, 0, 0, 0, 0, 0]",2.0,52.1,0,0,6,2,"[0, 3, 8, 7, -8, -8, -1, -1, -1, -6, 7, 5]","[1, 0, 16, 1, 0, 16, 16, 16, 0]",True,1,1,True,False,True,True,0,"[('(0, 0, 0, 0, 0, 0, 0, 0, 0, 0, 0, 0)', 2.0)]",False,False,False,True,False,0,0,False,0.0276609169668518,4.091596929356456e-05,0.000729332969058305
9,12,17,69,False,True,False,False,False,False,False,False,False,False,True,True,True,True,"[0, 0, 0, 0, 0, 0, 0, 0, 0, 0, 0, 0]",5.0,8125.25,8,0,9,5,"[-3, 4, 8, 3, -2, 1, -7, 6, 6, 7, -2, 3]","[11, 1, 12, 9, 12, 7, 8, 11, 6]",False,1,1,False,False,False,False,9,"[('(0, 0, 0, 0, 0, 0, 0, 0, 0, 0, 0, 0)', 5.0)]",False,False,False,False,True,9,9,False,0.020201084029395133,4.095898475497961e-05,0.00027245801175013185
9,12,17,68,True,True,True,True,True,True,False,False,True,True,True,True,True,True,"[0, 0, 0, 0, 0, 0, 0, 0, 0, 0, 0, 0]",2.0,12.1,0,0,4,2,"[6, 2, 0, -7, -8, 2, 6, 2, 2, 3, -4, -6]","[16, 0, 0, 0, 1, 0, 16, 16, 0]",True,1,1,True,False,True,True,0,"[('(0, 0, 0, 0, 0, 0, 0, 0, 0, 0, 0, 0)', 2.0)]",False,False,False,True,False,0,0,False,0.025262708018999547,3.6165991332381964e-05,0.00024258403573185205
9,12,17,67,False,False,False,False,False,False,False,False,False,False,True,True,True,True,"[0, 0, 0, 0, 0, 0, 0, 0, 0, 0, 0, 0]",4.0,8114.2,8,0,9,4,"[4, 7, -3, 3, 4, -2, 6, 1, 4, -7, 0, 4]","[4, 12, 13, 13, 2, 4, 1, 8, 13]",False,1,1,False,False,False,True,11,"[('(0, 0, 0, 0, 0, 0, 0, 0, 0, 0, 0, 0)', 4.0)]",False,False,False,False,True,11,11,False,0.03840633400250226,4.129100125283003e-05,0.0002767919795587659
9,12,17,70,False,True,True,True,True,True,True,True,False,True,True,True,True,True,"[0, 0, 0, 1, 0, 0, 0, 0, 0, 0, 0, 0]",4.0,14.2,0,0,4,4,"[-2, -2, 6, 4, 6, 1, 2, 3, -3, -8, -6, -8]","[1, 0, 0, 16, 1, 16, 0, 0, 0]",True,2,2,True,True,True,True,0,"[('(0, 0, 0, 0, 0, 0, 0, 0, 0, 0, 0, 0)', 5.0), ('(0, 0, 0, 1, 0, 0, 0, 0, 0, 0, 0, 0)', 4.0)]",True,False,False,True,False,5,0,True,0.03468433301895857,6.704102270305157e-05,0.0004919589846394956
9,12,17,73,True,False,True,True,True,True,False,False,True,True,True,True,True,True,"[0, 0, 0, 0, 0, 0, 0, 0, 0, 0, 0, 0]",2.0,12.1,0,0,4,2,"[-3, 3, 5, 2, 6, -6, -5, 5, 3, 2, 7, 2]","[16, 0, 16, 1, 0, 0, 0, 16, 0]",True,1,1,True,False,False,True,0,"[('(0, 0, 0, 0, 0, 0, 0, 0, 0, 0, 0, 0)', 2.0)]",False,False,False,True,False,0,0,False,0.021377000026404858,3.491598181426525e-05,0.00022916699526831508
9,12,17,71,False,False,False,False,False,False,False,False,False,False,True,True,True,True,"[0, 0, 0, 0, 0, 0, 0, 0, 0, 0, 0, 0]",3.0,7063.15,7,0,7,3,"[2, 5, 7, 0, -6, -8, -3, 4, 1, 3, -5, 4]","[0, 7, 7, 4, 3, 11, 0, 12, 12]",False,1,1,False,False,True,True,8,"[('(0, 0, 0, 0, 0, 0, 0, 0, 0, 0, 0, 0)', 3.0)]",False,False,False,False,True,8,8,False,0.03328808397054672,3.812497016042471e-05,0.0002624589833430946
9,12,17,72,False,False,False,False,False,False,False,False,False,False,True,True,True,True,"[0, 0, -1, 0, 0, 0, 0, 0, 0, 0, 0, 0]",6.0,6086.3,5,1,8,3,"[-9, 3, 4, -1, 0, 6, -2, 8, -5, -4, 3, 7]","[2, 5, 0, 1, 3, 1, 7, 16, 7]",False,2,2,False,False,False,False,7,"[('(0, 0, 0, 0, 0, 0, 0, 0, 0, 0, 0, 0)', 7.0), ('(0, 0, -1, 0, 0, 0, 0, 0, 0, 0, 0, 0)', 6.0)]",False,False,False,False,True,7,10,False,0.02721537498291582,6.66659907437861e-05,0.0004899170016869903
9,12,17,75,True,True,True,True,True,True,False,False,True,True,True,True,True,True,"[0, 0, 0, 0, 0, 0, 0, 0, 0, 0, 0, 0]",4.0,34.2,0,0,3,4,"[1, 4, 1, 2, 4, -4, -1, -5, 7, 8, 2, 2]","[1, 0, 0, 0, 16, 16, 0, 0, 0]",True,1,1,True,False,True,True,0,"[('(0, 0, 0, 0, 0, 0, 0, 0, 0, 0, 0, 0)', 4.0)]",False,False,False,True,False,0,0,False,0.024925040954258293,3.966700751334429e-05,0.0008384170359931886
9,12,17,74,True,True,True,True,True,True,False,False,True,True,True,True,True,True,"[0, 0, 0, 0, 0, 0, 0, 0, 0, 0, 0, 0]",1.0,61.05,0,0,6,1,"[5, 6, -3, -1, 2, -8, -7, -6, 4, 1, 9, 6]","[1, 1, 0, 0, 16, 0, 1, 16, 16]",True,1,1,True,False,True,True,0,"[('(0, 0, 0, 0, 0, 0, 0, 0, 0, 0, 0, 0)', 1.0)]",False,False,False,True,False,0,0,False,0.031603709037881345,4.1624996811151505e-05,0.00027374998899176717
9,12,17,76,True,True,True,True,True,True,False,False,True,True,True,True,True,True,"[0, 0, 0, 0, 0, 0, 0, 0, 0, 0, 0, 0]",2.0,32.1,0,0,5,2,"[-8, -4, -3, 8, -3, -6, 0, 1, 7, 0, -3, 5]","[0, 0, 1, 0, 1, 16, 16, 16, 0]",True,1,1,True,False,True,True,0,"[('(0, 0, 0, 0, 0, 0, 0, 0, 0, 0, 0, 0)', 2.0)]",False,False,False,True,False,0,0,False,0.02732950000790879,4.499999340623617e-05,0.00028074998408555984
9,12,17,77,False,False,False,False,False,False,False,False,False,False,True,True,True,True,"[0, 0, 0, 0, 0, 0, 0, 0, 0, 0, 0, 0]",4.0,8094.2,8,0,8,4,"[-2, -8, 0, 9, 1, 2, -4, 6, -5, -1, 6, -5]","[0, 13, 13, 6, 11, 8, 12, 15, 8]",False,1,1,False,False,False,False,7,"[('(0, 0, 0, 0, 0, 0, 0, 0, 0, 0, 0, 0)', 4.0)]",False,False,False,False,True,7,7,False,0.03818141698138788,4.429201362654567e-05,0.0002870000316761434
9,12,17,78,True,True,True,True,True,True,False,False,True,True,True,True,True,True,"[0, 0, 0, 0, 0, 0, 0, 0, 0, 0, 0, 0]",3.0,43.15,0,0,2,3,"[-2, 0, -8, 3, 5, 8, -4, 5, -1, -3, 5, -5]","[0, 0, 0, 0, 1, 0, 0, 1, 0]",True,1,1,True,False,True,True,0,"[('(0, 0, 0, 0, 0, 0, 0, 0, 0, 0, 0, 0)', 3.0)]",False,False,False,True,False,0,0,False,0.03677670797333121,4.479201743379235e-05,0.0007948330021463335
9,12,17,79,True,True,True,True,True,True,False,False,True,True,True,True,True,True,"[0, 0, 0, 0, 0, 0, 0, 0, 0, 0, 0, 0]",3.0,23.15,0,0,5,3,"[-8, 2, 1, -4, 3, 4, -1, -9, -4, 6, 7, -6]","[0, 16, 1, 1, 0, 1, 0, 0, 1]",True,1,1,True,False,True,True,0,"[('(0, 0, 0, 0, 0, 0, 0, 0, 0, 0, 0, 0)', 3.0)]",False,False,False,True,False,0,0,False,0.025027292023878545,4.541699308902025e-05,0.00030633300775662065
9,12,17,81,False,False,False,False,False,False,False,False,False,False,True,True,True,True,"[0, 0, 0, 0, 0, 0, 0, 0, 0, 0, 0, 0]",5.0,8105.25,8,0,8,5,"[-1, 8, 1, 7, 8, -6, -6, -4, 4, 2, 2, 1]","[2, 4, 10, 0, 6, 9, 6, 7, 7]",False,1,1,False,False,False,True,6,"[('(0, 0, 0, 0, 0, 0, 0, 0, 0, 0, 0, 0)', 5.0)]",False,False,False,False,True,6,6,False,0.02769075002288446,4.816602449864149e-05,0.00029312504921108484
9,12,17,80,True,True,True,True,True,True,False,False,True,True,True,True,True,True,"[0, 0, 0, 0, 0, 0, 0, 0, 0, 0, 0, 0]",2.0,32.1,0,0,5,2,"[-3, 4, 4, 0, 6, -8, -5, 8, -7, -1, -7, 0]","[0, 0, 16, 0, 1, 1, 1, 0, 16]",True,1,1,True,False,True,True,0,"[('(0, 0, 0, 0, 0, 0, 0, 0, 0, 0, 0, 0)', 2.0)]",False,False,False,True,False,0,0,False,0.045936333015561104,4.4249987695366144e-05,0.0006025829934515059
9,12,17,83,True,True,True,True,True,True,False,False,True,True,True,True,True,True,"[0, 0, 0, 0, 0, 0, 0, 0, 0, 0, 0, 0]",3.0,23.15,0,0,5,3,"[-5, -4, 8, 7, -3, 4, -4, -4, 5, 8, -5, 7]","[0, 0, 1, 0, 1, 1, 16, 0, 16]",True,1,1,True,False,True,True,0,"[('(0, 0, 0, 0, 0, 0, 0, 0, 0, 0, 0, 0)', 3.0)]",False,False,False,True,False,0,0,False,0.028551708965096623,4.295899998396635e-05,0.00039541703881695867
9,12,17,84,True,True,True,True,True,True,False,False,True,True,True,True,True,True,"[0, 0, 0, 0, 0, 0, 0, 0, 0, 0, 0, 0]",2.0,32.1,0,0,5,2,"[1, 6, 5, -2, -7, -9, -7, 6, -5, -3, -2, -3]","[0, 1, 1, 0, 16, 0, 16, 0, 1]",True,1,1,True,False,True,True,0,"[('(0, 0, 0, 0, 0, 0, 0, 0, 0, 0, 0, 0)', 2.0)]",False,False,False,True,False,0,0,False,0.03258887497941032,4.454096779227257e-05,0.0003225830150768161
9,12,17,82,True,True,True,True,True,True,False,False,True,True,True,True,True,True,"[0, 0, 0, 0, 0, 0, 0, 0, 0, 0, 0, 0]",4.0,14.2,0,0,4,4,"[7, 5, -5, -4, 0, -5, -4, 7, -2, -6, 3, -4]","[0, 0, 1, 0, 0, 0, 16, 16, 1]",True,1,1,True,False,True,True,0,"[('(0, 0, 0, 0, 0, 0, 0, 0, 0, 0, 0, 0)', 4.0)]",False,False,False,True,False,0,0,False,0.03929849999258295,4.358298610895872e-05,0.00028529204428195953
9,12,17,85,True,True,True,True,True,True,False,False,True,True,True,True,True,True,"[0, 0, 0, 0, 0, 0, 0, 0, 0, 0, 0, 0]",2.0,12.1,0,0,4,2,"[-8, 8, 8, -4, -5, -2, 6, -2, -2, -6, 6, 3]","[0, 0, 1, 0, 0, 16, 1, 1, 0]",True,1,1,True,False,True,True,0,"[('(0, 0, 0, 0, 0, 0, 0, 0, 0, 0, 0, 0)', 2.0)]",False,False,False,True,False,0,0,False,0.03270720801083371,4.2832980398088694e-05,0.0002739169867709279
9,12,17,88,False,False,False,False,False,False,False,False,False,False,True,True,True,True,"[0, 0, 0, 0, 0, 0, 0, 0, 0, 0, 0, 0]",6.0,9136.3,9,0,9,6,"[-3, 3, -2, -5, -1, 6, -3, 4, -6, 2, 4, 2]","[9, 5, 13, 8, 4, 7, 8, 8, 11]",False,1,1,False,False,False,False,15,"[('(0, 0, 0, 0, 0, 0, 0, 0, 0, 0, 0, 0)', 6.0)]",False,False,False,False,True,15,15,False,0.022711041965521872,4.083302337676287e-05,0.00026408297708258033
9,12,17,87,False,True,False,False,False,False,False,False,False,False,True,True,True,True,"[0, 0, 0, 0, 0, 0, 0, 0, 0, 0, 0, 0]",7.0,9147.35,9,0,9,7,"[6, 6, 3, 6, 3, 9, -1, 5, 7, -6, -4, 5]","[9, 15, 5, 15, 3, 11, 12, 10, 4]",False,1,1,False,False,False,False,14,"[('(0, 0, 0, 0, 0, 0, 0, 0, 0, 0, 0, 0)', 7.0)]",False,False,False,False,True,14,14,False,0.03047875000629574,8.550001075491309e-05,0.0005724579677917063
9,12,17,86,True,True,True,True,True,True,False,False,True,True,True,True,True,True,"[0, 0, 0, 0, 0, 0, 0, 0, 0, 0, 0, 0]",1.0,41.05,0,0,5,1,"[-6, 0, 3, -8, 0, 6, -7, 8, -5, 3, 4, 7]","[1, 16, 16, 1, 0, 0, 0, 1, 0]",True,1,1,True,False,True,True,0,"[('(0, 0, 0, 0, 0, 0, 0, 0, 0, 0, 0, 0)', 1.0)]",False,False,False,True,False,0,0,False,0.03776916698552668,4.312500823289156e-05,0.0002761250361800194
9,12,17,89,True,True,True,True,True,True,False,False,True,True,True,True,True,True,"[0, 0, 0, 0, 0, 0, 0, 0, 0, 0, 0, 0]",2.0,92.1,0,0,8,2,"[-7, -2, -4, -3, 0, 8, -7, -4, -3, 1, -8, -6]","[0, 1, 16, 1, 16, 1, 1, 16, 1]",True,1,1,True,False,True,True,0,"[('(0, 0, 0, 0, 0, 0, 0, 0, 0, 0, 0, 0)', 2.0)]",False,False,False,True,False,0,0,False,0.02344270801404491,4.129100125283003e-05,0.0002709170221351087
9,12,17,92,False,False,False,False,False,False,False,False,False,False,True,True,True,True,"[0, 0, 0, 0, 0, 0, 0, 0, 0, 0, 0, 0]",4.0,6114.2,6,0,9,4,"[-4, 0, -3, -6, 3, 0, 5, 8, 6, -7, -6, 0]","[8, 1, 1, 13, 6, 2, 15, 16, 3]",False,1,1,False,False,False,True,7,"[('(0, 0, 0, 0, 0, 0, 0, 0, 0, 0, 0, 0)', 4.0)]",False,False,False,False,True,7,7,False,0.02620183303952217,4.7457986511290073e-05,0.0002947920002043247
9,12,17,90,True,True,True,True,True,True,False,False,True,True,True,True,True,True,"[0, 0, 0, 0, 0, 0, 0, 0, 0, 0, 0, 0]",2.0,32.1,0,0,5,2,"[8, -8, 1, -6, -8, 1, 7, 4, -6, 2, 2, 0]","[1, 16, 1, 0, 0, 16, 0, 16, 0]",True,1,1,True,False,True,True,0,"[('(0, 0, 0, 0, 0, 0, 0, 0, 0, 0, 0, 0)', 2.0)]",False,False,False,True,False,0,0,False,0.043372249987442046,9.024998871609569e-05,0.0005855420022271574
9,12,17,91,True,True,True,True,True,True,False,False,True,True,True,True,True,True,"[0, 0, 0, 0, 0, 0, 0, 0, 0, 0, 0, 0]",2.0,52.1,0,0,6,2,"[-8, -6, -5, -2, 0, -5, -5, -3, 6, 8, -9, 8]","[0, 0, 1, 0, 16, 16, 1, 16, 1]",True,1,1,True,False,True,True,0,"[('(0, 0, 0, 0, 0, 0, 0, 0, 0, 0, 0, 0)', 2.0)]",False,False,False,True,False,0,0,False,0.03474770800676197,4.1457999031990767e-05,0.00026983401039615273
9,12,17,94,False,True,False,False,False,False,False,False,False,False,True,True,True,True,"[0, 0, 0, 0, 0, 0, 0, 0, 0, 0, 0, 0]",4.0,8114.2,8,0,9,4,"[0, -8, 8, -7, 0, 1, 6, -7, 7, 0, -4, 1]","[8, 1, 10, 10, 11, 2, 8, 15, 5]",False,1,1,False,False,False,False,7,"[('(0, 0, 0, 0, 0, 0, 0, 0, 0, 0, 0, 0)', 4.0)]",False,False,False,False,True,7,7,False,0.03420566598651931,8.633401012048125e-05,0.0005731250275857747
9,12,17,93,False,False,False,False,False,False,False,False,False,False,True,True,True,True,"[0, 0, 0, 0, 0, 0, 0, 0, 0, 0, 0, 0]",2.0,7112.1,7,0,9,2,"[-1, -2, -2, 3, -1, -7, -1, 0, 4, -1, 5, -9]","[3, 7, 16, 8, 6, 13, 7, 1, 8]",False,1,1,False,False,True,True,8,"[('(0, 0, 0, 0, 0, 0, 0, 0, 0, 0, 0, 0)', 2.0)]",False,False,False,False,True,8,8,False,0.03548754204530269,4.212500061839819e-05,0.00026824994711205363
9,12,17,95,True,True,True,True,True,True,False,False,True,True,True,True,True,True,"[0, 0, 0, 0, 0, 0, 0, 0, 0, 0, 0, 0]",2.0,12.1,0,0,4,2,"[-5, -8, 4, 2, 8, 5, -7, 6, 6, -8, 1, -3]","[1, 16, 0, 0, 1, 0, 0, 1, 0]",True,1,1,True,False,True,True,0,"[('(0, 0, 0, 0, 0, 0, 0, 0, 0, 0, 0, 0)', 2.0)]",False,False,False,True,False,0,0,False,0.028274499985855073,4.075001925230026e-05,0.00027483300073072314
9,12,17,96,True,True,True,True,True,True,False,False,True,True,True,True,True,True,"[0, 0, 0, 0, 0, 0, 0, 0, 0, 0, 0, 0]",2.0,72.1,0,0,7,2,"[9, -2, 0, -3, -7, 0, -8, 7, -4, 1, -2, 3]","[1, 16, 16, 16, 0, 16, 0, 16, 1]",True,1,1,True,False,True,True,0,"[('(0, 0, 0, 0, 0, 0, 0, 0, 0, 0, 0, 0)', 2.0)]",False,False,False,True,False,0,0,False,0.03228091599885374,4.495802568271756e-05,0.0002887090086005628
9,12,17,97,False,False,False,False,False,False,False,False,False,False,True,True,True,True,"[0, 0, 0, 0, 0, 0, 0, 0, 0, 0, 0, 0]",5.0,7105.25,7,0,8,5,"[-7, 0, 7, -2, -1, -9, -7, 4, 7, 1, -7, 4]","[10, 12, 12, 10, 10, 6, 0, 1, 12]",False,1,1,False,False,False,False,10,"[('(0, 0, 0, 0, 0, 0, 0, 0, 0, 0, 0, 0)', 5.0)]",False,False,False,False,True,10,10,False,0.030840457999147475,3.866601036861539e-05,0.00027374998899176717
9,12,17,99,True,True,True,True,True,True,False,False,True,True,True,True,True,True,"[0, 0, 0, 0, 0, 0, 0, 0, 0, 0, 0, 0]",1.0,61.05,0,0,6,1,"[-8, -3, 1, 5, 7, 8, 0, -8, -8, -2, 1, -3]","[16, 0, 1, 16, 1, 0, 0, 16, 16]",True,1,1,True,False,True,True,0,"[('(0, 0, 0, 0, 0, 0, 0, 0, 0, 0, 0, 0)', 1.0)]",False,False,False,True,False,0,0,False,0.02664262504549697,4.333403194323182e-05,0.00028145796386525035
9,12,17,98,True,True,True,True,True,True,False,False,True,True,True,True,True,True,"[0, 0, 0, 0, 0, 0, 0, 0, 0, 0, 0, 0]",2.0,72.1,0,0,7,2,"[4, 0, 0, 4, 3, -6, 3, -3, -2, 3, 8, -6]","[16, 16, 1, 0, 16, 1, 1, 0, 16]",True,1,1,True,False,True,True,0,"[('(0, 0, 0, 0, 0, 0, 0, 0, 0, 0, 0, 0)', 2.0)]",False,False,False,True,False,0,0,False,0.02718504099175334,4.395801806822419e-05,0.00028941704658791423
