n,m,q,seed,s_true_centered,s_true_mod_q,e_true,w_babai,residual,initial_residual_energy,s_hat_babai,babai_secret_success,delta_exact,exact_best_energy,w_exact,s_hat_exact,exact_secret_success,delta_classical,classical_best_energy,classical_num_steps,w_classical,s_hat_classical,classical_secret_success,delta_qite_primary,qite_primary_best_energy,w_qite_primary,s_hat_qite_primary,qite_primary_secret_success,delta_qite_candidate_best,qite_candidate_best_energy,qite_candidate_best_count,qite_candidate_best_prob,qite_candidate_best_lwe_prior_score,qite_candidate_best_secret_ternary_violation,qite_candidate_best_noise_ternary_violation,qite_candidate_best_secret_weight,qite_candidate_best_noise_weight,w_qite_candidate_best,s_hat_qite_candidate_best,qite_candidate_best_secret_success,qite_candidate_num_unique,qite_candidate_topk_used,qite_candidate_any_secret_success,qite_candidate_any_geometry_improved,qite_candidate_any_matches_exact_state,qite_candidate_any_matches_exact_energy,min_dist2_true_among_candidates,exact_improvable_energy,exact_improvable_state,babai_fail_but_oracle_fix,babai_fail_but_classical_fix,babai_fail_but_qite_primary_fix,babai_fail_but_qite_candidate_best_fix,babai_fail_but_qite_candidate_any_fix,classical_matches_exact_state,classical_matches_exact_energy,qite_primary_matches_exact_state,qite_primary_matches_exact_energy,qite_candidate_best_matches_exact_state,qite_candidate_best_matches_exact_energy,classical_geometry_improved,qite_primary_geometry_improved,qite_candidate_best_geometry_improved,w_true,dist2_true_babai,dist2_true_exact,dist2_true_classical,dist2_true_qite_primary,dist2_true_qite_candidate_best,elapsed_total_sec,elapsed_classical_sec,elapsed_qite_sec,elapsed_candidate_sec,qite_num_qubits,qite_num_params,decoded_top_states,qite_history_len
3,4,17,0,"[1, 1, -1]","[1, 1, 16]","[0, -1, 0, 0]","[-1, 9, -1, -8]","[0, -1, 0, 0]",1.0,"[1, 1, 16]",True,"[0, 0, 0, 0]",1.0,"[-1, 9, -1, -8]","[1, 1, 16]",True,"[0, 0, 0, 0]",1.0,0,"[-1, 9, -1, -8]","[1, 1, 16]",True,"[0, 0, 0, 0]",1.0,"[-1, 9, -1, -8]","[1, 1, 16]",True,"[0, 0, 0, 0]",1.0,240,0.48582995951417,20.501520306650935,0,0,3,1,"[-1, 9, -1, -8]","[1, 1, 16]",True,20,20,True,False,True,True,0,False,False,False,False,False,False,False,True,True,True,True,True,True,False,False,False,"[-1, 9, -1, -8]",0,0,0,0,0,0.04420270799892023,2.212502295151353e-05,0.03808166700764559,0.00275462499121204,8,8,"[('(0, 0, 0, 0)', 240), ('(0, -1, 0, 0)', 56), ('(-1, 0, 0, 0)', 42), ('(0, 0, 0, 1)', 40), ('(0, 0, 1, 0)', 37), ('(-1, 0, 0, 1)', 12), ('(0, -1, 1, 0)', 10), ('(-1, -1, 0, 0)', 9), ('(0, 0, 1, 1)', 8), ('(0, -1, 0, 1)', 7)]",5
3,4,17,2,"[-1, -1, 0]","[16, 16, 0]","[0, 0, 0, 0]","[-1, 5, -8, -6]","[0, 0, 0, 0]",0.0,"[16, 16, 0]",True,"[0, 0, 0, 0]",0.0,"[-1, 5, -8, -6]","[16, 16, 0]",True,"[0, 0, 0, 0]",0.0,0,"[-1, 5, -8, -6]","[16, 16, 0]",True,"[0, 0, 0, 0]",0.0,"[-1, 5, -8, -6]","[16, 16, 0]",True,"[0, 0, 0, 0]",0.0,438,0.876,9.391550058692482,0,0,2,0,"[-1, 5, -8, -6]","[16, 16, 0]",True,10,10,True,False,True,True,0,False,False,False,False,False,False,False,True,True,True,True,True,True,False,False,False,"[-1, 5, -8, -6]",0,0,0,0,0,0.02678449999075383,2.2417021682485938e-05,0.024512000003596768,0.0008889159944374114,8,8,"[('(0, 0, 0, 0)', 438), ('(1, 0, 0, 0)', 12), ('(0, 1, 0, 0)', 9), ('(0, 0, 0, 1)', 8), ('(0, 0, 1, 0)', 8), ('(0, -1, 0, 0)', 7), ('(-1, 0, 0, 0)', 7), ('(0, 0, -1, 0)', 5), ('(0, 0, 0, -1)', 5), ('(1, 0, 0, -1)', 1)]",5
3,4,17,1,"[1, 0, 0]","[1, 0, 0]","[-1, 0, 0, 0]","[8, -1, -4, 5]","[-1, 0, 0, 0]",1.0,"[1, 0, 0]",True,"[0, 0, 0, 0]",1.0,"[8, -1, -4, 5]","[1, 0, 0]",True,"[0, 0, 0, 0]",1.0,0,"[8, -1, -4, 5]","[1, 0, 0]",True,"[0, 0, 0, 0]",1.0,"[8, -1, -4, 5]","[1, 0, 0]",True,"[0, 0, 0, 0]",1.0,266,0.5384615384615384,20.491275134159977,0,0,1,1,"[8, -1, -4, 5]","[1, 0, 0]",True,20,20,True,False,True,True,0,False,False,False,False,False,False,False,True,True,True,True,True,True,False,False,False,"[8, -1, -4, 5]",0,0,0,0,0,0.04802687501069158,2.1334009943529963e-05,0.0437087090103887,0.003120333014521748,8,8,"[('(0, 0, 0, 0)', 266), ('(0, 0, -1, 0)', 58), ('(0, -1, 0, 0)', 58), ('(0, 0, 0, -1)', 45), ('(0, -1, -1, 0)', 13), ('(0, 0, -1, -1)', 12), ('(0, 1, 0, 0)', 10), ('(-1, 0, 0, 0)', 6), ('(0, -1, 0, -1)', 5), ('(0, 0, 0, 1)', 4)]",5
3,4,17,3,"[0, -1, 0]","[0, 16, 0]","[-1, 0, 0, 0]","[-1, -3, 8, -5]","[-1, 0, 0, 0]",1.0,"[0, 16, 0]",True,"[-1, 0, 0, 0]",1.0,"[-2, -4, 8, -5]","[13, 9, 8]",False,"[0, 0, 0, 0]",1.0,0,"[-1, -3, 8, -5]","[0, 16, 0]",True,"[0, 0, 0, 0]",1.0,"[-1, -3, 8, -5]","[0, 16, 0]",True,"[0, 0, 0, 0]",1.0,271,0.5508130081300813,20.489419793370402,0,0,1,1,"[-1, -3, 8, -5]","[0, 16, 0]",True,17,17,True,False,True,True,0,False,True,False,False,False,False,False,False,True,False,True,False,True,False,False,False,"[-1, -3, 8, -5]",0,2,0,0,0,0.044665791996521875,2.095801755785942e-05,0.042146666994085535,0.0014444999978877604,8,8,"[('(0, 0, 0, 0)', 271), ('(0, -1, 0, 0)', 89), ('(-1, 0, 0, 0)', 76), ('(-1, -1, 0, 0)', 21), ('(0, 0, 0, -1)', 5), ('(0, 0, 0, 1)', 5), ('(0, 1, 0, 0)', 4), ('(0, -1, 0, 1)', 3), ('(-1, 0, 0, 1)', 3), ('(0, 0, 1, 0)', 3)]",5
3,4,17,4,"[1, -1, 1]","[1, 16, 1]","[0, 1, 0, 0]","[-8, -7, 5, -5]","[1, 0, 0, 0]",1.0,"[8, 15, 7]",False,"[0, -1, 0, 0]",1.0,"[-7, -8, 5, -5]","[1, 16, 1]",True,"[0, 0, 0, 0]",1.0,0,"[-8, -7, 5, -5]","[8, 15, 7]",False,"[0, 0, 0, 0]",1.0,"[-8, -7, 5, -5]","[8, 15, 7]",False,"[0, -1, 0, 0]",1.0,44,0.08870967741935484,20.669333751022968,0,0,3,1,"[-7, -8, 5, -5]","[1, 16, 1]",True,20,20,True,True,True,True,0,False,True,True,False,False,True,True,False,True,False,True,True,True,False,False,True,"[-7, -8, 5, -5]",2,0,2,2,0,0.039525624975794926,4.2750005377456546e-05,0.03560158298932947,0.0017444590048398823,8,8,"[('(0, 0, 0, 0)', 271), ('(0, 0, -1, 0)', 69), ('(0, -1, 0, 0)', 44), ('(0, 0, 0, 1)', 43), ('(0, -1, -1, 0)', 13), ('(0, 0, -1, 1)', 12), ('(0, -1, 0, 1)', 11), ('(1, 0, 0, 0)', 5), ('(-1, 0, 0, 0)', 5), ('(0, 0, 0, -1)', 4)]",5
3,4,17,7,"[-1, 1, 1]","[16, 1, 1]","[0, 0, 0, 0]","[5, 7, 6, -4]","[0, 0, 0, 0]",0.0,"[16, 1, 1]",True,"[0, 0, 0, 0]",0.0,"[5, 7, 6, -4]","[16, 1, 1]",True,"[0, 0, 0, 0]",0.0,0,"[5, 7, 6, -4]","[16, 1, 1]",True,"[0, 0, 0, 0]",0.0,"[5, 7, 6, -4]","[16, 1, 1]",True,"[0, 0, 0, 0]",0.0,415,0.8316633266533067,29.396931473973872,0,0,3,0,"[5, 7, 6, -4]","[16, 1, 1]",True,11,11,True,False,True,True,0,False,False,False,False,False,False,False,True,True,True,True,True,True,False,False,False,"[5, 7, 6, -4]",0,0,0,0,0,0.033980916981818154,2.5208020815625787e-05,0.029857749992515892,0.0009569169778842479,8,8,"[('(0, 0, 0, 0)', 415), ('(0, 0, 0, -1)', 16), ('(0, 0, 0, 1)', 14), ('(0, 0, -1, 0)', 11), ('(0, 0, 1, 0)', 9), ('(0, 1, 0, 0)', 9), ('(1, 0, 0, 0)', 8), ('(-1, 0, 0, 0)', 8), ('(0, -1, 0, 0)', 7), ('(0, 0, 1, -1)', 1)]",5
3,4,17,6,"[-1, -1, 1]","[16, 16, 1]","[-1, 1, 0, 0]","[8, 3, 6, 8]","[0, 0, 1, 0]",1.0,"[13, 6, 2]",False,"[0, 0, 0, 0]",1.0,"[8, 3, 6, 8]","[13, 6, 2]",False,"[0, 0, 0, 0]",1.0,0,"[8, 3, 6, 8]","[13, 6, 2]",False,"[0, 0, 0, 0]",1.0,"[8, 3, 6, 8]","[13, 6, 2]",False,"[0, 1, 0, 0]",2.0,30,0.060240963855421686,31.756601279551486,0,0,3,2,"[9, 2, 7, 8]","[16, 16, 1]",True,20,20,True,True,True,True,0,False,False,False,False,False,True,True,True,True,True,True,False,False,False,False,True,"[9, 2, 7, 8]",3,3,3,3,0,0.0469184159883298,2.087498432956636e-05,0.04193500001565553,0.003889665997121483,8,8,"[('(0, 0, 0, 0)', 269), ('(0, 0, -1, 0)', 61), ('(0, 0, 0, -1)', 55), ('(0, 1, 0, 0)', 30), ('(0, 0, -1, -1)', 16), ('(0, 1, 0, -1)', 15), ('(0, 1, -1, 0)', 11), ('(0, -1, 0, 0)', 7), ('(-1, 0, 0, 0)', 7), ('(1, 0, 0, 0)', 6)]",5
3,4,17,5,"[0, -1, -1]","[0, 16, 16]","[1, 0, 0, 0]","[4, 2, -3, 7]","[1, 0, 0, 0]",1.0,"[0, 16, 16]",True,"[0, 0, 0, 0]",1.0,"[4, 2, -3, 7]","[0, 16, 16]",True,"[0, 0, 0, 0]",1.0,0,"[4, 2, -3, 7]","[0, 16, 16]",True,"[0, 0, 0, 0]",1.0,"[4, 2, -3, 7]","[0, 16, 16]",True,"[0, 0, 0, 0]",1.0,242,0.4869215291750503,0.5006938556659452,0,0,2,1,"[4, 2, -3, 7]","[0, 16, 16]",True,18,18,True,False,True,True,0,False,False,False,False,False,False,False,True,True,True,True,True,True,False,False,False,"[4, 2, -3, 7]",0,0,0,0,0,0.06484600002295338,2.1750020096078515e-05,0.062169334007194266,0.0014610829821322113,8,8,"[('(0, 0, 0, 0)', 242), ('(0, 0, 0, -1)', 63), ('(0, -1, 0, 0)', 59), ('(1, 0, 0, 0)', 46), ('(1, -1, 0, 0)', 21), ('(1, 0, 0, -1)', 20), ('(0, -1, 0, -1)', 15), ('(0, 0, -1, 0)', 6), ('(0, 1, 0, 0)', 5), ('(-1, 0, 0, 0)', 5)]",5
3,4,17,9,"[1, 1, -1]","[1, 1, 16]","[0, 0, -1, -1]","[5, -5, -4, -5]","[0, 0, 0, -1]",1.0,"[14, 16, 11]",False,"[0, 0, 0, 0]",1.0,"[5, -5, -4, -5]","[14, 16, 11]",False,"[0, 0, 0, 0]",1.0,0,"[5, -5, -4, -5]","[14, 16, 11]",False,"[0, 0, 0, 0]",1.0,"[5, -5, -4, -5]","[14, 16, 11]",False,"[1, 0, 0, 0]",2.0,5,0.01016260162601626,31.920824053077197,0,0,3,2,"[5, -5, -3, -5]","[1, 1, 16]",True,20,20,True,True,True,True,0,False,False,False,False,False,True,True,True,True,True,True,False,False,False,False,True,"[5, -5, -3, -5]",1,1,1,1,0,0.039625707984669134,0.00014150000060908496,0.03533158398931846,0.0016043329960666597,8,8,"[('(0, 0, 0, 0)', 265), ('(0, 0, 0, -1)', 71), ('(0, 0, -1, 0)', 53), ('(0, -1, 0, 0)', 25), ('(0, 0, -1, -1)', 12), ('(0, -1, 0, -1)', 11), ('(0, -1, -1, 0)', 10), ('(0, 0, 1, 0)', 8), ('(0, 1, 0, 0)', 6), ('(-1, 0, 0, 0)', 6)]",5
3,4,17,8,"[0, 0, -1]","[0, 0, 16]","[0, 0, 0, 0]","[-3, -5, 7, -6]","[0, 0, 0, 0]",0.0,"[0, 0, 16]",True,"[0, 0, 0, 0]",0.0,"[-3, -5, 7, -6]","[0, 0, 16]",True,"[0, 0, 0, 0]",0.0,0,"[-3, -5, 7, -6]","[0, 0, 16]",True,"[0, 0, 0, 0]",0.0,"[-3, -5, 7, -6]","[0, 0, 16]",True,"[0, 0, 0, 0]",0.0,442,0.8857715430861723,29.390643022995487,0,0,1,0,"[-3, -5, 7, -6]","[0, 0, 16]",True,10,10,True,False,True,True,0,False,False,False,False,False,False,False,True,True,True,True,True,True,False,False,False,"[-3, -5, 7, -6]",0,0,0,0,0,0.04419054198660888,2.6666995836421847e-05,0.04060916698654182,0.0022299590054899454,8,8,"[('(0, 0, 0, 0)', 442), ('(1, 0, 0, 0)', 13), ('(0, 0, 0, 1)', 9), ('(0, 1, 0, 0)', 8), ('(0, -1, 0, 0)', 8), ('(0, 0, 0, -1)', 5), ('(-1, 0, 0, 0)', 5), ('(0, 0, 1, 0)', 4), ('(0, 0, -1, 0)', 4), ('(1, -1, 0, 0)', 1)]",5
3,4,17,10,"[0, 1, 0]","[0, 1, 0]","[1, 0, 0, 0]","[-1, -4, 2, 2]","[1, 0, 0, 0]",1.0,"[0, 1, 0]",True,"[0, -1, 0, 0]",1.0,"[0, -4, 1, 2]","[5, 8, 7]",False,"[0, 0, 0, 0]",1.0,0,"[-1, -4, 2, 2]","[0, 1, 0]",True,"[0, 0, 0, 0]",1.0,"[-1, -4, 2, 2]","[0, 1, 0]",True,"[0, 0, 0, 0]",1.0,310,0.6262626262626263,20.476020708782077,0,0,1,1,"[-1, -4, 2, 2]","[0, 1, 0]",True,20,20,True,False,True,True,0,False,True,False,False,False,False,False,False,True,False,True,False,True,False,False,False,"[-1, -4, 2, 2]",0,2,0,0,0,0.029641457978868857,2.783298259600997e-05,0.024890792003134266,0.0037386249750852585,8,8,"[('(0, 0, 0, 0)', 310), ('(0, 0, 0, -1)', 60), ('(0, -1, 0, 0)', 39), ('(0, 0, 1, 0)', 24), ('(0, -1, 0, -1)', 10), ('(0, 0, 1, -1)', 9), ('(1, 0, 0, 0)', 9), ('(0, -1, 1, 0)', 7), ('(0, 0, 0, 1)', 4), ('(0, 0, -1, -1)', 3)]",5
3,4,17,11,"[-1, -1, 1]","[16, 16, 1]","[0, 0, 0, 0]","[-8, -8, -4, 7]","[0, 0, 0, 0]",0.0,"[16, 16, 1]",True,"[0, 0, 0, 0]",0.0,"[-8, -8, -4, 7]","[16, 16, 1]",True,"[0, 0, 0, 0]",0.0,0,"[-8, -8, -4, 7]","[16, 16, 1]",True,"[0, 0, 0, 0]",0.0,"[-8, -8, -4, 7]","[16, 16, 1]",True,"[0, 0, 0, 0]",0.0,444,0.888,29.390192571783377,0,0,3,0,"[-8, -8, -4, 7]","[16, 16, 1]",True,13,13,True,False,True,True,0,False,False,False,False,False,False,False,True,True,True,True,True,True,False,False,False,"[-8, -8, -4, 7]",0,0,0,0,0,0.0386982909985818,4.4541986426338553e-05,0.03370787500170991,0.002599542000098154,8,8,"[('(0, 0, 0, 0)', 444), ('(0, 1, 0, 0)', 10), ('(0, 0, 0, -1)', 8), ('(0, -1, 0, 0)', 7), ('(0, 0, 0, 1)', 6), ('(1, 0, 0, 0)', 6), ('(0, 0, 1, 0)', 5), ('(0, 0, -1, 0)', 5), ('(-1, 0, 0, 0)', 5), ('(0, -1, 1, 0)', 1)]",5
3,4,17,14,"[1, 0, 0]","[1, 0, 0]","[0, 0, -1, 0]","[2, 6, 5, -7]","[0, 0, -1, 0]",1.0,"[1, 0, 0]",True,"[0, 0, 0, 0]",1.0,"[2, 6, 5, -7]","[1, 0, 0]",True,"[0, 0, 0, 0]",1.0,0,"[2, 6, 5, -7]","[1, 0, 0]",True,"[0, 0, 0, 0]",1.0,"[2, 6, 5, -7]","[1, 0, 0]",True,"[0, 0, 0, 0]",1.0,276,0.5553319919517102,20.487598249381268,0,0,1,1,"[2, 6, 5, -7]","[1, 0, 0]",True,20,20,True,False,True,True,0,False,False,False,False,False,False,False,True,True,True,True,True,True,False,False,False,"[2, 6, 5, -7]",0,0,0,0,0,0.04513220800436102,4.137499490752816e-05,0.04143499999190681,0.0016229170141741633,8,8,"[('(0, 0, 0, 0)', 276), ('(0, 0, 0, 1)', 69), ('(-1, 0, 0, 0)', 50), ('(0, 1, 0, 0)', 43), ('(0, 1, 0, 1)', 14), ('(-1, 0, 0, 1)', 11), ('(-1, 1, 0, 0)', 7), ('(0, 0, -1, 0)', 4), ('(0, 0, 0, -1)', 3), ('(0, -1, 0, 0)', 3)]",5
3,4,17,12,"[0, -1, 1]","[0, 16, 1]","[0, -1, 0, -1]","[-4, 2, 6, -6]","[-1, -1, 0, 0]",2.0,"[0, 11, 14]",False,"[0, 0, 0, 0]",2.0,"[-4, 2, 6, -6]","[0, 11, 14]",False,"[0, 0, 0, 0]",2.0,0,"[-4, 2, 6, -6]","[0, 11, 14]",False,"[0, 0, 0, 0]",2.0,"[-4, 2, 6, -6]","[0, 11, 14]",False,"[1, 0, 0, 0]",2.0,36,0.07243460764587525,11.738908208735577,0,0,2,2,"[-5, 2, 6, -5]","[0, 16, 1]",True,20,20,True,True,True,True,0,False,False,False,False,False,True,True,True,True,True,True,False,True,False,False,True,"[-5, 2, 6, -5]",2,2,2,2,0,0.04841420898446813,2.0917010260745883e-05,0.043058875016868114,0.004236374981701374,8,8,"[('(0, 0, 0, 0)', 264), ('(0, 0, 0, -1)', 71), ('(0, 1, 0, 0)', 67), ('(1, 0, 0, 0)', 36), ('(0, 1, 0, -1)', 19), ('(1, 0, 0, -1)', 6), ('(1, 1, 0, 0)', 6), ('(-1, 0, 0, 0)', 4), ('(-1, 0, 0, -1)', 3), ('(0, 1, 1, 0)', 3)]",5
3,4,17,15,"[1, 1, 1]","[1, 1, 1]","[0, 1, -1, 1]","[3, 6, -9, -6]","[0, 0, 1, 0]",1.0,"[13, 0, 15]",False,"[0, 0, 0, 0]",1.0,"[3, 6, -9, -6]","[13, 0, 15]",False,"[0, 0, 0, 0]",1.0,0,"[3, 6, -9, -6]","[13, 0, 15]",False,"[0, 0, 0, 0]",1.0,"[3, 6, -9, -6]","[13, 0, 15]",False,"[0, -1, 1, 0]",3.0,3,0.006036217303822937,43.01137056388801,0,0,3,3,"[3, 5, -7, -7]","[1, 1, 1]",True,19,19,True,True,True,True,0,False,False,False,False,False,True,True,True,True,True,True,False,False,False,False,True,"[3, 5, -7, -7]",6,6,6,6,0,0.04689566700835712,4.420799086801708e-05,0.040900708991102874,0.003456792008364573,8,8,"[('(0, 0, 0, 0)', 304), ('(0, 0, 1, 0)', 98), ('(0, 0, 0, 1)', 40), ('(0, 0, 1, 1)', 8), ('(1, 0, 0, 0)', 7), ('(-1, 0, 0, 0)', 7), ('(0, 0, 0, -1)', 6), ('(0, 1, 0, 0)', 6), ('(0, -1, 0, 0)', 5), ('(0, -1, 1, 0)', 3)]",5
3,4,17,13,"[0, -1, 1]","[0, 16, 1]","[1, 0, 0, -1]","[-1, -5, -2, 3]","[1, 0, 0, -1]",2.0,"[0, 16, 1]",True,"[0, 0, 0, 0]",2.0,"[-1, -5, -2, 3]","[0, 16, 1]",True,"[0, 0, 0, 0]",2.0,0,"[-1, -5, -2, 3]","[0, 16, 1]",True,"[0, 0, 0, 0]",2.0,"[-1, -5, -2, 3]","[0, 16, 1]",True,"[0, 0, 0, 0]",2.0,316,0.635814889336016,11.524109822612271,0,0,2,2,"[-1, -5, -2, 3]","[0, 16, 1]",True,20,20,True,False,True,True,0,False,False,False,False,False,False,False,True,True,True,True,True,True,False,False,False,"[-1, -5, -2, 3]",0,0,0,0,0,0.0542344999848865,4.712500958703458e-05,0.05110966699430719,0.0015912920061964542,8,8,"[('(0, 0, 0, 0)', 316), ('(0, 0, 0, 1)', 62), ('(0, 0, -1, 0)', 23), ('(1, 0, 0, 0)', 16), ('(0, 1, 0, 0)', 11), ('(0, -1, 0, 0)', 11), ('(-1, 0, 0, 0)', 10), ('(0, 0, -1, 1)', 9), ('(0, 0, 1, 0)', 8), ('(1, 0, 0, 1)', 5)]",5
3,4,17,16,"[1, 1, -1]","[1, 1, 16]","[0, 0, 0, 0]","[4, 2, -4, 0]","[0, 0, 0, 0]",0.0,"[1, 1, 16]",True,"[0, 0, 0, 0]",0.0,"[4, 2, -4, 0]","[1, 1, 16]",True,"[0, 0, 0, 0]",0.0,0,"[4, 2, -4, 0]","[1, 1, 16]",True,"[0, 0, 0, 0]",0.0,"[4, 2, -4, 0]","[1, 1, 16]",True,"[0, 0, 0, 0]",0.0,430,0.8634538152610441,29.393389190989627,0,0,3,0,"[4, 2, -4, 0]","[1, 1, 16]",True,12,12,True,False,True,True,0,False,False,False,False,False,False,False,True,True,True,True,True,True,False,False,False,"[4, 2, -4, 0]",0,0,0,0,0,0.03523054099059664,4.237500252202153e-05,0.032036582997534424,0.0010333749814890325,8,8,"[('(0, 0, 0, 0)', 430), ('(0, 0, 1, 0)', 12), ('(-1, 0, 0, 0)', 11), ('(0, 0, -1, 0)', 10), ('(0, -1, 0, 0)', 9), ('(0, 1, 0, 0)', 8), ('(1, 0, 0, 0)', 6), ('(0, 0, 0, 1)', 5), ('(0, 0, 0, -1)', 4), ('(1, 0, 1, 0)', 1)]",5
3,4,17,17,"[-1, 0, 0]","[16, 0, 0]","[-1, 1, 0, -1]","[5, -1, 5, -3]","[-1, 0, 0, -1]",2.0,"[3, 9, 13]",False,"[0, 0, 0, 0]",2.0,"[5, -1, 5, -3]","[3, 9, 13]",False,"[0, 0, 0, 0]",2.0,0,"[5, -1, 5, -3]","[3, 9, 13]",False,"[0, 0, 0, 0]",2.0,"[5, -1, 5, -3]","[3, 9, 13]",False,"[-1, 0, 0, 0]",3.0,5,0.01002004008016032,42.970824053077195,0,0,1,3,"[5, -2, 5, -3]","[16, 0, 0]",True,20,20,True,True,True,True,0,False,False,False,False,False,True,True,True,True,True,True,False,False,False,False,True,"[5, -2, 5, -3]",1,1,1,1,0,0.0357826660037972,2.083301660604775e-05,0.032014541007811204,0.0027952079835813493,8,8,"[('(0, 0, 0, 0)', 298), ('(0, 0, 1, 0)', 82), ('(0, 0, 0, 1)', 60), ('(0, 0, 1, 1)', 16), ('(0, 0, -1, 0)', 8), ('(0, -1, 0, 0)', 6), ('(-1, 0, 0, 0)', 5), ('(0, 1, 0, 0)', 4), ('(0, 1, 0, 1)', 3), ('(1, 0, 0, 0)', 3)]",5
3,4,17,18,"[-1, 0, 0]","[16, 0, 0]","[1, 1, 1, -1]","[4, 6, -4, 0]","[-1, 0, -1, 0]",2.0,"[10, 4, 0]",False,"[0, 0, 0, 0]",2.0,"[4, 6, -4, 0]","[10, 4, 0]",False,"[0, 0, 0, 0]",2.0,0,"[4, 6, -4, 0]","[10, 4, 0]",False,"[0, 0, 0, 0]",2.0,"[4, 6, -4, 0]","[10, 4, 0]",False,"[0, 0, 0, 0]",2.0,291,0.59026369168357,2011.5323246197731,2,0,2,2,"[4, 6, -4, 0]","[10, 4, 0]",False,20,20,False,True,True,True,2,False,False,False,False,False,False,False,True,True,True,True,True,True,False,False,False,"[2, 5, -6, 1]",10,10,10,10,10,0.03898008301621303,4.2041996493935585e-05,0.03569983399938792,0.0016198749945033342,8,8,"[('(0, 0, 0, 0)', 291), ('(0, 0, 0, 1)', 64), ('(1, 0, 0, 0)', 40), ('(0, 0, -1, 0)', 38), ('(0, 0, -1, 1)', 10), ('(1, 0, 0, 1)', 10), ('(1, 0, -1, 0)', 9), ('(0, -1, 0, 0)', 8), ('(0, 1, 0, 0)', 7), ('(0, 1, 0, 1)', 3)]",5
3,4,17,19,"[1, 0, 0]","[1, 0, 0]","[1, 1, 0, 0]","[-7, -2, -3, 5]","[1, 1, 0, 0]",2.0,"[1, 0, 0]",True,"[0, 0, 0, 0]",2.0,"[-7, -2, -3, 5]","[1, 0, 0]",True,"[0, 0, 0, 0]",2.0,0,"[-7, -2, -3, 5]","[1, 0, 0]",True,"[0, 0, 0, 0]",2.0,"[-7, -2, -3, 5]","[1, 0, 0]",True,"[0, 0, 0, 0]",2.0,243,0.4879518072289157,31.550283177470682,0,0,1,2,"[-7, -2, -3, 5]","[1, 0, 0]",True,20,20,True,False,True,True,0,False,False,False,False,False,False,False,True,True,True,True,True,True,False,False,False,"[-7, -2, -3, 5]",0,0,0,0,0,0.03656029197736643,2.0875013433396816e-05,0.03352420902228914,0.0016387910000048578,8,8,"[('(0, 0, 0, 0)', 243), ('(0, 1, 0, 0)', 79), ('(0, 0, -1, 0)', 62), ('(0, 0, 0, 1)', 41), ('(0, 1, 0, 1)', 14), ('(0, 0, -1, 1)', 13), ('(0, 1, -1, 0)', 12), ('(1, 0, 0, 0)', 6), ('(0, 1, -1, 1)', 5), ('(-1, 0, -1, 0)', 3)]",5
3,4,17,20,"[-1, 1, 0]","[16, 1, 0]","[0, 0, 0, 0]","[6, 8, 4, -1]","[0, 0, 0, 0]",0.0,"[16, 1, 0]",True,"[0, 0, 0, 0]",0.0,"[6, 8, 4, -1]","[16, 1, 0]",True,"[0, 0, 0, 0]",0.0,0,"[6, 8, 4, -1]","[16, 1, 0]",True,"[0, 0, 0, 0]",0.0,"[6, 8, 4, -1]","[16, 1, 0]",True,"[0, 0, 0, 0]",0.0,425,0.8517034068136272,9.394556065373063,0,0,2,0,"[6, 8, 4, -1]","[16, 1, 0]",True,13,13,True,False,True,True,0,False,False,False,False,False,False,False,True,True,True,True,True,True,False,False,False,"[6, 8, 4, -1]",0,0,0,0,0,0.03823537501739338,4.429099499247968e-05,0.03491483299876563,0.0010407080117147416,8,8,"[('(0, 0, 0, 0)', 425), ('(0, 1, 0, 0)', 12), ('(0, 0, 1, 0)', 10), ('(0, -1, 0, 0)', 10), ('(0, 0, 0, 1)', 9), ('(-1, 0, 0, 0)', 9), ('(0, 0, -1, 0)', 7), ('(1, 0, 0, 0)', 7), ('(0, 0, 0, -1)', 6), ('(0, 0, -1, 1)', 1)]",5
3,4,17,21,"[0, -1, 1]","[0, 16, 1]","[0, 0, 0, 1]","[-7, 5, 4, 6]","[0, 0, 0, 1]",1.0,"[0, 16, 1]",True,"[0, 0, 0, 0]",1.0,"[-7, 5, 4, 6]","[0, 16, 1]",True,"[0, 0, 0, 0]",1.0,0,"[-7, 5, 4, 6]","[0, 16, 1]",True,"[0, 0, 0, 0]",1.0,"[-7, 5, 4, 6]","[0, 16, 1]",True,"[0, 0, 0, 0]",1.0,276,0.5542168674698795,0.48759824938126617,0,0,2,1,"[-7, 5, 4, 6]","[0, 16, 1]",True,20,20,True,False,True,True,0,False,False,False,False,False,False,False,True,True,True,True,True,True,False,False,False,"[-7, 5, 4, 6]",0,0,0,0,0,0.045640833996003494,4.491599975153804e-05,0.042179792013484985,0.001647625002078712,8,8,"[('(0, 0, 0, 0)', 276), ('(0, 0, 1, 0)', 74), ('(0, 1, 0, 0)', 47), ('(0, 0, 0, -1)', 46), ('(0, 0, 1, -1)', 9), ('(0, 1, 0, -1)', 8), ('(0, 1, 1, 0)', 7), ('(0, -1, 0, 0)', 5), ('(0, 0, -1, 0)', 3), ('(-1, 0, 0, 0)', 3)]",5
3,4,17,22,"[1, 1, -1]","[1, 1, 16]","[0, 0, -1, 0]","[8, 1, -2, -7]","[0, 0, -1, 0]",1.0,"[1, 1, 16]",True,"[0, 0, 0, 0]",1.0,"[8, 1, -2, -7]","[1, 1, 16]",True,"[0, 0, 0, 0]",1.0,0,"[8, 1, -2, -7]","[1, 1, 16]",True,"[0, 0, 0, 0]",1.0,"[8, 1, -2, -7]","[1, 1, 16]",True,"[0, 0, 0, 0]",1.0,252,0.5101214574898786,20.496661051127248,0,0,3,1,"[8, 1, -2, -7]","[1, 1, 16]",True,20,20,True,False,True,True,0,False,False,False,False,False,False,False,True,True,True,True,True,True,False,False,False,"[8, 1, -2, -7]",0,0,0,0,0,0.03352083300705999,4.520799848251045e-05,0.030432332976488397,0.001575667003635317,8,8,"[('(0, 0, 0, 0)', 252), ('(-1, 0, 0, 0)', 64), ('(0, -1, 0, 0)', 56), ('(0, 0, -1, 0)', 53), ('(-1, -1, 0, 0)', 21), ('(0, -1, -1, 0)', 12), ('(-1, 0, -1, 0)', 9), ('(0, 0, 0, 1)', 5), ('(-1, -1, -1, 0)', 4), ('(-1, 0, 0, -1)', 3)]",5
3,4,17,23,"[-1, -1, 0]","[16, 16, 0]","[0, 0, 0, -1]","[6, 3, 6, -5]","[0, 0, 0, -1]",1.0,"[16, 16, 0]",True,"[0, 0, 0, 0]",1.0,"[6, 3, 6, -5]","[16, 16, 0]",True,"[0, 0, 0, 0]",1.0,0,"[6, 3, 6, -5]","[16, 16, 0]",True,"[0, 0, 0, 0]",1.0,"[6, 3, 6, -5]","[16, 16, 0]",True,"[0, 0, 0, 0]",1.0,327,0.655310621242485,0.4706986391615856,0,0,2,1,"[6, 3, 6, -5]","[16, 16, 0]",True,20,20,True,False,True,True,0,False,False,False,False,False,False,False,True,True,True,True,True,True,False,False,False,"[6, 3, 6, -5]",0,0,0,0,0,0.03323654198902659,2.1083018509671092e-05,0.030587334011215717,0.0016333749808836728,8,8,"[('(0, 0, 0, 0)', 327), ('(0, 0, 0, -1)', 80), ('(0, -1, 0, 0)', 40), ('(0, -1, 0, -1)', 8), ('(0, 0, -1, 0)', 6), ('(0, 1, 0, 0)', 5), ('(1, 0, 0, 0)', 5), ('(1, 0, 0, -1)', 4), ('(-1, 0, 0, -1)', 4), ('(0, 0, 1, 0)', 4)]",5
3,4,17,24,"[1, -1, 0]","[1, 16, 0]","[0, 0, 0, 1]","[1, -7, -6, 0]","[0, 0, 0, 1]",1.0,"[1, 16, 0]",True,"[0, 0, 0, 0]",1.0,"[1, -7, -6, 0]","[1, 16, 0]",True,"[0, 0, 0, 0]",1.0,0,"[1, -7, -6, 0]","[1, 16, 0]",True,"[0, 0, 0, 0]",1.0,"[1, -7, -6, 0]","[1, 16, 0]",True,"[0, 0, 0, 0]",1.0,238,0.476,0.502353644806849,0,0,2,1,"[1, -7, -6, 0]","[1, 16, 0]",True,20,20,True,False,True,True,0,False,False,False,False,False,False,False,True,True,True,True,True,True,False,False,False,"[1, -7, -6, 0]",0,0,0,0,0,0.03379166600643657,4.4208019971847534e-05,0.030574250005884096,0.0016101250075735152,8,8,"[('(0, 0, 0, 0)', 238), ('(0, 0, -1, 0)', 69), ('(0, 0, 0, -1)', 53), ('(0, 1, 0, 0)', 52), ('(0, 1, -1, 0)', 17), ('(0, 1, 0, -1)', 15), ('(0, 0, -1, -1)', 13), ('(0, 0, 1, 0)', 8), ('(0, 1, -1, -1)', 6), ('(-1, 0, 0, 0)', 5)]",5
3,4,17,25,"[1, 1, -1]","[1, 1, 16]","[0, 0, 1, 0]","[-5, 0, -3, 7]","[1, 0, 0, 0]",1.0,"[3, 1, 16]",False,"[0, -1, 0, 0]",1.0,"[-4, 0, -4, 7]","[1, 1, 16]",True,"[0, 0, 0, 0]",1.0,0,"[-5, 0, -3, 7]","[3, 1, 16]",False,"[0, 0, 0, 0]",1.0,"[-5, 0, -3, 7]","[3, 1, 16]",False,"[0, -1, 0, 0]",1.0,38,0.076,20.683643835387038,0,0,3,1,"[-4, 0, -4, 7]","[1, 1, 16]",True,20,20,True,True,True,True,0,False,True,True,False,False,True,True,False,True,False,True,True,True,False,False,True,"[-4, 0, -4, 7]",2,0,2,2,0,0.03350566598237492,1.9500002963468432e-05,0.029391374991973862,0.003210292023140937,8,8,"[('(0, 0, 0, 0)', 339), ('(0, 0, 0, -1)', 64), ('(0, -1, 0, 0)', 38), ('(0, -1, 0, -1)', 12), ('(0, 1, 0, 0)', 11), ('(0, 0, -1, 0)', 7), ('(0, 0, 1, 0)', 5), ('(1, 0, 0, 0)', 5), ('(0, 0, -1, -1)', 3), ('(-1, 0, 0, 0)', 3)]",5
3,4,17,26,"[0, -1, 0]","[0, 16, 0]","[0, 0, 0, 1]","[-8, -6, 4, -7]","[0, 0, 1, 0]",1.0,"[16, 10, 5]",False,"[0, 0, 0, 0]",1.0,"[-8, -6, 4, -7]","[16, 10, 5]",False,"[0, 0, 0, 0]",1.0,0,"[-8, -6, 4, -7]","[16, 10, 5]",False,"[0, 0, 0, 0]",1.0,"[-8, -6, 4, -7]","[16, 10, 5]",False,"[-1, 0, 0, 0]",5.0,2,0.00404040404040404,2015.1401387711333,1,1,2,2,"[-8, -7, 3, -7]","[16, 5, 0]",False,20,20,False,False,True,True,2,False,False,False,False,False,False,False,True,True,True,True,False,False,False,False,False,"[-8, -6, 5, -8]",2,2,2,2,6,0.037709625001298264,2.0584004232659936e-05,0.03513370899599977,0.0016128749994095415,8,8,"[('(0, 0, 0, 0)', 306), ('(0, 0, 0, -1)', 67), ('(1, 0, 0, 0)', 51), ('(1, 0, 0, -1)', 21), ('(0, 1, 0, 0)', 9), ('(0, 0, 1, 0)', 8), ('(0, -1, 0, 0)', 7), ('(0, 0, -1, 0)', 5), ('(0, 0, 0, 1)', 4), ('(0, 0, 1, -1)', 3)]",5
3,4,17,28,"[1, 1, 0]","[1, 1, 0]","[0, 0, 0, 0]","[8, -5, -4, -3]","[0, 0, 0, 0]",0.0,"[1, 1, 0]",True,"[0, 0, 0, 0]",0.0,"[8, -5, -4, -3]","[1, 1, 0]",True,"[0, 0, 0, 0]",0.0,0,"[8, -5, -4, -3]","[1, 1, 0]",True,"[0, 0, 0, 0]",0.0,"[8, -5, -4, -3]","[1, 1, 0]",True,"[0, 0, 0, 0]",0.0,435,0.8717434869739479,9.392235775665096,0,0,2,0,"[8, -5, -4, -3]","[1, 1, 0]",True,11,11,True,False,True,True,0,False,False,False,False,False,False,False,True,True,True,True,True,True,False,False,False,"[8, -5, -4, -3]",0,0,0,0,0,0.027552375016966835,4.208300379104912e-05,0.02461787502397783,0.0009544590138830245,8,8,"[('(0, 0, 0, 0)', 435), ('(0, 1, 0, 0)', 12), ('(0, -1, 0, 0)', 9), ('(1, 0, 0, 0)', 9), ('(0, 0, 0, -1)', 8), ('(0, 0, 0, 1)', 7), ('(0, 0, 1, 0)', 7), ('(0, 0, -1, 0)', 5), ('(-1, 0, 0, 0)', 5), ('(0, 0, 1, 1)', 1)]",5
3,4,17,29,"[0, 0, -1]","[0, 0, 16]","[0, 0, 0, 1]","[7, -8, 8, 1]","[0, 0, 0, 0]",0.0,"[7, 15, 14]",False,"[0, 0, 0, 0]",0.0,"[7, -8, 8, 1]","[7, 15, 14]",False,"[0, 0, 0, 0]",0.0,0,"[7, -8, 8, 1]","[7, 15, 14]",False,"[0, 0, 0, 0]",0.0,"[7, -8, 8, 1]","[7, 15, 14]",False,"[-1, 0, 0, 0]",1.0,10,0.02,20.810210472720165,0,0,1,1,"[7, -8, 8, 0]","[0, 0, 16]",True,12,12,True,True,True,True,0,False,False,False,False,False,True,True,True,True,True,True,False,False,False,False,True,"[7, -8, 8, 0]",1,1,1,1,0,0.03126520800287835,2.025000867433846e-05,0.02927650001947768,0.0010068749834317714,8,8,"[('(0, 0, 0, 0)', 421), ('(0, 1, 0, 0)', 15), ('(1, 0, 0, 0)', 12), ('(0, -1, 0, 0)', 10), ('(-1, 0, 0, 0)', 10), ('(0, 0, 1, 0)', 9), ('(0, 0, -1, 0)', 8), ('(0, 0, 0, 1)', 7), ('(0, 0, 0, -1)', 5), ('(0, -1, -1, 0)', 1)]",5
3,4,17,27,"[-1, -1, 0]","[16, 16, 0]","[1, 0, 0, 0]","[6, -4, 2, -1]","[1, 0, 0, 0]",1.0,"[16, 16, 0]",True,"[-1, 0, 0, 0]",1.0,"[7, -5, 2, -1]","[11, 3, 14]",False,"[0, 0, 0, 0]",1.0,0,"[6, -4, 2, -1]","[16, 16, 0]",True,"[0, 0, 0, 0]",1.0,"[6, -4, 2, -1]","[16, 16, 0]",True,"[0, 0, 0, 0]",1.0,211,0.4254032258064516,0.5143413725327988,0,0,2,1,"[6, -4, 2, -1]","[16, 16, 0]",True,20,20,True,False,True,True,0,False,True,False,False,False,False,False,False,True,False,True,False,True,False,False,False,"[6, -4, 2, -1]",0,2,0,0,0,0.04084345800220035,4.549999721348286e-05,0.03795687499223277,0.0016507499967701733,8,8,"[('(0, 0, 0, 0)', 211), ('(0, 0, 1, 0)', 71), ('(-1, 0, 0, 0)', 65), ('(0, 1, 0, 0)', 50), ('(-1, 1, 0, 0)', 24), ('(0, 1, 1, 0)', 19), ('(-1, 0, 1, 0)', 15), ('(0, 0, 0, 1)', 6), ('(-1, 1, 1, 0)', 5), ('(1, 0, 0, 0)', 5)]",5
3,4,17,30,"[0, -1, 0]","[0, 16, 0]","[0, 0, 0, 1]","[-4, -6, 7, -3]","[0, 0, 0, 1]",1.0,"[0, 16, 0]",True,"[0, 0, 0, 0]",1.0,"[-4, -6, 7, -3]","[0, 16, 0]",True,"[0, 0, 0, 0]",1.0,0,"[-4, -6, 7, -3]","[0, 16, 0]",True,"[0, 0, 0, 0]",1.0,"[-4, -6, 7, -3]","[0, 16, 0]",True,"[0, 0, 0, 0]",1.0,291,0.5831663326653307,20.482324619773173,0,0,1,1,"[-4, -6, 7, -3]","[0, 16, 0]",True,18,18,True,False,True,True,0,False,False,False,False,False,False,False,True,True,True,True,True,True,False,False,False,"[-4, -6, 7, -3]",0,0,0,0,0,0.0373885830049403,1.9291997887194157e-05,0.03425654102466069,0.0022356669942382723,8,8,"[('(0, 0, 0, 0)', 291), ('(0, 0, 1, 0)', 86), ('(0, 0, 0, 1)', 70), ('(0, 0, 1, 1)', 13), ('(-1, 0, 0, 0)', 6), ('(0, 0, -1, 0)', 5), ('(0, 1, 0, 0)', 4), ('(1, 0, 0, 0)', 4), ('(1, 0, 1, 0)', 3), ('(0, 1, 0, 1)', 3)]",5
3,4,17,31,"[-1, -1, 1]","[16, 16, 1]","[0, 0, 1, 0]","[1, 1, -3, -5]","[0, 0, 1, 0]",1.0,"[16, 16, 1]",True,"[0, 0, 0, 0]",1.0,"[1, 1, -3, -5]","[16, 16, 1]",True,"[0, 0, 0, 0]",1.0,0,"[1, 1, -3, -5]","[16, 16, 1]",True,"[0, 0, 0, 0]",1.0,"[1, 1, -3, -5]","[16, 16, 1]",True,"[0, 0, 0, 0]",1.0,290,0.5811623246492986,20.48266767328285,0,0,3,1,"[1, 1, -3, -5]","[16, 16, 1]",True,19,19,True,False,True,True,0,False,False,False,False,False,False,False,True,True,True,True,True,True,False,False,False,"[1, 1, -3, -5]",0,0,0,0,0,0.04385054099839181,4.3208012357354164e-05,0.0394034159835428,0.0030203750065993518,8,8,"[('(0, 0, 0, 0)', 290), ('(0, 0, -1, 0)', 71), ('(0, 1, 0, 0)', 65), ('(0, 1, -1, 0)', 17), ('(-1, 0, 0, 0)', 11), ('(0, 0, 0, -1)', 9), ('(1, 0, 0, 0)', 9), ('(-1, 0, -1, 0)', 5), ('(0, 0, 0, 1)', 4), ('(0, 1, 0, -1)', 3)]",5
3,4,17,32,"[1, 0, 1]","[1, 0, 1]","[0, 0, 0, 0]","[-6, -2, -2, -7]","[0, 0, 0, 0]",0.0,"[1, 0, 1]",True,"[0, 0, 0, 0]",0.0,"[-6, -2, -2, -7]","[1, 0, 1]",True,"[0, 0, 0, 0]",0.0,0,"[-6, -2, -2, -7]","[1, 0, 1]",True,"[0, 0, 0, 0]",0.0,"[-6, -2, -2, -7]","[1, 0, 1]",True,"[0, 0, 0, 0]",0.0,435,0.87,9.392235775665096,0,0,2,0,"[-6, -2, -2, -7]","[1, 0, 1]",True,10,10,True,False,True,True,0,False,False,False,False,False,False,False,True,True,True,True,True,True,False,False,False,"[-6, -2, -2, -7]",0,0,0,0,0,0.04227058298420161,2.429200685583055e-05,0.03889254099340178,0.00226566701894626,8,8,"[('(0, 0, 0, 0)', 435), ('(0, 0, 1, 0)', 11), ('(0, -1, 0, 0)', 10), ('(0, 0, 0, 1)', 9), ('(0, 1, 0, 0)', 9), ('(0, 0, 0, -1)', 7), ('(-1, 0, 0, 0)', 7), ('(0, 0, -1, 0)', 6), ('(1, 0, 0, 0)', 5), ('(0, 1, -1, 0)', 1)]",5
3,4,17,34,"[1, 1, 0]","[1, 1, 0]","[1, 1, 0, 0]","[2, -1, -6, -6]","[0, 0, 0, 1]",1.0,"[4, 15, 16]",False,"[0, 0, 0, 0]",1.0,"[2, -1, -6, -6]","[4, 15, 16]",False,"[0, 0, 0, 0]",1.0,0,"[2, -1, -6, -6]","[4, 15, 16]",False,"[0, 0, 0, 0]",1.0,"[2, -1, -6, -6]","[4, 15, 16]",False,"[1, 0, 0, 0]",2.0,41,0.08316430020283976,11.726233038171662,0,0,2,2,"[1, -2, -6, -5]","[1, 1, 0]",True,20,20,True,True,True,True,0,False,False,False,False,False,True,True,True,True,True,True,False,False,False,False,True,"[1, -2, -6, -5]",3,3,3,3,0,0.0415787500096485,4.295801045373082e-05,0.03616583300754428,0.003526667016558349,8,8,"[('(0, 0, 0, 0)', 262), ('(0, 0, 0, 1)', 82), ('(0, -1, 0, 0)', 41), ('(1, 0, 0, 0)', 41), ('(0, -1, 0, 1)', 15), ('(1, 0, 0, 1)', 13), ('(0, 0, -1, 0)', 7), ('(1, -1, 0, 0)', 7), ('(0, 0, 1, 0)', 4), ('(-1, 0, 0, 0)', 4)]",5
3,4,17,33,"[1, 0, -1]","[1, 0, 16]","[0, 0, -1, -1]","[8, -6, -4, 4]","[0, 0, -1, -1]",2.0,"[1, 0, 16]",True,"[-1, 0, 0, 0]",2.0,"[7, -6, -5, 4]","[2, 4, 6]",False,"[0, 0, 0, 0]",2.0,0,"[8, -6, -4, 4]","[1, 0, 16]",True,"[0, 0, 0, 0]",2.0,"[8, -6, -4, 4]","[1, 0, 16]",True,"[0, 0, 0, 0]",2.0,251,0.5040160642570282,11.547057091248858,0,0,2,2,"[8, -6, -4, 4]","[1, 0, 16]",True,20,20,True,False,True,True,0,False,True,False,False,False,False,False,False,True,False,True,False,True,False,False,False,"[8, -6, -4, 4]",0,2,0,0,0,0.050593041989486665,1.9416998839005828e-05,0.045873041002778336,0.0038295420235954225,8,8,"[('(0, 0, 0, 0)', 251), ('(0, 0, 0, 1)', 60), ('(0, -1, 0, 0)', 57), ('(-1, 0, 0, 0)', 34), ('(0, 0, -1, 0)', 32), ('(-1, 0, 0, 1)', 11), ('(0, -1, 0, 1)', 10), ('(1, 0, 0, 0)', 7), ('(0, 0, -1, 1)', 5), ('(0, -1, -1, 0)', 5)]",5
3,4,17,35,"[0, 1, 1]","[0, 1, 1]","[1, 0, 0, 1]","[3, -4, -2, -9]","[0, 0, 1, 1]",2.0,"[8, 0, 13]",False,"[0, 0, 0, 0]",2.0,"[3, -4, -2, -9]","[8, 0, 13]",False,"[0, 0, 0, 0]",2.0,0,"[3, -4, -2, -9]","[8, 0, 13]",False,"[0, 0, 0, 0]",2.0,"[3, -4, -2, -9]","[8, 0, 13]",False,"[1, 0, 0, 0]",2.0,33,0.06653225806451613,11.747363947538384,0,0,2,2,"[2, -4, -1, -9]","[0, 1, 1]",True,20,20,True,True,True,True,0,False,False,False,False,False,True,True,True,True,True,True,False,True,False,False,True,"[2, -4, -1, -9]",2,2,2,2,0,0.047678958013420925,6.904199835844338e-05,0.04369654197944328,0.0024043330049607903,8,8,"[('(0, 0, 0, 0)', 260), ('(0, 0, 1, 0)', 60), ('(0, 0, 0, 1)', 46), ('(1, 0, 0, 0)', 33), ('(0, 1, 0, 0)', 23), ('(0, 0, 1, 1)', 17), ('(0, 1, 1, 0)', 11), ('(1, 0, 0, 1)', 9), ('(1, 0, 1, 0)', 7), ('(0, -1, 0, 0)', 5)]",5
3,4,17,36,"[0, 1, -1]","[0, 1, 16]","[0, 0, 0, 0]","[-4, -8, 8, -1]","[0, 0, 0, 0]",0.0,"[0, 1, 16]",True,"[0, 0, 0, 0]",0.0,"[-4, -8, 8, -1]","[0, 1, 16]",True,"[0, 0, 0, 0]",0.0,0,"[-4, -8, 8, -1]","[0, 1, 16]",True,"[0, 0, 0, 0]",0.0,"[-4, -8, 8, -1]","[0, 1, 16]",True,"[0, 0, 0, 0]",0.0,431,0.862,9.393157441175589,0,0,2,0,"[-4, -8, 8, -1]","[0, 1, 16]",True,10,10,True,False,True,True,0,False,False,False,False,False,False,False,True,True,True,True,True,True,False,False,False,"[-4, -8, 8, -1]",0,0,0,0,0,0.037707667012000456,2.1499989088624716e-05,0.03574658400611952,0.0008658749866299331,8,8,"[('(0, 0, 0, 0)', 431), ('(1, 0, 0, 0)', 15), ('(0, 1, 0, 0)', 10), ('(0, 0, 1, 0)', 9), ('(0, -1, 0, 0)', 9), ('(-1, 0, 0, 0)', 9), ('(0, 0, -1, 0)', 7), ('(0, 0, 0, -1)', 6), ('(0, 0, 0, 1)', 3), ('(-1, 0, -1, 0)', 1)]",5
3,4,17,37,"[1, -1, -1]","[1, 16, 16]","[-1, 0, 0, 0]","[-2, 6, 0, 2]","[-1, 0, 0, 0]",1.0,"[1, 16, 16]",True,"[0, 0, 0, 0]",1.0,"[-2, 6, 0, 2]","[1, 16, 16]",True,"[0, 0, 0, 0]",1.0,0,"[-2, 6, 0, 2]","[1, 16, 16]",True,"[0, 0, 0, 0]",1.0,"[-2, 6, 0, 2]","[1, 16, 16]",True,"[0, 0, 0, 0]",1.0,270,0.5421686746987951,20.48978811791203,0,0,3,1,"[-2, 6, 0, 2]","[1, 16, 16]",True,20,20,True,False,True,True,0,False,False,False,False,False,False,False,True,True,True,True,True,True,False,False,False,"[-2, 6, 0, 2]",0,0,0,0,0,0.048683582979720086,2.3416010662913322e-05,0.04317124999943189,0.0038937919889576733,8,8,"[('(0, 0, 0, 0)', 270), ('(0, 0, 1, 0)', 71), ('(0, -1, 0, 0)', 49), ('(0, 0, 0, -1)', 32), ('(0, -1, 1, 0)', 14), ('(0, 1, 0, 0)', 10), ('(-1, 0, 0, 0)', 10), ('(0, -1, 0, -1)', 8), ('(0, 0, -1, 0)', 6), ('(0, 0, 0, 1)', 6)]",5
3,4,17,39,"[-1, -1, 1]","[16, 16, 1]","[0, 0, 0, 0]","[-4, -3, 3, -2]","[0, 0, 0, 0]",0.0,"[16, 16, 1]",True,"[0, 0, 0, 0]",0.0,"[-4, -3, 3, -2]","[16, 16, 1]",True,"[0, 0, 0, 0]",0.0,0,"[-4, -3, 3, -2]","[16, 16, 1]",True,"[0, 0, 0, 0]",0.0,"[-4, -3, 3, -2]","[16, 16, 1]",True,"[0, 0, 0, 0]",0.0,435,0.87,29.392235775665096,0,0,3,0,"[-4, -3, 3, -2]","[16, 16, 1]",True,11,11,True,False,True,True,0,False,False,False,False,False,False,False,True,True,True,True,True,True,False,False,False,"[-4, -3, 3, -2]",0,0,0,0,0,0.03345554100815207,4.933300078846514e-05,0.030474083992885426,0.0009582079946994781,8,8,"[('(0, 0, 0, 0)', 435), ('(0, 0, 1, 0)', 14), ('(0, 0, 0, 1)', 9), ('(-1, 0, 0, 0)', 9), ('(0, 1, 0, 0)', 8), ('(0, 0, 0, -1)', 7), ('(0, -1, 0, 0)', 6), ('(0, 0, -1, 0)', 5), ('(1, 0, 0, 0)', 5), ('(0, -1, 0, 1)', 1)]",5
3,4,17,38,"[1, 0, 0]","[1, 0, 0]","[0, 0, -1, 0]","[4, 4, 8, -2]","[0, 0, -1, 0]",1.0,"[1, 0, 0]",True,"[0, 0, 0, 0]",1.0,"[4, 4, 8, -2]","[1, 0, 0]",True,"[0, 0, 0, 0]",1.0,0,"[4, 4, 8, -2]","[1, 0, 0]",True,"[0, 0, 0, 0]",1.0,"[4, 4, 8, -2]","[1, 0, 0]",True,"[0, 0, 0, 0]",1.0,201,0.4044265593561368,20.51917323025988,0,0,1,1,"[4, 4, 8, -2]","[1, 0, 0]",True,20,20,True,False,True,True,0,False,False,False,False,False,False,False,True,True,True,True,True,True,False,False,False,"[4, 4, 8, -2]",0,0,0,0,0,0.050649415992666036,5.43750065844506e-05,0.04523904199595563,0.003595291986130178,8,8,"[('(0, 0, 0, 0)', 201), ('(0, -1, 0, 0)', 57), ('(-1, 0, 0, 0)', 56), ('(0, 0, 1, 0)', 55), ('(0, 0, 0, 1)', 32), ('(-1, -1, 0, 0)', 16), ('(-1, 0, 0, 1)', 15), ('(-1, 0, 1, 0)', 13), ('(0, -1, 1, 0)', 8), ('(0, 0, 1, 1)', 7)]",5
3,4,17,41,"[0, 0, 1]","[0, 0, 1]","[0, 0, 0, 1]","[-3, 2, 5, 5]","[0, 0, 0, 1]",1.0,"[0, 0, 1]",True,"[0, 0, 0, 0]",1.0,"[-3, 2, 5, 5]","[0, 0, 1]",True,"[0, 0, 0, 0]",1.0,0,"[-3, 2, 5, 5]","[0, 0, 1]",True,"[0, 0, 0, 0]",1.0,"[-3, 2, 5, 5]","[0, 0, 1]",True,"[0, 0, 0, 0]",1.0,292,0.5863453815261044,20.481982739098292,0,0,1,1,"[-3, 2, 5, 5]","[0, 0, 1]",True,19,19,True,False,True,True,0,False,False,False,False,False,False,False,True,True,True,True,True,True,False,False,False,"[-3, 2, 5, 5]",0,0,0,0,0,0.04224258300382644,2.0167004549875855e-05,0.03968691700720228,0.0015094999980647117,8,8,"[('(0, 0, 0, 0)', 292), ('(0, 0, 0, -1)', 63), ('(0, 1, 0, 0)', 44), ('(0, 0, -1, 0)', 30), ('(1, 0, 0, 0)', 14), ('(0, 1, 0, -1)', 12), ('(0, 0, -1, -1)', 9), ('(0, 1, -1, 0)', 7), ('(0, -1, 0, 0)', 7), ('(0, 0, 1, 0)', 4)]",5
3,4,17,40,"[0, -1, -1]","[0, 16, 16]","[0, -1, -1, 0]","[5, -6, 9, 1]","[0, -1, -1, 0]",2.0,"[0, 16, 16]",True,"[0, 0, 0, 0]",2.0,"[5, -6, 9, 1]","[0, 16, 16]",True,"[0, 0, 0, 0]",2.0,0,"[5, -6, 9, 1]","[0, 16, 16]",True,"[0, 0, 0, 0]",2.0,"[5, -6, 9, 1]","[0, 16, 16]",True,"[0, 0, 0, 0]",2.0,293,0.5895372233400402,11.531642023266132,0,0,2,2,"[5, -6, 9, 1]","[0, 16, 16]",True,19,19,True,False,True,True,0,False,False,False,False,False,False,False,True,True,True,True,True,True,False,False,False,"[5, -6, 9, 1]",0,0,0,0,0,0.052244249993236735,4.99580055475235e-05,0.045541166997281834,0.004163167002843693,8,8,"[('(0, 0, 0, 0)', 293), ('(0, 0, 0, 1)', 68), ('(1, 0, 0, 0)', 43), ('(0, 0, -1, 0)', 40), ('(0, 0, -1, 1)', 14), ('(1, 0, 0, 1)', 9), ('(0, -1, 0, 0)', 7), ('(1, 0, -1, 0)', 6), ('(0, 1, 0, 0)', 5), ('(0, 1, 0, 1)', 2)]",5
3,4,17,42,"[1, 1, -1]","[1, 1, 16]","[0, 0, 1, 0]","[3, 0, -8, -7]","[0, 0, 1, 0]",1.0,"[1, 1, 16]",True,"[0, 0, 0, 0]",1.0,"[3, 0, -8, -7]","[1, 1, 16]",True,"[0, 0, 0, 0]",1.0,0,"[3, 0, -8, -7]","[1, 1, 16]",True,"[0, 0, 0, 0]",1.0,"[3, 0, -8, -7]","[1, 1, 16]",True,"[0, 0, 0, 0]",1.0,330,0.6666666666666666,20.469788162462294,0,0,3,1,"[3, 0, -8, -7]","[1, 1, 16]",True,18,18,True,False,True,True,0,False,False,False,False,False,False,False,True,True,True,True,True,True,False,False,False,"[3, 0, -8, -7]",0,0,0,0,0,0.03483483399031684,2.274999860674143e-05,0.03152895800303668,0.0014852499880362302,8,8,"[('(0, 0, 0, 0)', 330), ('(0, 0, 0, 1)', 67), ('(1, 0, 0, 0)', 55), ('(0, 1, 0, 0)', 7), ('(0, 0, 1, 0)', 5), ('(0, -1, 0, 0)', 5), ('(1, 0, 0, 1)', 4), ('(1, 0, -1, 0)', 4), ('(0, 0, -1, 0)', 4), ('(-1, 0, 0, 0)', 3)]",5
3,4,17,43,"[1, 0, 0]","[1, 0, 0]","[0, 1, 1, 0]","[8, 1, 5, -7]","[0, 0, 0, -1]",1.0,"[14, 2, 13]",False,"[0, 0, 0, 0]",1.0,"[8, 1, 5, -7]","[14, 2, 13]",False,"[0, 0, 0, 0]",1.0,0,"[8, 1, 5, -7]","[14, 2, 13]",False,"[0, 0, 0, 0]",1.0,"[8, 1, 5, -7]","[14, 2, 13]",False,"[0, -1, 0, 0]",2.0,50,0.1006036217303823,31.70681743672757,0,0,1,2,"[8, 0, 4, -8]","[1, 0, 0]",True,20,20,True,True,True,True,0,False,False,False,False,False,True,True,True,True,True,True,False,False,False,False,True,"[8, 0, 4, -8]",3,3,3,3,0,0.04105341699323617,4.520799848251045e-05,0.036963207996450365,0.002823041984811425,8,8,"[('(0, 0, 0, 0)', 263), ('(0, 0, 1, 0)', 66), ('(0, 0, 0, -1)', 50), ('(0, -1, 0, 0)', 50), ('(0, 0, 1, -1)', 14), ('(0, -1, 0, -1)', 10), ('(0, -1, 1, 0)', 9), ('(0, 1, 0, 0)', 5), ('(-1, 0, 0, 0)', 5), ('(-1, 0, 1, 0)', 4)]",5
3,4,17,44,"[-1, 0, 0]","[16, 0, 0]","[0, 1, 0, 1]","[6, -3, -1, -2]","[0, 0, 0, 1]",1.0,"[13, 16, 4]",False,"[0, 0, 0, 0]",1.0,"[6, -3, -1, -2]","[13, 16, 4]",False,"[0, 0, 0, 0]",1.0,0,"[6, -3, -1, -2]","[13, 16, 4]",False,"[0, 0, 0, 0]",1.0,"[6, -3, -1, -2]","[13, 16, 4]",False,"[-1, 0, 0, 0]",2.0,6,0.012,31.90540898509447,0,0,1,2,"[6, -4, -1, -2]","[16, 0, 0]",True,17,17,True,True,True,True,0,False,False,False,False,False,True,True,True,True,True,True,False,False,False,False,True,"[6, -4, -1, -2]",1,1,1,1,0,0.04285037500085309,4.9583992222324014e-05,0.03751837500021793,0.0030366249848157167,8,8,"[('(0, 0, 0, 0)', 336), ('(0, 0, 0, 1)', 70), ('(0, 0, 1, 0)', 40), ('(0, 0, 1, 1)', 16), ('(0, 1, 0, 0)', 7), ('(-1, 0, 0, 0)', 6), ('(0, -1, 0, 0)', 5), ('(1, 0, 0, 0)', 5), ('(0, 0, 0, -1)', 3), ('(0, 0, -1, 0)', 3)]",5
3,4,17,45,"[1, 0, 0]","[1, 0, 0]","[0, 0, 0, 0]","[-2, 8, -5, 8]","[0, 0, 0, 0]",0.0,"[1, 0, 0]",True,"[0, 0, 0, 0]",0.0,"[-2, 8, -5, 8]","[1, 0, 0]",True,"[0, 0, 0, 0]",0.0,0,"[-2, 8, -5, 8]","[1, 0, 0]",True,"[0, 0, 0, 0]",0.0,"[-2, 8, -5, 8]","[1, 0, 0]",True,"[0, 0, 0, 0]",0.0,438,0.8777555110220441,29.391550058692484,0,0,1,0,"[-2, 8, -5, 8]","[1, 0, 0]",True,13,13,True,False,True,True,0,False,False,False,False,False,False,False,True,True,True,True,True,True,False,False,False,"[-2, 8, -5, 8]",0,0,0,0,0,0.03265554198878817,4.804198397323489e-05,0.03036045900080353,0.001072415994713083,8,8,"[('(0, 0, 0, 0)', 438), ('(1, 0, 0, 0)', 12), ('(-1, 0, 0, 0)', 9), ('(0, 0, 1, 0)', 8), ('(0, 0, -1, 0)', 7), ('(0, 0, 0, 1)', 6), ('(0, -1, 0, 0)', 6), ('(0, 0, 0, -1)', 5), ('(0, 1, 0, 0)', 4), ('(1, 0, -1, 0)', 1)]",5
3,4,17,46,"[0, 1, 0]","[0, 1, 0]","[0, 1, 0, 0]","[-2, -8, -7, -4]","[0, 1, 0, 0]",1.0,"[0, 1, 0]",True,"[0, 0, 0, 0]",1.0,"[-2, -8, -7, -4]","[0, 1, 0]",True,"[0, 0, 0, 0]",1.0,0,"[-2, -8, -7, -4]","[0, 1, 0]",True,"[0, 0, 0, 0]",1.0,"[-2, -8, -7, -4]","[0, 1, 0]",True,"[0, 0, 0, 0]",1.0,239,0.48185483870967744,20.501936107665802,0,0,1,1,"[-2, -8, -7, -4]","[0, 1, 0]",True,20,20,True,False,True,True,0,False,False,False,False,False,False,False,True,True,True,True,True,True,False,False,False,"[-2, -8, -7, -4]",0,0,0,0,0,0.03364670800510794,2.0624982425943017e-05,0.02874566600075923,0.0035911659942939878,8,8,"[('(0, 0, 0, 0)', 239), ('(0, 0, -1, 0)', 66), ('(0, -1, 0, 0)', 56), ('(-1, 0, 0, 0)', 55), ('(-1, -1, 0, 0)', 22), ('(-1, 0, -1, 0)', 14), ('(0, -1, -1, 0)', 10), ('(0, 1, 0, 0)', 7), ('(1, 0, 0, 0)', 5), ('(0, 0, 0, -1)', 3)]",5
3,4,17,47,"[-1, 1, 0]","[16, 1, 0]","[0, 0, 0, 0]","[-6, -5, 0, 7]","[0, 0, 0, 0]",0.0,"[16, 1, 0]",True,"[0, 0, 0, 0]",0.0,"[-6, -5, 0, 7]","[16, 1, 0]",True,"[0, 0, 0, 0]",0.0,0,"[-6, -5, 0, 7]","[16, 1, 0]",True,"[0, 0, 0, 0]",0.0,"[-6, -5, 0, 7]","[16, 1, 0]",True,"[0, 0, 0, 0]",0.0,443,0.8877755511022044,9.390417543756778,0,0,2,0,"[-6, -5, 0, 7]","[16, 1, 0]",True,10,10,True,False,True,True,0,False,False,False,False,False,False,False,True,True,True,True,True,True,False,False,False,"[-6, -5, 0, 7]",0,0,0,0,0,0.0251534580020234,2.0625011529773474e-05,0.023150207998696715,0.000995083013549447,8,8,"[('(0, 0, 0, 0)', 443), ('(0, 0, -1, 0)', 9), ('(0, 1, 0, 0)', 8), ('(1, 0, 0, 0)', 8), ('(-1, 0, 0, 0)', 7), ('(0, 0, 1, 0)', 6), ('(0, 0, 0, -1)', 6), ('(0, -1, 0, 0)', 6), ('(0, 0, 0, 1)', 5), ('(-1, 0, -1, 0)', 1)]",5
3,4,17,48,"[0, 0, 1]","[0, 0, 1]","[0, -1, -1, 0]","[8, 6, -3, -2]","[0, 1, 0, -1]",2.0,"[12, 11, 11]",False,"[-1, 0, 0, 0]",2.0,"[7, 6, -3, -3]","[8, 4, 15]",False,"[0, 0, 0, 0]",2.0,0,"[8, 6, -3, -2]","[12, 11, 11]",False,"[0, 0, 0, 0]",2.0,"[8, 6, -3, -2]","[12, 11, 11]",False,"[-1, 0, 1, 0]",2.0,11,0.022222222222222223,31.851509335021202,0,0,1,2,"[8, 8, -2, -3]","[0, 0, 1]",True,19,19,True,True,True,True,0,False,True,False,False,False,True,True,False,True,False,True,False,True,False,False,True,"[8, 8, -2, -3]",6,6,6,6,0,0.029606290976516902,2.058298559859395e-05,0.02700800000457093,0.001514374976977706,8,8,"[('(0, 0, 0, 0)', 262), ('(0, 0, 1, 0)', 68), ('(0, 0, 0, -1)', 45), ('(-1, 0, 0, 0)', 45), ('(0, 0, 1, -1)', 18), ('(-1, 0, 0, -1)', 16), ('(-1, 0, 1, 0)', 11), ('(0, 1, 0, 0)', 7), ('(0, -1, 0, 0)', 5), ('(0, 0, -1, 0)', 3)]",5
3,4,17,50,"[-1, 0, 0]","[16, 0, 0]","[0, 1, 0, 0]","[4, 3, -4, -4]","[0, 1, 0, 0]",1.0,"[16, 0, 0]",True,"[0, 0, 0, 0]",1.0,"[4, 3, -4, -4]","[16, 0, 0]",True,"[0, 0, 0, 0]",1.0,0,"[4, 3, -4, -4]","[16, 0, 0]",True,"[0, 0, 0, 0]",1.0,"[4, 3, -4, -4]","[16, 0, 0]",True,"[0, 0, 0, 0]",1.0,292,0.5851703406813628,20.481982739098292,0,0,1,1,"[4, 3, -4, -4]","[16, 0, 0]",True,20,20,True,False,True,True,0,False,False,False,False,False,False,False,True,True,True,True,True,True,False,False,False,"[4, 3, -4, -4]",0,0,0,0,0,0.02277341700391844,2.0916981156915426e-05,0.020201041013933718,0.001591250009369105,8,8,"[('(0, 0, 0, 0)', 292), ('(0, 0, 0, 1)', 83), ('(0, 0, -1, 0)', 62), ('(0, 0, -1, 1)', 11), ('(-1, 0, 0, 1)', 6), ('(0, 1, 0, 0)', 6), ('(0, -1, 0, 0)', 6), ('(0, 0, 0, -1)', 5), ('(1, 0, 0, 0)', 5), ('(-1, 0, 0, 0)', 5)]",5
3,4,17,52,"[0, -1, -1]","[0, 16, 16]","[1, 1, 0, -1]","[4, 2, -5, -4]","[0, 1, 0, 0]",1.0,"[13, 1, 6]",False,"[0, 0, 0, 0]",1.0,"[4, 2, -5, -4]","[13, 1, 6]",False,"[0, 0, 0, 0]",1.0,0,"[4, 2, -5, -4]","[13, 1, 6]",False,"[0, 0, 0, 0]",1.0,"[4, 2, -5, -4]","[13, 1, 6]",False,"[0, 0, 0, 0]",1.0,255,0.5193482688391039,2020.495482255552,2,0,3,1,"[4, 2, -5, -4]","[13, 1, 6]",False,20,20,False,False,True,True,2,False,False,False,False,False,False,False,True,True,True,True,True,True,False,False,False,"[3, 2, -5, -3]",2,2,2,2,2,0.027470959001220763,2.016598591580987e-05,0.024941541982116178,0.0015715000045020133,8,8,"[('(0, 0, 0, 0)', 255), ('(0, 0, 0, -1)', 64), ('(0, 0, 1, 0)', 57), ('(0, 1, 0, 0)', 53), ('(0, 0, 1, -1)', 12), ('(0, 1, 0, -1)', 12), ('(0, 1, 1, 0)', 12), ('(-1, 0, 0, 0)', 5), ('(1, 0, 0, -1)', 3), ('(0, -1, 0, 0)', 3)]",5
3,4,17,49,"[1, 1, 0]","[1, 1, 0]","[-1, 1, 0, 0]","[5, -6, 0, 3]","[0, 0, 1, 1]",2.0,"[2, 10, 7]",False,"[0, 0, 0, 0]",2.0,"[5, -6, 0, 3]","[2, 10, 7]",False,"[0, 0, 0, 0]",2.0,0,"[5, -6, 0, 3]","[2, 10, 7]",False,"[0, 0, 0, 0]",2.0,"[5, -6, 0, 3]","[2, 10, 7]",False,"[1, 0, 1, 0]",2.0,2,0.004016064257028112,11.99013877113319,0,0,2,2,"[6, -7, 1, 4]","[1, 1, 0]",True,20,20,True,True,True,True,0,False,False,False,False,False,True,True,True,True,True,True,False,True,False,False,True,"[6, -7, 1, 4]",4,4,4,4,0,0.03621654200833291,1.9875005818903446e-05,0.0336226670187898,0.0016051249986048788,8,8,"[('(0, 0, 0, 0)', 297), ('(0, 0, 0, -1)', 56), ('(0, 0, 1, 0)', 56), ('(0, 1, 0, 0)', 30), ('(0, 0, 1, -1)', 11), ('(0, 1, 1, 0)', 8), ('(-1, 0, 0, 0)', 7), ('(0, 0, -1, 0)', 5), ('(1, 0, 0, -1)', 4), ('(1, 0, 0, 0)', 4)]",5
3,4,17,51,"[1, 0, 0]","[1, 0, 0]","[0, 1, 0, 0]","[7, 6, 5, -4]","[-1, 0, 0, 0]",1.0,"[2, 1, 2]",False,"[-1, 0, 0, 0]",1.0,"[6, 5, 5, -4]","[1, 0, 0]",True,"[0, 0, 0, 0]",1.0,0,"[7, 6, 5, -4]","[2, 1, 2]",False,"[0, 0, 0, 0]",1.0,"[7, 6, 5, -4]","[2, 1, 2]",False,"[-1, 0, 0, 0]",1.0,42,0.08450704225352113,20.673879988430645,0,0,1,1,"[6, 5, 5, -4]","[1, 0, 0]",True,20,20,True,True,True,True,0,False,True,True,False,False,True,True,False,True,False,True,True,True,False,False,True,"[6, 5, 5, -4]",2,0,2,2,0,0.03377633399213664,2.174999099224806e-05,0.030193083977792412,0.0015833330107852817,8,8,"[('(0, 0, 0, 0)', 275), ('(0, 0, 0, -1)', 70), ('(0, 0, -1, 0)', 48), ('(-1, 0, 0, 0)', 42), ('(-1, 0, 0, -1)', 19), ('(0, 0, -1, -1)', 11), ('(-1, 0, -1, 0)', 8), ('(0, 1, 0, 0)', 4), ('(0, -1, 0, 0)', 3), ('(-1, 1, 0, -1)', 2)]",5
3,4,17,53,"[1, 0, 1]","[1, 0, 1]","[0, 0, 0, 0]","[6, 0, -3, -5]","[0, 0, 0, 0]",0.0,"[1, 0, 1]",True,"[0, 0, 0, 0]",0.0,"[6, 0, -3, -5]","[1, 0, 1]",True,"[0, 0, 0, 0]",0.0,0,"[6, 0, -3, -5]","[1, 0, 1]",True,"[0, 0, 0, 0]",0.0,"[6, 0, -3, -5]","[1, 0, 1]",True,"[0, 0, 0, 0]",0.0,433,0.866,9.392695546589959,0,0,2,0,"[6, 0, -3, -5]","[1, 0, 1]",True,11,11,True,False,True,True,0,False,False,False,False,False,False,False,True,True,True,True,True,True,False,False,False,"[6, 0, -3, -5]",0,0,0,0,0,0.025314250000519678,1.9291997887194157e-05,0.023474042012821883,0.0008729160181246698,8,8,"[('(0, 0, 0, 0)', 433), ('(0, 1, 0, 0)', 10), ('(1, 0, 0, 0)', 10), ('(0, 0, 1, 0)', 9), ('(0, 0, -1, 0)', 9), ('(0, 0, 0, -1)', 9), ('(0, 0, 0, 1)', 7), ('(0, -1, 0, 0)', 6), ('(-1, 0, 0, 0)', 5), ('(0, 0, -1, 1)', 1)]",5
3,4,17,54,"[0, -1, 1]","[0, 16, 1]","[1, 0, 0, 0]","[3, -8, 3, -3]","[0, 1, 0, 0]",1.0,"[13, 4, 9]",False,"[0, 0, 0, 0]",1.0,"[3, -8, 3, -3]","[13, 4, 9]",False,"[0, 0, 0, 0]",1.0,0,"[3, -8, 3, -3]","[13, 4, 9]",False,"[0, 0, 0, 0]",1.0,"[3, -8, 3, -3]","[13, 4, 9]",False,"[0, 1, 0, 0]",1.0,65,0.13026052104208416,0.6310345257973575,0,0,2,1,"[2, -7, 3, -3]","[0, 16, 1]",True,20,20,True,True,True,True,0,False,False,False,False,False,True,True,True,True,True,True,False,True,False,False,True,"[2, -7, 3, -3]",2,2,2,2,0,0.03112850000616163,1.9083003280684352e-05,0.026254666998283938,0.004022207984235138,8,8,"[('(0, 0, 0, 0)', 286), ('(0, 0, -1, 0)', 82), ('(0, 1, 0, 0)', 65), ('(0, 1, -1, 0)', 16), ('(0, 0, 0, 1)', 9), ('(1, 0, 0, 0)', 6), ('(1, 0, -1, 0)', 4), ('(0, 0, 1, 0)', 4), ('(0, -1, 0, 0)', 4), ('(0, 1, 0, -1)', 3)]",5
3,4,17,57,"[0, -1, 0]","[0, 16, 0]","[1, 1, 0, 0]","[6, 4, -5, 6]","[1, 0, 0, 1]",2.0,"[2, 14, 12]",False,"[0, 0, 0, 0]",2.0,"[6, 4, -5, 6]","[2, 14, 12]",False,"[0, 0, 0, 0]",2.0,0,"[6, 4, -5, 6]","[2, 14, 12]",False,"[0, 0, 0, 0]",2.0,"[6, 4, -5, 6]","[2, 14, 12]",False,"[0, 1, 0, 0]",2.0,27,0.05443548387096774,31.76677954898248,0,0,1,2,"[6, 3, -5, 7]","[0, 16, 0]",True,20,20,True,True,True,True,0,False,False,False,False,False,True,True,True,True,True,True,False,True,False,False,True,"[6, 3, -5, 7]",2,2,2,2,0,0.0248486659838818,1.9166996935382485e-05,0.022279208002146333,0.0015408750041387975,8,8,"[('(0, 0, 0, 0)', 301), ('(0, 0, 0, 1)', 74), ('(0, 0, -1, 0)', 32), ('(0, 1, 0, 0)', 27), ('(0, 1, 0, 1)', 11), ('(1, 0, 0, 0)', 8), ('(0, 0, -1, 1)', 6), ('(0, 0, 0, -1)', 5), ('(-1, 0, 0, 0)', 4), ('(0, -1, 0, 1)', 3)]",5
3,4,17,56,"[0, -1, 0]","[0, 16, 0]","[1, -1, 0, 1]","[6, 0, 5, -5]","[0, 0, 0, 1]",1.0,"[12, 6, 11]",False,"[0, 0, 0, 0]",1.0,"[6, 0, 5, -5]","[12, 6, 11]",False,"[0, 0, 0, 0]",1.0,0,"[6, 0, 5, -5]","[12, 6, 11]",False,"[0, 0, 0, 0]",1.0,"[6, 0, 5, -5]","[12, 6, 11]",False,"[1, 0, 0, 0]",3.0,3,0.006012024048096192,43.01137056388801,0,0,1,3,"[5, 1, 5, -5]","[0, 16, 0]",True,19,19,True,True,True,True,0,False,False,False,False,False,True,True,True,True,True,True,False,False,False,False,True,"[5, 1, 5, -5]",2,2,2,2,0,0.029498457995941862,1.8708000425249338e-05,0.02713837500778027,0.0014637919957749546,8,8,"[('(0, 0, 0, 0)', 270), ('(0, 0, -1, 0)', 69), ('(0, 0, 0, 1)', 68), ('(0, 1, 0, 0)', 35), ('(0, 0, -1, 1)', 11), ('(0, 1, -1, 0)', 10), ('(0, 1, 0, 1)', 9), ('(-1, 0, 0, 0)', 5), ('(0, -1, 0, 0)', 4), ('(0, 0, 0, -1)', 3)]",5
3,4,17,55,"[0, 1, -1]","[0, 1, 16]","[0, 0, 0, -1]","[3, 0, -7, -8]","[-1, 0, 0, 0]",1.0,"[6, 11, 12]",False,"[0, 0, 0, 0]",1.0,"[3, 0, -7, -8]","[6, 11, 12]",False,"[0, 0, 0, 0]",1.0,0,"[3, 0, -7, -8]","[6, 11, 12]",False,"[0, 0, 0, 0]",1.0,"[3, 0, -7, -8]","[6, 11, 12]",False,"[1, 0, 0, 0]",1.0,46,0.0925553319919517,0.6649852398289942,0,0,2,1,"[2, 0, -7, -7]","[0, 1, 16]",True,20,20,True,True,True,True,0,False,False,False,False,False,True,True,True,True,True,True,False,True,False,False,True,"[2, 0, -7, -7]",2,2,2,2,0,0.03771974999108352,4.8290996346622705e-05,0.034453957981895655,0.0016033330175559968,8,8,"[('(0, 0, 0, 0)', 268), ('(0, 0, 0, -1)', 68), ('(1, 0, 0, 0)', 46), ('(0, 0, -1, 0)', 44), ('(0, 0, -1, -1)', 13), ('(1, 0, 0, -1)', 11), ('(1, 0, -1, 0)', 9), ('(0, 0, 1, 0)', 6), ('(0, 1, 0, 0)', 5), ('(0, -1, 0, 0)', 5)]",5
3,4,17,58,"[0, -1, 0]","[0, 16, 0]","[1, 0, 0, 1]","[-3, 1, -3, 2]","[-1, 0, 0, 0]",1.0,"[11, 15, 8]",False,"[0, 0, 0, 0]",1.0,"[-3, 1, -3, 2]","[11, 15, 8]",False,"[0, 0, 0, 0]",1.0,0,"[-3, 1, -3, 2]","[11, 15, 8]",False,"[0, 0, 0, 0]",1.0,"[-3, 1, -3, 2]","[11, 15, 8]",False,"[1, -1, 0, 0]",2.0,17,0.03441295546558704,31.810962824210385,0,0,1,2,"[-5, 1, -3, 1]","[0, 16, 0]",True,20,20,True,True,True,True,0,False,False,False,False,False,True,True,True,True,True,True,False,False,False,False,True,"[-5, 1, -3, 1]",5,5,5,5,0,0.03529225001693703,2.0792009308934212e-05,0.03072983300080523,0.0035880409996025264,8,8,"[('(0, 0, 0, 0)', 226), ('(0, 0, 0, -1)', 53), ('(0, -1, 0, 0)', 46), ('(0, 0, 1, 0)', 43), ('(1, 0, 0, 0)', 34), ('(1, -1, 0, 0)', 17), ('(0, -1, 0, -1)', 16), ('(0, 0, 1, -1)', 11), ('(1, 0, 1, 0)', 8), ('(1, 0, 0, -1)', 7)]",5
3,4,17,60,"[1, 1, 0]","[1, 1, 0]","[0, 0, -1, 0]","[7, -1, -2, -4]","[0, 0, -1, 0]",1.0,"[1, 1, 0]",True,"[0, 0, 0, 0]",1.0,"[7, -1, -2, -4]","[1, 1, 0]",True,"[0, 0, 0, 0]",1.0,0,"[7, -1, -2, -4]","[1, 1, 0]",True,"[0, 0, 0, 0]",1.0,"[7, -1, -2, -4]","[1, 1, 0]",True,"[0, 0, 0, 0]",1.0,260,0.5241935483870968,0.49354795926773065,0,0,2,1,"[7, -1, -2, -4]","[1, 1, 0]",True,20,20,True,False,True,True,0,False,False,False,False,False,False,False,True,True,True,True,True,True,False,False,False,"[7, -1, -2, -4]",0,0,0,0,0,0.028029374981997535,2.154201501980424e-05,0.025555375003023073,0.001494166994234547,8,8,"[('(0, 0, 0, 0)', 260), ('(0, 0, 0, 1)', 77), ('(0, 1, 0, 0)', 55), ('(1, 0, 0, 0)', 48), ('(0, 1, 0, 1)', 11), ('(1, 0, 0, 1)', 10), ('(-1, 0, 0, 0)', 9), ('(0, 0, 0, -1)', 3), ('(1, 1, 0, 0)', 3), ('(0, 0, 1, 0)', 3)]",5
3,4,17,62,"[0, 1, 1]","[0, 1, 1]","[0, 0, -1, 0]","[2, -8, 5, 7]","[0, 0, -1, 0]",1.0,"[0, 1, 1]",True,"[0, 0, 0, 0]",1.0,"[2, -8, 5, 7]","[0, 1, 1]",True,"[0, 0, 0, 0]",1.0,0,"[2, -8, 5, 7]","[0, 1, 1]",True,"[0, 0, 0, 0]",1.0,"[2, -8, 5, 7]","[0, 1, 1]",True,"[0, 0, 0, 0]",1.0,324,0.6519114688128773,0.47161748176702634,0,0,2,1,"[2, -8, 5, 7]","[0, 1, 1]",True,18,18,True,False,True,True,0,False,False,False,False,False,False,False,True,True,True,True,True,True,False,False,False,"[2, -8, 5, 7]",0,0,0,0,0,0.022034082998288795,1.9625003915280104e-05,0.019843874993966892,0.0013802500034216791,8,8,"[('(0, 0, 0, 0)', 324), ('(0, 0, 0, -1)', 91), ('(0, 0, -1, 0)', 20), ('(0, -1, 0, 0)', 11), ('(0, 1, 0, 0)', 8), ('(1, 0, 0, 0)', 8), ('(0, 0, 0, 1)', 6), ('(0, 0, 1, 0)', 6), ('(0, 0, -1, -1)', 6), ('(-1, 0, 0, 0)', 5)]",5
3,4,17,59,"[-1, 0, 1]","[16, 0, 1]","[-1, 0, -1, 0]","[-1, 2, -4, 5]","[-1, 0, -1, 0]",2.0,"[16, 0, 1]",True,"[-1, -1, 0, 0]",2.0,"[-3, 3, -5, 5]","[0, 16, 1]",False,"[0, 0, 0, 0]",2.0,0,"[-1, 2, -4, 5]","[16, 0, 1]",True,"[0, 0, 0, 0]",2.0,"[-1, 2, -4, 5]","[16, 0, 1]",True,"[0, 0, 0, 0]",2.0,220,0.4426559356136821,11.560183729848225,0,0,2,2,"[-1, 2, -4, 5]","[16, 0, 1]",True,20,20,True,False,True,True,0,False,True,False,False,False,False,False,False,True,False,True,False,True,False,False,False,"[-1, 2, -4, 5]",0,6,0,0,0,0.040867542003979906,2.0624982425943017e-05,0.038053333992138505,0.001558916992507875,8,8,"[('(0, 0, 0, 0)', 220), ('(-1, 0, 0, 0)', 62), ('(0, 0, -1, 0)', 52), ('(0, 0, 0, -1)', 48), ('(0, -1, 0, 0)', 25), ('(-1, 0, 0, -1)', 15), ('(-1, -1, 0, 0)', 12), ('(-1, 0, -1, 0)', 11), ('(0, -1, 0, -1)', 8), ('(0, 0, -1, -1)', 8)]",5
3,4,17,61,"[0, 0, -1]","[0, 0, 16]","[0, -1, 0, -1]","[-3, -4, 4, 6]","[-1, 0, 0, 0]",1.0,"[5, 5, 11]",False,"[0, 0, 0, 0]",1.0,"[-3, -4, 4, 6]","[5, 5, 11]",False,"[0, 0, 0, 0]",1.0,0,"[-3, -4, 4, 6]","[5, 5, 11]",False,"[0, 0, 0, 0]",1.0,"[-3, -4, 4, 6]","[5, 5, 11]",False,"[1, -1, 0, 0]",2.0,2,0.004016064257028112,31.99013877113319,0,0,1,2,"[-4, -3, 4, 7]","[0, 0, 16]",True,19,19,True,True,True,True,0,False,False,False,False,False,True,True,True,True,True,True,False,False,False,False,True,"[-4, -3, 4, 7]",3,3,3,3,0,0.03808129197568633,1.837499439716339e-05,0.03367333399364725,0.003476333018625155,8,8,"[('(0, 0, 0, 0)', 269), ('(0, 0, -1, 0)', 78), ('(0, 0, 0, -1)', 46), ('(0, -1, 0, 0)', 38), ('(0, 0, -1, -1)', 14), ('(0, -1, -1, 0)', 10), ('(0, -1, 0, -1)', 8), ('(0, 0, 0, 1)', 7), ('(1, 0, 0, 0)', 6), ('(-1, 0, 0, 0)', 6)]",5
3,4,17,63,"[1, 0, 0]","[1, 0, 0]","[0, 0, 0, 0]","[7, -1, -8, 3]","[0, 0, 0, 0]",0.0,"[1, 0, 0]",True,"[0, 0, 0, 0]",0.0,"[7, -1, -8, 3]","[1, 0, 0]",True,"[0, 0, 0, 0]",0.0,0,"[7, -1, -8, 3]","[1, 0, 0]",True,"[0, 0, 0, 0]",0.0,"[7, -1, -8, 3]","[1, 0, 0]",True,"[0, 0, 0, 0]",0.0,441,0.882,29.39086901179223,0,0,1,0,"[7, -1, -8, 3]","[1, 0, 0]",True,12,12,True,False,True,True,0,False,False,False,False,False,False,False,True,True,True,True,True,True,False,False,False,"[7, -1, -8, 3]",0,0,0,0,0,0.025928125018253922,3.937500878237188e-05,0.023058291000779718,0.0010003749921452254,8,8,"[('(0, 0, 0, 0)', 441), ('(0, 0, 0, -1)', 10), ('(-1, 0, 0, 0)', 9), ('(0, 0, 1, 0)', 8), ('(0, 1, 0, 0)', 7), ('(0, -1, 0, 0)', 7), ('(1, 0, 0, 0)', 6), ('(0, 0, 0, 1)', 5), ('(0, 0, -1, 0)', 4), ('(-1, -1, 1, 0)', 1)]",5
3,4,17,64,"[1, 0, -1]","[1, 0, 16]","[-1, 0, 0, 0]","[-6, 7, 8, -4]","[-1, 0, 0, 0]",1.0,"[1, 0, 16]",True,"[0, 0, 0, 0]",1.0,"[-6, 7, 8, -4]","[1, 0, 16]",True,"[0, 0, 0, 0]",1.0,0,"[-6, 7, 8, -4]","[1, 0, 16]",True,"[0, 0, 0, 0]",1.0,"[-6, 7, 8, -4]","[1, 0, 16]",True,"[0, 0, 0, 0]",1.0,263,0.530241935483871,0.49240508968536845,0,0,2,1,"[-6, 7, 8, -4]","[1, 0, 16]",True,20,20,True,False,True,True,0,False,False,False,False,False,False,False,True,True,True,True,True,True,False,False,False,"[-6, 7, 8, -4]",0,0,0,0,0,0.03168712501064874,1.754198456183076e-05,0.029111166979419068,0.001605708006536588,8,8,"[('(0, 0, 0, 0)', 263), ('(0, 0, 0, -1)', 57), ('(0, -1, 0, 0)', 51), ('(0, 0, -1, 0)', 48), ('(0, 0, -1, -1)', 15), ('(1, 0, 0, 0)', 8), ('(0, -1, 0, -1)', 7), ('(0, -1, -1, 0)', 7), ('(0, 0, 1, 0)', 6), ('(0, 0, 0, 1)', 6)]",5
3,4,17,65,"[0, -1, -1]","[0, 16, 16]","[-1, 0, -1, 1]","[5, 5, -2, 2]","[1, 1, 0, 0]",2.0,"[12, 14, 10]",False,"[0, 0, 0, 0]",2.0,"[5, 5, -2, 2]","[12, 14, 10]",False,"[0, 0, 0, 0]",2.0,0,"[5, 5, -2, 2]","[12, 14, 10]",False,"[0, 0, 0, 0]",2.0,"[5, 5, -2, 2]","[12, 14, 10]",False,"[0, -1, 0, -1]",3.0,7,0.014112903225806451,22.942055845832016,0,0,2,3,"[7, 6, -1, 1]","[0, 16, 16]",True,20,20,True,True,True,True,0,False,False,False,False,False,True,True,True,True,True,True,False,False,False,False,True,"[7, 6, -1, 1]",7,7,7,7,0,0.030914625007426366,2.19999928958714e-05,0.028283166990149766,0.0016051669954322278,8,8,"[('(0, 0, 0, 0)', 226), ('(0, 0, 0, -1)', 68), ('(0, 0, 1, 0)', 67), ('(0, -1, 0, 0)', 54), ('(0, 0, 1, -1)', 23), ('(0, -1, 1, 0)', 13), ('(0, -1, 0, -1)', 7), ('(0, -1, 1, -1)', 6), ('(1, 0, 0, 0)', 6), ('(0, 0, -1, 0)', 4)]",5
3,4,17,68,"[-1, 0, 0]","[16, 0, 0]","[0, 0, 0, 1]","[-8, 3, 2, 1]","[0, 0, 0, 1]",1.0,"[16, 0, 0]",True,"[0, 0, 0, 0]",1.0,"[-8, 3, 2, 1]","[16, 0, 0]",True,"[0, 0, 0, 0]",1.0,0,"[-8, 3, 2, 1]","[16, 0, 0]",True,"[0, 0, 0, 0]",1.0,"[-8, 3, 2, 1]","[16, 0, 0]",True,"[0, 0, 0, 0]",1.0,332,0.6680080482897385,20.469185751001955,0,0,1,1,"[-8, 3, 2, 1]","[16, 0, 0]",True,19,19,True,False,True,True,0,False,False,False,False,False,False,False,True,True,True,True,True,True,False,False,False,"[-8, 3, 2, 1]",0,0,0,0,0,0.03339641701313667,2.112501533702016e-05,0.030478541972115636,0.001918416004627943,8,8,"[('(0, 0, 0, 0)', 332), ('(0, 0, 0, -1)', 63), ('(0, 1, 0, 0)', 46), ('(0, 1, 0, -1)', 17), ('(0, 0, 1, 0)', 8), ('(-1, 0, 0, 0)', 5), ('(0, 0, -1, 0)', 4), ('(0, 0, -1, -1)', 3), ('(1, 1, 0, 0)', 3), ('(1, 0, 0, 0)', 3)]",5
3,4,17,67,"[0, 0, -1]","[0, 0, 16]","[1, 0, -1, 0]","[-9, -8, 4, -8]","[1, 0, 0, 1]",2.0,"[10, 16, 8]",False,"[0, 0, 0, 0]",2.0,"[-9, -8, 4, -8]","[10, 16, 8]",False,"[0, 0, 0, 0]",2.0,0,"[-9, -8, 4, -8]","[10, 16, 8]",False,"[0, 0, 0, 0]",2.0,"[-9, -8, 4, -8]","[10, 16, 8]",False,"[1, 0, 0, 0]",2.0,53,0.10707070707070707,31.701101595343573,0,0,1,2,"[-9, -8, 5, -7]","[0, 0, 16]",True,20,20,True,True,True,True,0,False,False,False,False,False,True,True,True,True,True,True,False,True,False,False,True,"[-9, -8, 5, -7]",2,2,2,2,0,0.03678233301616274,2.1332991309463978e-05,0.0340013750246726,0.0016035000153351575,8,8,"[('(0, 0, 0, 0)', 212), ('(0, -1, 0, 0)', 58), ('(0, 0, 0, 1)', 54), ('(1, 0, 0, 0)', 53), ('(0, 0, 1, 0)', 31), ('(1, -1, 0, 0)', 13), ('(0, -1, 0, 1)', 12), ('(0, 0, 1, 1)', 9), ('(1, 0, 0, 1)', 9), ('(1, 0, 1, 0)', 9)]",5
3,4,17,66,"[-1, 0, 0]","[16, 0, 0]","[1, 0, 0, 0]","[1, 6, 5, -8]","[1, 0, 0, 0]",1.0,"[16, 0, 0]",True,"[0, 0, 0, 0]",1.0,"[1, 6, 5, -8]","[16, 0, 0]",True,"[0, 0, 0, 0]",1.0,0,"[1, 6, 5, -8]","[16, 0, 0]",True,"[0, 0, 0, 0]",1.0,"[1, 6, 5, -8]","[16, 0, 0]",True,"[0, 0, 0, 0]",1.0,237,0.47878787878787876,20.502772932632855,0,0,1,1,"[1, 6, 5, -8]","[16, 0, 0]",True,20,20,True,False,True,True,0,False,False,False,False,False,False,False,True,True,True,True,True,True,False,False,False,"[1, 6, 5, -8]",0,0,0,0,0,0.04997012502280995,2.1167012164369226e-05,0.045368458988377824,0.003551874979166314,8,8,"[('(0, 0, 0, 0)', 237), ('(0, 0, -1, 0)', 61), ('(0, 0, 0, 1)', 45), ('(0, 1, 0, 0)', 38), ('(1, 0, 0, 0)', 38), ('(0, 1, -1, 0)', 12), ('(0, 0, -1, 1)', 10), ('(0, 1, 0, 1)', 8), ('(1, 0, 0, 1)', 5), ('(1, 0, -1, 0)', 5)]",5
3,4,17,69,"[0, 0, -1]","[0, 0, 16]","[0, 0, 0, 1]","[6, 3, 2, 4]","[0, 0, 0, 1]",1.0,"[0, 0, 16]",True,"[0, 0, 0, 0]",1.0,"[6, 3, 2, 4]","[0, 0, 16]",True,"[0, 0, 0, 0]",1.0,0,"[6, 3, 2, 4]","[0, 0, 16]",True,"[0, 0, 0, 0]",1.0,"[6, 3, 2, 4]","[0, 0, 16]",True,"[0, 0, 0, 0]",1.0,290,0.5835010060362174,20.48266767328285,0,0,1,1,"[6, 3, 2, 4]","[0, 0, 16]",True,18,18,True,False,True,True,0,False,False,False,False,False,False,False,True,True,True,True,True,True,False,False,False,"[6, 3, 2, 4]",0,0,0,0,0,0.03263254198827781,2.479198155924678e-05,0.02917845902265981,0.0019174579938407987,8,8,"[('(0, 0, 0, 0)', 290), ('(1, 0, 0, 0)', 76), ('(0, 0, 0, 1)', 71), ('(1, 0, 0, 1)', 20), ('(1, 1, 0, 0)', 6), ('(0, 0, 1, 0)', 6), ('(0, 0, 0, -1)', 5), ('(0, -1, 0, 0)', 5), ('(0, 0, -1, 0)', 4), ('(0, 1, 0, 0)', 3)]",5
3,4,17,70,"[-1, -1, 1]","[16, 16, 1]","[0, -1, 0, 0]","[6, 5, -2, 2]","[0, -1, 0, 0]",1.0,"[16, 16, 1]",True,"[-1, 0, 0, 0]",1.0,"[6, 4, -3, 2]","[9, 3, 0]",False,"[0, 0, 0, 0]",1.0,0,"[6, 5, -2, 2]","[16, 16, 1]",True,"[0, 0, 0, 0]",1.0,"[6, 5, -2, 2]","[16, 16, 1]",True,"[0, 0, 0, 0]",1.0,181,0.36863543788187375,20.52959933129232,0,0,3,1,"[6, 5, -2, 2]","[16, 16, 1]",True,20,20,True,False,True,True,0,False,True,False,False,False,False,False,False,True,False,True,False,True,False,False,False,"[6, 5, -2, 2]",0,2,0,0,0,0.0378932080056984,2.2332998923957348e-05,0.03489754200563766,0.0017880410014186054,8,8,"[('(0, 0, 0, 0)', 181), ('(0, 0, -1, 0)', 54), ('(0, -1, 0, 0)', 54), ('(0, 0, 0, 1)', 47), ('(-1, 0, 0, 0)', 47), ('(-1, 0, -1, 0)', 17), ('(0, -1, 0, 1)', 16), ('(0, 0, -1, 1)', 13), ('(-1, 0, 0, 1)', 13), ('(-1, -1, 0, 0)', 10)]",5
3,4,17,72,"[0, -1, 0]","[0, 16, 0]","[1, 1, 0, 0]","[3, -5, -2, 7]","[1, 0, 1, 0]",2.0,"[6, 8, 5]",False,"[0, -1, 0, 0]",2.0,"[5, -5, -1, 6]","[13, 15, 8]",False,"[0, 0, 0, 0]",2.0,0,"[3, -5, -2, 7]","[6, 8, 5]",False,"[0, 0, 0, 0]",2.0,"[3, -5, -2, 7]","[6, 8, 5]",False,"[1, 0, 0, 0]",2.0,37,0.07429718875502007,31.736241384027362,0,0,1,2,"[3, -6, -1, 7]","[0, 16, 0]",True,20,20,True,True,True,True,0,False,True,False,False,False,True,True,False,True,False,True,False,True,False,False,True,"[3, -6, -1, 7]",2,6,2,2,0,0.035765749984420836,2.0625011529773474e-05,0.0325893750123214,0.001874499983387068,8,8,"[('(0, 0, 0, 0)', 294), ('(0, -1, 0, 0)', 75), ('(1, 0, 0, 0)', 37), ('(0, 0, 0, -1)', 36), ('(1, -1, 0, 0)', 15), ('(0, -1, 0, -1)', 7), ('(0, 0, 0, 1)', 7), ('(0, -1, 0, 1)', 4), ('(-1, 0, 0, 0)', 4), ('(0, 0, -1, 0)', 3)]",5
3,4,17,71,"[0, -1, 0]","[0, 16, 0]","[-1, 0, 0, 0]","[-5, -9, 7, 0]","[0, 1, 0, 0]",1.0,"[0, 12, 4]",False,"[0, 0, 0, 0]",1.0,"[-5, -9, 7, 0]","[0, 12, 4]",False,"[0, 0, 0, 0]",1.0,0,"[-5, -9, 7, 0]","[0, 12, 4]",False,"[0, 0, 0, 0]",1.0,"[-5, -9, 7, 0]","[0, 12, 4]",False,"[1, 0, 0, 0]",1.0,41,0.08333333333333333,20.676233038171663,0,0,1,1,"[-4, -8, 7, 0]","[0, 16, 0]",True,20,20,True,True,True,True,0,False,False,False,False,False,True,True,True,True,True,True,False,True,False,False,True,"[-4, -8, 7, 0]",2,2,2,2,0,0.0376597499998752,2.245799987576902e-05,0.033479042001999915,0.0023248749785125256,8,8,"[('(0, 0, 0, 0)', 239), ('(0, -1, 0, 0)', 57), ('(0, 0, -1, 0)', 43), ('(1, 0, 0, 0)', 41), ('(0, 0, 0, -1)', 33), ('(1, -1, 0, 0)', 13), ('(0, -1, -1, 0)', 11), ('(1, 0, -1, 0)', 9), ('(0, -1, 0, -1)', 8), ('(0, 0, -1, -1)', 5)]",5
3,4,17,74,"[-1, 0, 1]","[16, 0, 1]","[0, 0, 1, 0]","[3, 3, 5, -1]","[0, 0, 1, 0]",1.0,"[16, 0, 1]",True,"[0, 0, 0, 0]",1.0,"[3, 3, 5, -1]","[16, 0, 1]",True,"[0, 0, 0, 0]",1.0,0,"[3, 3, 5, -1]","[16, 0, 1]",True,"[0, 0, 0, 0]",1.0,"[3, 3, 5, -1]","[16, 0, 1]",True,"[0, 0, 0, 0]",1.0,270,0.5421686746987951,0.4897881179120299,0,0,2,1,"[3, 3, 5, -1]","[16, 0, 1]",True,20,20,True,False,True,True,0,False,False,False,False,False,False,False,True,True,True,True,True,True,False,False,False,"[3, 3, 5, -1]",0,0,0,0,0,0.028302416001679376,2.1208019461482763e-05,0.025533541978802532,0.0016962910012807697,8,8,"[('(0, 0, 0, 0)', 270), ('(0, 0, 0, -1)', 51), ('(0, 0, 1, 0)', 48), ('(1, 0, 0, 0)', 48), ('(0, 0, 1, -1)', 15), ('(1, 0, 1, 0)', 12), ('(-1, 0, 0, 0)', 9), ('(1, 0, 0, -1)', 8), ('(0, -1, 0, 0)', 8), ('(0, 1, 0, 0)', 6)]",5
3,4,17,73,"[1, -1, 1]","[1, 16, 1]","[0, -1, -1, 0]","[1, 9, -6, -5]","[0, -1, -1, 0]",2.0,"[1, 16, 1]",True,"[0, -1, 0, 0]",2.0,"[2, 7, -7, -5]","[10, 2, 2]",False,"[0, 0, 0, 0]",2.0,0,"[1, 9, -6, -5]","[1, 16, 1]",True,"[0, 0, 0, 0]",2.0,"[1, 9, -6, -5]","[1, 16, 1]",True,"[0, 0, 0, 0]",2.0,255,0.5110220440881763,31.545482255552045,0,0,3,2,"[1, 9, -6, -5]","[1, 16, 1]",True,20,20,True,False,True,True,0,False,True,False,False,False,False,False,False,True,False,True,False,True,False,False,False,"[1, 9, -6, -5]",0,6,0,0,0,0.03717120800865814,2.6833004085347056e-05,0.03366341601940803,0.0017369169800076634,8,8,"[('(0, 0, 0, 0)', 255), ('(0, -1, 0, 0)', 84), ('(0, 0, 1, 0)', 62), ('(1, 0, 0, 0)', 38), ('(0, -1, 1, 0)', 18), ('(1, 0, 1, 0)', 7), ('(1, -1, 0, 0)', 6), ('(0, -1, 0, 1)', 4), ('(0, 0, 0, -1)', 4), ('(0, 0, 0, 1)', 4)]",5
3,4,17,75,"[1, 1, 1]","[1, 1, 1]","[-1, 0, 0, -1]","[0, -5, -6, -2]","[-1, 0, 0, -1]",2.0,"[1, 1, 1]",True,"[0, 0, 0, 0]",2.0,"[0, -5, -6, -2]","[1, 1, 1]",True,"[0, 0, 0, 0]",2.0,0,"[0, -5, -6, -2]","[1, 1, 1]",True,"[0, 0, 0, 0]",2.0,"[0, -5, -6, -2]","[1, 1, 1]",True,"[0, 0, 0, 0]",2.0,298,0.5983935742971888,31.529955642660934,0,0,3,2,"[0, -5, -6, -2]","[1, 1, 1]",True,19,19,True,False,True,True,0,False,False,False,False,False,False,False,True,True,True,True,True,True,False,False,False,"[0, -5, -6, -2]",0,0,0,0,0,0.02989854200859554,2.037500962615013e-05,0.027233832981437445,0.001609291008207947,8,8,"[('(0, 0, 0, 0)', 298), ('(0, 0, 0, 1)', 105), ('(0, 0, 1, 0)', 35), ('(0, 0, 1, 1)', 10), ('(0, -1, 0, 1)', 6), ('(0, 0, -1, 0)', 6), ('(0, -1, 0, 0)', 6), ('(1, 0, 0, 0)', 6), ('(0, 1, 0, 0)', 5), ('(0, 0, 0, -1)', 4)]",5
3,4,17,76,"[0, 1, -1]","[0, 1, 16]","[0, 0, -1, 0]","[5, -5, -4, -5]","[0, 0, -1, 0]",1.0,"[0, 1, 16]",True,"[0, 0, 0, 0]",1.0,"[5, -5, -4, -5]","[0, 1, 16]",True,"[0, 0, 0, 0]",1.0,0,"[5, -5, -4, -5]","[0, 1, 16]",True,"[0, 0, 0, 0]",1.0,"[5, -5, -4, -5]","[0, 1, 16]",True,"[0, 0, 0, 0]",1.0,315,0.6312625250501002,0.47442577864130875,0,0,2,1,"[5, -5, -4, -5]","[0, 1, 16]",True,16,16,True,False,True,True,0,False,False,False,False,False,False,False,True,True,True,True,True,True,False,False,False,"[5, -5, -4, -5]",0,0,0,0,0,0.03163054198375903,2.058298559859395e-05,0.028707582998322323,0.0012785419821739197,8,8,"[('(0, 0, 0, 0)', 315), ('(0, 0, 0, 1)', 81), ('(-1, 0, 0, 0)', 48), ('(-1, 0, 0, 1)', 17), ('(0, 0, -1, 0)', 7), ('(0, -1, 0, 0)', 5), ('(0, 0, 0, -1)', 4), ('(0, 1, 0, 0)', 4), ('(1, 0, 0, 0)', 4), ('(0, 0, 1, 1)', 3)]",5
3,4,17,77,"[1, -1, 0]","[1, 16, 0]","[0, 0, 0, 0]","[5, -4, -8, -1]","[0, 0, 0, 0]",0.0,"[1, 16, 0]",True,"[0, 0, 0, 0]",0.0,"[5, -4, -8, -1]","[1, 16, 0]",True,"[0, 0, 0, 0]",0.0,0,"[5, -4, -8, -1]","[1, 16, 0]",True,"[0, 0, 0, 0]",0.0,"[5, -4, -8, -1]","[1, 16, 0]",True,"[0, 0, 0, 0]",0.0,442,0.8875502008032129,9.390643022995487,0,0,2,0,"[5, -4, -8, -1]","[1, 16, 0]",True,12,12,True,False,True,True,0,False,False,False,False,False,False,False,True,True,True,True,True,True,False,False,False,"[5, -4, -8, -1]",0,0,0,0,0,0.03493062499910593,4.054201417602599e-05,0.03216149998479523,0.00098637500195764,8,8,"[('(0, 0, 0, 0)', 442), ('(1, 0, 0, 0)', 10), ('(-1, 0, 0, 0)', 10), ('(0, 0, 0, 1)', 7), ('(0, 0, 0, -1)', 7), ('(0, -1, 0, 0)', 6), ('(0, 0, -1, 0)', 5), ('(0, 0, 1, 0)', 4), ('(0, 1, 0, 0)', 4), ('(1, 0, -1, 0)', 1)]",5
3,4,17,78,"[0, 1, -1]","[0, 1, 16]","[0, 0, 0, 0]","[4, -7, -3, -2]","[0, 0, 0, 0]",0.0,"[0, 1, 16]",True,"[0, 0, 0, 0]",0.0,"[4, -7, -3, -2]","[0, 1, 16]",True,"[0, 0, 0, 0]",0.0,0,"[4, -7, -3, -2]","[0, 1, 16]",True,"[0, 0, 0, 0]",0.0,"[4, -7, -3, -2]","[0, 1, 16]",True,"[0, 0, 0, 0]",0.0,436,0.872,9.392006680490441,0,0,2,0,"[4, -7, -3, -2]","[0, 1, 16]",True,10,10,True,False,True,True,0,False,False,False,False,False,False,False,True,True,True,True,True,True,False,False,False,"[4, -7, -3, -2]",0,0,0,0,0,0.02880625001853332,7.341700256802142e-05,0.026334583992138505,0.0008040420070756227,8,8,"[('(0, 0, 0, 0)', 436), ('(0, 0, -1, 0)', 12), ('(0, 0, 0, 1)', 10), ('(0, 0, 0, -1)', 9), ('(-1, 0, 0, 0)', 9), ('(0, 0, 1, 0)', 7), ('(1, 0, 0, 0)', 7), ('(0, -1, 0, 0)', 5), ('(0, 1, 0, 0)', 4), ('(-1, 0, 1, 0)', 1)]",5
3,4,17,79,"[0, 0, -1]","[0, 0, 16]","[0, 0, 0, -1]","[2, 2, 7, -2]","[0, 0, 0, -1]",1.0,"[0, 0, 16]",True,"[0, 0, 0, 0]",1.0,"[2, 2, 7, -2]","[0, 0, 16]",True,"[0, 0, 0, 0]",1.0,0,"[2, 2, 7, -2]","[0, 0, 16]",True,"[0, 0, 0, 0]",1.0,"[2, 2, 7, -2]","[0, 0, 16]",True,"[0, 0, 0, 0]",1.0,332,0.6680080482897385,20.469185751001955,0,0,1,1,"[2, 2, 7, -2]","[0, 0, 16]",True,16,16,True,False,True,True,0,False,False,False,False,False,False,False,True,True,True,True,True,True,False,False,False,"[2, 2, 7, -2]",0,0,0,0,0,0.03229662499506958,2.0167004549875855e-05,0.030035458010388538,0.0012818749819416553,8,8,"[('(0, 0, 0, 0)', 332), ('(0, 0, 0, 1)', 60), ('(0, 0, -1, 0)', 46), ('(0, 0, -1, 1)', 12), ('(1, 0, 0, 0)', 12), ('(0, 1, 0, 0)', 11), ('(-1, 0, 0, 0)', 6), ('(0, -1, 0, 0)', 5), ('(0, 0, 0, -1)', 3), ('(0, 0, 1, 1)', 2)]",5
3,4,17,80,"[0, 1, 0]","[0, 1, 0]","[0, 0, 0, 0]","[-5, -6, -7, 5]","[0, 0, 0, 0]",0.0,"[0, 1, 0]",True,"[0, 0, 0, 0]",0.0,"[-5, -6, -7, 5]","[0, 1, 0]",True,"[0, 0, 0, 0]",0.0,0,"[-5, -6, -7, 5]","[0, 1, 0]",True,"[0, 0, 0, 0]",0.0,"[-5, -6, -7, 5]","[0, 1, 0]",True,"[0, 0, 0, 0]",0.0,433,0.866,29.39269554658996,0,0,1,0,"[-5, -6, -7, 5]","[0, 1, 0]",True,14,14,True,False,True,True,0,False,False,False,False,False,False,False,True,True,True,True,True,True,False,False,False,"[-5, -6, -7, 5]",0,0,0,0,0,0.028380292002111673,2.0584004232659936e-05,0.024951625004177913,0.002479165996192023,8,8,"[('(0, 0, 0, 0)', 433), ('(0, 0, 1, 0)', 12), ('(0, 1, 0, 0)', 10), ('(-1, 0, 0, 0)', 9), ('(0, 0, -1, 0)', 8), ('(1, 0, 0, 0)', 8), ('(0, 0, 0, 1)', 5), ('(0, 0, 0, -1)', 5), ('(0, -1, 0, 0)', 5), ('(0, 1, 0, 1)', 1)]",5
3,4,17,81,"[0, -1, 0]","[0, 16, 0]","[-1, 1, 0, 0]","[-8, 6, 7, -8]","[0, 1, 0, 0]",1.0,"[11, 11, 6]",False,"[0, 0, 0, 0]",1.0,"[-8, 6, 7, -8]","[11, 11, 6]",False,"[0, 0, 0, 0]",1.0,0,"[-8, 6, 7, -8]","[11, 11, 6]",False,"[0, 0, 0, 0]",1.0,"[-8, 6, 7, -8]","[11, 11, 6]",False,"[1, 0, 0, 0]",2.0,9,0.018145161290322582,31.869741490700598,0,0,1,2,"[-7, 6, 7, -8]","[0, 16, 0]",True,18,18,True,True,True,True,0,False,False,False,False,False,True,True,True,True,True,True,False,False,False,False,True,"[-7, 6, 7, -8]",1,1,1,1,0,0.02540045799105428,1.912500010803342e-05,0.023096833989256993,0.0014222500030882657,8,8,"[('(0, 0, 0, 0)', 307), ('(0, 0, -1, 0)', 84), ('(0, 0, 0, 1)', 52), ('(0, 0, -1, 1)', 11), ('(1, 0, 0, 0)', 9), ('(0, 0, 1, 0)', 8), ('(0, 1, 0, 0)', 5), ('(0, -1, 0, 0)', 5), ('(1, 0, -1, 0)', 3), ('(-1, 0, 0, 0)', 3)]",5
3,4,17,83,"[1, 0, 0]","[1, 0, 0]","[0, 0, 0, 0]","[-5, 0, 6, 5]","[0, 0, 0, 0]",0.0,"[1, 0, 0]",True,"[0, 0, 0, 0]",0.0,"[-5, 0, 6, 5]","[1, 0, 0]",True,"[0, 0, 0, 0]",0.0,0,"[-5, 0, 6, 5]","[1, 0, 0]",True,"[0, 0, 0, 0]",0.0,"[-5, 0, 6, 5]","[1, 0, 0]",True,"[0, 0, 0, 0]",0.0,455,0.91,29.38775071904856,0,0,1,0,"[-5, 0, 6, 5]","[1, 0, 0]",True,11,11,True,False,True,True,0,False,False,False,False,False,False,False,True,True,True,True,True,True,False,False,False,"[-5, 0, 6, 5]",0,0,0,0,0,0.023663415980990976,2.0000006770715117e-05,0.02187374999630265,0.0008618330175522715,8,8,"[('(0, 0, 0, 0)', 455), ('(0, 0, -1, 0)', 8), ('(0, 0, 1, 0)', 7), ('(0, 0, 0, 1)', 6), ('(0, 1, 0, 0)', 6), ('(-1, 0, 0, 0)', 5), ('(0, 0, 0, -1)', 4), ('(1, 0, 0, 0)', 4), ('(0, -1, 0, 0)', 3), ('(1, 0, 0, 1)', 1)]",5
3,4,17,82,"[-1, 0, 1]","[16, 0, 1]","[0, 0, 0, 0]","[-1, 6, -5, -8]","[0, 0, 0, 0]",0.0,"[16, 0, 1]",True,"[0, 0, 0, 0]",0.0,"[-1, 6, -5, -8]","[16, 0, 1]",True,"[0, 0, 0, 0]",0.0,0,"[-1, 6, -5, -8]","[16, 0, 1]",True,"[0, 0, 0, 0]",0.0,"[-1, 6, -5, -8]","[16, 0, 1]",True,"[0, 0, 0, 0]",0.0,434,0.868,9.392465396891131,0,0,2,0,"[-1, 6, -5, -8]","[16, 0, 1]",True,11,11,True,False,True,True,0,False,False,False,False,False,False,False,True,True,True,True,True,True,False,False,False,"[-1, 6, -5, -8]",0,0,0,0,0,0.027455083007225767,2.187499194405973e-05,0.025591041980078444,0.000916874996619299,8,8,"[('(0, 0, 0, 0)', 434), ('(0, 0, 1, 0)', 11), ('(0, 0, 0, -1)', 11), ('(-1, 0, 0, 0)', 10), ('(0, 0, -1, 0)', 9), ('(0, -1, 0, 0)', 8), ('(1, 0, 0, 0)', 7), ('(0, 1, 0, 0)', 5), ('(0, 0, 0, 1)', 3), ('(-1, 0, -1, 0)', 1)]",5
3,4,17,85,"[-1, 0, -1]","[16, 0, 16]","[0, 0, 0, -1]","[7, 2, 7, 7]","[0, 0, 0, -1]",1.0,"[16, 0, 16]",True,"[0, -1, 0, 0]",1.0,"[7, 2, 8, 6]","[13, 6, 15]",False,"[0, 0, 0, 0]",1.0,0,"[7, 2, 7, 7]","[16, 0, 16]",True,"[0, 0, 0, 0]",1.0,"[7, 2, 7, 7]","[16, 0, 16]",True,"[0, 0, 0, 0]",1.0,293,0.5895372233400402,0.4816420232661319,0,0,2,1,"[7, 2, 7, 7]","[16, 0, 16]",True,20,20,True,False,True,True,0,False,True,False,False,False,False,False,False,True,False,True,False,True,False,False,False,"[7, 2, 7, 7]",0,2,0,0,0,0.028406666999217123,2.0916020730510354e-05,0.025510041014058515,0.0015755420026835054,8,8,"[('(0, 0, 0, 0)', 293), ('(0, 0, 0, -1)', 52), ('(0, 0, -1, 0)', 45), ('(0, -1, 0, 0)', 40), ('(0, -1, 0, -1)', 15), ('(0, 0, -1, -1)', 12), ('(-1, 0, 0, 0)', 7), ('(0, -1, -1, 0)', 6), ('(0, 0, 1, 0)', 6), ('(1, 0, 0, 0)', 4)]",5
3,4,17,84,"[1, -1, 0]","[1, 16, 0]","[0, 0, 0, 0]","[-1, 6, -6, -2]","[0, 0, 0, 0]",0.0,"[1, 16, 0]",True,"[0, 0, 0, 0]",0.0,"[-1, 6, -6, -2]","[1, 16, 0]",True,"[0, 0, 0, 0]",0.0,0,"[-1, 6, -6, -2]","[1, 16, 0]",True,"[0, 0, 0, 0]",0.0,"[-1, 6, -6, -2]","[1, 16, 0]",True,"[0, 0, 0, 0]",0.0,444,0.888,9.390192571783375,0,0,2,0,"[-1, 6, -6, -2]","[1, 16, 0]",True,12,12,True,False,True,True,0,False,False,False,False,False,False,False,True,True,True,True,True,True,False,False,False,"[-1, 6, -6, -2]",0,0,0,0,0,0.033175582997500896,1.9583007087931037e-05,0.031169708003289998,0.0009732920152600855,8,8,"[('(0, 0, 0, 0)', 444), ('(0, 0, 1, 0)', 11), ('(0, 0, -1, 0)', 9), ('(1, 0, 0, 0)', 8), ('(0, 0, 0, 1)', 7), ('(0, 0, 0, -1)', 7), ('(0, -1, 0, 0)', 6), ('(-1, 0, 0, 0)', 3), ('(0, -1, -1, 0)', 2), ('(0, 0, -1, 1)', 1)]",5
3,4,17,86,"[1, -1, 0]","[1, 16, 0]","[0, 0, 0, 0]","[6, 0, -5, -2]","[0, 0, 0, 0]",0.0,"[1, 16, 0]",True,"[0, 0, 0, 0]",0.0,"[6, 0, -5, -2]","[1, 16, 0]",True,"[0, 0, 0, 0]",0.0,0,"[6, 0, -5, -2]","[1, 16, 0]",True,"[0, 0, 0, 0]",0.0,"[6, 0, -5, -2]","[1, 16, 0]",True,"[0, 0, 0, 0]",0.0,438,0.876,9.391550058692482,0,0,2,0,"[6, 0, -5, -2]","[1, 16, 0]",True,11,11,True,False,True,True,0,False,False,False,False,False,False,False,True,True,True,True,True,True,False,False,False,"[6, 0, -5, -2]",0,0,0,0,0,0.02700095801264979,1.9875005818903446e-05,0.025166875013383105,0.0008993329829536378,8,8,"[('(0, 0, 0, 0)', 438), ('(1, 0, 0, 0)', 12), ('(0, 1, 0, 0)', 11), ('(0, 0, 0, 1)', 10), ('(0, 0, 0, -1)', 8), ('(-1, 0, 0, 0)', 6), ('(0, 0, 1, 0)', 5), ('(0, -1, 0, 0)', 5), ('(0, 0, -1, 0)', 3), ('(-1, -1, 0, 0)', 1)]",5
3,4,17,87,"[0, 1, -1]","[0, 1, 16]","[-1, -1, 1, 0]","[8, 7, 2, -3]","[0, 0, 1, 0]",1.0,"[2, 10, 0]",False,"[0, 0, 0, 0]",1.0,"[8, 7, 2, -3]","[2, 10, 0]",False,"[0, 0, 0, 0]",1.0,0,"[8, 7, 2, -3]","[2, 10, 0]",False,"[0, 0, 0, 0]",1.0,"[8, 7, 2, -3]","[2, 10, 0]",False,"[1, 0, 0, 0]",3.0,6,0.012072434607645875,22.95540898509447,0,0,2,3,"[9, 8, 2, -3]","[0, 1, 16]",True,16,16,True,True,True,True,0,False,False,False,False,False,True,True,True,True,True,True,False,False,False,False,True,"[9, 8, 2, -3]",2,2,2,2,0,0.03134149999823421,1.8417020328342915e-05,0.028753832972142845,0.001748207985656336,8,8,"[('(0, 0, 0, 0)', 333), ('(0, 0, 0, -1)', 78), ('(0, 0, 1, 0)', 30), ('(-1, 0, 0, 0)', 10), ('(0, -1, 0, 0)', 8), ('(0, 0, 1, -1)', 7), ('(0, 0, -1, 0)', 7), ('(1, 0, 0, 0)', 6), ('(0, 1, 0, -1)', 5), ('(0, 1, 0, 0)', 4)]",5
3,4,17,88,"[-1, 0, -1]","[16, 0, 16]","[-1, 0, 0, 0]","[-6, -5, -5, 4]","[-1, 0, 0, 0]",1.0,"[16, 0, 16]",True,"[0, 0, 0, 0]",1.0,"[-6, -5, -5, 4]","[16, 0, 16]",True,"[0, 0, 0, 0]",1.0,0,"[-6, -5, -5, 4]","[16, 0, 16]",True,"[0, 0, 0, 0]",1.0,"[-6, -5, -5, 4]","[16, 0, 16]",True,"[0, 0, 0, 0]",1.0,259,0.5221774193548387,0.4939318368984472,0,0,2,1,"[-6, -5, -5, 4]","[16, 0, 16]",True,20,20,True,False,True,True,0,False,False,False,False,False,False,False,True,True,True,True,True,True,False,False,False,"[-6, -5, -5, 4]",0,0,0,0,0,0.033487249980680645,1.9708008039742708e-05,0.030807082977844402,0.0016655000217724591,8,8,"[('(0, 0, 0, 0)', 259), ('(0, 0, 0, -1)', 59), ('(0, -1, 0, 0)', 52), ('(0, 0, 1, 0)', 46), ('(0, -1, 1, 0)', 13), ('(0, -1, 0, -1)', 12), ('(0, 0, 1, -1)', 11), ('(1, 0, 0, 0)', 6), ('(0, 0, 0, 1)', 5), ('(-1, 0, 0, 0)', 5)]",5
3,4,17,90,"[0, 1, 0]","[0, 1, 0]","[-1, 0, 0, 0]","[6, 3, 7, -8]","[-1, 0, 0, 0]",1.0,"[0, 1, 0]",True,"[0, 0, 0, 0]",1.0,"[6, 3, 7, -8]","[0, 1, 0]",True,"[0, 0, 0, 0]",1.0,0,"[6, 3, 7, -8]","[0, 1, 0]",True,"[0, 0, 0, 0]",1.0,"[6, 3, 7, -8]","[0, 1, 0]",True,"[0, 0, 0, 0]",1.0,278,0.5604838709677419,20.486878821817864,0,0,1,1,"[6, 3, 7, -8]","[0, 1, 0]",True,20,20,True,False,True,True,0,False,False,False,False,False,False,False,True,True,True,True,True,True,False,False,False,"[6, 3, 7, -8]",0,0,0,0,0,0.02936841602786444,1.9708008039742708e-05,0.026734124985523522,0.0016370000084862113,8,8,"[('(0, 0, 0, 0)', 278), ('(0, 1, 0, 0)', 67), ('(0, 0, 1, 0)', 55), ('(0, 0, 0, -1)', 33), ('(0, 0, 1, -1)', 13), ('(0, 1, 1, 0)', 11), ('(0, 1, 0, -1)', 7), ('(-1, 0, 0, 0)', 4), ('(0, 1, 1, -1)', 3), ('(1, 0, 1, 0)', 3)]",5
3,4,17,89,"[1, 0, 0]","[1, 0, 0]","[0, 0, 1, 1]","[-3, -3, 3, -8]","[0, -1, 0, 1]",2.0,"[1, 5, 10]",False,"[-1, 0, 0, 0]",2.0,"[-3, -4, 2, -8]","[1, 0, 0]",True,"[0, 0, 0, 0]",2.0,0,"[-3, -3, 3, -8]","[1, 5, 10]",False,"[0, 0, 0, 0]",2.0,"[-3, -3, 3, -8]","[1, 5, 10]",False,"[-1, 0, 0, 0]",2.0,24,0.048582995951417005,31.77811241751318,0,0,1,2,"[-3, -4, 2, -8]","[1, 0, 0]",True,20,20,True,True,True,True,0,False,True,True,False,False,True,True,False,True,False,True,True,True,False,False,True,"[-3, -4, 2, -8]",2,0,2,2,0,0.032038208009907976,3.991700941696763e-05,0.028585000021848828,0.0016297499823849648,8,8,"[('(0, 0, 0, 0)', 277), ('(0, 0, 0, 1)', 80), ('(0, 0, 1, 0)', 40), ('(-1, 0, 0, 0)', 24), ('(0, 1, 0, 0)', 22), ('(0, 0, 1, 1)', 10), ('(0, 1, 0, 1)', 8), ('(1, 0, 0, 0)', 8), ('(-1, 0, 0, 1)', 4), ('(0, 1, 1, 0)', 4)]",5
3,4,17,91,"[0, 1, 0]","[0, 1, 0]","[0, 0, 0, 1]","[4, 1, 4, 2]","[0, 0, 0, 1]",1.0,"[0, 1, 0]",True,"[0, 0, 0, 0]",1.0,"[4, 1, 4, 2]","[0, 1, 0]",True,"[0, 0, 0, 0]",1.0,0,"[4, 1, 4, 2]","[0, 1, 0]",True,"[0, 0, 0, 0]",1.0,"[4, 1, 4, 2]","[0, 1, 0]",True,"[0, 0, 0, 0]",1.0,327,0.6592741935483871,20.470698639161586,0,0,1,1,"[4, 1, 4, 2]","[0, 1, 0]",True,18,18,True,False,True,True,0,False,False,False,False,False,False,False,True,True,True,True,True,True,False,False,False,"[4, 1, 4, 2]",0,0,0,0,0,0.02417508399230428,2.0417006453499198e-05,0.02177199997822754,0.0015243749949149787,8,8,"[('(0, 0, 0, 0)', 327), ('(0, 0, -1, 0)', 67), ('(0, 1, 0, 0)', 39), ('(0, 1, -1, 0)', 18), ('(1, 0, 0, 0)', 10), ('(-1, 0, 0, 0)', 7), ('(0, 0, 0, -1)', 6), ('(0, 0, 1, 0)', 5), ('(-1, 0, -1, 0)', 3), ('(1, 1, 0, 0)', 3)]",5
3,4,17,93,"[1, 0, 1]","[1, 0, 1]","[-1, 1, 1, 0]","[8, -1, 2, -5]","[0, 1, 1, -1]",3.0,"[9, 1, 12]",False,"[-1, 0, 0, 0]",3.0,"[9, -1, 2, -6]","[1, 0, 1]",True,"[0, 0, 0, 0]",3.0,0,"[8, -1, 2, -5]","[9, 1, 12]",False,"[0, 0, 0, 0]",3.0,"[8, -1, 2, -5]","[9, 1, 12]",False,"[-1, 0, 0, 0]",3.0,31,0.06212424849699399,22.803426409720025,0,0,2,3,"[9, -1, 2, -6]","[1, 0, 1]",True,18,18,True,True,True,True,0,False,True,True,False,False,True,True,False,True,False,True,True,True,False,False,True,"[9, -1, 2, -6]",2,0,2,2,0,0.02909870899748057,2.0500010577961802e-05,0.026518625003518537,0.0015116670110728592,8,8,"[('(0, 0, 0, 0)', 336), ('(0, 0, 1, 0)', 73), ('(-1, 0, 0, 0)', 31), ('(0, -1, 0, 0)', 12), ('(0, 0, 0, -1)', 7), ('(-1, 0, 1, 0)', 7), ('(0, 1, 0, 0)', 7), ('(1, 0, 0, 0)', 6), ('(0, 0, -1, 0)', 4), ('(0, 0, 0, 1)', 4)]",5
3,4,17,96,"[-1, 1, 1]","[16, 1, 1]","[0, 0, 0, 0]","[-6, 0, 8, 5]","[0, 0, 0, 0]",0.0,"[16, 1, 1]",True,"[0, 0, 0, 0]",0.0,"[-6, 0, 8, 5]","[16, 1, 1]",True,"[0, 0, 0, 0]",0.0,0,"[-6, 0, 8, 5]","[16, 1, 1]",True,"[0, 0, 0, 0]",0.0,"[-6, 0, 8, 5]","[16, 1, 1]",True,"[0, 0, 0, 0]",0.0,428,0.856,29.393854308107198,0,0,3,0,"[-6, 0, 8, 5]","[16, 1, 1]",True,14,14,True,False,True,True,0,False,False,False,False,False,False,False,True,True,True,True,True,True,False,False,False,"[-6, 0, 8, 5]",0,0,0,0,0,0.022261833015363663,1.9917002646252513e-05,0.02012129098875448,0.0011037919903174043,8,8,"[('(0, 0, 0, 0)', 428), ('(0, 0, 1, 0)', 14), ('(0, 1, 0, 0)', 10), ('(0, 0, 0, -1)', 9), ('(-1, 0, 0, 0)', 8), ('(0, 0, -1, 0)', 7), ('(0, 0, 0, 1)', 6), ('(0, -1, 0, 0)', 6), ('(1, 0, 0, 0)', 6), ('(-1, 0, 0, -1)', 2)]",5
3,4,17,92,"[-1, -1, 0]","[16, 16, 0]","[-1, 0, 0, 0]","[0, 8, 6, 6]","[-1, 0, 0, 0]",1.0,"[16, 16, 0]",True,"[0, 0, 0, 0]",1.0,"[0, 8, 6, 6]","[16, 16, 0]",True,"[0, 0, 0, 0]",1.0,0,"[0, 8, 6, 6]","[16, 16, 0]",True,"[0, 0, 0, 0]",1.0,"[0, 8, 6, 6]","[16, 16, 0]",True,"[0, 0, 0, 0]",1.0,246,0.4939759036144578,0.4990611663372023,0,0,2,1,"[0, 8, 6, 6]","[16, 16, 0]",True,19,19,True,False,True,True,0,False,False,False,False,False,False,False,True,True,True,True,True,True,False,False,False,"[0, 8, 6, 6]",0,0,0,0,0,0.04083291598362848,4.629199975170195e-05,0.03804066698648967,0.001508207991719246,8,8,"[('(0, 0, 0, 0)', 246), ('(0, 0, 1, 0)', 81), ('(0, -1, 0, 0)', 52), ('(-1, 0, 0, 0)', 47), ('(0, -1, 1, 0)', 19), ('(-1, 0, 1, 0)', 19), ('(-1, -1, 0, 0)', 6), ('(0, 0, 0, 1)', 6), ('(0, 0, -1, 0)', 4), ('(1, 0, 0, 0)', 4)]",5
3,4,17,95,"[-1, 1, 1]","[16, 1, 1]","[0, 0, 0, 0]","[2, -4, 5, 7]","[0, 0, 0, 0]",0.0,"[16, 1, 1]",True,"[0, 0, 0, 0]",0.0,"[2, -4, 5, 7]","[16, 1, 1]",True,"[0, 0, 0, 0]",0.0,0,"[2, -4, 5, 7]","[16, 1, 1]",True,"[0, 0, 0, 0]",0.0,"[2, -4, 5, 7]","[16, 1, 1]",True,"[0, 0, 0, 0]",0.0,448,0.896,29.389297711225776,0,0,3,0,"[2, -4, 5, 7]","[16, 1, 1]",True,13,13,True,False,True,True,0,False,False,False,False,False,False,False,True,True,True,True,True,True,False,False,False,"[2, -4, 5, 7]",0,0,0,0,0,0.02968341700034216,2.0665989723056555e-05,0.027637916995445266,0.0011017090000677854,8,8,"[('(0, 0, 0, 0)', 448), ('(0, -1, 0, 0)', 11), ('(1, 0, 0, 0)', 7), ('(0, 0, 1, 0)', 6), ('(0, 1, 0, 0)', 6), ('(-1, 0, 0, 0)', 6), ('(0, 0, 0, -1)', 5), ('(0, 0, 0, 1)', 4), ('(0, 0, -1, 0)', 3), ('(0, 1, 0, 1)', 1)]",5
3,4,17,94,"[0, 1, 0]","[0, 1, 0]","[1, 0, 0, 0]","[4, 5, 0, -4]","[1, 0, 0, 0]",1.0,"[0, 1, 0]",True,"[0, 0, 0, 0]",1.0,"[4, 5, 0, -4]","[0, 1, 0]",True,"[0, 0, 0, 0]",1.0,0,"[4, 5, 0, -4]","[0, 1, 0]",True,"[0, 0, 0, 0]",1.0,"[4, 5, 0, -4]","[0, 1, 0]",True,"[0, 0, 0, 0]",1.0,224,0.45161290322580644,20.50838995977956,0,0,1,1,"[4, 5, 0, -4]","[0, 1, 0]",True,19,19,True,False,True,True,0,False,False,False,False,False,False,False,True,True,True,True,True,True,False,False,False,"[4, 5, 0, -4]",0,0,0,0,0,0.03590724998502992,4.0790997445583344e-05,0.03286066700820811,0.001569125015521422,8,8,"[('(0, 0, 0, 0)', 224), ('(0, 0, 1, 0)', 64), ('(1, 0, 0, 0)', 61), ('(0, -1, 0, 0)', 58), ('(1, -1, 0, 0)', 24), ('(1, 0, 1, 0)', 19), ('(0, -1, 1, 0)', 18), ('(0, 0, 0, 1)', 6), ('(0, 0, 0, -1)', 5), ('(1, -1, 1, 0)', 3)]",5
3,4,17,97,"[-1, -1, 0]","[16, 16, 0]","[0, 1, 0, 0]","[4, 1, -7, 5]","[0, 1, 0, 0]",1.0,"[16, 16, 0]",True,"[0, 0, 0, 0]",1.0,"[4, 1, -7, 5]","[16, 16, 0]",True,"[0, 0, 0, 0]",1.0,0,"[4, 1, -7, 5]","[16, 16, 0]",True,"[0, 0, 0, 0]",1.0,"[4, 1, -7, 5]","[16, 16, 0]",True,"[0, 0, 0, 0]",1.0,329,0.6606425702811245,0.47009073455394745,0,0,2,1,"[4, 1, -7, 5]","[16, 16, 0]",True,16,16,True,False,True,True,0,False,False,False,False,False,False,False,True,True,True,True,True,True,False,False,False,"[4, 1, -7, 5]",0,0,0,0,0,0.028485458984505385,1.9041006453335285e-05,0.02621383301448077,0.0012634999875444919,8,8,"[('(0, 0, 0, 0)', 329), ('(0, 0, 0, 1)', 68), ('(0, 0, 1, 0)', 47), ('(0, 0, 1, 1)', 13), ('(0, -1, 0, 0)', 7), ('(0, 0, 0, -1)', 6), ('(0, 1, 0, 0)', 6), ('(-1, 0, 0, 0)', 6), ('(1, 0, 0, 0)', 4), ('(1, 0, 0, 1)', 3)]",5
3,4,17,99,"[0, 1, -1]","[0, 1, 16]","[0, 0, 0, 0]","[-4, -5, 0, -4]","[0, 0, 0, 0]",0.0,"[0, 1, 16]",True,"[0, 0, 0, 0]",0.0,"[-4, -5, 0, -4]","[0, 1, 16]",True,"[0, 0, 0, 0]",0.0,0,"[-4, -5, 0, -4]","[0, 1, 16]",True,"[0, 0, 0, 0]",0.0,"[-4, -5, 0, -4]","[0, 1, 16]",True,"[0, 0, 0, 0]",0.0,434,0.8697394789579158,9.392465396891131,0,0,2,0,"[-4, -5, 0, -4]","[0, 1, 16]",True,14,14,True,False,True,True,0,False,False,False,False,False,False,False,True,True,True,True,True,True,False,False,False,"[-4, -5, 0, -4]",0,0,0,0,0,0.024482791981427,2.0208011846989393e-05,0.022076583991292864,0.0013268330076243728,8,8,"[('(0, 0, 0, 0)', 434), ('(0, 0, 1, 0)', 13), ('(0, 1, 0, 0)', 11), ('(1, 0, 0, 0)', 11), ('(0, -1, 0, 0)', 6), ('(-1, 0, 0, 0)', 6), ('(0, 0, -1, 0)', 5), ('(0, 0, 0, 1)', 4), ('(0, 0, 0, -1)', 4), ('(0, 1, 1, 0)', 1)]",5
3,4,17,98,"[0, -1, 0]","[0, 16, 0]","[0, 0, -1, 0]","[1, -8, -4, -5]","[0, 0, -1, 0]",1.0,"[0, 16, 0]",True,"[0, 0, 0, 0]",1.0,"[1, -8, -4, -5]","[0, 16, 0]",True,"[0, 0, 0, 0]",1.0,0,"[1, -8, -4, -5]","[0, 16, 0]",True,"[0, 0, 0, 0]",1.0,"[1, -8, -4, -5]","[0, 16, 0]",True,"[0, 0, 0, 0]",1.0,315,0.6325301204819277,20.474425778641308,0,0,1,1,"[1, -8, -4, -5]","[0, 16, 0]",True,17,17,True,False,True,True,0,False,False,False,False,False,False,False,True,True,True,True,True,True,False,False,False,"[1, -8, -4, -5]",0,0,0,0,0,0.031975624995538965,4.120901576243341e-05,0.029122832987923175,0.0013955839967820793,8,8,"[('(0, 0, 0, 0)', 315), ('(0, 0, -1, 0)', 90), ('(0, 0, 0, -1)', 36), ('(0, 0, -1, -1)', 11), ('(0, -1, 0, 0)', 9), ('(-1, 0, 0, 0)', 8), ('(0, 0, 1, 0)', 6), ('(0, 1, 0, 0)', 6), ('(0, 0, 0, 1)', 5), ('(-1, 0, -1, 0)', 3)]",5
4,6,17,1,"[0, 1, 0, 0]","[0, 1, 0, 0]","[0, 0, 0, 0, 0, 0]","[8, 2, 5, -3, -8, -5]","[0, 0, 0, 0, 0, 0]",0.0,"[0, 1, 0, 0]",True,"[0, 0, 0, 0, 0, 0]",0.0,"[8, 2, 5, -3, -8, -5]","[0, 1, 0, 0]",True,"[0, 0, 0, 0, 0, 0]",0.0,0,"[8, 2, 5, -3, -8, -5]","[0, 1, 0, 0]",True,"[0, 0, 0, 0, 0, 0]",0.0,"[8, 2, 5, -3, -8, -5]","[0, 1, 0, 0]",True,"[0, 0, 0, 0, 0, 0]",0.0,423,0.846,39.3950266544768,0,0,1,0,"[8, 2, 5, -3, -8, -5]","[0, 1, 0, 0]",True,20,20,True,False,True,True,0,False,False,False,False,False,False,False,True,True,True,True,True,True,False,False,False,"[8, 2, 5, -3, -8, -5]",0,0,0,0,0,0.21089041701634414,2.795798354782164e-05,0.20445562500390224,0.0021701249934267253,12,12,"[('(0, 0, 0, 0, 0, 0)', 423), ('(0, 0, 0, 0, 0, -1)', 9), ('(0, 0, 0, 0, -1, 0)', 8), ('(0, 0, 0, 0, 1, 0)', 7), ('(0, 0, 1, 0, 0, 0)', 7), ('(0, 0, 0, -1, 0, 0)', 7), ('(-1, 0, 0, 0, 0, 0)', 7), ('(0, 0, 0, 0, 0, 1)', 5), ('(0, 0, 0, 1, 0, 0)', 5), ('(1, 0, 0, 0, 0, 0)', 5)]",5
4,6,17,2,"[1, 0, 0, -1]","[1, 0, 0, 16]","[0, 0, 1, 0, 0, 1]","[-8, 6, -7, -1, -2, 3]","[0, 0, 1, 0, 0, 1]",2.0,"[1, 0, 0, 16]",True,"[0, 0, 0, 0, 0, 0]",2.0,"[-8, 6, -7, -1, -2, 3]","[1, 0, 0, 16]",True,"[0, 0, 0, 0, 0, 0]",2.0,0,"[-8, 6, -7, -1, -2, 3]","[1, 0, 0, 16]",True,"[0, 0, 0, 0, 0, 0]",2.0,"[-8, 6, -7, -1, -2, 3]","[1, 0, 0, 16]",True,"[0, 0, 0, 0, 0, 0]",2.0,246,0.49898580121703856,1.5490611663372023,0,0,2,2,"[-8, 6, -7, -1, -2, 3]","[1, 0, 0, 16]",True,20,20,True,False,True,True,0,False,False,False,False,False,False,False,True,True,True,True,True,True,False,False,False,"[-8, 6, -7, -1, -2, 3]",0,0,0,0,0,0.2384542919753585,2.691699774004519e-05,0.23258499999064952,0.002123375015798956,12,12,"[('(0, 0, 0, 0, 0, 0)', 246), ('(0, 0, 0, 0, -1, 0)', 53), ('(0, 1, 0, 0, 0, 0)', 32), ('(0, 0, 0, 0, 0, -1)', 29), ('(1, 0, 0, 0, 0, 0)', 21), ('(0, 0, 0, -1, 0, 0)', 13), ('(0, 0, 0, 0, -1, -1)', 9), ('(0, 0, 0, 0, 1, 0)', 9), ('(1, 1, 0, 0, 0, 0)', 9), ('(0, 1, 0, 0, -1, 0)', 5)]",5
4,6,17,3,"[0, 0, 0, 1]","[0, 0, 0, 1]","[0, 0, 0, 0, -1, 1]","[4, -8, 7, 2, 1, -9]","[0, 0, 0, 0, -1, 1]",2.0,"[0, 0, 0, 1]",True,"[0, 0, 0, 0, 0, 0]",2.0,"[4, -8, 7, 2, 1, -9]","[0, 0, 0, 1]",True,"[0, 0, 0, 0, 0, 0]",2.0,0,"[4, -8, 7, 2, 1, -9]","[0, 0, 0, 1]",True,"[0, 0, 0, 0, 0, 0]",2.0,"[4, -8, 7, 2, 1, -9]","[0, 0, 0, 1]",True,"[0, 0, 0, 0, 0, 0]",2.0,187,0.3785425101214575,21.576355803717007,0,0,1,2,"[4, -8, 7, 2, 1, -9]","[0, 0, 0, 1]",True,20,20,True,False,True,True,0,False,False,False,False,False,False,False,True,True,True,True,True,True,False,False,False,"[4, -8, 7, 2, 1, -9]",0,0,0,0,0,0.2402821250143461,2.7375004719942808e-05,0.23463875000015832,0.0021576249855570495,12,12,"[('(0, 0, 0, 0, 0, 0)', 187), ('(0, 0, 0, 1, 0, 0)', 71), ('(0, 0, 0, 0, 0, -1)', 38), ('(0, 0, -1, 0, 0, 0)', 38), ('(0, 0, 0, 0, 1, 0)', 37), ('(0, 0, -1, 1, 0, 0)', 15), ('(0, 0, 0, 1, 0, -1)', 12), ('(0, 0, 0, 0, 1, -1)', 8), ('(0, 0, 0, 1, 1, 0)', 7), ('(0, 0, 1, 0, 0, 0)', 7)]",5
4,6,17,0,"[1, -1, 0, -1]","[1, 16, 0, 16]","[0, 0, 0, 0, -1, -1]","[0, 5, 8, 3, 3, 8]","[0, 0, 0, 0, -1, -1]",2.0,"[1, 16, 0, 16]",True,"[0, 0, 0, 0, 0, 0]",2.0,"[0, 5, 8, 3, 3, 8]","[1, 16, 0, 16]",True,"[0, 0, 0, 0, 0, 0]",2.0,0,"[0, 5, 8, 3, 3, 8]","[1, 16, 0, 16]",True,"[0, 0, 0, 0, 0, 0]",2.0,"[0, 5, 8, 3, 3, 8]","[1, 16, 0, 16]",True,"[0, 0, 0, 0, 0, 0]",2.0,197,0.39558232931726905,21.57117329693055,0,0,3,2,"[0, 5, 8, 3, 3, 8]","[1, 16, 0, 16]",True,20,20,True,False,True,True,0,False,False,False,False,False,False,False,True,True,True,True,True,True,False,False,False,"[0, 5, 8, 3, 3, 8]",0,0,0,0,0,0.2676872499869205,2.837498323060572e-05,0.2613541250175331,0.002133292000507936,12,12,"[('(0, 0, 0, 0, 0, 0)', 197), ('(0, 0, 0, -1, 0, 0)', 55), ('(0, 0, 0, 0, 1, 0)', 52), ('(0, -1, 0, 0, 0, 0)', 34), ('(0, 0, 0, 0, 0, -1)', 30), ('(0, 0, -1, 0, 0, 0)', 22), ('(0, 0, 0, -1, 1, 0)', 14), ('(0, 0, -1, -1, 0, 0)', 8), ('(0, -1, 0, 0, 0, -1)', 6), ('(0, 0, -1, 0, 1, 0)', 6)]",5
4,6,17,4,"[0, 1, 1, 0]","[0, 1, 1, 0]","[1, 1, 0, 0, 0, 1]","[-3, -1, -3, 4, 0, 1]","[0, 0, 0, 1, 0, -1]",2.0,"[5, 4, 15, 11]",False,"[0, 0, 0, 0, 0, 0]",2.0,"[-3, -1, -3, 4, 0, 1]","[5, 4, 15, 11]",False,"[0, 0, 0, 0, 0, 0]",2.0,0,"[-3, -1, -3, 4, 0, 1]","[5, 4, 15, 11]",False,"[0, 0, 0, 0, 0, 0]",2.0,"[-3, -1, -3, 4, 0, 1]","[5, 4, 15, 11]",False,"[0, 0, -1, 0, 0, 0]",7.0,29,0.05894308943089431,2047.0098802618336,1,1,3,4,"[-3, 0, -5, 4, 1, 0]","[16, 16, 3, 0]",False,20,20,False,False,True,True,7,False,False,False,False,False,False,False,True,True,True,True,False,False,False,False,False,"[-4, -2, -3, 5, 0, -1]",7,7,7,7,12,0.2866642909939401,2.7542002499103546e-05,0.27781833297922276,0.002069667010800913,12,12,"[('(0, 0, 0, 0, 0, 0)', 191), ('(-1, 0, 0, 0, 0, 0)', 37), ('(0, 0, 0, 0, 1, 0)', 35), ('(0, 1, 0, 0, 0, 0)', 30), ('(0, 0, -1, 0, 0, 0)', 29), ('(0, 0, 0, -1, 0, 0)', 23), ('(0, 0, 0, 0, 0, -1)', 17), ('(-1, 0, 0, 0, 1, 0)', 13), ('(0, 0, -1, -1, 0, 0)', 10), ('(0, 0, 0, -1, 1, 0)', 10)]",5
4,6,17,5,"[0, 1, 1, 1]","[0, 1, 1, 1]","[0, 0, 0, -1, 0, 0]","[-8, 5, -7, 8, 1, -8]","[0, 0, 0, -1, 0, 0]",1.0,"[0, 1, 1, 1]",True,"[0, 0, 0, 0, 0, 0]",1.0,"[-8, 5, -7, 8, 1, -8]","[0, 1, 1, 1]",True,"[0, 0, 0, 0, 0, 0]",1.0,0,"[-8, 5, -7, 8, 1, -8]","[0, 1, 1, 1]",True,"[0, 0, 0, 0, 0, 0]",1.0,"[-8, 5, -7, 8, 1, -8]","[0, 1, 1, 1]",True,"[0, 0, 0, 0, 0, 0]",1.0,256,0.5161290322580645,30.49509239151048,0,0,3,1,"[-8, 5, -7, 8, 1, -8]","[0, 1, 1, 1]",True,20,20,True,False,True,True,0,False,False,False,False,False,False,False,True,True,True,True,True,True,False,False,False,"[-8, 5, -7, 8, 1, -8]",0,0,0,0,0,0.237094124982832,5.708300159312785e-05,0.22827462499844842,0.002064125001197681,12,12,"[('(0, 0, 0, 0, 0, 0)', 256), ('(0, 0, 0, 0, -1, 0)', 57), ('(-1, 0, 0, 0, 0, 0)', 32), ('(0, 0, 0, 0, 0, -1)', 28), ('(0, 0, 0, 1, 0, 0)', 28), ('(0, 0, 0, 0, -1, -1)', 10), ('(0, 0, -1, 0, 0, 0)', 8), ('(0, 0, 0, 1, -1, 0)', 7), ('(0, -1, 0, 0, 0, 0)', 6), ('(-1, 0, 0, 0, -1, 0)', 6)]",5
4,6,17,8,"[-1, -1, 1, 0]","[16, 16, 1, 0]","[0, 0, 0, 0, 1, 0]","[3, 3, -7, 7, -9, -6]","[0, 0, 0, 0, 1, 0]",1.0,"[16, 16, 1, 0]",True,"[0, 0, 0, 0, 0, 0]",1.0,"[3, 3, -7, 7, -9, -6]","[16, 16, 1, 0]",True,"[0, 0, 0, 0, 0, 0]",1.0,0,"[3, 3, -7, 7, -9, -6]","[16, 16, 1, 0]",True,"[0, 0, 0, 0, 0, 0]",1.0,"[3, 3, -7, 7, -9, -6]","[16, 16, 1, 0]",True,"[0, 0, 0, 0, 0, 0]",1.0,244,0.4909456740442656,30.49987417894553,0,0,3,1,"[3, 3, -7, 7, -9, -6]","[16, 16, 1, 0]",True,20,20,True,False,True,True,0,False,False,False,False,False,False,False,True,True,True,True,True,True,False,False,False,"[3, 3, -7, 7, -9, -6]",0,0,0,0,0,0.22224783399724402,2.562499139457941e-05,0.21634312500827946,0.0021168749954085797,12,12,"[('(0, 0, 0, 0, 0, 0)', 244), ('(0, 0, 0, 0, 0, -1)', 60), ('(0, 0, 0, 1, 0, 0)', 59), ('(0, 0, 0, 0, -1, 0)', 37), ('(0, 0, 0, 1, 0, -1)', 19), ('(0, 0, 0, 1, -1, 0)', 6), ('(0, 0, 0, 0, 1, 0)', 5), ('(0, 1, 0, 0, 0, 0)', 5), ('(0, -1, 0, 0, 0, 0)', 5), ('(1, 0, 0, 0, 0, 0)', 5)]",5
4,6,17,7,"[1, 1, 0, 1]","[1, 1, 0, 1]","[0, 0, 0, -1, -1, 0]","[7, 8, 2, -6, 5, 5]","[0, 0, 0, -1, -1, 0]",2.0,"[1, 1, 0, 1]",True,"[0, 0, 0, 0, 0, 0]",2.0,"[7, 8, 2, -6, 5, 5]","[1, 1, 0, 1]",True,"[0, 0, 0, 0, 0, 0]",2.0,0,"[7, 8, 2, -6, 5, 5]","[1, 1, 0, 1]",True,"[0, 0, 0, 0, 0, 0]",2.0,"[7, 8, 2, -6, 5, 5]","[1, 1, 0, 1]",True,"[0, 0, 0, 0, 0, 0]",2.0,179,0.36016096579476864,21.58070431491098,0,0,3,2,"[7, 8, 2, -6, 5, 5]","[1, 1, 0, 1]",True,20,20,True,False,True,True,0,False,False,False,False,False,False,False,True,True,True,True,True,True,False,False,False,"[7, 8, 2, -6, 5, 5]",0,0,0,0,0,0.2444767499982845,2.6666995836421847e-05,0.23718654198455624,0.0034701670228969306,12,12,"[('(0, 0, 0, 0, 0, 0)', 179), ('(0, 1, 0, 0, 0, 0)', 56), ('(0, 0, 0, 0, -1, 0)', 41), ('(0, 0, 1, 0, 0, 0)', 39), ('(0, 0, 0, 0, 0, 1)', 38), ('(-1, 0, 0, 0, 0, 0)', 16), ('(0, 0, 0, 0, -1, 1)', 15), ('(0, 0, 1, 0, 0, 1)', 14), ('(0, 1, 0, 0, 0, 1)', 9), ('(0, 1, 1, 0, 0, 0)', 9)]",5
4,6,17,6,"[-1, 1, 1, 1]","[16, 1, 1, 1]","[-1, 0, 0, 0, 0, -1]","[-2, 7, 5, 4, -8, 2]","[-1, 0, 0, 0, 0, -1]",2.0,"[16, 1, 1, 1]",True,"[0, 0, 0, 0, 0, 0]",2.0,"[-2, 7, 5, 4, -8, 2]","[16, 1, 1, 1]",True,"[0, 0, 0, 0, 0, 0]",2.0,0,"[-2, 7, 5, 4, -8, 2]","[16, 1, 1, 1]",True,"[0, 0, 0, 0, 0, 0]",2.0,"[-2, 7, 5, 4, -8, 2]","[16, 1, 1, 1]",True,"[0, 0, 0, 0, 0, 0]",2.0,204,0.4180327868852459,41.56769900208616,0,0,4,2,"[-2, 7, 5, 4, -8, 2]","[16, 1, 1, 1]",True,20,20,True,False,True,True,0,False,False,False,False,False,False,False,True,True,True,True,True,True,False,False,False,"[-2, 7, 5, 4, -8, 2]",0,0,0,0,0,0.27674166701035574,2.754098386503756e-05,0.2710325839871075,0.002168666018405929,12,12,"[('(0, 0, 0, 0, 0, 0)', 204), ('(1, 0, 0, 0, 0, 0)', 38), ('(0, 0, 0, 0, 1, 0)', 37), ('(0, 0, -1, 0, 0, 0)', 36), ('(0, 0, 0, -1, 0, 0)', 30), ('(0, 0, 0, 0, 0, -1)', 20), ('(0, 0, -1, 0, 1, 0)', 14), ('(0, 0, -1, -1, 0, 0)', 9), ('(0, -1, 0, 0, 0, 0)', 8), ('(1, 0, 0, 0, 1, 0)', 7)]",5
4,6,17,9,"[-1, 1, 1, 1]","[16, 1, 1, 1]","[0, 0, 0, 0, 0, 0]","[-7, -1, -2, -8, 3, -5]","[0, 0, 0, 0, 0, 0]",0.0,"[16, 1, 1, 1]",True,"[0, 0, 0, 0, 0, 0]",0.0,"[-7, -1, -2, -8, 3, -5]","[16, 1, 1, 1]",True,"[0, 0, 0, 0, 0, 0]",0.0,0,"[-7, -1, -2, -8, 3, -5]","[16, 1, 1, 1]",True,"[0, 0, 0, 0, 0, 0]",0.0,"[-7, -1, -2, -8, 3, -5]","[16, 1, 1, 1]",True,"[0, 0, 0, 0, 0, 0]",0.0,410,0.8216432865731463,59.39814067855038,0,0,4,0,"[-7, -1, -2, -8, 3, -5]","[16, 1, 1, 1]",True,20,20,True,False,True,True,0,False,False,False,False,False,False,False,True,True,True,True,True,True,False,False,False,"[-7, -1, -2, -8, 3, -5]",0,0,0,0,0,0.22046466698520817,2.449998282827437e-05,0.2149239169957582,0.0020702079928014427,12,12,"[('(0, 0, 0, 0, 0, 0)', 410), ('(0, 0, 0, -1, 0, 0)', 13), ('(0, 0, 0, 0, 0, 1)', 10), ('(0, 0, 0, 0, 1, 0)', 9), ('(-1, 0, 0, 0, 0, 0)', 9), ('(0, 1, 0, 0, 0, 0)', 8), ('(0, 0, 0, 0, 0, -1)', 7), ('(0, 0, 1, 0, 0, 0)', 7), ('(0, 0, -1, 0, 0, 0)', 6), ('(0, -1, 0, 0, 0, 0)', 5)]",5
4,6,17,10,"[0, 1, 1, 1]","[0, 1, 1, 1]","[0, 0, 0, 1, 0, 0]","[6, 7, -5, -3, -3, 3]","[0, 0, 0, 1, 0, 0]",1.0,"[0, 1, 1, 1]",True,"[0, 0, 0, 0, 0, 0]",1.0,"[6, 7, -5, -3, -3, 3]","[0, 1, 1, 1]",True,"[0, 0, 0, 0, 0, 0]",1.0,0,"[6, 7, -5, -3, -3, 3]","[0, 1, 1, 1]",True,"[0, 0, 0, 0, 0, 0]",1.0,"[6, 7, -5, -3, -3, 3]","[0, 1, 1, 1]",True,"[0, 0, 0, 0, 0, 0]",1.0,179,0.3623481781376518,30.53070431491098,0,0,3,1,"[6, 7, -5, -3, -3, 3]","[0, 1, 1, 1]",True,20,20,True,False,True,True,0,False,False,False,False,False,False,False,True,True,True,True,True,True,False,False,False,"[6, 7, -5, -3, -3, 3]",0,0,0,0,0,0.26537487501627766,2.6541994884610176e-05,0.25961458301753737,0.002130208973539993,12,12,"[('(0, 0, 0, 0, 0, 0)', 179), ('(0, 1, 0, 0, 0, 0)', 48), ('(0, 0, 0, -1, 0, 0)', 45), ('(0, 0, 0, 0, -1, 0)', 33), ('(0, 0, 1, 0, 0, 0)', 29), ('(0, 0, 0, 0, 0, 1)', 28), ('(0, 1, 0, -1, 0, 0)', 20), ('(0, 1, 1, 0, 0, 0)', 8), ('(0, 1, 0, 0, -1, 0)', 7), ('(0, 0, 0, -1, -1, 0)', 7)]",5
4,6,17,11,"[0, 0, -1, 1]","[0, 0, 16, 1]","[0, 0, 0, 0, 1, 0]","[-5, 5, -8, -7, -6, 6]","[0, 0, 0, 0, 1, 0]",1.0,"[0, 0, 16, 1]",True,"[0, 0, 0, 0, 0, 0]",1.0,"[-5, 5, -8, -7, -6, 6]","[0, 0, 16, 1]",True,"[0, 0, 0, 0, 0, 0]",1.0,0,"[-5, 5, -8, -7, -6, 6]","[0, 0, 16, 1]",True,"[0, 0, 0, 0, 0, 0]",1.0,"[-5, 5, -8, -7, -6, 6]","[0, 0, 16, 1]",True,"[0, 0, 0, 0, 0, 0]",1.0,233,0.4707070707070707,10.50446788846423,0,0,2,1,"[-5, 5, -8, -7, -6, 6]","[0, 0, 16, 1]",True,20,20,True,False,True,True,0,False,False,False,False,False,False,False,True,True,True,True,True,True,False,False,False,"[-5, 5, -8, -7, -6, 6]",0,0,0,0,0,0.23690895800245926,2.804200630635023e-05,0.2308329999796115,0.002156500006094575,12,12,"[('(0, 0, 0, 0, 0, 0)', 233), ('(0, 0, 0, -1, 0, 0)', 47), ('(0, 0, 0, 0, 0, 1)', 44), ('(0, 0, 0, 0, -1, 0)', 39), ('(0, 0, 1, 0, 0, 0)', 31), ('(0, 0, 1, 0, 0, 1)', 11), ('(0, 0, 0, 0, -1, 1)', 8), ('(0, 0, 0, -1, 0, 1)', 8), ('(0, 0, 0, 1, 0, 0)', 8), ('(0, 0, 1, -1, 0, 0)', 7)]",5
4,6,17,13,"[-1, 0, 1, 0]","[16, 0, 1, 0]","[0, -1, 0, 0, 0, 0]","[-2, -2, -6, 3, 5, -6]","[0, -1, 0, 0, 0, 0]",1.0,"[16, 0, 1, 0]",True,"[0, 0, 0, 0, 0, 0]",1.0,"[-2, -2, -6, 3, 5, -6]","[16, 0, 1, 0]",True,"[0, 0, 0, 0, 0, 0]",1.0,0,"[-2, -2, -6, 3, 5, -6]","[16, 0, 1, 0]",True,"[0, 0, 0, 0, 0, 0]",1.0,"[-2, -2, -6, 3, 5, -6]","[16, 0, 1, 0]",True,"[0, 0, 0, 0, 0, 0]",1.0,204,0.4104627766599598,10.51769900208616,0,0,2,1,"[-2, -2, -6, 3, 5, -6]","[16, 0, 1, 0]",True,20,20,True,False,True,True,0,False,False,False,False,False,False,False,True,True,True,True,True,True,False,False,False,"[-2, -2, -6, 3, 5, -6]",0,0,0,0,0,0.23425383301218972,3.004097379744053e-05,0.22682974999770522,0.002829624980222434,12,12,"[('(0, 0, 0, 0, 0, 0)', 204), ('(0, 0, 1, 0, 0, 0)', 54), ('(0, 0, 0, 0, 0, -1)', 44), ('(0, 0, 0, 1, 0, 0)', 37), ('(0, 0, 0, 0, -1, 0)', 32), ('(0, 0, 1, 1, 0, 0)', 14), ('(0, 0, 1, 0, 0, -1)', 13), ('(0, 0, 1, 0, -1, 0)', 13), ('(0, 0, 0, 1, 0, -1)', 12), ('(0, 0, 0, -1, 0, 0)', 6)]",5
4,6,17,12,"[-1, 0, 0, 0]","[16, 0, 0, 0]","[0, 1, 0, 0, 0, 1]","[7, -1, 8, 1, -2, 4]","[0, 1, 0, 0, 0, 1]",2.0,"[16, 0, 0, 0]",True,"[0, 0, 0, 0, 0, 0]",2.0,"[7, -1, 8, 1, -2, 4]","[16, 0, 0, 0]",True,"[0, 0, 0, 0, 0, 0]",2.0,0,"[7, -1, 8, 1, -2, 4]","[16, 0, 0, 0]",True,"[0, 0, 0, 0, 0, 0]",2.0,"[7, -1, 8, 1, -2, 4]","[16, 0, 0, 0]",True,"[0, 0, 0, 0, 0, 0]",2.0,191,0.38585858585858585,21.574250462797224,0,0,1,2,"[7, -1, 8, 1, -2, 4]","[16, 0, 0, 0]",True,20,20,True,False,True,True,0,False,False,False,False,False,False,False,True,True,True,True,True,True,False,False,False,"[7, -1, 8, 1, -2, 4]",0,0,0,0,0,0.26841758302180097,2.737497561611235e-05,0.2562700829876121,0.004382125014672056,12,12,"[('(0, 0, 0, 0, 0, 0)', 191), ('(0, 0, 0, -1, 0, 0)', 45), ('(0, 1, 0, 0, 0, 0)', 40), ('(0, 0, 0, 0, 1, 0)', 30), ('(1, 0, 0, 0, 0, 0)', 30), ('(0, 0, -1, 0, 0, 0)', 24), ('(0, 1, 0, -1, 0, 0)', 10), ('(0, 1, -1, 0, 0, 0)', 10), ('(0, 1, 0, 0, 1, 0)', 8), ('(1, 0, -1, 0, 0, 0)', 8)]",5
4,6,17,14,"[-1, 0, 1, 0]","[16, 0, 1, 0]","[0, 1, 0, 0, 0, -1]","[-8, 4, -2, 0, 1, 1]","[0, 1, 0, 0, 0, -1]",2.0,"[16, 0, 1, 0]",True,"[0, 0, 0, 0, 0, 0]",2.0,"[-8, 4, -2, 0, 1, 1]","[16, 0, 1, 0]",True,"[0, 0, 0, 0, 0, 0]",2.0,0,"[-8, 4, -2, 0, 1, 1]","[16, 0, 1, 0]",True,"[0, 0, 0, 0, 0, 0]",2.0,"[-8, 4, -2, 0, 1, 1]","[16, 0, 1, 0]",True,"[0, 0, 0, 0, 0, 0]",2.0,161,0.3245967741935484,1.5912403664767618,0,0,2,2,"[-8, 4, -2, 0, 1, 1]","[16, 0, 1, 0]",True,20,20,True,False,True,True,0,False,False,False,False,False,False,False,True,True,True,True,True,True,False,False,False,"[-8, 4, -2, 0, 1, 1]",0,0,0,0,0,0.2806536669959314,2.745899837464094e-05,0.2740417500026524,0.002131207991624251,12,12,"[('(0, 0, 0, 0, 0, 0)', 161), ('(0, 0, 0, 0, 0, -1)', 37), ('(0, 0, 0, 0, 1, 0)', 37), ('(-1, 0, 0, 0, 0, 0)', 34), ('(0, 0, 0, -1, 0, 0)', 30), ('(0, 0, 1, 0, 0, 0)', 25), ('(0, 1, 0, 0, 0, 0)', 23), ('(0, 0, 1, 0, 0, -1)', 15), ('(-1, 0, 0, 0, 0, -1)', 11), ('(-1, 0, 1, 0, 0, 0)', 10)]",5
4,6,17,15,"[0, 1, -1, 1]","[0, 1, 16, 1]","[0, 0, 0, 1, 0, 1]","[-4, 2, -5, -7, 2, -8]","[0, 0, 0, 1, 0, 1]",2.0,"[0, 1, 16, 1]",True,"[0, 0, 0, 0, 0, 0]",2.0,"[-4, 2, -5, -7, 2, -8]","[0, 1, 16, 1]",True,"[0, 0, 0, 0, 0, 0]",2.0,0,"[-4, 2, -5, -7, 2, -8]","[0, 1, 16, 1]",True,"[0, 0, 0, 0, 0, 0]",2.0,"[-4, 2, -5, -7, 2, -8]","[0, 1, 16, 1]",True,"[0, 0, 0, 0, 0, 0]",2.0,304,0.6104417670682731,21.52796882233926,0,0,3,2,"[-4, 2, -5, -7, 2, -8]","[0, 1, 16, 1]",True,20,20,True,False,True,True,0,False,False,False,False,False,False,False,True,True,True,True,True,True,False,False,False,"[-4, 2, -5, -7, 2, -8]",0,0,0,0,0,0.20304566700360738,2.649999805726111e-05,0.19763379197684117,0.002104667015373707,12,12,"[('(0, 0, 0, 0, 0, 0)', 304), ('(0, 0, 0, 0, 0, 1)', 77), ('(0, 1, 0, 0, 0, 0)', 31), ('(0, 0, 0, 0, 1, 0)', 21), ('(0, 0, 0, 0, 0, -1)', 6), ('(1, 0, 0, 0, 0, 0)', 6), ('(0, 0, 0, 0, 1, 1)', 5), ('(0, 0, -1, 0, 0, 0)', 5), ('(0, 1, 0, 0, 0, 1)', 5), ('(0, 0, 0, -1, 0, 0)', 5)]",5
4,6,17,16,"[-1, 0, 1, 1]","[16, 0, 1, 1]","[0, 0, 0, 0, 1, 0]","[-5, 0, 7, -7, 0, 7]","[0, 0, 0, 0, 1, 0]",1.0,"[16, 0, 1, 1]",True,"[0, 0, 0, 0, 0, 0]",1.0,"[-5, 0, 7, -7, 0, 7]","[16, 0, 1, 1]",True,"[0, 0, 0, 0, 0, 0]",1.0,0,"[-5, 0, 7, -7, 0, 7]","[16, 0, 1, 1]",True,"[0, 0, 0, 0, 0, 0]",1.0,"[-5, 0, 7, -7, 0, 7]","[16, 0, 1, 1]",True,"[0, 0, 0, 0, 0, 0]",1.0,197,0.3971774193548387,30.52117329693055,0,0,3,1,"[-5, 0, 7, -7, 0, 7]","[16, 0, 1, 1]",True,20,20,True,False,True,True,0,False,False,False,False,False,False,False,True,True,True,True,True,True,False,False,False,"[-5, 0, 7, -7, 0, 7]",0,0,0,0,0,0.24668295797891915,2.7082976885139942e-05,0.2400402909843251,0.002126541978213936,12,12,"[('(0, 0, 0, 0, 0, 0)', 197), ('(0, 0, 0, 0, -1, 0)', 58), ('(0, 0, 0, 0, 0, -1)', 48), ('(0, 1, 0, 0, 0, 0)', 37), ('(0, 0, -1, 0, 0, 0)', 34), ('(0, 0, 0, 0, -1, -1)', 19), ('(0, 1, 0, 0, 0, -1)', 13), ('(0, 1, -1, 0, 0, 0)', 11), ('(0, 0, -1, 0, -1, 0)', 9), ('(0, 0, -1, 0, 0, -1)', 8)]",5
4,6,17,17,"[-1, 1, 1, -1]","[16, 1, 1, 16]","[0, 0, -1, 0, 0, 0]","[1, 8, 4, -8, -6, 8]","[0, 0, -1, 0, 0, 0]",1.0,"[16, 1, 1, 16]",True,"[0, 0, 0, 0, 0, 0]",1.0,"[1, 8, 4, -8, -6, 8]","[16, 1, 1, 16]",True,"[0, 0, 0, 0, 0, 0]",1.0,0,"[1, 8, 4, -8, -6, 8]","[16, 1, 1, 16]",True,"[0, 0, 0, 0, 0, 0]",1.0,"[1, 8, 4, -8, -6, 8]","[16, 1, 1, 16]",True,"[0, 0, 0, 0, 0, 0]",1.0,248,0.5,50.49825471035353,0,0,4,1,"[1, 8, 4, -8, -6, 8]","[16, 1, 1, 16]",True,20,20,True,False,True,True,0,False,False,False,False,False,False,False,True,True,True,True,True,True,False,False,False,"[1, 8, 4, -8, -6, 8]",0,0,0,0,0,0.226813791989116,2.562499139457941e-05,0.2208507499890402,0.0020741250191349536,12,12,"[('(0, 0, 0, 0, 0, 0)', 248), ('(0, 0, 0, 0, -1, 0)', 70), ('(-1, 0, 0, 0, 0, 0)', 46), ('(0, 0, 1, 0, 0, 0)', 40), ('(0, 0, 1, 0, -1, 0)', 11), ('(-1, 0, 0, 0, -1, 0)', 11), ('(-1, 0, 1, 0, 0, 0)', 9), ('(0, -1, 0, 0, 0, 0)', 6), ('(0, 0, 0, 0, 0, 1)', 5), ('(0, 0, 0, 0, 0, -1)', 5)]",5
4,6,17,18,"[1, 1, 1, -1]","[1, 1, 1, 16]","[0, 0, 0, 0, 0, 0]","[-5, 6, 0, 5, 8, 0]","[0, 0, 0, 0, 0, 0]",0.0,"[1, 1, 1, 16]",True,"[0, 0, 0, 0, 0, 0]",0.0,"[-5, 6, 0, 5, 8, 0]","[1, 1, 1, 16]",True,"[0, 0, 0, 0, 0, 0]",0.0,0,"[-5, 6, 0, 5, 8, 0]","[1, 1, 1, 16]",True,"[0, 0, 0, 0, 0, 0]",0.0,"[-5, 6, 0, 5, 8, 0]","[1, 1, 1, 16]",True,"[0, 0, 0, 0, 0, 0]",0.0,408,0.8176352705410822,59.39862848439572,0,0,4,0,"[-5, 6, 0, 5, 8, 0]","[1, 1, 1, 16]",True,20,20,True,False,True,True,0,False,False,False,False,False,False,False,True,True,True,True,True,True,False,False,False,"[-5, 6, 0, 5, 8, 0]",0,0,0,0,0,0.21689570901799016,2.7417001547291875e-05,0.20706054201582447,0.0021723750105593354,12,12,"[('(0, 0, 0, 0, 0, 0)', 408), ('(0, 0, 0, -1, 0, 0)', 12), ('(-1, 0, 0, 0, 0, 0)', 10), ('(0, 0, 0, 1, 0, 0)', 8), ('(1, 0, 0, 0, 0, 0)', 8), ('(0, 0, 0, 0, 0, 1)', 7), ('(0, 0, 1, 0, 0, 0)', 7), ('(0, 0, 0, 0, 0, -1)', 6), ('(0, -1, 0, 0, 0, 0)', 6), ('(0, 0, 0, 0, 1, 0)', 5)]",5
4,6,17,19,"[0, 0, 0, 1]","[0, 0, 0, 1]","[-1, -1, 0, 0, 0, 0]","[-2, 1, -5, -8, -2, 7]","[-1, -1, 0, 0, 0, 0]",2.0,"[0, 0, 0, 1]",True,"[0, 0, 0, 0, 0, 0]",2.0,"[-2, 1, -5, -8, -2, 7]","[0, 0, 0, 1]",True,"[0, 0, 0, 0, 0, 0]",2.0,0,"[-2, 1, -5, -8, -2, 7]","[0, 0, 0, 1]",True,"[0, 0, 0, 0, 0, 0]",2.0,"[-2, 1, -5, -8, -2, 7]","[0, 0, 0, 1]",True,"[0, 0, 0, 0, 0, 0]",2.0,238,0.47695390781563124,21.55235364480685,0,0,1,2,"[-2, 1, -5, -8, -2, 7]","[0, 0, 0, 1]",True,20,20,True,False,True,True,0,False,False,False,False,False,False,False,True,True,True,True,True,True,False,False,False,"[-2, 1, -5, -8, -2, 7]",0,0,0,0,0,0.23925887499353848,2.7291011065244675e-05,0.23323333301232196,0.0020760000043082982,12,12,"[('(0, 0, 0, 0, 0, 0)', 238), ('(0, 0, 0, 0, -1, 0)', 49), ('(0, 0, 0, 1, 0, 0)', 48), ('(-1, 0, 0, 0, 0, 0)', 33), ('(0, 0, 0, 0, 0, -1)', 26), ('(0, 0, 0, 1, -1, 0)', 18), ('(-1, 0, 0, 1, 0, 0)', 9), ('(0, 0, -1, 0, 0, 0)', 7), ('(0, 0, 0, 1, 0, -1)', 7), ('(-1, 0, 0, 0, -1, 0)', 6)]",5
4,6,17,20,"[0, -1, -1, 1]","[0, 16, 16, 1]","[0, -1, 0, -1, 0, 0]","[-1, 2, 7, 4, -2, 5]","[0, -1, 0, -1, 0, 0]",2.0,"[0, 16, 16, 1]",True,"[0, 0, 0, 0, 0, 0]",2.0,"[-1, 2, 7, 4, -2, 5]","[0, 16, 16, 1]",True,"[0, 0, 0, 0, 0, 0]",2.0,0,"[-1, 2, 7, 4, -2, 5]","[0, 16, 16, 1]",True,"[0, 0, 0, 0, 0, 0]",2.0,"[-1, 2, 7, 4, -2, 5]","[0, 16, 16, 1]",True,"[0, 0, 0, 0, 0, 0]",2.0,258,0.5212121212121212,21.544317193830047,0,0,3,2,"[-1, 2, 7, 4, -2, 5]","[0, 16, 16, 1]",True,20,20,True,False,True,True,0,False,False,False,False,False,False,False,True,True,True,True,True,True,False,False,False,"[-1, 2, 7, 4, -2, 5]",0,0,0,0,0,0.24083783401874825,3.404199378564954e-05,0.2346035839873366,0.0020948750025127083,12,12,"[('(0, 0, 0, 0, 0, 0)', 258), ('(0, 0, 0, 0, 0, -1)', 62), ('(-1, 0, 0, 0, 0, 0)', 49), ('(0, 1, 0, 0, 0, 0)', 27), ('(0, 0, 0, 0, 1, 0)', 21), ('(0, 1, 0, 0, 0, -1)', 8), ('(0, 0, 0, 0, 1, -1)', 7), ('(0, 1, 0, 0, 1, 0)', 6), ('(0, 0, 0, -1, 0, 0)', 6), ('(0, 0, 0, 0, -1, 0)', 5)]",5
4,6,17,21,"[1, -1, 1, 0]","[1, 16, 1, 0]","[0, 0, 1, 0, 0, 0]","[-2, 0, 5, -4, -7, 7]","[0, 0, 1, 0, 0, 0]",1.0,"[1, 16, 1, 0]",True,"[0, 0, 0, 0, 0, 0]",1.0,"[-2, 0, 5, -4, -7, 7]","[1, 16, 1, 0]",True,"[0, 0, 0, 0, 0, 0]",1.0,0,"[-2, 0, 5, -4, -7, 7]","[1, 16, 1, 0]",True,"[0, 0, 0, 0, 0, 0]",1.0,"[-2, 0, 5, -4, -7, 7]","[1, 16, 1, 0]",True,"[0, 0, 0, 0, 0, 0]",1.0,252,0.5070422535211268,30.496661051127248,0,0,3,1,"[-2, 0, 5, -4, -7, 7]","[1, 16, 1, 0]",True,20,20,True,False,True,True,0,False,False,False,False,False,False,False,True,True,True,True,True,True,False,False,False,"[-2, 0, 5, -4, -7, 7]",0,0,0,0,0,0.2139682920242194,2.720800694078207e-05,0.20774941699346527,0.0020770000119227916,12,12,"[('(0, 0, 0, 0, 0, 0)', 252), ('(0, -1, 0, 0, 0, 0)', 62), ('(0, 0, -1, 0, 0, 0)', 46), ('(0, 0, 0, 0, 0, -1)', 40), ('(0, -1, -1, 0, 0, 0)', 15), ('(0, -1, 0, 0, 0, -1)', 13), ('(0, 0, -1, 0, 0, -1)', 7), ('(1, 0, 0, 0, 0, 0)', 7), ('(0, 0, 0, 0, 0, 1)', 6), ('(0, 0, 0, 1, 0, 0)', 6)]",5
4,6,17,23,"[-1, 0, 0, 0]","[16, 0, 0, 0]","[0, 0, 0, 0, -1, 0]","[0, -4, -2, -7, -1, 6]","[0, 0, 0, 0, -1, 0]",1.0,"[16, 0, 0, 0]",True,"[0, 0, 0, 0, 0, 0]",1.0,"[0, -4, -2, -7, -1, 6]","[16, 0, 0, 0]",True,"[0, 0, 0, 0, 0, 0]",1.0,0,"[0, -4, -2, -7, -1, 6]","[16, 0, 0, 0]",True,"[0, 0, 0, 0, 0, 0]",1.0,"[0, -4, -2, -7, -1, 6]","[16, 0, 0, 0]",True,"[0, 0, 0, 0, 0, 0]",1.0,307,0.6189516129032258,30.476990021702644,0,0,1,1,"[0, -4, -2, -7, -1, 6]","[16, 0, 0, 0]",True,20,20,True,False,True,True,0,False,False,False,False,False,False,False,True,True,True,True,True,True,False,False,False,"[0, -4, -2, -7, -1, 6]",0,0,0,0,0,0.2288849170145113,0.0005047909799031913,0.21728024998446926,0.004610583011526614,12,12,"[('(0, 0, 0, 0, 0, 0)', 307), ('(0, 0, 0, 0, 0, -1)', 72), ('(0, 0, 0, 0, -1, 0)', 35), ('(0, 0, 0, 0, -1, -1)', 10), ('(0, 0, 1, 0, 0, 0)', 8), ('(0, 0, 0, -1, 0, 0)', 7), ('(0, 0, 0, 1, 0, 0)', 5), ('(0, 0, -1, 0, 0, 0)', 5), ('(0, 1, 0, 0, 0, 0)', 5), ('(0, -1, 0, 0, 0, 0)', 5)]",5
4,6,17,22,"[0, 0, -1, 1]","[0, 0, 16, 1]","[0, -1, 0, 1, 0, 0]","[-8, 7, -3, -8, 5, -8]","[0, -1, 0, 1, 0, 0]",2.0,"[0, 0, 16, 1]",True,"[0, 0, 0, 0, 0, 0]",2.0,"[-8, 7, -3, -8, 5, -8]","[0, 0, 16, 1]",True,"[0, 0, 0, 0, 0, 0]",2.0,0,"[-8, 7, -3, -8, 5, -8]","[0, 0, 16, 1]",True,"[0, 0, 0, 0, 0, 0]",2.0,"[-8, 7, -3, -8, 5, -8]","[0, 0, 16, 1]",True,"[0, 0, 0, 0, 0, 0]",2.0,174,0.35294117647058826,1.5835214026076487,0,0,2,2,"[-8, 7, -3, -8, 5, -8]","[0, 0, 16, 1]",True,20,20,True,False,True,True,0,False,False,False,False,False,False,False,True,True,True,True,True,True,False,False,False,"[-8, 7, -3, -8, 5, -8]",0,0,0,0,0,0.24326862499583513,2.8041016776114702e-05,0.23723633401095867,0.002039500017417595,12,12,"[('(0, 0, 0, 0, 0, 0)', 174), ('(0, 0, 0, 0, 0, 1)', 44), ('(0, 0, 0, 0, -1, 0)', 41), ('(0, -1, 0, 0, 0, 0)', 39), ('(0, 0, 0, 1, 0, 0)', 32), ('(0, 0, -1, 0, 0, 0)', 19), ('(0, 0, 0, 0, -1, 1)', 13), ('(0, -1, 0, 0, 0, 1)', 12), ('(0, -1, 0, 0, -1, 0)', 12), ('(0, -1, 0, 1, 0, 0)', 9)]",5
4,6,17,24,"[1, -1, 1, 0]","[1, 16, 1, 0]","[-1, 0, 0, 0, 0, 0]","[-4, 6, 6, 0, 6, 3]","[-1, 0, 0, 0, 0, 0]",1.0,"[1, 16, 1, 0]",True,"[0, 0, 0, 0, 0, 0]",1.0,"[-4, 6, 6, 0, 6, 3]","[1, 16, 1, 0]",True,"[0, 0, 0, 0, 0, 0]",1.0,0,"[-4, 6, 6, 0, 6, 3]","[1, 16, 1, 0]",True,"[0, 0, 0, 0, 0, 0]",1.0,"[-4, 6, 6, 0, 6, 3]","[1, 16, 1, 0]",True,"[0, 0, 0, 0, 0, 0]",1.0,190,0.3807615230460922,30.52477265719534,0,0,3,1,"[-4, 6, 6, 0, 6, 3]","[1, 16, 1, 0]",True,20,20,True,False,True,True,0,False,False,False,False,False,False,False,True,True,True,True,True,True,False,False,False,"[-4, 6, 6, 0, 6, 3]",0,0,0,0,0,0.26792987500084564,5.5832992075011134e-05,0.2617616660136264,0.002043167012743652,12,12,"[('(0, 0, 0, 0, 0, 0)', 190), ('(0, 0, 0, 0, -1, 0)', 48), ('(0, 0, 1, 0, 0, 0)', 48), ('(0, -1, 0, 0, 0, 0)', 44), ('(0, 0, 0, 1, 0, 0)', 27), ('(0, 0, 0, 0, 0, 1)', 25), ('(0, -1, 0, 0, -1, 0)', 14), ('(0, 0, 1, 0, -1, 0)', 12), ('(0, 0, 1, 1, 0, 0)', 11), ('(0, 0, 0, 1, -1, 0)', 10)]",5
4,6,17,25,"[0, 1, -1, 0]","[0, 1, 16, 0]","[0, 0, 0, 0, 0, 0]","[5, -6, 7, 7, -1, -4]","[0, 0, 0, 0, 0, 0]",0.0,"[0, 1, 16, 0]",True,"[0, 0, 0, 0, 0, 0]",0.0,"[5, -6, 7, 7, -1, -4]","[0, 1, 16, 0]",True,"[0, 0, 0, 0, 0, 0]",0.0,0,"[5, -6, 7, 7, -1, -4]","[0, 1, 16, 0]",True,"[0, 0, 0, 0, 0, 0]",0.0,"[5, -6, 7, 7, -1, -4]","[0, 1, 16, 0]",True,"[0, 0, 0, 0, 0, 0]",0.0,418,0.836,19.396212908007787,0,0,2,0,"[5, -6, 7, 7, -1, -4]","[0, 1, 16, 0]",True,17,17,True,False,True,True,0,False,False,False,False,False,False,False,True,True,True,True,True,True,False,False,False,"[5, -6, 7, 7, -1, -4]",0,0,0,0,0,0.22929570800624788,2.5832996470853686e-05,0.22169862501323223,0.0036886669986415654,12,12,"[('(0, 0, 0, 0, 0, 0)', 418), ('(0, 0, 1, 0, 0, 0)', 10), ('(-1, 0, 0, 0, 0, 0)', 10), ('(1, 0, 0, 0, 0, 0)', 9), ('(0, 1, 0, 0, 0, 0)', 8), ('(0, -1, 0, 0, 0, 0)', 8), ('(0, 0, 0, 0, -1, 0)', 7), ('(0, 0, 0, 1, 0, 0)', 7), ('(0, 0, 0, 0, 0, 1)', 5), ('(0, 0, -1, 0, 0, 0)', 5)]",5
4,6,17,26,"[1, 0, -1, 0]","[1, 0, 16, 0]","[0, 0, 0, 1, 0, 1]","[5, 0, 4, 5, -3, 2]","[0, 0, 0, 1, 0, 1]",2.0,"[1, 0, 16, 0]",True,"[0, 0, 0, 0, 0, 0]",2.0,"[5, 0, 4, 5, -3, 2]","[1, 0, 16, 0]",True,"[0, 0, 0, 0, 0, 0]",2.0,0,"[5, 0, 4, 5, -3, 2]","[1, 0, 16, 0]",True,"[0, 0, 0, 0, 0, 0]",2.0,"[5, 0, 4, 5, -3, 2]","[1, 0, 16, 0]",True,"[0, 0, 0, 0, 0, 0]",2.0,202,0.40562248995983935,1.5686794020958215,0,0,2,2,"[5, 0, 4, 5, -3, 2]","[1, 0, 16, 0]",True,20,20,True,False,True,True,0,False,False,False,False,False,False,False,True,True,True,True,True,True,False,False,False,"[5, 0, 4, 5, -3, 2]",0,0,0,0,0,0.2569765000080224,2.7916976250708103e-05,0.24811562499962747,0.0049950419925153255,12,12,"[('(0, 0, 0, 0, 0, 0)', 202), ('(1, 0, 0, 0, 0, 0)', 41), ('(0, 0, 0, 0, -1, 0)', 40), ('(0, 1, 0, 0, 0, 0)', 35), ('(0, 0, -1, 0, 0, 0)', 32), ('(0, 0, 0, -1, 0, 0)', 23), ('(0, 0, 0, -1, -1, 0)', 11), ('(0, 1, 0, 0, -1, 0)', 10), ('(0, 0, -1, 0, -1, 0)', 8), ('(1, 0, 0, 0, -1, 0)', 7)]",5
4,6,17,28,"[1, -1, 1, 0]","[1, 16, 1, 0]","[0, 0, 0, -1, 0, 0]","[0, -3, -1, -5, -7, 0]","[0, 0, 0, -1, 0, 0]",1.0,"[1, 16, 1, 0]",True,"[0, 0, 0, 0, 0, 0]",1.0,"[0, -3, -1, -5, -7, 0]","[1, 16, 1, 0]",True,"[0, 0, 0, 0, 0, 0]",1.0,0,"[0, -3, -1, -5, -7, 0]","[1, 16, 1, 0]",True,"[0, 0, 0, 0, 0, 0]",1.0,"[0, -3, -1, -5, -7, 0]","[1, 16, 1, 0]",True,"[0, 0, 0, 0, 0, 0]",1.0,183,0.37044534412955465,30.5285064242391,0,0,3,1,"[0, -3, -1, -5, -7, 0]","[1, 16, 1, 0]",True,20,20,True,False,True,True,0,False,False,False,False,False,False,False,True,True,True,True,True,True,False,False,False,"[0, -3, -1, -5, -7, 0]",0,0,0,0,0,0.2377777090005111,2.6249996153637767e-05,0.2319863750017248,0.002094584022415802,12,12,"[('(0, 0, 0, 0, 0, 0)', 183), ('(0, 0, 1, 0, 0, 0)', 62), ('(0, 0, 0, 0, 1, 0)', 58), ('(0, 0, 0, 0, 0, 1)', 38), ('(0, -1, 0, 0, 0, 0)', 32), ('(0, 0, 1, 0, 1, 0)', 14), ('(0, 0, 1, 0, 0, 1)', 13), ('(0, -1, 1, 0, 0, 0)', 8), ('(0, -1, 0, 0, 1, 0)', 7), ('(0, -1, 0, 0, 0, 1)', 7)]",5
4,6,17,27,"[1, 1, 0, 0]","[1, 1, 0, 0]","[0, 0, 0, 0, 0, 1]","[-6, 1, 5, -5, -8, -6]","[0, 0, 0, 0, 0, 1]",1.0,"[1, 1, 0, 0]",True,"[0, 0, 0, 0, 0, 0]",1.0,"[-6, 1, 5, -5, -8, -6]","[1, 1, 0, 0]",True,"[0, 0, 0, 0, 0, 0]",1.0,0,"[-6, 1, 5, -5, -8, -6]","[1, 1, 0, 0]",True,"[0, 0, 0, 0, 0, 0]",1.0,"[-6, 1, 5, -5, -8, -6]","[1, 1, 0, 0]",True,"[0, 0, 0, 0, 0, 0]",1.0,165,0.3353658536585366,10.538801221164347,0,0,2,1,"[-6, 1, 5, -5, -8, -6]","[1, 1, 0, 0]",True,20,20,True,False,True,True,0,False,False,False,False,False,False,False,True,True,True,True,True,True,False,False,False,"[-6, 1, 5, -5, -8, -6]",0,0,0,0,0,0.25780541700078174,2.837498323060572e-05,0.24939629097934812,0.0020723750058095902,12,12,"[('(0, 0, 0, 0, 0, 0)', 165), ('(0, 0, 0, 1, 0, 0)', 56), ('(0, 1, 0, 0, 0, 0)', 46), ('(0, 0, 0, 0, -1, 0)', 41), ('(0, 0, -1, 0, 0, 0)', 39), ('(0, 0, 0, 1, -1, 0)', 17), ('(0, 1, 0, 1, 0, 0)', 15), ('(0, 0, -1, 0, -1, 0)', 13), ('(0, 1, -1, 0, 0, 0)', 11), ('(0, 1, 0, 0, -1, 0)', 8)]",5
4,6,17,29,"[1, 1, 0, -1]","[1, 1, 0, 16]","[0, 0, -1, 1, 1, 0]","[7, 7, -6, 7, 6, 5]","[0, 0, -1, 1, 1, 0]",3.0,"[1, 1, 0, 16]",True,"[0, 0, 0, 0, 0, 0]",3.0,"[7, 7, -6, 7, 6, 5]","[1, 1, 0, 16]",True,"[0, 0, 0, 0, 0, 0]",3.0,0,"[7, 7, -6, 7, 6, 5]","[1, 1, 0, 16]",True,"[0, 0, 0, 0, 0, 0]",3.0,"[7, 7, -6, 7, 6, 5]","[1, 1, 0, 16]",True,"[0, 0, 0, 0, 0, 0]",3.0,200,0.40160642570281124,32.61966950919409,0,0,3,3,"[7, 7, -6, 7, 6, 5]","[1, 1, 0, 16]",True,20,20,True,False,True,True,0,False,False,False,False,False,False,False,True,True,True,True,True,True,False,False,False,"[7, 7, -6, 7, 6, 5]",0,0,0,0,0,0.2562075419991743,2.6249996153637767e-05,0.24927833399851806,0.0032313750125467777,12,12,"[('(0, 0, 0, 0, 0, 0)', 200), ('(0, 0, 0, 0, 0, -1)', 62), ('(0, 0, 0, -1, 0, 0)', 60), ('(0, 1, 0, 0, 0, 0)', 28), ('(0, 0, 1, 0, 0, 0)', 24), ('(0, 0, 0, 0, -1, 0)', 21), ('(0, 0, 0, -1, 0, -1)', 19), ('(1, 0, 0, 0, 0, 0)', 8), ('(0, 0, 0, 1, 0, 0)', 7), ('(0, 0, 0, -1, -1, 0)', 6)]",5
4,6,17,30,"[1, 0, 0, 1]","[1, 0, 0, 1]","[0, 0, 0, 1, 0, 0]","[8, -1, 1, 1, -5, -5]","[0, 0, 0, 1, 0, 0]",1.0,"[1, 0, 0, 1]",True,"[0, 0, 0, 0, 0, 0]",1.0,"[8, -1, 1, 1, -5, -5]","[1, 0, 0, 1]",True,"[0, 0, 0, 0, 0, 0]",1.0,0,"[8, -1, 1, 1, -5, -5]","[1, 0, 0, 1]",True,"[0, 0, 0, 0, 0, 0]",1.0,"[8, -1, 1, 1, -5, -5]","[1, 0, 0, 1]",True,"[0, 0, 0, 0, 0, 0]",1.0,168,0.3407707910750507,10.537010128507694,0,0,2,1,"[8, -1, 1, 1, -5, -5]","[1, 0, 0, 1]",True,20,20,True,False,True,True,0,False,False,False,False,False,False,False,True,True,True,True,True,True,False,False,False,"[8, -1, 1, 1, -5, -5]",0,0,0,0,0,0.2802628339850344,2.9082992114126682e-05,0.2708086250058841,0.0021737499919254333,12,12,"[('(0, 0, 0, 0, 0, 0)', 168), ('(0, 0, 1, 0, 0, 0)', 51), ('(0, 0, 0, 1, 0, 0)', 50), ('(0, 1, 0, 0, 0, 0)', 40), ('(0, 0, 0, 0, 0, 1)', 39), ('(0, 0, 0, 0, -1, 0)', 22), ('(0, 1, 1, 0, 0, 0)', 10), ('(0, 0, 1, 1, 0, 0)', 9), ('(0, 1, 0, 1, 0, 0)', 7), ('(0, 0, 0, 1, 0, 1)', 7)]",5
4,6,17,31,"[0, -1, 0, -1]","[0, 16, 0, 16]","[0, 0, -1, 0, 1, 0]","[1, -2, 6, -3, -4, 8]","[0, 0, -1, 0, 1, 0]",2.0,"[0, 16, 0, 16]",True,"[0, 0, 0, 0, 0, 0]",2.0,"[1, -2, 6, -3, -4, 8]","[0, 16, 0, 16]",True,"[0, 0, 0, 0, 0, 0]",2.0,0,"[1, -2, 6, -3, -4, 8]","[0, 16, 0, 16]",True,"[0, 0, 0, 0, 0, 0]",2.0,"[1, -2, 6, -3, -4, 8]","[0, 16, 0, 16]",True,"[0, 0, 0, 0, 0, 0]",2.0,208,0.4202020202020202,1.565766574803519,0,0,2,2,"[1, -2, 6, -3, -4, 8]","[0, 16, 0, 16]",True,20,20,True,False,True,True,0,False,False,False,False,False,False,False,True,True,True,True,True,True,False,False,False,"[1, -2, 6, -3, -4, 8]",0,0,0,0,0,0.25693570799194276,5.7375000324100256e-05,0.24633733302471228,0.002240166999399662,12,12,"[('(0, 0, 0, 0, 0, 0)', 208), ('(0, 1, 0, 0, 0, 0)', 55), ('(0, 0, 0, 0, 0, 1)', 35), ('(0, 0, 0, -1, 0, 0)', 32), ('(1, 0, 0, 0, 0, 0)', 25), ('(0, 0, 0, 0, 1, 0)', 19), ('(0, 1, 0, 0, 0, 1)', 12), ('(0, 0, 0, -1, 0, 1)', 11), ('(1, 0, 0, -1, 0, 0)', 10), ('(0, 0, -1, 0, 0, 0)', 7)]",5
4,6,17,33,"[-1, 0, -1, 1]","[16, 0, 16, 1]","[0, -1, 0, 0, 0, -1]","[6, 1, -7, -4, 8, 1]","[0, 0, 0, 1, 0, 0]",1.0,"[16, 0, 1, 11]",False,"[0, 0, 0, 0, 0, 0]",1.0,"[6, 1, -7, -4, 8, 1]","[16, 0, 1, 11]",False,"[0, 0, 0, 0, 0, 0]",1.0,0,"[6, 1, -7, -4, 8, 1]","[16, 0, 1, 11]",False,"[0, 0, 0, 0, 0, 0]",1.0,"[6, 1, -7, -4, 8, 1]","[16, 0, 1, 11]",False,"[1, 0, 0, 0, 0, 0]",2.0,40,0.08097165991902834,21.72864279332957,0,0,3,2,"[6, 2, -7, -3, 8, 2]","[16, 0, 16, 1]",True,20,20,True,True,True,True,0,False,False,False,False,False,True,True,True,True,True,True,False,False,False,False,True,"[6, 2, -7, -3, 8, 2]",3,3,3,3,0,0.25190083400229923,2.6834022719413042e-05,0.24608670800807886,0.0021057499980088323,12,12,"[('(0, 0, 0, 0, 0, 0)', 181), ('(0, 0, 0, 0, 0, -1)', 46), ('(1, 0, 0, 0, 0, 0)', 40), ('(0, 0, -1, 0, 0, 0)', 38), ('(0, 1, 0, 0, 0, 0)', 34), ('(0, 0, 0, 0, 1, 0)', 33), ('(1, 0, 0, 0, 0, -1)', 16), ('(1, 1, 0, 0, 0, 0)', 8), ('(0, 0, 0, 0, 1, -1)', 6), ('(0, 0, -1, 0, 0, -1)', 6)]",5
4,6,17,32,"[0, 1, 0, 0]","[0, 1, 0, 0]","[0, 0, -1, 0, 0, 1]","[2, 6, -6, -1, -3, 5]","[0, 0, -1, 0, 0, 1]",2.0,"[0, 1, 0, 0]",True,"[0, 0, 0, 0, 0, 0]",2.0,"[2, 6, -6, -1, -3, 5]","[0, 1, 0, 0]",True,"[0, 0, 0, 0, 0, 0]",2.0,0,"[2, 6, -6, -1, -3, 5]","[0, 1, 0, 0]",True,"[0, 0, 0, 0, 0, 0]",2.0,"[2, 6, -6, -1, -3, 5]","[0, 1, 0, 0]",True,"[0, 0, 0, 0, 0, 0]",2.0,200,0.40404040404040403,21.569669509194092,0,0,1,2,"[2, 6, -6, -1, -3, 5]","[0, 1, 0, 0]",True,20,20,True,False,True,True,0,False,False,False,False,False,False,False,True,True,True,True,True,True,False,False,False,"[2, 6, -6, -1, -3, 5]",0,0,0,0,0,0.27572316699661314,2.7749978471547365e-05,0.26958066699444316,0.0020128749893046916,12,12,"[('(0, 0, 0, 0, 0, 0)', 200), ('(0, 0, 0, -1, 0, 0)', 49), ('(0, -1, 0, 0, 0, 0)', 41), ('(0, 0, 0, 0, 0, 1)', 38), ('(1, 0, 0, 0, 0, 0)', 27), ('(0, 0, 0, 0, -1, 0)', 21), ('(0, -1, 0, -1, 0, 0)', 12), ('(0, -1, 0, 0, 0, 1)', 11), ('(1, -1, 0, 0, 0, 0)', 11), ('(0, 0, 0, -1, 0, 1)', 10)]",5
4,6,17,34,"[1, -1, 1, 1]","[1, 16, 1, 1]","[1, -1, 0, 1, -1, 0]","[0, 8, -7, -9, 9, -7]","[1, -1, 0, 1, -1, 0]",4.0,"[1, 16, 1, 1]",True,"[0, 0, 0, 0, 0, 0]",4.0,"[0, 8, -7, -9, 9, -7]","[1, 16, 1, 1]",True,"[0, 0, 0, 0, 0, 0]",4.0,0,"[0, 8, -7, -9, 9, -7]","[1, 16, 1, 1]",True,"[0, 0, 0, 0, 0, 0]",4.0,"[0, 8, -7, -9, 9, -7]","[1, 16, 1, 1]",True,"[0, 0, 0, 0, 0, 0]",4.0,222,0.4457831325301205,63.65928282285399,0,0,4,4,"[0, 8, -7, -9, 9, -7]","[1, 16, 1, 1]",True,20,20,True,False,True,True,0,False,False,False,False,False,False,False,True,True,True,True,True,True,False,False,False,"[0, 8, -7, -9, 9, -7]",0,0,0,0,0,0.28059845900861546,2.9125018045306206e-05,0.2722925830166787,0.0030635829898528755,12,12,"[('(0, 0, 0, 0, 0, 0)', 222), ('(0, 0, 0, 0, 1, 0)', 67), ('(0, 0, 0, 0, 0, 1)', 42), ('(0, 0, -1, 0, 0, 0)', 31), ('(0, 0, 0, 1, 0, 0)', 19), ('(1, 0, 0, 0, 0, 0)', 17), ('(0, -1, 0, 0, 0, 0)', 16), ('(1, 0, 0, 0, 0, 1)', 8), ('(0, 0, -1, 0, 1, 0)', 7), ('(0, 0, 0, 0, 1, 1)', 7)]",5
4,6,17,35,"[1, 0, -1, -1]","[1, 0, 16, 16]","[-1, 0, 0, -1, 0, 0]","[-4, -5, -8, 1, -4, -6]","[0, 0, 0, 0, 1, 0]",1.0,"[14, 7, 13, 15]",False,"[0, 0, 0, 0, 0, 0]",1.0,"[-4, -5, -8, 1, -4, -6]","[14, 7, 13, 15]",False,"[0, 0, 0, 0, 0, 0]",1.0,0,"[-4, -5, -8, 1, -4, -6]","[14, 7, 13, 15]",False,"[0, 0, 0, 0, 0, 0]",1.0,"[-4, -5, -8, 1, -4, -6]","[14, 7, 13, 15]",False,"[0, 1, 1, 0, 0, 0]",4.0,11,0.022,2043.9515093350212,2,0,3,4,"[-4, -4, -9, 1, -2, -5]","[7, 0, 1, 11]",False,20,20,False,True,True,True,2,False,False,False,False,False,False,False,True,True,True,True,False,False,False,False,False,"[-3, -5, -8, 2, -3, -6]",3,3,3,3,6,0.22177866598940454,2.662499900907278e-05,0.21595437501673587,0.002090666996082291,12,12,"[('(0, 0, 0, 0, 0, 0)', 239), ('(0, 0, 1, 0, 0, 0)', 57), ('(0, 0, 0, -1, 0, 0)', 49), ('(0, 1, 0, 0, 0, 0)', 42), ('(0, 1, 1, 0, 0, 0)', 11), ('(0, 0, 1, -1, 0, 0)', 10), ('(0, 1, 0, -1, 0, 0)', 9), ('(0, -1, 0, 0, 0, 0)', 7), ('(-1, 0, 0, 0, 0, 0)', 6), ('(0, 0, 0, 0, 0, 1)', 5)]",5
4,6,17,38,"[0, 0, -1, 1]","[0, 0, 16, 1]","[0, 0, 0, 0, 0, 0]","[-1, 2, -2, -3, -4, -1]","[0, 0, 0, 0, 0, 0]",0.0,"[0, 0, 16, 1]",True,"[0, 0, 0, 0, 0, 0]",0.0,"[-1, 2, -2, -3, -4, -1]","[0, 0, 16, 1]",True,"[0, 0, 0, 0, 0, 0]",0.0,0,"[-1, 2, -2, -3, -4, -1]","[0, 0, 16, 1]",True,"[0, 0, 0, 0, 0, 0]",0.0,"[-1, 2, -2, -3, -4, -1]","[0, 0, 16, 1]",True,"[0, 0, 0, 0, 0, 0]",0.0,419,0.8396793587174348,19.39597452887226,0,0,2,0,"[-1, 2, -2, -3, -4, -1]","[0, 0, 16, 1]",True,18,18,True,False,True,True,0,False,False,False,False,False,False,False,True,True,True,True,True,True,False,False,False,"[-1, 2, -2, -3, -4, -1]",0,0,0,0,0,0.21187983299023472,2.9375019948929548e-05,0.20522608398459852,0.0019098749908152968,12,12,"[('(0, 0, 0, 0, 0, 0)', 419), ('(-1, 0, 0, 0, 0, 0)', 11), ('(0, 0, 0, 0, 0, -1)', 9), ('(0, 0, 0, 1, 0, 0)', 9), ('(0, 0, 0, 0, 0, 1)', 8), ('(0, 0, 1, 0, 0, 0)', 8), ('(0, 1, 0, 0, 0, 0)', 8), ('(0, 0, 0, 0, -1, 0)', 7), ('(0, 0, 0, 0, 1, 0)', 6), ('(0, 0, -1, 0, 0, 0)', 3)]",5
4,6,17,37,"[-1, -1, 0, -1]","[16, 16, 0, 16]","[0, 0, -1, 0, 0, 0]","[-7, 1, 1, 1, -4, -5]","[0, 0, -1, 0, 0, 0]",1.0,"[16, 16, 0, 16]",True,"[0, 0, 0, 0, 0, 0]",1.0,"[-7, 1, 1, 1, -4, -5]","[16, 16, 0, 16]",True,"[0, 0, 0, 0, 0, 0]",1.0,0,"[-7, 1, 1, 1, -4, -5]","[16, 16, 0, 16]",True,"[0, 0, 0, 0, 0, 0]",1.0,"[-7, 1, 1, 1, -4, -5]","[16, 16, 0, 16]",True,"[0, 0, 0, 0, 0, 0]",1.0,218,0.4439918533604888,30.511092827018352,0,0,3,1,"[-7, 1, 1, 1, -4, -5]","[16, 16, 0, 16]",True,20,20,True,False,True,True,0,False,False,False,False,False,False,False,True,True,True,True,True,True,False,False,False,"[-7, 1, 1, 1, -4, -5]",0,0,0,0,0,0.22812499999417923,3.0333991162478924e-05,0.2219322500168346,0.0021718750067520887,12,12,"[('(0, 0, 0, 0, 0, 0)', 218), ('(0, 0, 0, -1, 0, 0)', 58), ('(0, 1, 0, 0, 0, 0)', 45), ('(1, 0, 0, 0, 0, 0)', 41), ('(0, 0, 0, 0, 1, 0)', 32), ('(0, 1, 0, -1, 0, 0)', 13), ('(1, 0, 0, -1, 0, 0)', 11), ('(1, 1, 0, 0, 0, 0)', 9), ('(0, 0, 0, -1, 1, 0)', 8), ('(0, 0, 0, 1, 0, 0)', 5)]",5
4,6,17,36,"[0, 1, -1, 0]","[0, 1, 16, 0]","[0, 0, 0, 0, 1, 0]","[-4, 0, 4, 2, 3, 3]","[0, 0, 0, 0, 1, 0]",1.0,"[0, 1, 16, 0]",True,"[0, 0, 0, 0, 0, 0]",1.0,"[-4, 0, 4, 2, 3, 3]","[0, 1, 16, 0]",True,"[0, 0, 0, 0, 0, 0]",1.0,0,"[-4, 0, 4, 2, 3, 3]","[0, 1, 16, 0]",True,"[0, 0, 0, 0, 0, 0]",1.0,"[-4, 0, 4, 2, 3, 3]","[0, 1, 16, 0]",True,"[0, 0, 0, 0, 0, 0]",1.0,203,0.4092741935483871,10.518188000615579,0,0,2,1,"[-4, 0, 4, 2, 3, 3]","[0, 1, 16, 0]",True,20,20,True,False,True,True,0,False,False,False,False,False,False,False,True,True,True,True,True,True,False,False,False,"[-4, 0, 4, 2, 3, 3]",0,0,0,0,0,0.25961466701119207,2.895799116231501e-05,0.25333183401380666,0.0021385409927461296,12,12,"[('(0, 0, 0, 0, 0, 0)', 203), ('(0, 1, 0, 0, 0, 0)', 54), ('(0, 0, 0, 0, -1, 0)', 43), ('(1, 0, 0, 0, 0, 0)', 39), ('(0, 0, 0, -1, 0, 0)', 37), ('(0, 1, 0, -1, 0, 0)', 12), ('(1, 1, 0, 0, 0, 0)', 11), ('(0, 1, 0, 0, -1, 0)', 11), ('(1, 0, 0, 0, -1, 0)', 8), ('(0, 0, -1, 0, 0, 0)', 8)]",5
4,6,17,40,"[0, -1, -1, 0]","[0, 16, 16, 0]","[0, 0, 0, 0, 0, 0]","[5, 1, 5, -8, -5, 0]","[0, 0, 0, 0, 0, 0]",0.0,"[0, 16, 16, 0]",True,"[0, 0, 0, 0, 0, 0]",0.0,"[5, 1, 5, -8, -5, 0]","[0, 16, 16, 0]",True,"[0, 0, 0, 0, 0, 0]",0.0,0,"[5, 1, 5, -8, -5, 0]","[0, 16, 16, 0]",True,"[0, 0, 0, 0, 0, 0]",0.0,"[5, 1, 5, -8, -5, 0]","[0, 16, 16, 0]",True,"[0, 0, 0, 0, 0, 0]",0.0,422,0.845691382765531,19.395262782095372,0,0,2,0,"[5, 1, 5, -8, -5, 0]","[0, 16, 16, 0]",True,19,19,True,False,True,True,0,False,False,False,False,False,False,False,True,True,True,True,True,True,False,False,False,"[5, 1, 5, -8, -5, 0]",0,0,0,0,0,0.20765804199618287,2.791601582430303e-05,0.2001021670002956,0.0036451659980230033,12,12,"[('(0, 0, 0, 0, 0, 0)', 422), ('(0, -1, 0, 0, 0, 0)', 10), ('(0, 0, 0, -1, 0, 0)', 10), ('(0, 1, 0, 0, 0, 0)', 9), ('(-1, 0, 0, 0, 0, 0)', 9), ('(1, 0, 0, 0, 0, 0)', 8), ('(0, 0, -1, 0, 0, 0)', 7), ('(0, 0, 0, 0, 1, 0)', 5), ('(0, 0, 0, 0, -1, 0)', 4), ('(0, 0, 1, 0, 0, 0)', 4)]",5
4,6,17,39,"[-1, -1, -1, 0]","[16, 16, 16, 0]","[0, 1, 0, -1, 0, 0]","[7, -2, 6, 0, 3, 7]","[0, 0, 0, 0, 0, 1]",1.0,"[14, 7, 15, 10]",False,"[0, 0, 0, 0, 0, 0]",1.0,"[7, -2, 6, 0, 3, 7]","[14, 7, 15, 10]",False,"[0, 0, 0, 0, 0, 0]",1.0,0,"[7, -2, 6, 0, 3, 7]","[14, 7, 15, 10]",False,"[0, 0, 0, 0, 0, 0]",1.0,"[7, -2, 6, 0, 3, 7]","[14, 7, 15, 10]",False,"[1, 0, 0, 0, 0, 0]",2.0,39,0.07878787878787878,21.731112054588607,0,0,3,2,"[7, -3, 6, 1, 3, 8]","[16, 16, 16, 0]",True,20,20,True,True,True,True,0,False,False,False,False,False,True,True,True,True,True,True,False,False,False,False,True,"[7, -3, 6, 1, 3, 8]",3,3,3,3,0,0.2560849580040667,2.6833004085347056e-05,0.24867745899246074,0.0032958330120891333,12,12,"[('(0, 0, 0, 0, 0, 0)', 173), ('(0, 0, 1, 0, 0, 0)', 46), ('(0, 1, 0, 0, 0, 0)', 44), ('(1, 0, 0, 0, 0, 0)', 39), ('(0, 0, 0, 0, 0, 1)', 31), ('(0, 0, 0, 0, -1, 0)', 29), ('(0, 0, 1, 0, -1, 0)', 13), ('(0, 1, 1, 0, 0, 0)', 13), ('(0, 0, 1, 0, 0, 1)', 9), ('(0, 1, 0, 0, -1, 0)', 7)]",5
4,6,17,41,"[0, 0, 0, 1]","[0, 0, 0, 1]","[1, -1, 0, 0, 0, 0]","[-4, -4, 6, -7, -7, -3]","[1, 0, -1, 0, 0, 0]",2.0,"[4, 12, 1, 4]",False,"[-1, 0, 0, 0, 0, 0]",2.0,"[-4, -3, 5, -7, -7, -3]","[0, 0, 0, 1]",True,"[0, 0, 0, 0, 0, 0]",2.0,0,"[-4, -4, 6, -7, -7, -3]","[4, 12, 1, 4]",False,"[0, 0, 0, 0, 0, 0]",2.0,"[-4, -4, 6, -7, -7, -3]","[4, 12, 1, 4]",False,"[-1, 0, 0, 0, 0, 0]",2.0,13,0.02610441767068273,21.836094267038476,0,0,1,2,"[-4, -3, 5, -7, -7, -3]","[0, 0, 0, 1]",True,20,20,True,True,True,True,0,False,True,True,False,False,True,True,False,True,False,True,True,True,False,False,True,"[-4, -3, 5, -7, -7, -3]",2,0,2,2,0,0.23161941699800082,5.699999746866524e-05,0.22254724998492748,0.00214545801281929,12,12,"[('(0, 0, 0, 0, 0, 0)', 236), ('(0, 0, 0, 0, 0, 1)', 52), ('(0, 0, 0, -1, 0, 0)', 44), ('(0, 0, 0, 0, -1, 0)', 31), ('(0, 0, -1, 0, 0, 0)', 27), ('(-1, 0, 0, 0, 0, 0)', 13), ('(0, 0, 0, -1, 0, 1)', 6), ('(0, 0, 0, 0, 1, 0)', 6), ('(-1, 0, 0, -1, 0, 0)', 6), ('(-1, 0, 0, 0, 0, 1)', 5)]",5
4,6,17,43,"[0, 0, 0, -1]","[0, 0, 0, 16]","[0, 1, 0, 0, 0, 1]","[0, 3, -3, -4, -7, 2]","[0, 1, 0, 0, 0, 1]",2.0,"[0, 0, 0, 16]",True,"[0, 0, 0, 0, 0, 0]",2.0,"[0, 3, -3, -4, -7, 2]","[0, 0, 0, 16]",True,"[0, 0, 0, 0, 0, 0]",2.0,0,"[0, 3, -3, -4, -7, 2]","[0, 0, 0, 16]",True,"[0, 0, 0, 0, 0, 0]",2.0,"[0, 3, -3, -4, -7, 2]","[0, 0, 0, 16]",True,"[0, 0, 0, 0, 0, 0]",2.0,239,0.4789579158316633,21.551936107665803,0,0,1,2,"[0, 3, -3, -4, -7, 2]","[0, 0, 0, 16]",True,20,20,True,False,True,True,0,False,False,False,False,False,False,False,True,True,True,True,True,True,False,False,False,"[0, 3, -3, -4, -7, 2]",0,0,0,0,0,0.24562658299691975,2.9290997190400958e-05,0.23972745801438577,0.0021758750081062317,12,12,"[('(0, 0, 0, 0, 0, 0)', 239), ('(0, 0, 0, 1, 0, 0)', 66), ('(0, 0, 0, 0, 0, 1)', 53), ('(1, 0, 0, 0, 0, 0)', 46), ('(0, 0, 0, 1, 0, 1)', 14), ('(0, 0, 0, 0, -1, 0)', 9), ('(1, 0, 0, 1, 0, 0)', 8), ('(0, 0, 1, 0, 0, 0)', 7), ('(0, 1, 0, 0, 0, 0)', 6), ('(1, 0, 0, 0, 0, 1)', 5)]",5
4,6,17,42,"[0, 1, 0, -1]","[0, 1, 0, 16]","[0, -1, 0, 0, 0, 0]","[6, 3, 2, -1, -5, 8]","[0, -1, 0, 0, 0, 0]",1.0,"[0, 1, 0, 16]",True,"[0, 0, 0, 0, 0, 0]",1.0,"[6, 3, 2, -1, -5, 8]","[0, 1, 0, 16]",True,"[0, 0, 0, 0, 0, 0]",1.0,0,"[6, 3, 2, -1, -5, 8]","[0, 1, 0, 16]",True,"[0, 0, 0, 0, 0, 0]",1.0,"[6, 3, 2, -1, -5, 8]","[0, 1, 0, 16]",True,"[0, 0, 0, 0, 0, 0]",1.0,195,0.39314516129032256,10.52218853407695,0,0,2,1,"[6, 3, 2, -1, -5, 8]","[0, 1, 0, 16]",True,20,20,True,False,True,True,0,False,False,False,False,False,False,False,True,True,True,True,True,True,False,False,False,"[6, 3, 2, -1, -5, 8]",0,0,0,0,0,0.2550255839887541,2.662499900907278e-05,0.2491033330152277,0.0022286250023171306,12,12,"[('(0, 0, 0, 0, 0, 0)', 195), ('(1, 0, 0, 0, 0, 0)', 39), ('(0, 0, 0, 0, 0, -1)', 38), ('(0, 0, -1, 0, 0, 0)', 35), ('(0, 1, 0, 0, 0, 0)', 35), ('(0, 0, 0, 1, 0, 0)', 28), ('(1, 1, 0, 0, 0, 0)', 12), ('(1, 0, 0, 0, 0, -1)', 11), ('(0, 0, -1, 0, 0, -1)', 8), ('(1, 0, 0, 1, 0, 0)', 8)]",5
4,6,17,45,"[0, 0, 1, 0]","[0, 0, 1, 0]","[0, 0, 0, -1, -1, -1]","[-5, -5, 7, -4, 9, -4]","[0, 0, 0, -1, -1, -1]",3.0,"[0, 0, 1, 0]",True,"[0, 0, 0, 0, 0, 0]",3.0,"[-5, -5, 7, -4, 9, -4]","[0, 0, 1, 0]",True,"[0, 0, 0, 0, 0, 0]",3.0,0,"[-5, -5, 7, -4, 9, -4]","[0, 0, 1, 0]",True,"[0, 0, 0, 0, 0, 0]",3.0,"[-5, -5, 7, -4, 9, -4]","[0, 0, 1, 0]",True,"[0, 0, 0, 0, 0, 0]",3.0,234,0.4717741935483871,32.60404144858558,0,0,1,3,"[-5, -5, 7, -4, 9, -4]","[0, 0, 1, 0]",True,20,20,True,False,True,True,0,False,False,False,False,False,False,False,True,True,True,True,True,True,False,False,False,"[-5, -5, 7, -4, 9, -4]",0,0,0,0,0,0.24146291697979905,5.425000563263893e-05,0.23147162498207763,0.0020987080060876906,12,12,"[('(0, 0, 0, 0, 0, 0)', 234), ('(0, 0, -1, 0, 0, 0)', 54), ('(0, 0, 0, 0, 0, 1)', 48), ('(0, 0, 0, 0, 1, 0)', 42), ('(0, 1, 0, 0, 0, 0)', 15), ('(0, 0, -1, 0, 1, 0)', 10), ('(0, 0, -1, 0, 0, 1)', 9), ('(0, 1, 0, 0, 0, 1)', 8), ('(0, 0, 0, -1, 0, 0)', 8), ('(-1, 0, 0, 0, 0, 0)', 7)]",5
4,6,17,44,"[1, 1, 0, -1]","[1, 1, 0, 16]","[0, 1, 0, 0, 0, 0]","[-8, 1, -3, -3, 7, 0]","[0, 1, 0, 0, 0, 0]",1.0,"[1, 1, 0, 16]",True,"[0, 0, 0, 0, 0, 0]",1.0,"[-8, 1, -3, -3, 7, 0]","[1, 1, 0, 16]",True,"[0, 0, 0, 0, 0, 0]",1.0,0,"[-8, 1, -3, -3, 7, 0]","[1, 1, 0, 16]",True,"[0, 0, 0, 0, 0, 0]",1.0,"[-8, 1, -3, -3, 7, 0]","[1, 1, 0, 16]",True,"[0, 0, 0, 0, 0, 0]",1.0,110,0.2231237322515213,30.579046979868767,0,0,3,1,"[-8, 1, -3, -3, 7, 0]","[1, 1, 0, 16]",True,20,20,True,False,True,True,0,False,False,False,False,False,False,False,True,True,True,True,True,True,False,False,False,"[-8, 1, -3, -3, 7, 0]",0,0,0,0,0,0.28558075000182725,2.579198917374015e-05,0.2794143339851871,0.0021366669971030205,12,12,"[('(0, 0, 0, 0, 0, 0)', 110), ('(0, 0, 0, 0, 0, -1)', 37), ('(-1, 0, 0, 0, 0, 0)', 33), ('(0, 0, -1, 0, 0, 0)', 29), ('(0, 1, 0, 0, 0, 0)', 27), ('(0, 0, 0, -1, 0, 0)', 26), ('(0, 0, 0, 0, 1, 0)', 25), ('(-1, 0, 0, -1, 0, 0)', 15), ('(0, 0, -1, 0, 0, -1)', 11), ('(0, 0, -1, -1, 0, 0)', 10)]",5
4,6,17,47,"[0, 1, 0, 0]","[0, 1, 0, 0]","[0, 0, 1, 0, 0, -1]","[-5, 7, -1, 3, 8, -5]","[0, 0, 1, 0, 0, -1]",2.0,"[0, 1, 0, 0]",True,"[0, 0, 0, 0, 0, 0]",2.0,"[-5, 7, -1, 3, 8, -5]","[0, 1, 0, 0]",True,"[0, 0, 0, 0, 0, 0]",2.0,0,"[-5, 7, -1, 3, 8, -5]","[0, 1, 0, 0]",True,"[0, 0, 0, 0, 0, 0]",2.0,"[-5, 7, -1, 3, 8, -5]","[0, 1, 0, 0]",True,"[0, 0, 0, 0, 0, 0]",2.0,230,0.46184738955823296,21.555758228947823,0,0,1,2,"[-5, 7, -1, 3, 8, -5]","[0, 1, 0, 0]",True,20,20,True,False,True,True,0,False,False,False,False,False,False,False,True,True,True,True,True,True,False,False,False,"[-5, 7, -1, 3, 8, -5]",0,0,0,0,0,0.2294212919950951,2.724997466430068e-05,0.22354616699158214,0.002124292019288987,12,12,"[('(0, 0, 0, 0, 0, 0)', 230), ('(0, 0, 0, 0, 0, -1)', 66), ('(0, -1, 0, 0, 0, 0)', 42), ('(-1, 0, 0, 0, 0, 0)', 30), ('(0, 0, 0, 0, 1, 0)', 18), ('(0, -1, 0, 0, 0, -1)', 9), ('(-1, 0, 0, 0, 0, -1)', 9), ('(0, 0, -1, 0, 0, 0)', 8), ('(0, 0, 0, 0, 1, -1)', 7), ('(0, 0, 0, 0, 0, 1)', 6)]",5
4,6,17,46,"[1, -1, 0, 1]","[1, 16, 0, 1]","[-1, -1, 0, 0, 0, 0]","[-6, -2, 5, -1, 7, 6]","[-1, -1, 0, 0, 0, 0]",2.0,"[1, 16, 0, 1]",True,"[0, 0, 0, 0, 0, 0]",2.0,"[-6, -2, 5, -1, 7, 6]","[1, 16, 0, 1]",True,"[0, 0, 0, 0, 0, 0]",2.0,0,"[-6, -2, 5, -1, 7, 6]","[1, 16, 0, 1]",True,"[0, 0, 0, 0, 0, 0]",2.0,"[-6, -2, 5, -1, 7, 6]","[1, 16, 0, 1]",True,"[0, 0, 0, 0, 0, 0]",2.0,217,0.4375,21.561550493721093,0,0,3,2,"[-6, -2, 5, -1, 7, 6]","[1, 16, 0, 1]",True,20,20,True,False,True,True,0,False,False,False,False,False,False,False,True,True,True,True,True,True,False,False,False,"[-6, -2, 5, -1, 7, 6]",0,0,0,0,0,0.25796108299982734,2.5542016373947263e-05,0.24959108300390653,0.00439895800082013,12,12,"[('(0, 0, 0, 0, 0, 0)', 217), ('(0, 1, 0, 0, 0, 0)', 55), ('(-1, 0, 0, 0, 0, 0)', 40), ('(0, 0, 0, 0, 0, 1)', 38), ('(0, 0, 0, 1, 0, 0)', 37), ('(0, 0, 0, 1, 0, 1)', 14), ('(-1, 1, 0, 0, 0, 0)', 11), ('(0, 1, 0, 1, 0, 0)', 8), ('(0, 1, 0, 0, 0, 1)', 6), ('(-1, 0, 0, 1, 0, 0)', 6)]",5
4,6,17,48,"[0, 0, -1, 0]","[0, 0, 16, 0]","[0, 0, 0, 0, -1, 0]","[-8, 0, 3, -2, 4, -6]","[0, 0, 0, 0, -1, 0]",1.0,"[0, 0, 16, 0]",True,"[0, 0, 0, 0, 0, 0]",1.0,"[-8, 0, 3, -2, 4, -6]","[0, 0, 16, 0]",True,"[0, 0, 0, 0, 0, 0]",1.0,0,"[-8, 0, 3, -2, 4, -6]","[0, 0, 16, 0]",True,"[0, 0, 0, 0, 0, 0]",1.0,"[-8, 0, 3, -2, 4, -6]","[0, 0, 16, 0]",True,"[0, 0, 0, 0, 0, 0]",1.0,182,0.36693548387096775,30.52905138471586,0,0,1,1,"[-8, 0, 3, -2, 4, -6]","[0, 0, 16, 0]",True,20,20,True,False,True,True,0,False,False,False,False,False,False,False,True,True,True,True,True,True,False,False,False,"[-8, 0, 3, -2, 4, -6]",0,0,0,0,0,0.24579325001104735,2.691699774004519e-05,0.2398265410156455,0.002089499990688637,12,12,"[('(0, 0, 0, 0, 0, 0)', 182), ('(0, 0, 0, -1, 0, 0)', 51), ('(1, 0, 0, 0, 0, 0)', 47), ('(0, 0, 0, 0, 1, 0)', 41), ('(0, 0, 0, 0, 0, 1)', 25), ('(0, 0, -1, 0, 0, 0)', 22), ('(0, 0, 0, -1, 0, 1)', 13), ('(1, 0, 0, 0, 1, 0)', 13), ('(1, 0, 0, 0, 0, 1)', 10), ('(0, 0, 0, -1, 1, 0)', 8)]",5
4,6,17,49,"[0, 0, 1, 0]","[0, 0, 1, 0]","[-1, 0, 0, -1, 0, 0]","[-3, 8, -7, 5, 2, 1]","[-1, 0, 0, -1, 0, 0]",2.0,"[0, 0, 1, 0]",True,"[0, 0, 0, 0, 0, 0]",2.0,"[-3, 8, -7, 5, 2, 1]","[0, 0, 1, 0]",True,"[0, 0, 0, 0, 0, 0]",2.0,0,"[-3, 8, -7, 5, 2, 1]","[0, 0, 1, 0]",True,"[0, 0, 0, 0, 0, 0]",2.0,"[-3, 8, -7, 5, 2, 1]","[0, 0, 1, 0]",True,"[0, 0, 0, 0, 0, 0]",2.0,214,0.4288577154308617,21.562936197187234,0,0,1,2,"[-3, 8, -7, 5, 2, 1]","[0, 0, 1, 0]",True,20,20,True,False,True,True,0,False,False,False,False,False,False,False,True,True,True,True,True,True,False,False,False,"[-3, 8, -7, 5, 2, 1]",0,0,0,0,0,0.2437340000178665,2.541701542213559e-05,0.23720520801725797,0.0030757919885218143,12,12,"[('(0, 0, 0, 0, 0, 0)', 214), ('(0, 0, 1, 0, 0, 0)', 64), ('(0, 0, 0, -1, 0, 0)', 57), ('(0, -1, 0, 0, 0, 0)', 25), ('(0, 0, 0, 0, 0, -1)', 24), ('(0, 0, 1, -1, 0, 0)', 15), ('(0, -1, 1, 0, 0, 0)', 12), ('(1, 0, 0, 0, 0, 0)', 12), ('(0, 0, 1, 0, 0, -1)', 7), ('(0, 0, 0, 0, 0, 1)', 6)]",5
4,6,17,50,"[0, -1, -1, 1]","[0, 16, 16, 1]","[0, 1, -1, 0, 0, 0]","[7, 4, 1, -8, 4, -4]","[-1, 0, 0, 0, 0, 1]",2.0,"[12, 1, 2, 11]",False,"[-1, 1, 0, 0, 0, 0]",2.0,"[6, 3, 2, -8, 4, -3]","[0, 16, 16, 1]",True,"[0, 0, 0, 0, 0, 0]",2.0,0,"[7, 4, 1, -8, 4, -4]","[12, 1, 2, 11]",False,"[0, 0, 0, 0, 0, 0]",2.0,"[7, 4, 1, -8, 4, -4]","[12, 1, 2, 11]",False,"[-1, 1, 0, 0, 0, 0]",2.0,7,0.014112903225806451,21.89205584583202,0,0,3,2,"[6, 3, 2, -8, 4, -3]","[0, 16, 16, 1]",True,20,20,True,True,True,True,0,False,True,True,False,False,True,True,False,True,False,True,True,True,False,False,True,"[6, 3, 2, -8, 4, -3]",4,0,4,4,0,0.2627857920015231,2.8874987037852407e-05,0.25698604198987596,0.002077667013509199,12,12,"[('(0, 0, 0, 0, 0, 0)', 154), ('(0, 0, 0, -1, 0, 0)', 35), ('(0, 0, 1, 0, 0, 0)', 34), ('(-1, 0, 0, 0, 0, 0)', 33), ('(0, 0, 0, 0, -1, 0)', 32), ('(0, 0, 0, 0, 0, 1)', 31), ('(0, 1, 0, 0, 0, 0)', 28), ('(0, 0, 0, 0, -1, 1)', 11), ('(0, 0, 1, 0, 0, 1)', 9), ('(0, 0, 1, 0, -1, 0)', 9)]",5
4,6,17,51,"[-1, 0, 0, 1]","[16, 0, 0, 1]","[0, 0, 1, 0, 0, 0]","[-1, -2, 7, 6, 8, -7]","[0, 0, 1, 0, 0, 0]",1.0,"[16, 0, 0, 1]",True,"[0, 0, 0, 0, 0, 0]",1.0,"[-1, -2, 7, 6, 8, -7]","[16, 0, 0, 1]",True,"[0, 0, 0, 0, 0, 0]",1.0,0,"[-1, -2, 7, 6, 8, -7]","[16, 0, 0, 1]",True,"[0, 0, 0, 0, 0, 0]",1.0,"[-1, -2, 7, 6, 8, -7]","[16, 0, 0, 1]",True,"[0, 0, 0, 0, 0, 0]",1.0,295,0.5923694779116466,10.480964054567595,0,0,2,1,"[-1, -2, 7, 6, 8, -7]","[16, 0, 0, 1]",True,20,20,True,False,True,True,0,False,False,False,False,False,False,False,True,True,True,True,True,True,False,False,False,"[-1, -2, 7, 6, 8, -7]",0,0,0,0,0,0.22168433299520984,2.691699774004519e-05,0.21492829199996777,0.0031660840031690896,12,12,"[('(0, 0, 0, 0, 0, 0)', 295), ('(0, 0, 0, 0, 0, 1)', 68), ('(0, 0, 0, 1, 0, 0)', 63), ('(0, 0, 0, 1, 0, 1)', 11), ('(0, -1, 0, 0, 0, 0)', 7), ('(-1, 0, 0, 0, 0, 0)', 7), ('(0, 0, 0, 0, 1, 0)', 5), ('(0, 0, 0, 0, -1, 0)', 5), ('(0, 0, 0, 0, 0, -1)', 4), ('(0, 0, 0, -1, 0, 0)', 4)]",5
4,6,17,52,"[-1, -1, 1, -1]","[16, 16, 1, 16]","[0, 0, 0, -1, 0, 0]","[3, -2, 8, -3, 8, 3]","[0, 0, 0, -1, 0, 0]",1.0,"[16, 16, 1, 16]",True,"[0, 0, 0, 0, 0, 0]",1.0,"[3, -2, 8, -3, 8, 3]","[16, 16, 1, 16]",True,"[0, 0, 0, 0, 0, 0]",1.0,0,"[3, -2, 8, -3, 8, 3]","[16, 16, 1, 16]",True,"[0, 0, 0, 0, 0, 0]",1.0,"[3, -2, 8, -3, 8, 3]","[16, 16, 1, 16]",True,"[0, 0, 0, 0, 0, 0]",1.0,236,0.4738955823293173,50.50319398588648,0,0,4,1,"[3, -2, 8, -3, 8, 3]","[16, 16, 1, 16]",True,20,20,True,False,True,True,0,False,False,False,False,False,False,False,True,True,True,True,True,True,False,False,False,"[3, -2, 8, -3, 8, 3]",0,0,0,0,0,0.2559867500094697,2.9624992748722434e-05,0.24710966600105166,0.0021035420068074018,12,12,"[('(0, 0, 0, 0, 0, 0)', 236), ('(0, 0, 0, 0, 0, 1)', 59), ('(0, -1, 0, 0, 0, 0)', 39), ('(0, 0, 0, 0, -1, 0)', 37), ('(0, 0, 0, -1, 0, 0)', 36), ('(0, 0, 0, -1, 0, 1)', 8), ('(0, -1, 0, 0, 0, 1)', 7), ('(0, 0, -1, 0, 0, 0)', 6), ('(0, -1, 0, 0, -1, 0)', 5), ('(0, 0, 0, 0, -1, 1)', 5)]",5
4,6,17,53,"[0, 0, -1, 1]","[0, 0, 16, 1]","[1, 0, -1, 0, 0, -1]","[2, 6, 8, 8, 0, 6]","[0, 1, 0, 0, 0, -1]",2.0,"[1, 15, 1, 11]",False,"[0, 0, 0, 0, 0, 0]",2.0,"[2, 6, 8, 8, 0, 6]","[1, 15, 1, 11]",False,"[0, 0, 0, 0, 0, 0]",2.0,0,"[2, 6, 8, 8, 0, 6]","[1, 15, 1, 11]",False,"[0, 0, 0, 0, 0, 0]",2.0,"[2, 6, 8, 8, 0, 6]","[1, 15, 1, 11]",False,"[1, 0, 0, 0, 0, 0]",3.0,32,0.06477732793522267,12.800349243853352,0,0,2,3,"[1, 7, 9, 8, 0, 6]","[0, 0, 16, 1]",True,20,20,True,True,True,True,0,False,False,False,False,False,True,True,True,True,True,True,False,False,False,False,True,"[1, 7, 9, 8, 0, 6]",3,3,3,3,0,0.2613119170127902,2.733300789259374e-05,0.2552976670267526,0.0021570419776253402,12,12,"[('(0, 0, 0, 0, 0, 0)', 172), ('(0, -1, 0, 0, 0, 0)', 43), ('(0, 0, 0, 0, -1, 0)', 38), ('(1, 0, 0, 0, 0, 0)', 32), ('(0, 0, 0, 0, 0, -1)', 27), ('(0, 0, 1, 0, 0, 0)', 21), ('(0, -1, 0, 0, -1, 0)', 18), ('(0, -1, 1, 0, 0, 0)', 14), ('(1, -1, 0, 0, 0, 0)', 13), ('(0, 0, 1, 0, -1, 0)', 12)]",5
4,6,17,54,"[-1, -1, 1, 0]","[16, 16, 1, 0]","[0, 1, 0, 0, 0, 0]","[-3, 5, -3, 7, 5, -4]","[0, 1, 0, 0, 0, 0]",1.0,"[16, 16, 1, 0]",True,"[0, 0, 0, 0, 0, 0]",1.0,"[-3, 5, -3, 7, 5, -4]","[16, 16, 1, 0]",True,"[0, 0, 0, 0, 0, 0]",1.0,0,"[-3, 5, -3, 7, 5, -4]","[16, 16, 1, 0]",True,"[0, 0, 0, 0, 0, 0]",1.0,"[-3, 5, -3, 7, 5, -4]","[16, 16, 1, 0]",True,"[0, 0, 0, 0, 0, 0]",1.0,229,0.458,30.50619206910768,0,0,3,1,"[-3, 5, -3, 7, 5, -4]","[16, 16, 1, 0]",True,20,20,True,False,True,True,0,False,False,False,False,False,False,False,True,True,True,True,True,True,False,False,False,"[-3, 5, -3, 7, 5, -4]",0,0,0,0,0,0.2377280420041643,2.6291003450751305e-05,0.23183379200054333,0.0020594590168911964,12,12,"[('(0, 0, 0, 0, 0, 0)', 229), ('(0, 0, 0, 0, 0, -1)', 61), ('(0, 0, 1, 0, 0, 0)', 38), ('(0, 0, 0, -1, 0, 0)', 32), ('(0, -1, 0, 0, 0, 0)', 29), ('(0, -1, 0, 0, 0, -1)', 14), ('(0, 0, 1, 0, 0, -1)', 12), ('(0, 0, 0, -1, 0, -1)', 11), ('(0, 0, 1, -1, 0, 0)', 9), ('(0, 1, 0, 0, 0, 0)', 8)]",5
4,6,17,56,"[1, -1, 1, 1]","[1, 16, 1, 1]","[0, 0, 0, 0, 0, 0]","[0, 5, 0, 5, 6, -1]","[0, 0, 0, 0, 0, 0]",0.0,"[1, 16, 1, 1]",True,"[0, 0, 0, 0, 0, 0]",0.0,"[0, 5, 0, 5, 6, -1]","[1, 16, 1, 1]",True,"[0, 0, 0, 0, 0, 0]",0.0,0,"[0, 5, 0, 5, 6, -1]","[1, 16, 1, 1]",True,"[0, 0, 0, 0, 0, 0]",0.0,"[0, 5, 0, 5, 6, -1]","[1, 16, 1, 1]",True,"[0, 0, 0, 0, 0, 0]",0.0,430,0.86,59.39338919098962,0,0,4,0,"[0, 5, 0, 5, 6, -1]","[1, 16, 1, 1]",True,19,19,True,False,True,True,0,False,False,False,False,False,False,False,True,True,True,True,True,True,False,False,False,"[0, 5, 0, 5, 6, -1]",0,0,0,0,0,0.22060112498002127,2.9457994969561696e-05,0.20962624999810942,0.0020507080189418048,12,12,"[('(0, 0, 0, 0, 0, 0)', 430), ('(-1, 0, 0, 0, 0, 0)', 10), ('(0, 0, 0, 0, 0, -1)', 8), ('(0, 0, -1, 0, 0, 0)', 7), ('(1, 0, 0, 0, 0, 0)', 7), ('(0, 1, 0, 0, 0, 0)', 6), ('(0, -1, 0, 0, 0, 0)', 6), ('(0, 0, 0, 0, 1, 0)', 4), ('(0, 0, 0, 0, -1, 0)', 4), ('(0, 0, 0, 1, 0, 0)', 4)]",5
4,6,17,55,"[-1, 0, -1, 1]","[16, 0, 16, 1]","[0, 0, 1, 0, 0, 0]","[3, 4, -3, 7, 1, -2]","[0, 0, 1, 0, 0, 0]",1.0,"[16, 0, 16, 1]",True,"[0, 0, 0, 0, 0, 0]",1.0,"[3, 4, -3, 7, 1, -2]","[16, 0, 16, 1]",True,"[0, 0, 0, 0, 0, 0]",1.0,0,"[3, 4, -3, 7, 1, -2]","[16, 0, 16, 1]",True,"[0, 0, 0, 0, 0, 0]",1.0,"[3, 4, -3, 7, 1, -2]","[16, 0, 16, 1]",True,"[0, 0, 0, 0, 0, 0]",1.0,203,0.4084507042253521,30.51818800061558,0,0,3,1,"[3, 4, -3, 7, 1, -2]","[16, 0, 16, 1]",True,20,20,True,False,True,True,0,False,False,False,False,False,False,False,True,True,True,True,True,True,False,False,False,"[3, 4, -3, 7, 1, -2]",0,0,0,0,0,0.23515016702003777,2.7458008844405413e-05,0.22678399999858811,0.004684708022978157,12,12,"[('(0, 0, 0, 0, 0, 0)', 203), ('(0, 0, -1, 0, 0, 0)', 52), ('(0, 0, 0, 0, -1, 0)', 45), ('(-1, 0, 0, 0, 0, 0)', 42), ('(0, 0, 0, 1, 0, 0)', 41), ('(0, 0, -1, 1, 0, 0)', 12), ('(-1, 0, 0, 0, -1, 0)', 10), ('(-1, 0, -1, 0, 0, 0)', 10), ('(0, 0, -1, 0, -1, 0)', 9), ('(0, 1, 0, 0, 0, 0)', 9)]",5
4,6,17,57,"[1, 1, 0, 0]","[1, 1, 0, 0]","[-1, 0, 0, 0, 0, 0]","[-5, -6, -7, -2, 0, 6]","[-1, 0, 0, 0, 0, 0]",1.0,"[1, 1, 0, 0]",True,"[0, 0, 0, 0, 0, 0]",1.0,"[-5, -6, -7, -2, 0, 6]","[1, 1, 0, 0]",True,"[0, 0, 0, 0, 0, 0]",1.0,0,"[-5, -6, -7, -2, 0, 6]","[1, 1, 0, 0]",True,"[0, 0, 0, 0, 0, 0]",1.0,"[-5, -6, -7, -2, 0, 6]","[1, 1, 0, 0]",True,"[0, 0, 0, 0, 0, 0]",1.0,249,0.5040485829959515,10.497853908213775,0,0,2,1,"[-5, -6, -7, -2, 0, 6]","[1, 1, 0, 0]",True,20,20,True,False,True,True,0,False,False,False,False,False,False,False,True,True,True,True,True,True,False,False,False,"[-5, -6, -7, -2, 0, 6]",0,0,0,0,0,0.23492245899979025,2.4999986635521054e-05,0.22952833399176598,0.002191957988543436,12,12,"[('(0, 0, 0, 0, 0, 0)', 249), ('(0, 0, 0, 0, 0, -1)', 65), ('(1, 0, 0, 0, 0, 0)', 28), ('(0, 0, 0, 1, 0, 0)', 26), ('(0, 0, 1, 0, 0, 0)', 25), ('(0, 0, 0, 1, 0, -1)', 11), ('(0, 0, 1, 0, 0, -1)', 8), ('(1, 0, 1, 0, 0, 0)', 7), ('(0, 0, 0, 0, -1, 0)', 6), ('(0, 1, 0, 0, 0, 0)', 6)]",5
4,6,17,58,"[1, 0, 0, 0]","[1, 0, 0, 0]","[1, 1, 0, 0, 0, -1]","[-8, 0, -6, 4, -4, 8]","[0, 0, -1, 0, 0, 0]",1.0,"[4, 12, 13, 10]",False,"[0, 0, 0, 0, 0, 0]",1.0,"[-8, 0, -6, 4, -4, 8]","[4, 12, 13, 10]",False,"[0, 0, 0, 0, 0, 0]",1.0,0,"[-8, 0, -6, 4, -4, 8]","[4, 12, 13, 10]",False,"[0, 0, 0, 0, 0, 0]",1.0,"[-8, 0, -6, 4, -4, 8]","[4, 12, 13, 10]",False,"[1, 0, 0, 0, 0, 0]",3.0,34,0.06882591093117409,32.79446519385106,0,0,1,3,"[-9, -1, -7, 4, -4, 9]","[1, 0, 0, 0]",True,20,20,True,True,True,True,0,False,False,False,False,False,True,True,True,True,True,True,False,False,False,False,True,"[-9, -1, -7, 4, -4, 9]",4,4,4,4,0,0.2615390419960022,2.6249996153637767e-05,0.25580733400420286,0.0021180830080993474,12,12,"[('(0, 0, 0, 0, 0, 0)', 180), ('(0, 0, 0, 1, 0, 0)', 47), ('(0, 1, 0, 0, 0, 0)', 43), ('(1, 0, 0, 0, 0, 0)', 34), ('(0, 0, 0, 0, -1, 0)', 32), ('(0, 0, 0, 0, 0, -1)', 29), ('(0, 0, 0, 1, 0, -1)', 12), ('(1, 0, 0, 0, 0, -1)', 12), ('(0, 0, 0, 0, -1, -1)', 11), ('(1, 1, 0, 0, 0, 0)', 10)]",5
4,6,17,60,"[0, 1, 0, 0]","[0, 1, 0, 0]","[0, 0, 0, -1, 0, 0]","[5, 0, -3, -1, 6, -6]","[0, 0, 0, -1, 0, 0]",1.0,"[0, 1, 0, 0]",True,"[0, 0, 0, 0, 0, 0]",1.0,"[5, 0, -3, -1, 6, -6]","[0, 1, 0, 0]",True,"[0, 0, 0, 0, 0, 0]",1.0,0,"[5, 0, -3, -1, 6, -6]","[0, 1, 0, 0]",True,"[0, 0, 0, 0, 0, 0]",1.0,"[5, 0, -3, -1, 6, -6]","[0, 1, 0, 0]",True,"[0, 0, 0, 0, 0, 0]",1.0,256,0.5171717171717172,30.49509239151048,0,0,1,1,"[5, 0, -3, -1, 6, -6]","[0, 1, 0, 0]",True,20,20,True,False,True,True,0,False,False,False,False,False,False,False,True,True,True,True,True,True,False,False,False,"[5, 0, -3, -1, 6, -6]",0,0,0,0,0,0.23667341700638644,2.8624985134229064e-05,0.23014670799602754,0.002088167006149888,12,12,"[('(0, 0, 0, 0, 0, 0)', 256), ('(0, 0, 0, 0, 0, -1)', 52), ('(0, 0, -1, 0, 0, 0)', 38), ('(0, 0, 0, 0, 1, 0)', 34), ('(0, 0, 0, -1, 0, 0)', 26), ('(0, 0, 0, -1, 0, -1)', 9), ('(0, 0, -1, 0, 0, -1)', 9), ('(0, 0, 0, 0, 1, -1)', 8), ('(0, 0, 0, -1, 1, 0)', 7), ('(0, 0, 1, 0, 0, 0)', 7)]",5
4,6,17,59,"[-1, 0, 1, -1]","[16, 0, 1, 16]","[0, -1, 0, 0, 0, -1]","[2, -4, -6, 0, 2, 0]","[0, 0, 0, 0, -1, 1]",2.0,"[12, 15, 16, 13]",False,"[0, 0, -1, 0, 0, 0]",2.0,"[2, -3, -6, 0, 1, 2]","[16, 0, 1, 16]",True,"[0, 0, 0, 0, 0, 0]",2.0,0,"[2, -4, -6, 0, 2, 0]","[12, 15, 16, 13]",False,"[0, 0, 0, 0, 0, 0]",2.0,"[2, -4, -6, 0, 2, 0]","[12, 15, 16, 13]",False,"[0, 0, -1, 0, 0, 0]",2.0,37,0.07459677419354839,21.736241384027362,0,0,3,2,"[2, -3, -6, 0, 1, 2]","[16, 0, 1, 16]",True,20,20,True,True,True,True,0,False,True,True,False,False,True,True,False,True,False,True,True,True,False,False,True,"[2, -3, -6, 0, 1, 2]",6,0,6,6,0,0.289649583020946,2.995799877680838e-05,0.28338708300725557,0.0021329580049496144,12,12,"[('(0, 0, 0, 0, 0, 0)', 167), ('(0, 0, 0, 0, 1, 0)', 41), ('(0, 0, 0, 1, 0, 0)', 39), ('(0, 0, -1, 0, 0, 0)', 37), ('(-1, 0, 0, 0, 0, 0)', 29), ('(0, -1, 0, 0, 0, 0)', 19), ('(0, 0, 0, 0, 0, -1)', 17), ('(0, 0, 0, 1, 1, 0)', 9), ('(0, 0, -1, 0, 1, 0)', 9), ('(0, 0, -1, 1, 0, 0)', 9)]",5
4,6,17,61,"[0, 0, -1, 0]","[0, 0, 16, 0]","[-1, 0, -1, -1, 1, 1]","[5, 4, 3, -4, -1, -9]","[-1, 1, -1, -1, 0, 1]",5.0,"[4, 9, 6, 16]",False,"[0, 0, 0, 0, 0, 1]",4.0,"[5, 5, 1, -6, -1, -7]","[4, 6, 5, 0]",False,"[0, 0, 0, 0, 0, 1]",4.0,1,"[5, 5, 1, -6, -1, -7]","[4, 6, 5, 0]",False,"[0, 0, 0, 0, 0, 1]",4.0,"[5, 5, 1, -6, -1, -7]","[4, 6, 5, 0]",False,"[-1, 0, 0, 0, 0, 0]",5.0,21,0.04208416833667335,54.94089575466417,0,0,1,5,"[5, 5, 3, -4, -2, -9]","[0, 0, 16, 0]",True,20,20,True,True,True,True,0,True,True,False,False,False,True,True,True,True,True,True,False,False,False,False,True,"[5, 5, 3, -4, -2, -9]",2,13,13,13,0,0.2521592089906335,4.57499991171062e-05,0.24338254099711776,0.002148583997040987,12,12,"[('(0, 0, 0, 0, 0, 0)', 229), ('(0, 0, 0, 0, 0, 1)', 66), ('(0, 0, 1, 0, 0, 0)', 41), ('(0, 1, 0, 0, 0, 0)', 33), ('(-1, 0, 0, 0, 0, 0)', 21), ('(0, 1, 0, 0, 0, 1)', 19), ('(0, 0, 1, 0, 0, 1)', 12), ('(0, 0, 0, -1, 0, 0)', 10), ('(0, 1, 1, 0, 0, 0)', 7), ('(0, 0, -1, 0, 0, 0)', 5)]",5
4,6,17,62,"[-1, 0, -1, 0]","[16, 0, 16, 0]","[0, 0, 0, 0, 0, 0]","[1, 1, 7, -1, 4, 5]","[0, 0, 0, 0, 0, 0]",0.0,"[16, 0, 16, 0]",True,"[0, 0, 0, 0, 0, 0]",0.0,"[1, 1, 7, -1, 4, 5]","[16, 0, 16, 0]",True,"[0, 0, 0, 0, 0, 0]",0.0,0,"[1, 1, 7, -1, 4, 5]","[16, 0, 16, 0]",True,"[0, 0, 0, 0, 0, 0]",0.0,"[1, 1, 7, -1, 4, 5]","[16, 0, 16, 0]",True,"[0, 0, 0, 0, 0, 0]",0.0,385,0.77,19.404416263053516,0,0,2,0,"[1, 1, 7, -1, 4, 5]","[16, 0, 16, 0]",True,19,19,True,False,True,True,0,False,False,False,False,False,False,False,True,True,True,True,True,True,False,False,False,"[1, 1, 7, -1, 4, 5]",0,0,0,0,0,0.21164566598599777,6.200000643730164e-05,0.20300683300592937,0.004195125016849488,12,12,"[('(0, 0, 0, 0, 0, 0)', 385), ('(0, 0, 0, 0, 1, 0)', 16), ('(0, 0, -1, 0, 0, 0)', 13), ('(0, 0, 0, 0, 0, 1)', 11), ('(-1, 0, 0, 0, 0, 0)', 10), ('(0, 1, 0, 0, 0, 0)', 9), ('(0, 0, 0, 0, 0, -1)', 8), ('(0, 0, 0, 0, -1, 0)', 8), ('(0, 0, 1, 0, 0, 0)', 8), ('(0, 0, 0, -1, 0, 0)', 8)]",5
4,6,17,63,"[-1, 0, 0, 0]","[16, 0, 0, 0]","[0, -1, 0, 0, 0, 0]","[-7, 2, -3, -5, -5, 7]","[0, -1, 0, 0, 0, 0]",1.0,"[16, 0, 0, 0]",True,"[0, 0, 0, 0, 0, 0]",1.0,"[-7, 2, -3, -5, -5, 7]","[16, 0, 0, 0]",True,"[0, 0, 0, 0, 0, 0]",1.0,0,"[-7, 2, -3, -5, -5, 7]","[16, 0, 0, 0]",True,"[0, 0, 0, 0, 0, 0]",1.0,"[-7, 2, -3, -5, -5, 7]","[16, 0, 0, 0]",True,"[0, 0, 0, 0, 0, 0]",1.0,224,0.45252525252525255,30.50838995977956,0,0,1,1,"[-7, 2, -3, -5, -5, 7]","[16, 0, 0, 0]",True,20,20,True,False,True,True,0,False,False,False,False,False,False,False,True,True,True,True,True,True,False,False,False,"[-7, 2, -3, -5, -5, 7]",0,0,0,0,0,0.24350187499658205,5.6209013564512134e-05,0.2329583749815356,0.002103249978972599,12,12,"[('(0, 0, 0, 0, 0, 0)', 224), ('(0, 0, 0, 1, 0, 0)', 52), ('(-1, 0, 0, 0, 0, 0)', 43), ('(0, 0, 0, 0, -1, 0)', 42), ('(0, 0, 0, 0, 0, -1)', 27), ('(0, 0, 0, 1, -1, 0)', 13), ('(0, 0, 0, 1, 0, -1)', 13), ('(-1, 0, 0, 1, 0, 0)', 12), ('(-1, 0, 0, 0, -1, 0)', 7), ('(0, 1, 0, 0, 0, 0)', 6)]",5
4,6,17,64,"[0, -1, 1, 0]","[0, 16, 1, 0]","[0, 0, 0, 0, 0, 0]","[-2, -1, 1, -4, -8, 1]","[0, 0, 0, 0, 0, 0]",0.0,"[0, 16, 1, 0]",True,"[0, 0, 0, 0, 0, 0]",0.0,"[-2, -1, 1, -4, -8, 1]","[0, 16, 1, 0]",True,"[0, 0, 0, 0, 0, 0]",0.0,0,"[-2, -1, 1, -4, -8, 1]","[0, 16, 1, 0]",True,"[0, 0, 0, 0, 0, 0]",0.0,"[-2, -1, 1, -4, -8, 1]","[0, 16, 1, 0]",True,"[0, 0, 0, 0, 0, 0]",0.0,423,0.846,19.395026654476805,0,0,2,0,"[-2, -1, 1, -4, -8, 1]","[0, 16, 1, 0]",True,18,18,True,False,True,True,0,False,False,False,False,False,False,False,True,True,True,True,True,True,False,False,False,"[-2, -1, 1, -4, -8, 1]",0,0,0,0,0,0.21364741699653678,2.6833993615582585e-05,0.20757408297504298,0.0019000829779542983,12,12,"[('(0, 0, 0, 0, 0, 0)', 423), ('(0, 0, 1, 0, 0, 0)', 11), ('(0, 0, 0, -1, 0, 0)', 9), ('(0, 0, 0, 1, 0, 0)', 8), ('(0, 0, -1, 0, 0, 0)', 8), ('(0, -1, 0, 0, 0, 0)', 8), ('(1, 0, 0, 0, 0, 0)', 7), ('(0, 0, 0, 0, 1, 0)', 5), ('(0, 0, 0, 0, 0, 1)', 5), ('(0, 0, 0, 0, 0, -1)', 3)]",5
4,6,17,66,"[-1, 0, -1, 0]","[16, 0, 16, 0]","[0, 0, 0, 0, 0, 0]","[-3, -5, 5, -7, -5, -4]","[0, 0, 0, 0, 0, 0]",0.0,"[16, 0, 16, 0]",True,"[0, 0, 0, 0, 0, 0]",0.0,"[-3, -5, 5, -7, -5, -4]","[16, 0, 16, 0]",True,"[0, 0, 0, 0, 0, 0]",0.0,0,"[-3, -5, 5, -7, -5, -4]","[16, 0, 16, 0]",True,"[0, 0, 0, 0, 0, 0]",0.0,"[-3, -5, 5, -7, -5, -4]","[16, 0, 16, 0]",True,"[0, 0, 0, 0, 0, 0]",0.0,422,0.844,19.395262782095372,0,0,2,0,"[-3, -5, 5, -7, -5, -4]","[16, 0, 16, 0]",True,17,17,True,False,True,True,0,False,False,False,False,False,False,False,True,True,True,True,True,True,False,False,False,"[-3, -5, 5, -7, -5, -4]",0,0,0,0,0,0.21678674998111092,2.8457987355068326e-05,0.21089225000469014,0.0017757079913280904,12,12,"[('(0, 0, 0, 0, 0, 0)', 422), ('(0, -1, 0, 0, 0, 0)', 10), ('(0, 0, 0, 0, -1, 0)', 9), ('(0, 0, 1, 0, 0, 0)', 8), ('(0, 0, 0, -1, 0, 0)', 8), ('(0, 0, 0, 0, 0, -1)', 7), ('(0, 0, 0, 1, 0, 0)', 7), ('(1, 0, 0, 0, 0, 0)', 7), ('(0, 1, 0, 0, 0, 0)', 5), ('(0, 0, 0, 0, 0, 1)', 4)]",5
4,6,17,67,"[1, 1, 1, 0]","[1, 1, 1, 0]","[0, 0, 0, 0, 0, 0]","[-5, 8, -1, 3, -7, 0]","[0, 0, 0, 0, 0, 0]",0.0,"[1, 1, 1, 0]",True,"[0, 0, 0, 0, 0, 0]",0.0,"[-5, 8, -1, 3, -7, 0]","[1, 1, 1, 0]",True,"[0, 0, 0, 0, 0, 0]",0.0,0,"[-5, 8, -1, 3, -7, 0]","[1, 1, 1, 0]",True,"[0, 0, 0, 0, 0, 0]",0.0,"[-5, 8, -1, 3, -7, 0]","[1, 1, 1, 0]",True,"[0, 0, 0, 0, 0, 0]",0.0,418,0.836,39.39621290800778,0,0,3,0,"[-5, 8, -1, 3, -7, 0]","[1, 1, 1, 0]",True,14,14,True,False,True,True,0,False,False,False,False,False,False,False,True,True,True,True,True,True,False,False,False,"[-5, 8, -1, 3, -7, 0]",0,0,0,0,0,0.22349512501386926,2.841599052771926e-05,0.21757004200480878,0.0015436249959748238,12,12,"[('(0, 0, 0, 0, 0, 0)', 418), ('(0, 0, -1, 0, 0, 0)', 12), ('(0, 1, 0, 0, 0, 0)', 10), ('(0, -1, 0, 0, 0, 0)', 9), ('(0, 0, 0, 0, -1, 0)', 8), ('(0, 0, 0, 0, 1, 0)', 7), ('(0, 0, 0, 1, 0, 0)', 6), ('(0, 0, 0, -1, 0, 0)', 6), ('(0, 0, 0, 0, 0, -1)', 5), ('(1, 0, 0, 0, 0, 0)', 5)]",5
4,6,17,65,"[1, 0, 0, 1]","[1, 0, 0, 1]","[0, 0, 1, 0, 0, 1]","[-7, 8, -9, 2, -4, 1]","[0, 0, 1, 0, 0, 1]",2.0,"[1, 0, 0, 1]",True,"[0, 0, 0, 0, 0, 0]",2.0,"[-7, 8, -9, 2, -4, 1]","[1, 0, 0, 1]",True,"[0, 0, 0, 0, 0, 0]",2.0,0,"[-7, 8, -9, 2, -4, 1]","[1, 0, 0, 1]",True,"[0, 0, 0, 0, 0, 0]",2.0,"[-7, 8, -9, 2, -4, 1]","[1, 0, 0, 1]",True,"[0, 0, 0, 0, 0, 0]",2.0,174,0.3522267206477733,1.5835214026076487,0,0,2,2,"[-7, 8, -9, 2, -4, 1]","[1, 0, 0, 1]",True,20,20,True,False,True,True,0,False,False,False,False,False,False,False,True,True,True,True,True,True,False,False,False,"[-7, 8, -9, 2, -4, 1]",0,0,0,0,0,0.2744830410229042,2.5582994567230344e-05,0.2693479169975035,0.0020729580137412995,12,12,"[('(0, 0, 0, 0, 0, 0)', 174), ('(0, 0, 0, 1, 0, 0)', 41), ('(0, 1, 0, 0, 0, 0)', 36), ('(0, 0, 0, 0, 1, 0)', 31), ('(0, 0, 0, 0, 0, 1)', 29), ('(1, 0, 0, 0, 0, 0)', 25), ('(0, 0, -1, 0, 0, 0)', 15), ('(0, 0, 0, 1, 0, 1)', 13), ('(0, 0, 0, 1, 1, 0)', 12), ('(0, 1, 0, 0, 1, 0)', 10)]",5
4,6,17,68,"[1, 0, 0, -1]","[1, 0, 0, 16]","[0, 0, 0, 1, 0, -1]","[-6, -6, 4, -5, 7, 7]","[0, 1, 0, 0, 0, 1]",2.0,"[9, 15, 10, 11]",False,"[0, 0, 0, 0, 0, 0]",2.0,"[-6, -6, 4, -5, 7, 7]","[9, 15, 10, 11]",False,"[0, 0, 0, 0, 0, 0]",2.0,0,"[-6, -6, 4, -5, 7, 7]","[9, 15, 10, 11]",False,"[0, 0, 0, 0, 0, 0]",2.0,"[-6, -6, 4, -5, 7, 7]","[9, 15, 10, 11]",False,"[0, 0, 0, -1, 0, 0]",12.0,21,0.04259634888438134,3032.2908957546642,2,1,2,4,"[-5, -5, 5, -8, 7, 7]","[2, 0, 0, 7]",False,20,20,False,False,True,True,6,False,False,False,False,False,False,False,True,True,True,True,False,False,False,False,False,"[-6, -5, 4, -6, 7, 9]",6,6,6,6,10,0.24251062498660758,2.633300027810037e-05,0.23690620900015347,0.002129458007402718,12,12,"[('(0, 0, 0, 0, 0, 0)', 239), ('(1, 0, 0, 0, 0, 0)', 53), ('(0, 1, 0, 0, 0, 0)', 48), ('(0, 0, 0, -1, 0, 0)', 21), ('(0, 0, -1, 0, 0, 0)', 20), ('(0, 0, 0, 0, 1, 0)', 19), ('(1, 1, 0, 0, 0, 0)', 12), ('(1, 0, -1, 0, 0, 0)', 7), ('(0, 1, 0, 0, 1, 0)', 6), ('(0, 0, 0, 1, 0, 0)', 6)]",5
4,6,17,69,"[1, 0, -1, 1]","[1, 0, 16, 1]","[0, 0, 0, -1, -1, 0]","[-3, 1, 0, 5, -3, 4]","[0, 0, 0, -1, -1, 0]",2.0,"[1, 0, 16, 1]",True,"[0, 0, 0, 0, 0, 0]",2.0,"[-3, 1, 0, 5, -3, 4]","[1, 0, 16, 1]",True,"[0, 0, 0, 0, 0, 0]",2.0,0,"[-3, 1, 0, 5, -3, 4]","[1, 0, 16, 1]",True,"[0, 0, 0, 0, 0, 0]",2.0,"[-3, 1, 0, 5, -3, 4]","[1, 0, 16, 1]",True,"[0, 0, 0, 0, 0, 0]",2.0,178,0.3588709677419355,21.581261419415927,0,0,3,2,"[-3, 1, 0, 5, -3, 4]","[1, 0, 16, 1]",True,20,20,True,False,True,True,0,False,False,False,False,False,False,False,True,True,True,True,True,True,False,False,False,"[-3, 1, 0, 5, -3, 4]",0,0,0,0,0,0.2681349579943344,2.8292008209973574e-05,0.25992916600080207,0.004477915994357318,12,12,"[('(0, 0, 0, 0, 0, 0)', 178), ('(-1, 0, 0, 0, 0, 0)', 42), ('(0, 0, 0, 0, 1, 0)', 41), ('(0, 0, -1, 0, 0, 0)', 34), ('(0, -1, 0, 0, 0, 0)', 33), ('(0, 0, 0, 1, 0, 0)', 28), ('(-1, 0, 0, 0, 1, 0)', 12), ('(-1, 0, -1, 0, 0, 0)', 11), ('(0, 0, 0, 1, 1, 0)', 10), ('(0, 0, -1, 0, 1, 0)', 9)]",5
4,6,17,70,"[-1, -1, -1, 0]","[16, 16, 16, 0]","[0, 0, -1, -1, 0, 0]","[-4, 7, -2, -3, -2, 4]","[0, 0, -1, -1, 0, 0]",2.0,"[16, 16, 16, 0]",True,"[0, 0, 0, 0, 0, 0]",2.0,"[-4, 7, -2, -3, -2, 4]","[16, 16, 16, 0]",True,"[0, 0, 0, 0, 0, 0]",2.0,0,"[-4, 7, -2, -3, -2, 4]","[16, 16, 16, 0]",True,"[0, 0, 0, 0, 0, 0]",2.0,"[-4, 7, -2, -3, -2, 4]","[16, 16, 16, 0]",True,"[0, 0, 0, 0, 0, 0]",2.0,243,0.48893360160965793,21.550283177470682,0,0,3,2,"[-4, 7, -2, -3, -2, 4]","[16, 16, 16, 0]",True,20,20,True,False,True,True,0,False,False,False,False,False,False,False,True,True,True,True,True,True,False,False,False,"[-4, 7, -2, -3, -2, 4]",0,0,0,0,0,0.26495945898932405,2.762500662356615e-05,0.25872629100922495,0.002146375016309321,12,12,"[('(0, 0, 0, 0, 0, 0)', 243), ('(0, 0, 0, 0, 0, 1)', 45), ('(0, 1, 0, 0, 0, 0)', 36), ('(0, 0, 0, 0, -1, 0)', 32), ('(0, 0, 0, -1, 0, 0)', 23), ('(0, 0, -1, 0, 0, 0)', 23), ('(0, 0, 0, -1, 0, 1)', 9), ('(0, 0, -1, 0, 0, 1)', 9), ('(0, 1, 0, 0, 0, 1)', 5), ('(-1, 0, 0, 0, 0, 0)', 5)]",5
4,6,17,71,"[0, 0, 1, -1]","[0, 0, 1, 16]","[0, 1, 0, 0, 0, 0]","[0, -4, 0, 5, 4, -5]","[0, 1, 0, 0, 0, 0]",1.0,"[0, 0, 1, 16]",True,"[0, 0, 0, 0, 0, 0]",1.0,"[0, -4, 0, 5, 4, -5]","[0, 0, 1, 16]",True,"[0, 0, 0, 0, 0, 0]",1.0,0,"[0, -4, 0, 5, 4, -5]","[0, 0, 1, 16]",True,"[0, 0, 0, 0, 0, 0]",1.0,"[0, -4, 0, 5, 4, -5]","[0, 0, 1, 16]",True,"[0, 0, 0, 0, 0, 0]",1.0,220,0.4480651731160896,10.510183729848226,0,0,2,1,"[0, -4, 0, 5, 4, -5]","[0, 0, 1, 16]",True,20,20,True,False,True,True,0,False,False,False,False,False,False,False,True,True,True,True,True,True,False,False,False,"[0, -4, 0, 5, 4, -5]",0,0,0,0,0,0.2563065829745028,2.591699012555182e-05,0.25039916700916365,0.002071249997243285,12,12,"[('(0, 0, 0, 0, 0, 0)', 220), ('(0, 0, 0, 0, -1, 0)', 50), ('(0, 0, 0, 0, 0, 1)', 49), ('(0, 0, 0, 1, 0, 0)', 45), ('(1, 0, 0, 0, 0, 0)', 31), ('(0, 0, -1, 0, 0, 0)', 9), ('(1, 0, 0, 0, 0, 1)', 8), ('(0, 0, 0, 1, 0, 1)', 8), ('(1, 0, 0, 0, -1, 0)', 6), ('(0, 0, 0, 1, -1, 0)', 5)]",5
4,6,17,72,"[1, 0, 1, -1]","[1, 0, 1, 16]","[1, -1, 0, 0, -1, 0]","[-8, 6, -5, 2, -3, -4]","[1, -1, 0, 0, -1, 0]",3.0,"[1, 0, 1, 16]",True,"[0, 0, 0, 0, 0, 0]",3.0,"[-8, 6, -5, 2, -3, -4]","[1, 0, 1, 16]",True,"[0, 0, 0, 0, 0, 0]",3.0,0,"[-8, 6, -5, 2, -3, -4]","[1, 0, 1, 16]",True,"[0, 0, 0, 0, 0, 0]",3.0,"[-8, 6, -5, 2, -3, -4]","[1, 0, 1, 16]",True,"[0, 0, 0, 0, 0, 0]",3.0,185,0.3752535496957404,32.627425332628675,0,0,3,3,"[-8, 6, -5, 2, -3, -4]","[1, 0, 1, 16]",True,20,20,True,False,True,True,0,False,False,False,False,False,False,False,True,True,True,True,True,True,False,False,False,"[-8, 6, -5, 2, -3, -4]",0,0,0,0,0,0.25197124999249354,2.649999805726111e-05,0.2458189170283731,0.002075209020404145,12,12,"[('(0, 0, 0, 0, 0, 0)', 185), ('(0, 1, 0, 0, 0, 0)', 44), ('(0, 0, 0, -1, 0, 0)', 38), ('(-1, 0, 0, 0, 0, 0)', 38), ('(0, 0, 0, 0, 1, 0)', 32), ('(0, 0, 0, 0, 0, -1)', 21), ('(-1, 1, 0, 0, 0, 0)', 14), ('(-1, 0, 0, 0, 0, -1)', 12), ('(0, 1, 0, 0, 1, 0)', 12), ('(-1, 0, 0, 0, 1, 0)', 8)]",5
4,6,17,73,"[0, 0, -1, -1]","[0, 0, 16, 16]","[0, 0, 0, -1, 1, -1]","[-1, 2, -8, 4, 2, -4]","[0, 0, 0, -1, 1, -1]",3.0,"[0, 0, 16, 16]",True,"[0, 0, 0, 0, 0, 0]",3.0,"[-1, 2, -8, 4, 2, -4]","[0, 0, 16, 16]",True,"[0, 0, 0, 0, 0, 0]",3.0,0,"[-1, 2, -8, 4, 2, -4]","[0, 0, 16, 16]",True,"[0, 0, 0, 0, 0, 0]",3.0,"[-1, 2, -8, 4, 2, -4]","[0, 0, 16, 16]",True,"[0, 0, 0, 0, 0, 0]",3.0,181,0.3656565656565657,12.62959933129232,0,0,2,3,"[-1, 2, -8, 4, 2, -4]","[0, 0, 16, 16]",True,20,20,True,False,True,True,0,False,False,False,False,False,False,False,True,True,True,True,True,True,False,False,False,"[-1, 2, -8, 4, 2, -4]",0,0,0,0,0,0.24118204199476168,2.5749992346391082e-05,0.2350828330090735,0.002071583003271371,12,12,"[('(0, 0, 0, 0, 0, 0)', 181), ('(0, 0, 0, 1, 0, 0)', 49), ('(0, 0, 0, 0, 0, 1)', 46), ('(0, 0, 0, 0, -1, 0)', 38), ('(0, 0, -1, 0, 0, 0)', 28), ('(0, 0, 0, 1, 0, 1)', 23), ('(0, -1, 0, 0, 0, 0)', 18), ('(0, 0, 0, 0, -1, 1)', 11), ('(0, -1, 0, 1, 0, 0)', 9), ('(1, 0, 0, 0, 0, 0)', 8)]",5
4,6,17,74,"[0, 1, 1, -1]","[0, 1, 1, 16]","[0, 1, -1, 0, 0, 0]","[-4, -4, -7, 4, 2, 4]","[0, 1, -1, 0, 0, 0]",2.0,"[0, 1, 1, 16]",True,"[0, 0, 0, 0, 0, 0]",2.0,"[-4, -4, -7, 4, 2, 4]","[0, 1, 1, 16]",True,"[0, 0, 0, 0, 0, 0]",2.0,0,"[-4, -4, -7, 4, 2, 4]","[0, 1, 1, 16]",True,"[0, 0, 0, 0, 0, 0]",2.0,"[-4, -4, -7, 4, 2, 4]","[0, 1, 1, 16]",True,"[0, 0, 0, 0, 0, 0]",2.0,246,0.4979757085020243,21.549061166337204,0,0,3,2,"[-4, -4, -7, 4, 2, 4]","[0, 1, 1, 16]",True,20,20,True,False,True,True,0,False,False,False,False,False,False,False,True,True,True,True,True,True,False,False,False,"[-4, -4, -7, 4, 2, 4]",0,0,0,0,0,0.22366233300999738,2.9207993065938354e-05,0.21540470799664035,0.002805666998028755,12,12,"[('(0, 0, 0, 0, 0, 0)', 246), ('(0, 0, 0, 1, 0, 0)', 64), ('(0, 0, -1, 0, 0, 0)', 62), ('(0, 0, 0, 0, 1, 0)', 35), ('(0, 0, -1, 1, 0, 0)', 14), ('(0, 0, 0, 1, 1, 0)', 10), ('(0, 0, -1, 0, 1, 0)', 10), ('(0, 0, -1, 1, 1, 0)', 6), ('(0, -1, 0, 0, 0, 0)', 5), ('(-1, 0, 0, 0, 0, 0)', 5)]",5
4,6,17,75,"[-1, -1, 1, 1]","[16, 16, 1, 1]","[0, 0, 0, 0, 0, 1]","[8, 6, 7, 2, -8, -2]","[0, 0, 0, 0, 0, 1]",1.0,"[16, 16, 1, 1]",True,"[0, 0, 0, 0, 0, 0]",1.0,"[8, 6, 7, 2, -8, -2]","[16, 16, 1, 1]",True,"[0, 0, 0, 0, 0, 0]",1.0,0,"[8, 6, 7, 2, -8, -2]","[16, 16, 1, 1]",True,"[0, 0, 0, 0, 0, 0]",1.0,"[8, 6, 7, 2, -8, -2]","[16, 16, 1, 1]",True,"[0, 0, 0, 0, 0, 0]",1.0,300,0.6036217303822937,50.47928897352511,0,0,4,1,"[8, 6, 7, 2, -8, -2]","[16, 16, 1, 1]",True,20,20,True,False,True,True,0,False,False,False,False,False,False,False,True,True,True,True,True,True,False,False,False,"[8, 6, 7, 2, -8, -2]",0,0,0,0,0,0.23626704097841866,2.8708018362522125e-05,0.2302552919718437,0.002183042000979185,12,12,"[('(0, 0, 0, 0, 0, 0)', 300), ('(0, 0, 0, 0, 0, 1)', 61), ('(0, 1, 0, 0, 0, 0)', 56), ('(0, 1, 0, 0, 0, 1)', 12), ('(1, 0, 0, 0, 0, 0)', 9), ('(0, 0, 0, 0, 0, -1)', 6), ('(0, 0, 0, 1, 0, 0)', 5), ('(0, 0, -1, 0, 0, 0)', 4), ('(0, -1, 0, 0, 0, 0)', 4), ('(0, 0, 0, -1, 0, 0)', 4)]",5
4,6,17,77,"[-1, 0, 1, 1]","[16, 0, 1, 1]","[0, 0, 1, 0, 0, 0]","[1, 6, -4, -1, 1, -7]","[0, 0, 1, 0, 0, 0]",1.0,"[16, 0, 1, 1]",True,"[0, 0, 0, 0, 0, 0]",1.0,"[1, 6, -4, -1, 1, -7]","[16, 0, 1, 1]",True,"[0, 0, 0, 0, 0, 0]",1.0,0,"[1, 6, -4, -1, 1, -7]","[16, 0, 1, 1]",True,"[0, 0, 0, 0, 0, 0]",1.0,"[1, 6, -4, -1, 1, -7]","[16, 0, 1, 1]",True,"[0, 0, 0, 0, 0, 0]",1.0,292,0.5887096774193549,30.481982739098292,0,0,3,1,"[1, 6, -4, -1, 1, -7]","[16, 0, 1, 1]",True,20,20,True,False,True,True,0,False,False,False,False,False,False,False,True,True,True,True,True,True,False,False,False,"[1, 6, -4, -1, 1, -7]",0,0,0,0,0,0.226672792021418,2.7958012651652098e-05,0.221340959018562,0.002035750017967075,12,12,"[('(0, 0, 0, 0, 0, 0)', 292), ('(0, 0, 0, 0, 1, 0)', 54), ('(0, 0, 0, 0, 0, 1)', 52), ('(0, 0, 0, 0, 1, 1)', 18), ('(0, 0, 1, 0, 0, 0)', 10), ('(0, 0, 0, 0, -1, 0)', 9), ('(0, -1, 0, 0, 0, 0)', 8), ('(1, 0, 0, 0, 0, 0)', 7), ('(0, 1, 0, 0, 0, 0)', 4), ('(-1, 0, 0, 0, 0, 0)', 4)]",5
4,6,17,76,"[0, 0, 0, -1]","[0, 0, 0, 16]","[-1, 0, 0, 1, 0, 1]","[1, 5, -5, 1, -5, 0]","[-1, 0, 0, 1, 0, 1]",3.0,"[0, 0, 0, 16]",True,"[0, 0, 0, 0, 0, 0]",3.0,"[1, 5, -5, 1, -5, 0]","[0, 0, 0, 16]",True,"[0, 0, 0, 0, 0, 0]",3.0,0,"[1, 5, -5, 1, -5, 0]","[0, 0, 0, 16]",True,"[0, 0, 0, 0, 0, 0]",3.0,"[1, 5, -5, 1, -5, 0]","[0, 0, 0, 16]",True,"[0, 0, 0, 0, 0, 0]",3.0,166,0.3333333333333333,32.638200618758326,0,0,1,3,"[1, 5, -5, 1, -5, 0]","[0, 0, 0, 16]",True,20,20,True,False,True,True,0,False,False,False,False,False,False,False,True,True,True,True,True,True,False,False,False,"[1, 5, -5, 1, -5, 0]",0,0,0,0,0,0.2660997920029331,2.6291992980986834e-05,0.2582855410000775,0.004377499979455024,12,12,"[('(0, 0, 0, 0, 0, 0)', 166), ('(0, 0, 0, 0, 0, -1)', 59), ('(0, 0, 1, 0, 0, 0)', 43), ('(0, 0, 0, 1, 0, 0)', 41), ('(0, -1, 0, 0, 0, 0)', 33), ('(0, 0, 0, 0, 1, 0)', 22), ('(0, 0, 1, 0, 0, -1)', 17), ('(0, 0, 0, 1, 0, -1)', 11), ('(0, 0, 1, 1, 0, 0)', 11), ('(0, -1, 0, 0, 0, -1)', 9)]",5
4,6,17,78,"[0, 0, 1, -1]","[0, 0, 1, 16]","[1, -1, 0, 1, 0, 0]","[5, 6, -2, -3, -3, -7]","[1, -1, 0, 1, 0, 0]",3.0,"[0, 0, 1, 16]",True,"[0, 0, 0, 0, 0, 0]",3.0,"[5, 6, -2, -3, -3, -7]","[0, 0, 1, 16]",True,"[0, 0, 0, 0, 0, 0]",3.0,0,"[5, 6, -2, -3, -3, -7]","[0, 0, 1, 16]",True,"[0, 0, 0, 0, 0, 0]",3.0,"[5, 6, -2, -3, -3, -7]","[0, 0, 1, 16]",True,"[0, 0, 0, 0, 0, 0]",3.0,209,0.4222222222222222,12.615289246928253,0,0,2,3,"[5, 6, -2, -3, -3, -7]","[0, 0, 1, 16]",True,20,20,True,False,True,True,0,False,False,False,False,False,False,False,True,True,True,True,True,True,False,False,False,"[5, 6, -2, -3, -3, -7]",0,0,0,0,0,0.2487949590140488,2.8667011065408587e-05,0.24223945898120292,0.002613666991237551,12,12,"[('(0, 0, 0, 0, 0, 0)', 209), ('(0, 0, 1, 0, 0, 0)', 41), ('(0, 0, 0, 0, 0, 1)', 40), ('(0, 0, 0, 0, 1, 0)', 37), ('(0, 0, 0, 1, 0, 0)', 34), ('(0, 1, 0, 0, 0, 0)', 22), ('(0, 0, 1, 0, 1, 0)', 12), ('(0, 0, 0, 1, 1, 0)', 9), ('(0, 0, 0, 0, 1, 1)', 8), ('(0, 0, 1, 0, 0, 1)', 6)]",5
4,6,17,80,"[-1, 0, 0, -1]","[16, 0, 0, 16]","[0, 0, 0, 0, 0, 0]","[2, -4, -7, 4, -5, -5]","[0, 0, 0, 0, 0, 0]",0.0,"[16, 0, 0, 16]",True,"[0, 0, 0, 0, 0, 0]",0.0,"[2, -4, -7, 4, -5, -5]","[16, 0, 0, 16]",True,"[0, 0, 0, 0, 0, 0]",0.0,0,"[2, -4, -7, 4, -5, -5]","[16, 0, 0, 16]",True,"[0, 0, 0, 0, 0, 0]",0.0,"[2, -4, -7, 4, -5, -5]","[16, 0, 0, 16]",True,"[0, 0, 0, 0, 0, 0]",0.0,416,0.832,19.39669137782012,0,0,2,0,"[2, -4, -7, 4, -5, -5]","[16, 0, 0, 16]",True,18,18,True,False,True,True,0,False,False,False,False,False,False,False,True,True,True,True,True,True,False,False,False,"[2, -4, -7, 4, -5, -5]",0,0,0,0,0,0.21499604202108458,5.8125006034970284e-05,0.20706050001899712,0.0018223749939352274,12,12,"[('(0, 0, 0, 0, 0, 0)', 416), ('(0, 0, 0, 0, -1, 0)', 10), ('(0, 0, 0, -1, 0, 0)', 9), ('(-1, 0, 0, 0, 0, 0)', 9), ('(0, 0, 0, 0, 0, -1)', 8), ('(0, 0, 1, 0, 0, 0)', 8), ('(0, 0, -1, 0, 0, 0)', 8), ('(1, 0, 0, 0, 0, 0)', 7), ('(0, 1, 0, 0, 0, 0)', 6), ('(0, 0, 0, 0, 1, 0)', 5)]",5
4,6,17,81,"[0, 1, 0, 0]","[0, 1, 0, 0]","[0, 0, 0, 0, 0, 0]","[7, -2, 7, 7, 4, -2]","[0, 0, 0, 0, 0, 0]",0.0,"[0, 1, 0, 0]",True,"[0, 0, 0, 0, 0, 0]",0.0,"[7, -2, 7, 7, 4, -2]","[0, 1, 0, 0]",True,"[0, 0, 0, 0, 0, 0]",0.0,0,"[7, -2, 7, 7, 4, -2]","[0, 1, 0, 0]",True,"[0, 0, 0, 0, 0, 0]",0.0,"[7, -2, 7, 7, 4, -2]","[0, 1, 0, 0]",True,"[0, 0, 0, 0, 0, 0]",0.0,423,0.846,39.3950266544768,0,0,1,0,"[7, -2, 7, 7, 4, -2]","[0, 1, 0, 0]",True,20,20,True,False,True,True,0,False,False,False,False,False,False,False,True,True,True,True,True,True,False,False,False,"[7, -2, 7, 7, 4, -2]",0,0,0,0,0,0.20173258398426697,2.6583991711959243e-05,0.1956556249933783,0.0023898750077933073,12,12,"[('(0, 0, 0, 0, 0, 0)', 423), ('(0, 0, 0, 0, 0, 1)', 9), ('(0, 0, 0, 0, 1, 0)', 8), ('(0, 0, 0, -1, 0, 0)', 8), ('(0, 0, 0, 0, 0, -1)', 7), ('(0, 0, 0, 0, -1, 0)', 6), ('(0, 0, 1, 0, 0, 0)', 6), ('(1, 0, 0, 0, 0, 0)', 6), ('(-1, 0, 0, 0, 0, 0)', 6), ('(0, 0, 0, 1, 0, 0)', 4)]",5
4,6,17,79,"[-1, -1, 1, -1]","[16, 16, 1, 16]","[1, 0, 0, 1, 0, -1]","[-1, 8, 1, -4, 3, 0]","[0, 0, 0, 0, 1, -1]",2.0,"[7, 6, 2, 8]",False,"[0, -1, 0, 0, 0, 0]",2.0,"[-1, 9, 2, -4, 4, -1]","[1, 14, 11, 14]",False,"[0, 0, 0, 0, 0, 0]",2.0,0,"[-1, 8, 1, -4, 3, 0]","[7, 6, 2, 8]",False,"[0, 0, 0, 0, 0, 0]",2.0,"[-1, 8, 1, -4, 3, 0]","[7, 6, 2, 8]",False,"[1, 0, 0, 0, 0, 0]",3.0,29,0.05835010060362173,52.80988026183378,0,0,4,3,"[-2, 8, 1, -5, 4, 0]","[16, 16, 1, 16]",True,20,20,True,True,True,True,0,False,True,False,False,False,True,True,False,True,False,True,False,False,False,False,True,"[-2, 8, 1, -5, 4, 0]",3,5,3,3,0,0.26829516602447256,2.9167014872655272e-05,0.26191070800996386,0.0021918749844189733,12,12,"[('(0, 0, 0, 0, 0, 0)', 225), ('(0, 0, 0, 1, 0, 0)', 54), ('(0, -1, 0, 0, 0, 0)', 52), ('(1, 0, 0, 0, 0, 0)', 29), ('(0, 0, -1, 0, 0, 0)', 23), ('(0, 0, 0, 0, 0, 1)', 22), ('(0, 0, -1, 1, 0, 0)', 7), ('(0, -1, 0, 1, 0, 0)', 7), ('(0, -1, 0, 0, 0, 1)', 5), ('(0, 0, 0, 1, 0, 1)', 5)]",5
4,6,17,82,"[1, -1, -1, 0]","[1, 16, 16, 0]","[0, 0, 0, 0, 0, 0]","[2, -4, 8, 6, -4, 5]","[0, 0, 0, 0, 0, 0]",0.0,"[1, 16, 16, 0]",True,"[0, 0, 0, 0, 0, 0]",0.0,"[2, -4, 8, 6, -4, 5]","[1, 16, 16, 0]",True,"[0, 0, 0, 0, 0, 0]",0.0,0,"[2, -4, 8, 6, -4, 5]","[1, 16, 16, 0]",True,"[0, 0, 0, 0, 0, 0]",0.0,"[2, -4, 8, 6, -4, 5]","[1, 16, 16, 0]",True,"[0, 0, 0, 0, 0, 0]",0.0,392,0.7871485943775101,39.40261903881307,0,0,3,0,"[2, -4, 8, 6, -4, 5]","[1, 16, 16, 0]",True,20,20,True,False,True,True,0,False,False,False,False,False,False,False,True,True,True,True,True,True,False,False,False,"[2, -4, 8, 6, -4, 5]",0,0,0,0,0,0.22584379199543037,2.7375004719942808e-05,0.21979520801687613,0.0022644999844487756,12,12,"[('(0, 0, 0, 0, 0, 0)', 392), ('(0, 0, 0, 0, 0, 1)', 11), ('(0, 0, 0, 0, 0, -1)', 10), ('(0, 0, 0, 0, -1, 0)', 10), ('(0, 0, 0, 1, 0, 0)', 10), ('(0, 0, 1, 0, 0, 0)', 10), ('(-1, 0, 0, 0, 0, 0)', 9), ('(0, 1, 0, 0, 0, 0)', 8), ('(0, -1, 0, 0, 0, 0)', 7), ('(0, 0, -1, 0, 0, 0)', 6)]",5
4,6,17,83,"[0, 1, 0, 1]","[0, 1, 0, 1]","[0, 0, 0, -1, 0, 0]","[5, -2, -8, 4, -1, 0]","[0, 0, 0, -1, 0, 0]",1.0,"[0, 1, 0, 1]",True,"[0, 0, 0, 0, 0, 0]",1.0,"[5, -2, -8, 4, -1, 0]","[0, 1, 0, 1]",True,"[0, 0, 0, 0, 0, 0]",1.0,0,"[5, -2, -8, 4, -1, 0]","[0, 1, 0, 1]",True,"[0, 0, 0, 0, 0, 0]",1.0,"[5, -2, -8, 4, -1, 0]","[0, 1, 0, 1]",True,"[0, 0, 0, 0, 0, 0]",1.0,235,0.47,10.50361681949744,0,0,2,1,"[5, -2, -8, 4, -1, 0]","[0, 1, 0, 1]",True,20,20,True,False,True,True,0,False,False,False,False,False,False,False,True,True,True,True,True,True,False,False,False,"[5, -2, -8, 4, -1, 0]",0,0,0,0,0,0.2581626659957692,2.5374989490956068e-05,0.24924083301448263,0.004693541006417945,12,12,"[('(0, 0, 0, 0, 0, 0)', 235), ('(0, 0, 0, 0, 1, 0)', 73), ('(1, 0, 0, 0, 0, 0)', 32), ('(0, -1, 0, 0, 0, 0)', 31), ('(0, 0, 0, 0, 0, -1)', 27), ('(1, 0, 0, 0, 1, 0)', 13), ('(0, 0, 1, 0, 0, 0)', 13), ('(0, -1, 0, 0, 1, 0)', 10), ('(0, 0, 0, 0, 1, -1)', 7), ('(0, 0, 0, 0, -1, 0)', 5)]",5
4,6,17,84,"[0, 0, -1, 0]","[0, 0, 16, 0]","[0, 0, 0, 0, 0, 0]","[-2, 8, -5, 2, -2, -1]","[0, 0, 0, 0, 0, 0]",0.0,"[0, 0, 16, 0]",True,"[0, 0, 0, 0, 0, 0]",0.0,"[-2, 8, -5, 2, -2, -1]","[0, 0, 16, 0]",True,"[0, 0, 0, 0, 0, 0]",0.0,0,"[-2, 8, -5, 2, -2, -1]","[0, 0, 16, 0]",True,"[0, 0, 0, 0, 0, 0]",0.0,"[-2, 8, -5, 2, -2, -1]","[0, 0, 16, 0]",True,"[0, 0, 0, 0, 0, 0]",0.0,397,0.7955911823647295,39.401354799471555,0,0,1,0,"[-2, 8, -5, 2, -2, -1]","[0, 0, 16, 0]",True,20,20,True,False,True,True,0,False,False,False,False,False,False,False,True,True,True,True,True,True,False,False,False,"[-2, 8, -5, 2, -2, -1]",0,0,0,0,0,0.2224978750164155,2.5500019546598196e-05,0.2157209999859333,0.0031254170171450824,12,12,"[('(0, 0, 0, 0, 0, 0)', 397), ('(0, 0, -1, 0, 0, 0)', 15), ('(0, 1, 0, 0, 0, 0)', 12), ('(1, 0, 0, 0, 0, 0)', 11), ('(0, 0, 0, -1, 0, 0)', 10), ('(0, 0, 0, 0, 0, -1)', 9), ('(0, 0, 0, 0, -1, 0)', 8), ('(0, 0, 0, 0, 0, 1)', 8), ('(0, 0, 1, 0, 0, 0)', 6), ('(0, -1, 0, 0, 0, 0)', 5)]",5
4,6,17,86,"[0, 0, 1, 0]","[0, 0, 1, 0]","[0, 0, 0, 0, 0, 0]","[3, 1, 8, 2, -3, -1]","[0, 0, 0, 0, 0, 0]",0.0,"[0, 0, 1, 0]",True,"[0, 0, 0, 0, 0, 0]",0.0,"[3, 1, 8, 2, -3, -1]","[0, 0, 1, 0]",True,"[0, 0, 0, 0, 0, 0]",0.0,0,"[3, 1, 8, 2, -3, -1]","[0, 0, 1, 0]",True,"[0, 0, 0, 0, 0, 0]",0.0,"[3, 1, 8, 2, -3, -1]","[0, 0, 1, 0]",True,"[0, 0, 0, 0, 0, 0]",0.0,408,0.8209255533199196,39.39862848439572,0,0,1,0,"[3, 1, 8, 2, -3, -1]","[0, 0, 1, 0]",True,18,18,True,False,True,True,0,False,False,False,False,False,False,False,True,True,True,True,True,True,False,False,False,"[3, 1, 8, 2, -3, -1]",0,0,0,0,0,0.21488962500006892,2.7417001547291875e-05,0.20759999999427237,0.00310025000362657,12,12,"[('(0, 0, 0, 0, 0, 0)', 408), ('(0, 0, 0, 1, 0, 0)', 11), ('(0, 0, 0, 0, -1, 0)', 10), ('(0, 0, 1, 0, 0, 0)', 9), ('(0, -1, 0, 0, 0, 0)', 9), ('(-1, 0, 0, 0, 0, 0)', 8), ('(0, 0, 0, 0, 0, 1)', 7), ('(0, 0, 0, 0, 1, 0)', 7), ('(0, 0, -1, 0, 0, 0)', 7), ('(1, 0, 0, 0, 0, 0)', 7)]",5
4,6,17,87,"[-1, -1, 1, 0]","[16, 16, 1, 0]","[0, 0, -1, 0, -1, 0]","[-2, 0, 4, -8, 0, 6]","[0, 0, -1, 0, -1, 0]",2.0,"[16, 16, 1, 0]",True,"[0, 0, 0, 0, 0, 0]",2.0,"[-2, 0, 4, -8, 0, 6]","[16, 16, 1, 0]",True,"[0, 0, 0, 0, 0, 0]",2.0,0,"[-2, 0, 4, -8, 0, 6]","[16, 16, 1, 0]",True,"[0, 0, 0, 0, 0, 0]",2.0,"[-2, 0, 4, -8, 0, 6]","[16, 16, 1, 0]",True,"[0, 0, 0, 0, 0, 0]",2.0,245,0.49295774647887325,21.549466846406766,0,0,3,2,"[-2, 0, 4, -8, 0, 6]","[16, 16, 1, 0]",True,20,20,True,False,True,True,0,False,False,False,False,False,False,False,True,True,True,True,True,True,False,False,False,"[-2, 0, 4, -8, 0, 6]",0,0,0,0,0,0.23937925000791438,3.0041992431506515e-05,0.23257566598476842,0.002155709022190422,12,12,"[('(0, 0, 0, 0, 0, 0)', 245), ('(0, 0, 0, 0, 1, 0)', 58), ('(0, 0, 1, 0, 0, 0)', 55), ('(0, 0, 0, 0, 0, -1)', 47), ('(0, 0, 1, 0, 0, -1)', 18), ('(0, 0, 1, 0, 1, 0)', 10), ('(0, 1, 0, 0, 0, 0)', 7), ('(1, 0, 0, 0, 0, 0)', 6), ('(0, 0, 0, 0, 1, -1)', 5), ('(0, 1, 0, 0, 0, -1)', 5)]",5
4,6,17,85,"[-1, 1, 1, -1]","[16, 1, 1, 16]","[0, -1, 0, 0, 0, 0]","[-5, 1, -7, 0, -1, -5]","[0, -1, 0, 0, 0, 0]",1.0,"[16, 1, 1, 16]",True,"[0, 0, 0, 0, 0, 0]",1.0,"[-5, 1, -7, 0, -1, -5]","[16, 1, 1, 16]",True,"[0, 0, 0, 0, 0, 0]",1.0,0,"[-5, 1, -7, 0, -1, -5]","[16, 1, 1, 16]",True,"[0, 0, 0, 0, 0, 0]",1.0,"[-5, 1, -7, 0, -1, -5]","[16, 1, 1, 16]",True,"[0, 0, 0, 0, 0, 0]",1.0,180,0.3643724696356275,50.530150296873416,0,0,4,1,"[-5, 1, -7, 0, -1, -5]","[16, 1, 1, 16]",True,20,20,True,False,True,True,0,False,False,False,False,False,False,False,True,True,True,True,True,True,False,False,False,"[-5, 1, -7, 0, -1, -5]",0,0,0,0,0,0.28386066597886384,2.649999805726111e-05,0.2776301669946406,0.002432290988508612,12,12,"[('(0, 0, 0, 0, 0, 0)', 180), ('(0, 0, 0, 0, 0, 1)', 49), ('(0, -1, 0, 0, 0, 0)', 37), ('(0, 0, 1, 0, 0, 0)', 35), ('(0, 0, 0, 0, -1, 0)', 33), ('(-1, 0, 0, 0, 0, 0)', 31), ('(0, 0, 1, 0, 0, 1)', 9), ('(0, 0, 0, 0, -1, 1)', 9), ('(0, -1, 0, 0, 0, 1)', 8), ('(-1, 0, 0, 0, 0, 1)', 8)]",5
4,6,17,88,"[0, -1, 1, 0]","[0, 16, 1, 0]","[1, 0, 1, 0, 0, 1]","[-5, 3, -2, -7, -4, -2]","[1, 0, 1, 0, 0, 1]",3.0,"[0, 16, 1, 0]",True,"[0, 0, 0, 0, 0, 0]",3.0,"[-5, 3, -2, -7, -4, -2]","[0, 16, 1, 0]",True,"[0, 0, 0, 0, 0, 0]",3.0,0,"[-5, 3, -2, -7, -4, -2]","[0, 16, 1, 0]",True,"[0, 0, 0, 0, 0, 0]",3.0,"[-5, 3, -2, -7, -4, -2]","[0, 16, 1, 0]",True,"[0, 0, 0, 0, 0, 0]",3.0,230,0.46747967479674796,12.60575822894782,0,0,2,3,"[-5, 3, -2, -7, -4, -2]","[0, 16, 1, 0]",True,20,20,True,False,True,True,0,False,False,False,False,False,False,False,True,True,True,True,True,True,False,False,False,"[-5, 3, -2, -7, -4, -2]",0,0,0,0,0,0.24837633298011497,2.7709000278264284e-05,0.24040487498859875,0.0032685420010238886,12,12,"[('(0, 0, 0, 0, 0, 0)', 230), ('(0, 0, 0, 1, 0, 0)', 59), ('(0, 0, 1, 0, 0, 0)', 40), ('(0, 1, 0, 0, 0, 0)', 35), ('(1, 0, 0, 0, 0, 0)', 25), ('(0, 0, 1, 1, 0, 0)', 11), ('(0, 1, 1, 0, 0, 0)', 11), ('(1, 0, 1, 0, 0, 0)', 10), ('(1, 0, 0, 1, 0, 0)', 8), ('(0, 0, 0, 0, 1, 0)', 7)]",5
4,6,17,89,"[1, 0, 1, -1]","[1, 0, 1, 16]","[0, 0, 0, 0, 0, 0]","[5, 2, 1, -8, -1, -5]","[0, 0, 0, 0, 0, 0]",0.0,"[1, 0, 1, 16]",True,"[0, 0, 0, 0, 0, 0]",0.0,"[5, 2, 1, -8, -1, -5]","[1, 0, 1, 16]",True,"[0, 0, 0, 0, 0, 0]",0.0,0,"[5, 2, 1, -8, -1, -5]","[1, 0, 1, 16]",True,"[0, 0, 0, 0, 0, 0]",0.0,"[5, 2, 1, -8, -1, -5]","[1, 0, 1, 16]",True,"[0, 0, 0, 0, 0, 0]",0.0,395,0.7915831663326653,39.40185857887455,0,0,3,0,"[5, 2, 1, -8, -1, -5]","[1, 0, 1, 16]",True,20,20,True,False,True,True,0,False,False,False,False,False,False,False,True,True,True,True,True,True,False,False,False,"[5, 2, 1, -8, -1, -5]",0,0,0,0,0,0.22352895900257863,2.733300789259374e-05,0.2158358330198098,0.002051791991107166,12,12,"[('(0, 0, 0, 0, 0, 0)', 395), ('(0, -1, 0, 0, 0, 0)', 14), ('(0, 0, 1, 0, 0, 0)', 11), ('(-1, 0, 0, 0, 0, 0)', 11), ('(0, 0, 0, -1, 0, 0)', 10), ('(0, 0, 0, 1, 0, 0)', 8), ('(0, 0, 0, 0, 0, 1)', 7), ('(1, 0, 0, 0, 0, 0)', 7), ('(0, 0, 0, 0, 0, -1)', 6), ('(0, 0, 0, 0, -1, 0)', 5)]",5
4,6,17,90,"[1, -1, 1, -1]","[1, 16, 1, 16]","[0, 0, 0, 1, 0, 0]","[-5, -7, 4, -4, -3, -4]","[0, 0, 0, 1, 0, 0]",1.0,"[1, 16, 1, 16]",True,"[0, 0, 0, 0, 0, 0]",1.0,"[-5, -7, 4, -4, -3, -4]","[1, 16, 1, 16]",True,"[0, 0, 0, 0, 0, 0]",1.0,0,"[-5, -7, 4, -4, -3, -4]","[1, 16, 1, 16]",True,"[0, 0, 0, 0, 0, 0]",1.0,"[-5, -7, 4, -4, -3, -4]","[1, 16, 1, 16]",True,"[0, 0, 0, 0, 0, 0]",1.0,245,0.4959514170040486,50.49946684640676,0,0,4,1,"[-5, -7, 4, -4, -3, -4]","[1, 16, 1, 16]",True,20,20,True,False,True,True,0,False,False,False,False,False,False,False,True,True,True,True,True,True,False,False,False,"[-5, -7, 4, -4, -3, -4]",0,0,0,0,0,0.24444641699665226,2.68329749815166e-05,0.23807024999405257,0.0023960839898791164,12,12,"[('(0, 0, 0, 0, 0, 0)', 245), ('(0, -1, 0, 0, 0, 0)', 69), ('(0, 0, 0, 1, 0, 0)', 45), ('(0, 0, 0, 0, 0, -1)', 36), ('(0, -1, 0, 1, 0, 0)', 14), ('(0, -1, 0, 0, 0, -1)', 12), ('(0, 0, 1, 0, 0, 0)', 9), ('(-1, 0, 0, 0, 0, 0)', 8), ('(0, 0, 0, 0, 0, 1)', 7), ('(0, 0, 0, 1, 0, -1)', 5)]",5
4,6,17,91,"[1, 0, 0, -1]","[1, 0, 0, 16]","[0, -1, 1, 0, 0, 0]","[-3, -3, -7, -1, -2, 7]","[0, -1, 1, 0, 0, 0]",2.0,"[1, 0, 0, 16]",True,"[0, 0, 0, 0, 0, 0]",2.0,"[-3, -3, -7, -1, -2, 7]","[1, 0, 0, 16]",True,"[0, 0, 0, 0, 0, 0]",2.0,0,"[-3, -3, -7, -1, -2, 7]","[1, 0, 0, 16]",True,"[0, 0, 0, 0, 0, 0]",2.0,"[-3, -3, -7, -1, -2, 7]","[1, 0, 0, 16]",True,"[0, 0, 0, 0, 0, 0]",2.0,194,0.39271255060728744,1.5727000441436254,0,0,2,2,"[-3, -3, -7, -1, -2, 7]","[1, 0, 0, 16]",True,20,20,True,False,True,True,0,False,False,False,False,False,False,False,True,True,True,True,True,True,False,False,False,"[-3, -3, -7, -1, -2, 7]",0,0,0,0,0,0.2621288340014871,2.937499084509909e-05,0.2525342080043629,0.004305124981328845,12,12,"[('(0, 0, 0, 0, 0, 0)', 194), ('(1, 0, 0, 0, 0, 0)', 46), ('(0, 0, 1, 0, 0, 0)', 42), ('(0, 0, 0, -1, 0, 0)', 30), ('(0, 1, 0, 0, 0, 0)', 27), ('(0, 0, 0, 0, 0, 1)', 26), ('(0, 0, 1, -1, 0, 0)', 11), ('(0, 1, 0, -1, 0, 0)', 9), ('(1, 0, 1, -1, 0, 0)', 8), ('(1, 0, 1, 0, 0, 0)', 8)]",5
4,6,17,92,"[0, -1, 0, 0]","[0, 16, 0, 0]","[0, 1, 0, 0, 0, 0]","[7, -5, 0, 0, 7, -2]","[0, 1, 0, 0, 0, 0]",1.0,"[0, 16, 0, 0]",True,"[0, 0, 0, 0, 0, 0]",1.0,"[7, -5, 0, 0, 7, -2]","[0, 16, 0, 0]",True,"[0, 0, 0, 0, 0, 0]",1.0,0,"[7, -5, 0, 0, 7, -2]","[0, 16, 0, 0]",True,"[0, 0, 0, 0, 0, 0]",1.0,"[7, -5, 0, 0, 7, -2]","[0, 16, 0, 0]",True,"[0, 0, 0, 0, 0, 0]",1.0,164,0.3319838056680162,30.53940545260994,0,0,1,1,"[7, -5, 0, 0, 7, -2]","[0, 16, 0, 0]",True,20,20,True,False,True,True,0,False,False,False,False,False,False,False,True,True,True,True,True,True,False,False,False,"[7, -5, 0, 0, 7, -2]",0,0,0,0,0,0.27864920801948756,2.691699774004519e-05,0.2724123329971917,0.0025201249809470028,12,12,"[('(0, 0, 0, 0, 0, 0)', 164), ('(-1, 0, 0, 0, 0, 0)', 44), ('(0, 0, 0, 1, 0, 0)', 35), ('(0, 1, 0, 0, 0, 0)', 33), ('(0, 0, 0, 0, 1, 0)', 29), ('(0, 0, 1, 0, 0, 0)', 29), ('(0, 0, 0, 0, 0, -1)', 25), ('(-1, 0, 0, 1, 0, 0)', 9), ('(-1, 0, 0, 0, 0, -1)', 7), ('(0, 1, 0, 0, 1, 0)', 7)]",5
4,6,17,94,"[1, -1, 0, 0]","[1, 16, 0, 0]","[0, 0, 0, 0, 0, 0]","[-4, -7, -4, 3, 1, 2]","[0, 0, 0, 0, 0, 0]",0.0,"[1, 16, 0, 0]",True,"[0, 0, 0, 0, 0, 0]",0.0,"[-4, -7, -4, 3, 1, 2]","[1, 16, 0, 0]",True,"[0, 0, 0, 0, 0, 0]",0.0,0,"[-4, -7, -4, 3, 1, 2]","[1, 16, 0, 0]",True,"[0, 0, 0, 0, 0, 0]",0.0,"[-4, -7, -4, 3, 1, 2]","[1, 16, 0, 0]",True,"[0, 0, 0, 0, 0, 0]",0.0,411,0.8236472945891784,19.39789766506505,0,0,2,0,"[-4, -7, -4, 3, 1, 2]","[1, 16, 0, 0]",True,20,20,True,False,True,True,0,False,False,False,False,False,False,False,True,True,True,True,True,True,False,False,False,"[-4, -7, -4, 3, 1, 2]",0,0,0,0,0,0.22912987502058968,2.8084003133699298e-05,0.22116324998205528,0.0037483750202227384,12,12,"[('(0, 0, 0, 0, 0, 0)', 411), ('(0, 0, 0, 0, -1, 0)', 9), ('(0, -1, 0, 0, 0, 0)', 9), ('(0, 0, 0, -1, 0, 0)', 9), ('(0, 0, 0, 0, 1, 0)', 8), ('(0, 0, 0, 1, 0, 0)', 8), ('(0, 0, 1, 0, 0, 0)', 8), ('(0, 1, 0, 0, 0, 0)', 7), ('(0, 0, -1, 0, 0, 0)', 6), ('(-1, 0, 0, 0, 0, 0)', 6)]",5
4,6,17,93,"[-1, 0, 1, 1]","[16, 0, 1, 1]","[0, 0, 1, -1, 0, 0]","[3, 8, 1, 5, -8, -3]","[0, -1, 0, 0, 0, 0]",1.0,"[6, 7, 15, 4]",False,"[0, 0, 0, 0, 0, 0]",1.0,"[3, 8, 1, 5, -8, -3]","[6, 7, 15, 4]",False,"[0, 0, 0, 0, 0, 0]",1.0,0,"[3, 8, 1, 5, -8, -3]","[6, 7, 15, 4]",False,"[0, 0, 0, 0, 0, 0]",1.0,"[3, 8, 1, 5, -8, -3]","[6, 7, 15, 4]",False,"[1, 0, 0, 0, 0, 0]",2.0,30,0.06072874493927125,21.756601279551486,0,0,3,2,"[3, 7, 0, 6, -8, -3]","[16, 0, 1, 1]",True,20,20,True,True,True,True,0,False,False,False,False,False,True,True,True,True,True,True,False,False,False,False,True,"[3, 7, 0, 6, -8, -3]",3,3,3,3,0,0.30592912499560043,6.133300485089421e-05,0.29355429200222716,0.0029319580062292516,12,12,"[('(0, 0, 0, 0, 0, 0)', 176), ('(0, 0, 0, 0, -1, 0)', 32), ('(0, 0, 0, -1, 0, 0)', 31), ('(0, 0, 1, 0, 0, 0)', 30), ('(1, 0, 0, 0, 0, 0)', 30), ('(0, 1, 0, 0, 0, 0)', 27), ('(0, 0, 0, 0, 0, -1)', 19), ('(0, 0, 0, -1, -1, 0)', 12), ('(1, 0, 0, 0, -1, 0)', 9), ('(1, 0, 0, 0, 0, -1)', 8)]",5
4,6,17,95,"[0, 1, 0, 1]","[0, 1, 0, 1]","[0, 0, 0, 0, 0, -1]","[7, -8, -3, -2, 3, -5]","[0, 0, 0, 0, 0, -1]",1.0,"[0, 1, 0, 1]",True,"[0, 0, 0, 0, 0, 0]",1.0,"[7, -8, -3, -2, 3, -5]","[0, 1, 0, 1]",True,"[0, 0, 0, 0, 0, 0]",1.0,0,"[7, -8, -3, -2, 3, -5]","[0, 1, 0, 1]",True,"[0, 0, 0, 0, 0, 0]",1.0,"[7, -8, -3, -2, 3, -5]","[0, 1, 0, 1]",True,"[0, 0, 0, 0, 0, 0]",1.0,270,0.5432595573440644,10.489788117912031,0,0,2,1,"[7, -8, -3, -2, 3, -5]","[0, 1, 0, 1]",True,20,20,True,False,True,True,0,False,False,False,False,False,False,False,True,True,True,True,True,True,False,False,False,"[7, -8, -3, -2, 3, -5]",0,0,0,0,0,0.22807712497888133,3.0416005756706e-05,0.22202883299905807,0.002088749984977767,12,12,"[('(0, 0, 0, 0, 0, 0)', 270), ('(0, 0, 0, 0, 0, 1)', 61), ('(0, 0, 0, 1, 0, 0)', 46), ('(0, -1, 0, 0, 0, 0)', 32), ('(0, 0, 0, 1, 0, 1)', 10), ('(0, -1, 0, 1, 0, 0)', 7), ('(0, 0, 1, 0, 0, 0)', 7), ('(1, 0, 0, 0, 0, 0)', 6), ('(-1, 0, 0, 0, 0, 0)', 6), ('(0, -1, 0, 0, 0, 1)', 5)]",5
4,6,17,96,"[-1, 0, 1, 0]","[16, 0, 1, 0]","[0, 0, 0, 0, 0, -1]","[-1, -5, 5, 4, 1, 6]","[0, 0, 0, 0, 0, -1]",1.0,"[16, 0, 1, 0]",True,"[0, 0, 0, 0, 0, 0]",1.0,"[-1, -5, 5, 4, 1, 6]","[16, 0, 1, 0]",True,"[0, 0, 0, 0, 0, 0]",1.0,0,"[-1, -5, 5, 4, 1, 6]","[16, 0, 1, 0]",True,"[0, 0, 0, 0, 0, 0]",1.0,"[-1, -5, 5, 4, 1, 6]","[16, 0, 1, 0]",True,"[0, 0, 0, 0, 0, 0]",1.0,187,0.37777777777777777,10.526355803717006,0,0,2,1,"[-1, -5, 5, 4, 1, 6]","[16, 0, 1, 0]",True,20,20,True,False,True,True,0,False,False,False,False,False,False,False,True,True,True,True,True,True,False,False,False,"[-1, -5, 5, 4, 1, 6]",0,0,0,0,0,0.2665092090028338,3.0082999728620052e-05,0.2586595830216538,0.002269166987389326,12,12,"[('(0, 0, 0, 0, 0, 0)', 187), ('(0, 0, 0, 1, 0, 0)', 43), ('(0, -1, 0, 0, 0, 0)', 33), ('(0, 0, 0, 0, 0, -1)', 30), ('(0, 0, -1, 0, 0, 0)', 29), ('(-1, 0, 0, 0, 0, 0)', 29), ('(-1, 0, 0, 1, 0, 0)', 12), ('(-1, 0, 0, 0, 0, -1)', 9), ('(-1, -1, 0, 0, 0, 0)', 9), ('(-1, 0, -1, 0, 0, 0)', 8)]",5
4,6,17,97,"[0, 1, -1, 1]","[0, 1, 16, 1]","[-1, 0, 0, 0, -1, 0]","[0, -1, 6, 3, 0, -2]","[-1, 0, 0, 0, -1, 0]",2.0,"[0, 1, 16, 1]",True,"[0, 0, 0, 0, 0, 0]",2.0,"[0, -1, 6, 3, 0, -2]","[0, 1, 16, 1]",True,"[0, 0, 0, 0, 0, 0]",2.0,0,"[0, -1, 6, 3, 0, -2]","[0, 1, 16, 1]",True,"[0, 0, 0, 0, 0, 0]",2.0,"[0, -1, 6, 3, 0, -2]","[0, 1, 16, 1]",True,"[0, 0, 0, 0, 0, 0]",2.0,188,0.3821138211382114,21.57582529849404,0,0,3,2,"[0, -1, 6, 3, 0, -2]","[0, 1, 16, 1]",True,20,20,True,False,True,True,0,False,False,False,False,False,False,False,True,True,True,True,True,True,False,False,False,"[0, -1, 6, 3, 0, -2]",0,0,0,0,0,0.25262574999942444,2.72089964710176e-05,0.2464585829875432,0.001954792009200901,12,12,"[('(0, 0, 0, 0, 0, 0)', 188), ('(0, 0, 0, 0, -1, 0)', 45), ('(0, -1, 0, 0, 0, 0)', 40), ('(0, 0, 0, -1, 0, 0)', 38), ('(-1, 0, 0, 0, 0, 0)', 32), ('(0, 0, 1, 0, 0, 0)', 29), ('(-1, -1, 0, 0, 0, 0)', 11), ('(0, -1, 0, 0, -1, 0)', 9), ('(-1, 0, 0, 0, -1, 0)', 9), ('(0, 0, 1, -1, 0, 0)', 8)]",5
4,6,17,98,"[-1, 0, 0, 1]","[16, 0, 0, 1]","[0, 0, 0, -1, 0, 0]","[-8, -4, 6, -6, -7, 4]","[0, 0, 0, -1, 0, 0]",1.0,"[16, 0, 0, 1]",True,"[0, 0, 0, 0, 0, 0]",1.0,"[-8, -4, 6, -6, -7, 4]","[16, 0, 0, 1]",True,"[0, 0, 0, 0, 0, 0]",1.0,0,"[-8, -4, 6, -6, -7, 4]","[16, 0, 0, 1]",True,"[0, 0, 0, 0, 0, 0]",1.0,"[-8, -4, 6, -6, -7, 4]","[16, 0, 0, 1]",True,"[0, 0, 0, 0, 0, 0]",1.0,206,0.41365461847389556,10.516728120673465,0,0,2,1,"[-8, -4, 6, -6, -7, 4]","[16, 0, 0, 1]",True,20,20,True,False,True,True,0,False,False,False,False,False,False,False,True,True,True,True,True,True,False,False,False,"[-8, -4, 6, -6, -7, 4]",0,0,0,0,0,0.2105849159997888,2.8375012334436178e-05,0.20417983300285414,0.0023156250244937837,12,12,"[('(0, 0, 0, 0, 0, 0)', 206), ('(0, 0, -1, 0, 0, 0)', 51), ('(0, 0, 0, -1, 0, 0)', 47), ('(0, 0, 0, 0, 0, -1)', 37), ('(0, -1, 0, 0, 0, 0)', 37), ('(0, 0, -1, -1, 0, 0)', 19), ('(0, -1, -1, 0, 0, 0)', 13), ('(0, -1, 0, -1, 0, 0)', 10), ('(0, 0, -1, 0, 0, -1)', 9), ('(0, 0, 0, -1, 0, -1)', 4)]",5
4,6,17,99,"[1, 0, 1, -1]","[1, 0, 1, 16]","[0, 0, 0, 1, 0, 0]","[2, 3, -5, 1, -4, 6]","[0, 0, 0, 1, 0, 0]",1.0,"[1, 0, 1, 16]",True,"[0, 0, 0, 0, 0, 0]",1.0,"[2, 3, -5, 1, -4, 6]","[1, 0, 1, 16]",True,"[0, 0, 0, 0, 0, 0]",1.0,0,"[2, 3, -5, 1, -4, 6]","[1, 0, 1, 16]",True,"[0, 0, 0, 0, 0, 0]",1.0,"[2, 3, -5, 1, -4, 6]","[1, 0, 1, 16]",True,"[0, 0, 0, 0, 0, 0]",1.0,258,0.5212121212121212,30.494317193830046,0,0,3,1,"[2, 3, -5, 1, -4, 6]","[1, 0, 1, 16]",True,20,20,True,False,True,True,0,False,False,False,False,False,False,False,True,True,True,True,True,True,False,False,False,"[2, 3, -5, 1, -4, 6]",0,0,0,0,0,0.2161573340126779,2.6374997105449438e-05,0.2095226669916883,0.0019799589936155826,12,12,"[('(0, 0, 0, 0, 0, 0)', 258), ('(0, -1, 0, 0, 0, 0)', 62), ('(0, 0, 0, 0, 0, -1)', 42), ('(0, 0, 1, 0, 0, 0)', 36), ('(0, -1, 0, 0, 0, -1)', 13), ('(0, -1, 1, 0, 0, 0)', 9), ('(-1, 0, 0, 0, 0, 0)', 9), ('(0, 0, 1, 0, 0, -1)', 7), ('(0, 1, 0, 0, 0, 0)', 6), ('(0, 0, 0, -1, 0, 0)', 6)]",5
5,7,17,1,"[-1, 0, 1, 0, 0]","[16, 0, 1, 0, 0]","[1, 1, 0, 0, 0, 0, 1]","[5, -2, 7, 4, 0, 8, -2]","[0, 0, 0, -1, 0, 0, 0]",1.0,"[16, 6, 0, 1, 4]",False,"[0, 0, 0, 0, 0, 0, 0]",1.0,"[5, -2, 7, 4, 0, 8, -2]","[16, 6, 0, 1, 4]",False,"[0, 0, 0, 0, 0, 0, 0]",1.0,0,"[5, -2, 7, 4, 0, 8, -2]","[16, 6, 0, 1, 4]",False,"[0, 0, 0, 0, 0, 0, 0]",1.0,"[5, -2, 7, 4, 0, 8, -2]","[16, 6, 0, 1, 4]",False,"[0, -1, 0, 0, 0, 0, 0]",3.0,36,0.07272727272727272,12.788908208735577,0,0,2,3,"[4, -3, 7, 3, 0, 8, -3]","[16, 0, 1, 0, 0]",True,20,20,True,True,True,True,0,False,False,False,False,False,True,True,True,True,True,True,False,False,False,False,True,"[4, -3, 7, 3, 0, 8, -3]",4,4,4,4,0,0.6877139159769285,2.970799687318504e-05,0.6771402500162367,0.002570291981101036,14,14,"[('(0, 0, 0, 0, 0, 0, 0)', 192), ('(0, 0, 0, 0, 0, 0, -1)', 46), ('(0, 0, 0, -1, 0, 0, 0)', 45), ('(0, 0, -1, 0, 0, 0, 0)', 41), ('(0, -1, 0, 0, 0, 0, 0)', 36), ('(0, 0, -1, -1, 0, 0, 0)', 15), ('(0, -1, -1, 0, 0, 0, 0)', 13), ('(0, 0, -1, 0, 0, 0, -1)', 8), ('(0, -1, 0, -1, 0, 0, 0)', 8), ('(0, -1, 0, 0, 0, 0, -1)', 7)]",5
5,7,17,3,"[0, 0, -1, 1, 0]","[0, 0, 16, 1, 0]","[0, 1, 0, 0, 0, -1, 0]","[1, -9, -2, 5, -7, -7, 8]","[0, 1, 0, 0, 0, -1, 0]",2.0,"[0, 0, 16, 1, 0]",True,"[-1, 1, 0, 0, 0, 0, 0]",2.0,"[1, -7, -2, 5, -8, -8, 8]","[15, 5, 13, 7, 2]",False,"[0, 0, 0, 0, 0, 0, 0]",2.0,0,"[1, -9, -2, 5, -7, -7, 8]","[0, 0, 16, 1, 0]",True,"[0, 0, 0, 0, 0, 0, 0]",2.0,"[1, -9, -2, 5, -7, -7, 8]","[0, 0, 16, 1, 0]",True,"[0, 0, 0, 0, 0, 0, 0]",2.0,175,0.35787321063394684,1.5829516004961848,0,0,2,2,"[1, -9, -2, 5, -7, -7, 8]","[0, 0, 16, 1, 0]",True,20,20,True,False,True,True,0,False,True,False,False,False,False,False,False,True,False,True,False,True,False,False,False,"[1, -9, -2, 5, -7, -7, 8]",0,6,0,0,0,0.6920920829870738,2.995898830704391e-05,0.6804491249786224,0.0038597920211032033,14,14,"[('(0, 0, 0, 0, 0, 0, 0)', 175), ('(0, 0, 0, 0, 0, 1, 0)', 52), ('(0, 1, 0, 0, 0, 0, 0)', 49), ('(-1, 0, 0, 0, 0, 0, 0)', 32), ('(0, 0, 0, 0, 1, 0, 0)', 26), ('(0, 0, 0, 1, 0, 0, 0)', 25), ('(0, 1, 0, 0, 0, 1, 0)', 17), ('(0, 0, 1, 0, 0, 0, 0)', 9), ('(-1, 1, 0, 0, 0, 0, 0)', 9), ('(-1, 0, 0, 0, 1, 0, 0)', 8)]",5
5,7,17,0,"[0, 0, -1, -1, 0]","[0, 0, 16, 16, 0]","[0, 0, 0, 1, 1, 0, 0]","[5, -2, -1, -1, 6, 4, 2]","[0, 0, 0, 1, 1, 0, 0]",2.0,"[0, 0, 16, 16, 0]",True,"[0, 0, 0, 0, 0, 0, 0]",2.0,"[5, -2, -1, -1, 6, 4, 2]","[0, 0, 16, 16, 0]",True,"[0, 0, 0, 0, 0, 0, 0]",2.0,0,"[5, -2, -1, -1, 6, 4, 2]","[0, 0, 16, 16, 0]",True,"[0, 0, 0, 0, 0, 0, 0]",2.0,"[5, -2, -1, -1, 6, 4, 2]","[0, 0, 16, 16, 0]",True,"[0, 0, 0, 0, 0, 0, 0]",2.0,189,0.3825910931174089,1.5752975927839514,0,0,2,2,"[5, -2, -1, -1, 6, 4, 2]","[0, 0, 16, 16, 0]",True,20,20,True,False,True,True,0,False,False,False,False,False,False,False,True,True,True,True,True,True,False,False,False,"[5, -2, -1, -1, 6, 4, 2]",0,0,0,0,0,0.7381817919958849,3.120899782516062e-05,0.7270165410009213,0.0026085840072482824,14,14,"[('(0, 0, 0, 0, 0, 0, 0)', 189), ('(0, 0, 0, 0, 0, 1, 0)', 47), ('(0, 0, 0, 0, 0, 0, -1)', 39), ('(0, 0, 0, -1, 0, 0, 0)', 33), ('(0, -1, 0, 0, 0, 0, 0)', 32), ('(-1, 0, 0, 0, 0, 0, 0)', 23), ('(0, 0, 1, 0, 0, 0, 0)', 18), ('(0, 0, 0, 0, 0, 1, -1)', 9), ('(-1, 0, 0, 0, 0, 1, 0)', 6), ('(0, 0, 1, 0, 0, 1, 0)', 5)]",5
5,7,17,2,"[0, -1, 0, 0, 1]","[0, 16, 0, 0, 1]","[0, 0, 1, 0, 0, -1, -1]","[3, 3, 2, 2, 3, -4, 4]","[0, 0, 1, 0, 0, -1, -1]",3.0,"[0, 16, 0, 0, 1]",True,"[0, 0, 0, 0, 0, 0, 0]",3.0,"[3, 3, 2, 2, 3, -4, 4]","[0, 16, 0, 0, 1]",True,"[0, 0, 0, 0, 0, 0, 0]",3.0,0,"[3, 3, 2, 2, 3, -4, 4]","[0, 16, 0, 0, 1]",True,"[0, 0, 0, 0, 0, 0, 0]",3.0,"[3, 3, 2, 2, 3, -4, 4]","[0, 16, 0, 0, 1]",True,"[0, 0, 0, 0, 0, 0, 0]",3.0,162,0.32926829268292684,12.640624979919323,0,0,2,3,"[3, 3, 2, 2, 3, -4, 4]","[0, 16, 0, 0, 1]",True,20,20,True,False,True,True,0,False,False,False,False,False,False,False,True,True,True,True,True,True,False,False,False,"[3, 3, 2, 2, 3, -4, 4]",0,0,0,0,0,0.762636208004551,2.8542010113596916e-05,0.7518480000144336,0.002521999995224178,14,14,"[('(0, 0, 0, 0, 0, 0, 0)', 162), ('(0, 0, 0, 0, 0, 0, -1)', 35), ('(0, 0, 1, 0, 0, 0, 0)', 30), ('(0, 0, 0, 0, 0, -1, 0)', 28), ('(0, 0, 0, 0, 1, 0, 0)', 28), ('(0, 0, 0, -1, 0, 0, 0)', 22), ('(-1, 0, 0, 0, 0, 0, 0)', 22), ('(0, 1, 0, 0, 0, 0, 0)', 12), ('(0, 0, 1, 0, 0, 0, -1)', 10), ('(0, 0, 0, 0, 0, -1, -1)', 7)]",5
5,7,17,4,"[-1, 0, 0, 1, 0]","[16, 0, 0, 1, 0]","[0, 0, 0, 0, 1, 0, 0]","[-4, 8, -8, 1, 3, -8, 1]","[0, 0, 0, 0, 1, 0, 0]",1.0,"[16, 0, 0, 1, 0]",True,"[0, 0, 0, 0, 0, 0, 0]",1.0,"[-4, 8, -8, 1, 3, -8, 1]","[16, 0, 0, 1, 0]",True,"[0, 0, 0, 0, 0, 0, 0]",1.0,0,"[-4, 8, -8, 1, 3, -8, 1]","[16, 0, 0, 1, 0]",True,"[0, 0, 0, 0, 0, 0, 0]",1.0,"[-4, 8, -8, 1, 3, -8, 1]","[16, 0, 0, 1, 0]",True,"[0, 0, 0, 0, 0, 0, 0]",1.0,188,0.38289205702647655,10.525825298494036,0,0,2,1,"[-4, 8, -8, 1, 3, -8, 1]","[16, 0, 0, 1, 0]",True,20,20,True,False,True,True,0,False,False,False,False,False,False,False,True,True,True,True,True,True,False,False,False,"[-4, 8, -8, 1, 3, -8, 1]",0,0,0,0,0,0.7556847499799915,2.8375012334436178e-05,0.7412290840002242,0.005204959015827626,14,14,"[('(0, 0, 0, 0, 0, 0, 0)', 188), ('(0, 0, 0, 0, 0, 0, -1)', 46), ('(0, -1, 0, 0, 0, 0, 0)', 34), ('(0, 0, 1, 0, 0, 0, 0)', 31), ('(0, 0, 0, 0, 0, 1, 0)', 29), ('(0, 0, 0, -1, 0, 0, 0)', 26), ('(0, -1, 0, 0, 0, 0, -1)', 14), ('(0, 0, 0, 0, 0, 1, -1)', 10), ('(0, 0, 0, 0, -1, 0, 0)', 8), ('(0, -1, 0, -1, 0, 0, 0)', 7)]",5
5,7,17,6,"[1, 0, 0, -1, -1]","[1, 0, 0, 16, 16]","[0, 0, 0, -1, 0, 0, 0]","[3, 0, -3, -4, -1, -6, -8]","[0, 0, 0, -1, 0, 0, 0]",1.0,"[1, 0, 0, 16, 16]",True,"[0, 0, 0, 0, 0, 0, 0]",1.0,"[3, 0, -3, -4, -1, -6, -8]","[1, 0, 0, 16, 16]",True,"[0, 0, 0, 0, 0, 0, 0]",1.0,0,"[3, 0, -3, -4, -1, -6, -8]","[1, 0, 0, 16, 16]",True,"[0, 0, 0, 0, 0, 0, 0]",1.0,"[3, 0, -3, -4, -1, -6, -8]","[1, 0, 0, 16, 16]",True,"[0, 0, 0, 0, 0, 0, 0]",1.0,204,0.4146341463414634,30.51769900208616,0,0,3,1,"[3, 0, -3, -4, -1, -6, -8]","[1, 0, 0, 16, 16]",True,20,20,True,False,True,True,0,False,False,False,False,False,False,False,True,True,True,True,True,True,False,False,False,"[3, 0, -3, -4, -1, -6, -8]",0,0,0,0,0,0.6998756669927388,2.8750015189871192e-05,0.6893808750028256,0.002402457990683615,14,14,"[('(0, 0, 0, 0, 0, 0, 0)', 204), ('(0, 0, -1, 0, 0, 0, 0)', 41), ('(0, 0, 0, 1, 0, 0, 0)', 39), ('(-1, 0, 0, 0, 0, 0, 0)', 28), ('(0, 1, 0, 0, 0, 0, 0)', 23), ('(0, 0, 0, 0, 0, 0, -1)', 14), ('(0, 1, 0, 1, 0, 0, 0)', 9), ('(0, 0, 0, 1, 0, 0, -1)', 8), ('(0, 0, -1, 1, 0, 0, 0)', 8), ('(0, 0, -1, 0, 0, 0, -1)', 7)]",5
5,7,17,5,"[0, -1, 0, 0, 1]","[0, 16, 0, 0, 1]","[-1, 0, 0, 0, 1, 0, -1]","[-6, 7, -4, -1, -7, -6, -4]","[-1, 0, 0, 0, 1, 0, -1]",3.0,"[0, 16, 0, 0, 1]",True,"[0, 0, 0, 0, 0, 0, 0]",3.0,"[-6, 7, -4, -1, -7, -6, -4]","[0, 16, 0, 0, 1]",True,"[0, 0, 0, 0, 0, 0, 0]",3.0,0,"[-6, 7, -4, -1, -7, -6, -4]","[0, 16, 0, 0, 1]",True,"[0, 0, 0, 0, 0, 0, 0]",3.0,"[-6, 7, -4, -1, -7, -6, -4]","[0, 16, 0, 0, 1]",True,"[0, 0, 0, 0, 0, 0, 0]",3.0,157,0.31717171717171716,12.643740496697303,0,0,2,3,"[-6, 7, -4, -1, -7, -6, -4]","[0, 16, 0, 0, 1]",True,20,20,True,False,True,True,0,False,False,False,False,False,False,False,True,True,True,True,True,True,False,False,False,"[-6, 7, -4, -1, -7, -6, -4]",0,0,0,0,0,0.7173240419942886,3.012499655596912e-05,0.7072209579928312,0.0024727499985601753,14,14,"[('(0, 0, 0, 0, 0, 0, 0)', 157), ('(0, 0, 0, 0, 0, 0, 1)', 45), ('(0, 0, 0, 0, 1, 0, 0)', 45), ('(-1, 0, 0, 0, 0, 0, 0)', 35), ('(0, 0, 0, 0, 0, -1, 0)', 30), ('(0, 1, 0, 0, 0, 0, 0)', 27), ('(-1, 0, 0, 0, 0, -1, 0)', 14), ('(0, 0, 0, 0, 1, 0, 1)', 11), ('(0, 0, 0, 0, 1, -1, 0)', 10), ('(-1, 0, 0, 0, 1, 0, 0)', 10)]",5
5,7,17,8,"[0, 0, 1, -1, 0]","[0, 0, 1, 16, 0]","[0, -1, 0, 0, 0, 0, 0]","[4, 3, 2, -8, -7, 5, -4]","[0, -1, 0, 0, 0, 0, 0]",1.0,"[0, 0, 1, 16, 0]",True,"[0, 0, 0, 0, 0, 0, 0]",1.0,"[4, 3, 2, -8, -7, 5, -4]","[0, 0, 1, 16, 0]",True,"[0, 0, 0, 0, 0, 0, 0]",1.0,0,"[4, 3, 2, -8, -7, 5, -4]","[0, 0, 1, 16, 0]",True,"[0, 0, 0, 0, 0, 0, 0]",1.0,"[4, 3, 2, -8, -7, 5, -4]","[0, 0, 1, 16, 0]",True,"[0, 0, 0, 0, 0, 0, 0]",1.0,207,0.4173387096774194,10.516246192029868,0,0,2,1,"[4, 3, 2, -8, -7, 5, -4]","[0, 0, 1, 16, 0]",True,20,20,True,False,True,True,0,False,False,False,False,False,False,False,True,True,True,True,True,True,False,False,False,"[4, 3, 2, -8, -7, 5, -4]",0,0,0,0,0,0.6825932499777991,2.962502185255289e-05,0.6714622089930344,0.0025756249960977584,14,14,"[('(0, 0, 0, 0, 0, 0, 0)', 207), ('(0, 0, 0, 0, 0, 0, -1)', 49), ('(-1, 0, 0, 0, 0, 0, 0)', 48), ('(0, 0, 0, 0, -1, 0, 0)', 37), ('(0, 0, 0, 1, 0, 0, 0)', 35), ('(0, 0, 0, 1, 0, 0, -1)', 10), ('(0, 0, 0, 0, -1, 0, -1)', 8), ('(-1, 0, 0, 0, 0, 0, -1)', 8), ('(0, 0, 0, 0, 0, -1, 0)', 7), ('(-1, 0, 0, 0, -1, 0, 0)', 7)]",5
5,7,17,7,"[0, 1, -1, -1, 0]","[0, 1, 16, 16, 0]","[-1, -1, 0, 0, 1, 0, 0]","[0, -7, -1, 5, -3, 1, 3]","[0, 0, 0, -1, 0, 0, -1]",2.0,"[8, 1, 10, 10, 3]",False,"[0, 0, 0, 0, 0, 0, 0]",2.0,"[0, -7, -1, 5, -3, 1, 3]","[8, 1, 10, 10, 3]",False,"[0, 0, 0, 0, 0, 0, 0]",2.0,0,"[0, -7, -1, 5, -3, 1, 3]","[8, 1, 10, 10, 3]",False,"[0, 0, 0, 0, 0, 0, 0]",2.0,"[0, -7, -1, 5, -3, 1, 3]","[8, 1, 10, 10, 3]",False,"[0, 0, -1, 0, 0, 0, 0]",4.0,23,0.04722792607802875,3083.882194616965,3,0,5,4,"[-1, -8, -1, 5, -3, 2, 2]","[1, 14, 2, 1, 3]",False,20,20,False,True,True,True,4,False,False,False,False,False,False,False,True,True,True,True,False,False,False,False,False,"[1, -6, -1, 4, -4, 1, 2]",5,5,5,5,11,0.7570723340031691,3.137500607408583e-05,0.7463128329836763,0.002834542014170438,14,14,"[('(0, 0, 0, 0, 0, 0, 0)', 141), ('(0, 0, 0, -1, 0, 0, 0)', 39), ('(0, 0, 0, 0, 0, 0, -1)', 39), ('(0, 0, 0, 0, 1, 0, 0)', 36), ('(0, 1, 0, 0, 0, 0, 0)', 28), ('(0, 0, -1, 0, 0, 0, 0)', 23), ('(0, 0, 0, 0, 0, 1, 0)', 21), ('(0, 1, -1, 0, 0, 0, 0)', 9), ('(0, 0, 0, 0, 0, 1, -1)', 8), ('(0, 0, 0, -1, 0, 0, -1)', 6)]",5
5,7,17,9,"[0, 0, 0, 1, 1]","[0, 0, 0, 1, 1]","[1, 1, 1, 0, 0, 1, -1]","[6, 6, -8, 3, -4, 4, 3]","[0, 0, 1, 0, -1, 0, 0]",2.0,"[13, 11, 12, 10, 5]",False,"[0, 0, 0, 0, 0, 0, 0]",2.0,"[6, 6, -8, 3, -4, 4, 3]","[13, 11, 12, 10, 5]",False,"[0, 0, 0, 0, 0, 0, 0]",2.0,0,"[6, 6, -8, 3, -4, 4, 3]","[13, 11, 12, 10, 5]",False,"[0, 0, 0, 0, 0, 0, 0]",2.0,"[6, 6, -8, 3, -4, 4, 3]","[13, 11, 12, 10, 5]",False,"[0, 0, 0, 1, 0, 0, 0]",5.0,25,0.050200803212851405,34.924190346197854,0,0,2,5,"[5, 5, -8, 3, -5, 3, 4]","[0, 0, 0, 1, 1]",True,20,20,True,True,True,True,0,False,False,False,False,False,True,True,True,True,True,True,False,False,False,False,True,"[5, 5, -8, 3, -5, 3, 4]",5,5,5,5,0,0.7192605000163894,3.1499977922067046e-05,0.7083810830081347,0.002402999991318211,14,14,"[('(0, 0, 0, 0, 0, 0, 0)', 178), ('(0, 0, 1, 0, 0, 0, 0)', 48), ('(0, -1, 0, 0, 0, 0, 0)', 41), ('(1, 0, 0, 0, 0, 0, 0)', 27), ('(0, 0, 0, 0, 0, 0, 1)', 25), ('(0, 0, 0, 1, 0, 0, 0)', 25), ('(0, 0, 0, 0, -1, 0, 0)', 21), ('(0, -1, 1, 0, 0, 0, 0)', 9), ('(0, -1, 0, 1, 0, 0, 0)', 7), ('(0, 0, 1, 0, 0, 0, 1)', 6)]",5
5,7,17,11,"[1, 0, 1, -1, 0]","[1, 0, 1, 16, 0]","[0, 0, 0, 0, 0, 0, 0]","[7, 2, -3, 2, 8, 1, -2]","[0, 0, 0, 0, 0, 0, 0]",0.0,"[1, 0, 1, 16, 0]",True,"[0, 0, 0, 0, 0, 0, 0]",0.0,"[7, 2, -3, 2, 8, 1, -2]","[1, 0, 1, 16, 0]",True,"[0, 0, 0, 0, 0, 0, 0]",0.0,0,"[7, 2, -3, 2, 8, 1, -2]","[1, 0, 1, 16, 0]",True,"[0, 0, 0, 0, 0, 0, 0]",0.0,"[7, 2, -3, 2, 8, 1, -2]","[1, 0, 1, 16, 0]",True,"[0, 0, 0, 0, 0, 0, 0]",0.0,391,0.785140562248996,39.40287381602096,0,0,3,0,"[7, 2, -3, 2, 8, 1, -2]","[1, 0, 1, 16, 0]",True,20,20,True,False,True,True,0,False,False,False,False,False,False,False,True,True,True,True,True,True,False,False,False,"[7, 2, -3, 2, 8, 1, -2]",0,0,0,0,0,0.6331954160123132,3.3167016226798296e-05,0.6224622919980902,0.0024901249853428453,14,14,"[('(0, 0, 0, 0, 0, 0, 0)', 391), ('(0, 0, 0, 0, 0, 1, 0)', 11), ('(0, 0, 0, 0, 0, 0, 1)', 10), ('(0, 0, -1, 0, 0, 0, 0)', 9), ('(0, 0, 0, 0, 0, -1, 0)', 8), ('(0, 0, 0, 0, 0, 0, -1)', 8), ('(0, 1, 0, 0, 0, 0, 0)', 7), ('(0, 0, 0, 0, 1, 0, 0)', 7), ('(-1, 0, 0, 0, 0, 0, 0)', 7), ('(0, 0, 1, 0, 0, 0, 0)', 6)]",5
5,7,17,12,"[0, -1, 0, 1, 1]","[0, 16, 0, 1, 1]","[1, -1, 1, 0, 0, 0, 0]","[-3, -6, 3, 0, 0, 0, -6]","[0, -1, 0, 0, -1, 0, 1]",3.0,"[9, 9, 13, 4, 7]",False,"[-1, 0, 0, 0, 0, 0, 0]",3.0,"[-4, -7, 4, 0, -1, 0, -6]","[13, 2, 4, 1, 16]",False,"[0, 0, 0, 0, 0, 0, 0]",3.0,0,"[-3, -6, 3, 0, 0, 0, -6]","[9, 9, 13, 4, 7]",False,"[0, 0, 0, 0, 0, 0, 0]",3.0,"[-3, -6, 3, 0, 0, 0, -6]","[9, 9, 13, 4, 7]",False,"[-1, 0, 0, 0, 0, 0, 0]",3.0,58,0.11764705882352941,3072.7422462556096,3,0,5,3,"[-4, -7, 4, 0, -1, 0, -6]","[13, 2, 4, 1, 16]",False,20,20,False,False,True,True,4,False,True,False,False,False,False,False,False,True,False,True,True,True,False,False,False,"[-4, -6, 2, 0, -1, 0, -5]",4,6,4,4,6,0.6751224999898113,3.116598236374557e-05,0.6588586669822689,0.00432737500523217,14,14,"[('(0, 0, 0, 0, 0, 0, 0)', 189), ('(-1, 0, 0, 0, 0, 0, 0)', 58), ('(0, 0, 0, 0, 0, 0, 1)', 40), ('(0, 0, 0, 0, -1, 0, 0)', 40), ('(0, 0, 0, 0, 0, 1, 0)', 37), ('(0, 0, 0, 0, -1, 0, 1)', 13), ('(-1, 0, 0, 0, 0, 0, 1)', 12), ('(-1, 0, 0, 0, -1, 0, 0)', 8), ('(0, 0, 0, 0, -1, 1, 0)', 7), ('(-1, 0, 0, 0, 0, 1, 0)', 7)]",5
5,7,17,10,"[-1, 1, -1, 1, 0]","[16, 1, 16, 1, 0]","[1, 0, 0, 0, 0, 0, 0]","[2, 6, 5, 4, -3, -8, 1]","[1, 0, 0, 0, 0, 0, 0]",1.0,"[16, 1, 16, 1, 0]",True,"[0, 0, 0, 0, 0, 0, 0]",1.0,"[2, 6, 5, 4, -3, -8, 1]","[16, 1, 16, 1, 0]",True,"[0, 0, 0, 0, 0, 0, 0]",1.0,0,"[2, 6, 5, 4, -3, -8, 1]","[16, 1, 16, 1, 0]",True,"[0, 0, 0, 0, 0, 0, 0]",1.0,"[2, 6, 5, 4, -3, -8, 1]","[16, 1, 16, 1, 0]",True,"[0, 0, 0, 0, 0, 0, 0]",1.0,170,0.3483606557377049,50.53583364434973,0,0,4,1,"[2, 6, 5, 4, -3, -8, 1]","[16, 1, 16, 1, 0]",True,20,20,True,False,True,True,0,False,False,False,False,False,False,False,True,True,True,True,True,True,False,False,False,"[2, 6, 5, 4, -3, -8, 1]",0,0,0,0,0,0.7877200419898145,3.287498839199543e-05,0.7747052500199061,0.0026994999789167196,14,14,"[('(0, 0, 0, 0, 0, 0, 0)', 170), ('(1, 0, 0, 0, 0, 0, 0)', 40), ('(0, 0, 0, 0, 0, 0, 1)', 33), ('(0, 0, 0, 0, 0, 1, 0)', 33), ('(0, 0, -1, 0, 0, 0, 0)', 27), ('(0, 0, 0, 0, 1, 0, 0)', 22), ('(0, 0, 0, 1, 0, 0, 0)', 15), ('(0, 0, -1, 0, 0, 1, 0)', 11), ('(0, 0, 0, 0, 1, 0, 1)', 9), ('(0, 0, -1, 0, 0, 0, 1)', 8)]",5
5,7,17,13,"[1, 0, -1, 1, 1]","[1, 0, 16, 1, 1]","[0, 0, 1, -1, 0, 1, -1]","[0, -5, -8, 3, 0, -5, 2]","[0, 0, 1, -1, 0, 1, -1]",4.0,"[1, 0, 16, 1, 1]",True,"[-1, 1, 0, 0, 0, 0, 0]",4.0,"[1, -4, -7, 2, -1, -4, 2]","[14, 5, 1, 1, 0]",False,"[0, 0, 0, 0, 0, 0, 0]",4.0,0,"[0, -5, -8, 3, 0, -5, 2]","[1, 0, 16, 1, 1]",True,"[0, 0, 0, 0, 0, 0, 0]",4.0,"[0, -5, -8, 3, 0, -5, 2]","[1, 0, 16, 1, 1]",True,"[0, 0, 0, 0, 0, 0, 0]",4.0,191,0.3850806451612903,63.674250462797225,0,0,4,4,"[0, -5, -8, 3, 0, -5, 2]","[1, 0, 16, 1, 1]",True,20,20,True,False,True,True,0,False,True,False,False,False,False,False,False,True,False,True,False,True,False,False,False,"[0, -5, -8, 3, 0, -5, 2]",0,6,0,0,0,0.7217996249964926,6.641700747422874e-05,0.7086583339842036,0.002485792007064447,14,14,"[('(0, 0, 0, 0, 0, 0, 0)', 191), ('(-1, 0, 0, 0, 0, 0, 0)', 51), ('(0, 0, 0, 0, 1, 0, 0)', 50), ('(0, 0, 0, -1, 0, 0, 0)', 38), ('(0, 1, 0, 0, 0, 0, 0)', 38), ('(-1, 0, 0, 0, 1, 0, 0)', 14), ('(0, 0, 0, -1, 1, 0, 0)', 12), ('(-1, 0, 0, -1, 0, 0, 0)', 12), ('(-1, 1, 0, 0, 0, 0, 0)', 9), ('(0, 0, 0, 0, 0, -1, 0)', 7)]",5
5,7,17,14,"[1, 0, 0, 1, 0]","[1, 0, 0, 1, 0]","[0, 0, -1, 0, 0, 0, -1]","[8, -1, -2, 8, -2, 6, 0]","[0, 0, -1, 0, 0, 0, -1]",2.0,"[1, 0, 0, 1, 0]",True,"[0, 0, 0, 0, 0, 0, 0]",2.0,"[8, -1, -2, 8, -2, 6, 0]","[1, 0, 0, 1, 0]",True,"[0, 0, 0, 0, 0, 0, 0]",2.0,0,"[8, -1, -2, 8, -2, 6, 0]","[1, 0, 0, 1, 0]",True,"[0, 0, 0, 0, 0, 0, 0]",2.0,"[8, -1, -2, 8, -2, 6, 0]","[1, 0, 0, 1, 0]",True,"[0, 0, 0, 0, 0, 0, 0]",2.0,228,0.46060606060606063,1.556627799644576,0,0,2,2,"[8, -1, -2, 8, -2, 6, 0]","[1, 0, 0, 1, 0]",True,20,20,True,False,True,True,0,False,False,False,False,False,False,False,True,True,True,True,True,True,False,False,False,"[8, -1, -2, 8, -2, 6, 0]",0,0,0,0,0,0.731167165999068,3.404199378564954e-05,0.7176539999782108,0.002537207998102531,14,14,"[('(0, 0, 0, 0, 0, 0, 0)', 228), ('(0, 0, 0, 0, 0, -1, 0)', 49), ('(0, 0, 0, 0, 0, 0, -1)', 31), ('(0, -1, 0, 0, 0, 0, 0)', 27), ('(1, 0, 0, 0, 0, 0, 0)', 27), ('(0, 0, 1, 0, 0, 0, 0)', 24), ('(1, 0, 0, 0, 0, -1, 0)', 10), ('(0, 0, 1, 0, 0, -1, 0)', 9), ('(0, 0, 0, 0, 0, -1, -1)', 8), ('(0, -1, 0, 0, 0, -1, 0)', 7)]",5
5,7,17,15,"[0, 1, 0, 1, 0]","[0, 1, 0, 1, 0]","[1, 0, 0, 0, 0, 0, 0]","[7, -7, -3, -2, -7, 6, 4]","[1, 0, 0, 0, 0, 0, 0]",1.0,"[0, 1, 0, 1, 0]",True,"[0, 0, 0, 0, 0, 0, 0]",1.0,"[7, -7, -3, -2, -7, 6, 4]","[0, 1, 0, 1, 0]",True,"[0, 0, 0, 0, 0, 0, 0]",1.0,0,"[7, -7, -3, -2, -7, 6, 4]","[0, 1, 0, 1, 0]",True,"[0, 0, 0, 0, 0, 0, 0]",1.0,"[7, -7, -3, -2, -7, 6, 4]","[0, 1, 0, 1, 0]",True,"[0, 0, 0, 0, 0, 0, 0]",1.0,277,0.5630081300813008,10.487237888630936,0,0,2,1,"[7, -7, -3, -2, -7, 6, 4]","[0, 1, 0, 1, 0]",True,20,20,True,False,True,True,0,False,False,False,False,False,False,False,True,True,True,True,True,True,False,False,False,"[7, -7, -3, -2, -7, 6, 4]",0,0,0,0,0,0.6849366250098683,3.0499999411404133e-05,0.6654612080019433,0.005325209000147879,14,14,"[('(0, 0, 0, 0, 0, 0, 0)', 277), ('(0, 0, 1, 0, 0, 0, 0)', 56), ('(0, 0, 0, 0, 0, 1, 0)', 36), ('(0, 0, 0, 0, 0, 0, -1)', 33), ('(0, 0, 1, 0, 0, 1, 0)', 9), ('(0, 0, 0, 0, 0, 1, -1)', 6), ('(0, 0, 0, 1, 0, 0, 0)', 5), ('(0, 1, 0, 0, 0, 0, 0)', 5), ('(1, 0, 0, 0, 0, 0, 0)', 5), ('(0, 0, 0, 0, 0, 0, 1)', 4)]",5
5,7,17,16,"[0, 0, 1, 0, 0]","[0, 0, 1, 0, 0]","[0, 0, 0, 0, 0, 0, 0]","[-3, 5, 5, 0, -4, -6, 5]","[0, 0, 0, 0, 0, 0, 0]",0.0,"[0, 0, 1, 0, 0]",True,"[0, 0, 0, 0, 0, 0, 0]",0.0,"[-3, 5, 5, 0, -4, -6, 5]","[0, 0, 1, 0, 0]",True,"[0, 0, 0, 0, 0, 0, 0]",0.0,0,"[-3, 5, 5, 0, -4, -6, 5]","[0, 0, 1, 0, 0]",True,"[0, 0, 0, 0, 0, 0, 0]",0.0,"[-3, 5, 5, 0, -4, -6, 5]","[0, 0, 1, 0, 0]",True,"[0, 0, 0, 0, 0, 0, 0]",0.0,394,0.788,39.402111423509886,0,0,1,0,"[-3, 5, 5, 0, -4, -6, 5]","[0, 0, 1, 0, 0]",True,20,20,True,False,True,True,0,False,False,False,False,False,False,False,True,True,True,True,True,True,False,False,False,"[-3, 5, 5, 0, -4, -6, 5]",0,0,0,0,0,0.6548283329757396,2.9749993700534105e-05,0.6439413749903906,0.0024634170113131404,14,14,"[('(0, 0, 0, 0, 0, 0, 0)', 394), ('(0, 0, 0, 0, 0, -1, 0)', 10), ('(0, 0, -1, 0, 0, 0, 0)', 9), ('(0, 0, 0, 0, 0, 0, 1)', 8), ('(-1, 0, 0, 0, 0, 0, 0)', 8), ('(0, 0, 0, 0, -1, 0, 0)', 7), ('(0, 1, 0, 0, 0, 0, 0)', 7), ('(0, 0, 0, 0, 1, 0, 0)', 7), ('(0, 0, 0, 0, 0, 1, 0)', 6), ('(0, 0, 0, 0, 0, 0, -1)', 6)]",5
5,7,17,17,"[-1, -1, -1, 0, 0]","[16, 16, 16, 0, 0]","[0, 1, 0, 0, 0, 0, 0]","[7, 7, 6, -6, -2, 6, -1]","[0, 1, 0, 0, 0, 0, 0]",1.0,"[16, 16, 16, 0, 0]",True,"[0, 0, 0, 0, 0, 0, 0]",1.0,"[7, 7, 6, -6, -2, 6, -1]","[16, 16, 16, 0, 0]",True,"[0, 0, 0, 0, 0, 0, 0]",1.0,0,"[7, 7, 6, -6, -2, 6, -1]","[16, 16, 16, 0, 0]",True,"[0, 0, 0, 0, 0, 0, 0]",1.0,"[7, 7, 6, -6, -2, 6, -1]","[16, 16, 16, 0, 0]",True,"[0, 0, 0, 0, 0, 0, 0]",1.0,232,0.4649298597194389,30.50489615464343,0,0,3,1,"[7, 7, 6, -6, -2, 6, -1]","[16, 16, 16, 0, 0]",True,20,20,True,False,True,True,0,False,False,False,False,False,False,False,True,True,True,True,True,True,False,False,False,"[7, 7, 6, -6, -2, 6, -1]",0,0,0,0,0,0.6575955000007525,2.970799687318504e-05,0.647164416994201,0.0024259999918285757,14,14,"[('(0, 0, 0, 0, 0, 0, 0)', 232), ('(1, 0, 0, 0, 0, 0, 0)', 61), ('(0, 0, 0, -1, 0, 0, 0)', 54), ('(0, 0, 0, 0, 0, 0, 1)', 51), ('(1, 0, 0, -1, 0, 0, 0)', 16), ('(0, 0, 0, -1, 0, 0, 1)', 14), ('(1, 0, 0, 0, 0, 0, 1)', 13), ('(1, 0, 0, -1, 0, 0, 1)', 7), ('(0, 0, -1, 0, 0, 0, 0)', 4), ('(-1, 0, 0, 0, 0, 0, 0)', 4)]",5
5,7,17,18,"[0, 0, -1, 0, 1]","[0, 0, 16, 0, 1]","[-1, 1, 0, 0, 0, 0, 0]","[-6, -2, 3, -6, 0, 1, -8]","[-1, 1, 0, 0, 0, 0, 0]",2.0,"[0, 0, 16, 0, 1]",True,"[0, 0, 0, 0, 0, 0, 0]",2.0,"[-6, -2, 3, -6, 0, 1, -8]","[0, 0, 16, 0, 1]",True,"[0, 0, 0, 0, 0, 0, 0]",2.0,0,"[-6, -2, 3, -6, 0, 1, -8]","[0, 0, 16, 0, 1]",True,"[0, 0, 0, 0, 0, 0, 0]",2.0,"[-6, -2, 3, -6, 0, 1, -8]","[0, 0, 16, 0, 1]",True,"[0, 0, 0, 0, 0, 0, 0]",2.0,257,0.5181451612903226,1.5447040415078384,0,0,2,2,"[-6, -2, 3, -6, 0, 1, -8]","[0, 0, 16, 0, 1]",True,20,20,True,False,True,True,0,False,False,False,False,False,False,False,True,True,True,True,True,True,False,False,False,"[-6, -2, 3, -6, 0, 1, -8]",0,0,0,0,0,0.6836823339981493,3.070899401791394e-05,0.6735400829929858,0.002527125005144626,14,14,"[('(0, 0, 0, 0, 0, 0, 0)', 257), ('(0, -1, 0, 0, 0, 0, 0)', 59), ('(0, 0, 0, 1, 0, 0, 0)', 40), ('(0, 0, 0, 0, 0, 1, 0)', 39), ('(0, -1, 0, 1, 0, 0, 0)', 13), ('(0, 0, 0, 1, 0, 1, 0)', 9), ('(0, -1, 0, 0, 0, 1, 0)', 9), ('(0, 0, 0, -1, 0, 0, 0)', 6), ('(0, 0, 1, 0, 0, 0, 0)', 6), ('(1, 0, 0, 0, 0, 0, 0)', 6)]",5
5,7,17,19,"[0, 1, -1, -1, 1]","[0, 1, 16, 16, 1]","[0, 0, 0, 0, 1, 0, 0]","[-8, -6, 5, 0, -7, -7, 1]","[0, 0, 0, 0, 1, 0, 0]",1.0,"[0, 1, 16, 16, 1]",True,"[0, 0, 0, 0, 0, 0, 0]",1.0,"[-8, -6, 5, 0, -7, -7, 1]","[0, 1, 16, 16, 1]",True,"[0, 0, 0, 0, 0, 0, 0]",1.0,0,"[-8, -6, 5, 0, -7, -7, 1]","[0, 1, 16, 16, 1]",True,"[0, 0, 0, 0, 0, 0, 0]",1.0,"[-8, -6, 5, 0, -7, -7, 1]","[0, 1, 16, 16, 1]",True,"[0, 0, 0, 0, 0, 0, 0]",1.0,236,0.47580645161290325,50.50319398588648,0,0,4,1,"[-8, -6, 5, 0, -7, -7, 1]","[0, 1, 16, 16, 1]",True,20,20,True,False,True,True,0,False,False,False,False,False,False,False,True,True,True,True,True,True,False,False,False,"[-8, -6, 5, 0, -7, -7, 1]",0,0,0,0,0,0.6881043750036042,3.079199814237654e-05,0.677819291013293,0.002612583979498595,14,14,"[('(0, 0, 0, 0, 0, 0, 0)', 236), ('(0, 0, 0, 0, 0, 1, 0)', 42), ('(0, 0, 0, 0, -1, 0, 0)', 38), ('(1, 0, 0, 0, 0, 0, 0)', 31), ('(0, 0, 0, 1, 0, 0, 0)', 31), ('(0, 0, 0, 0, -1, 1, 0)', 16), ('(1, 0, 0, 0, 0, 1, 0)', 9), ('(1, 0, 0, 0, -1, 0, 0)', 6), ('(0, 0, 0, 0, 0, 0, -1)', 6), ('(0, 0, 0, 0, 0, 0, 1)', 5)]",5
5,7,17,20,"[0, -1, 0, 0, 0]","[0, 16, 0, 0, 0]","[0, 0, 0, 0, 0, 1, -1]","[-4, -4, -1, 2, 7, -9, 4]","[0, 0, 0, 0, 0, 1, -1]",2.0,"[0, 16, 0, 0, 0]",True,"[0, 0, 0, 0, 0, 0, 0]",2.0,"[-4, -4, -1, 2, 7, -9, 4]","[0, 16, 0, 0, 0]",True,"[0, 0, 0, 0, 0, 0, 0]",2.0,0,"[-4, -4, -1, 2, 7, -9, 4]","[0, 16, 0, 0, 0]",True,"[0, 0, 0, 0, 0, 0, 0]",2.0,"[-4, -4, -1, 2, 7, -9, 4]","[0, 16, 0, 0, 0]",True,"[0, 0, 0, 0, 0, 0, 0]",2.0,205,0.4149797570850202,21.567212383121042,0,0,1,2,"[-4, -4, -1, 2, 7, -9, 4]","[0, 16, 0, 0, 0]",True,20,20,True,False,True,True,0,False,False,False,False,False,False,False,True,True,True,True,True,True,False,False,False,"[-4, -4, -1, 2, 7, -9, 4]",0,0,0,0,0,0.7309697500022594,3.0750001315027475e-05,0.7190263329830486,0.002534792001824826,14,14,"[('(0, 0, 0, 0, 0, 0, 0)', 205), ('(0, 0, 1, 0, 0, 0, 0)', 56), ('(0, 0, 0, 0, 0, -1, 0)', 49), ('(0, 0, 0, 0, 0, 0, 1)', 36), ('(0, 0, 0, 1, 0, 0, 0)', 30), ('(0, 0, 0, 1, 0, -1, 0)', 11), ('(0, 0, 1, 0, 0, -1, 0)', 11), ('(0, 0, 1, 1, 0, 0, 0)', 7), ('(1, 0, 0, 0, 0, 0, 0)', 7), ('(-1, 0, 0, 0, 0, 0, 0)', 6)]",5
5,7,17,22,"[0, 1, 0, -1, -1]","[0, 1, 0, 16, 16]","[0, 0, 0, 0, 0, 0, 0]","[4, -3, -3, 4, 5, 7, -4]","[0, 0, 0, 0, 0, 0, 0]",0.0,"[0, 1, 0, 16, 16]",True,"[0, 0, 0, 0, 0, 0, 0]",0.0,"[4, -3, -3, 4, 5, 7, -4]","[0, 1, 0, 16, 16]",True,"[0, 0, 0, 0, 0, 0, 0]",0.0,0,"[4, -3, -3, 4, 5, 7, -4]","[0, 1, 0, 16, 16]",True,"[0, 0, 0, 0, 0, 0, 0]",0.0,"[4, -3, -3, 4, 5, 7, -4]","[0, 1, 0, 16, 16]",True,"[0, 0, 0, 0, 0, 0, 0]",0.0,410,0.82,39.39814067855038,0,0,3,0,"[4, -3, -3, 4, 5, 7, -4]","[0, 1, 0, 16, 16]",True,20,20,True,False,True,True,0,False,False,False,False,False,False,False,True,True,True,True,True,True,False,False,False,"[4, -3, -3, 4, 5, 7, -4]",0,0,0,0,0,0.6852577090030536,0.00010150001617148519,0.6722131670103408,0.0027285830001346767,14,14,"[('(0, 0, 0, 0, 0, 0, 0)', 410), ('(0, 0, -1, 0, 0, 0, 0)', 15), ('(0, 0, 0, 0, 1, 0, 0)', 8), ('(0, 0, 0, 0, 0, 1, 0)', 7), ('(0, 0, 0, 0, 0, 0, -1)', 7), ('(0, 0, 0, 0, 0, 0, 1)', 6), ('(0, 1, 0, 0, 0, 0, 0)', 6), ('(0, 0, 0, 0, -1, 0, 0)', 5), ('(-1, 0, 0, 0, 0, 0, 0)', 5), ('(0, 0, 0, 0, 0, -1, 0)', 4)]",5
5,7,17,21,"[1, 0, 0, 0, 0]","[1, 0, 0, 0, 0]","[-1, 0, 0, 0, 0, 0, 0]","[5, -5, -7, 1, -2, -1, 6]","[-1, 0, 0, 0, 0, 0, 0]",1.0,"[1, 0, 0, 0, 0]",True,"[0, 0, 0, 0, 0, 0, 0]",1.0,"[5, -5, -7, 1, -2, -1, 6]","[1, 0, 0, 0, 0]",True,"[0, 0, 0, 0, 0, 0, 0]",1.0,0,"[5, -5, -7, 1, -2, -1, 6]","[1, 0, 0, 0, 0]",True,"[0, 0, 0, 0, 0, 0, 0]",1.0,"[5, -5, -7, 1, -2, -1, 6]","[1, 0, 0, 0, 0]",True,"[0, 0, 0, 0, 0, 0, 0]",1.0,91,0.18571428571428572,30.597821142295096,0,0,1,1,"[5, -5, -7, 1, -2, -1, 6]","[1, 0, 0, 0, 0]",True,20,20,True,False,True,True,0,False,False,False,False,False,False,False,True,True,True,True,True,True,False,False,False,"[5, -5, -7, 1, -2, -1, 6]",0,0,0,0,0,0.7863514580240007,3.579197800718248e-05,0.7748089999950025,0.002549625001847744,14,14,"[('(0, 0, 0, 0, 0, 0, 0)', 91), ('(0, 0, 0, 0, 1, 0, 0)', 43), ('(0, -1, 0, 0, 0, 0, 0)', 36), ('(0, 0, -1, 0, 0, 0, 0)', 35), ('(0, 0, 0, -1, 0, 0, 0)', 34), ('(0, 0, 0, 0, 0, 1, 0)', 24), ('(1, 0, 0, 0, 0, 0, 0)', 22), ('(0, 0, -1, 0, 0, 1, 0)', 13), ('(0, 0, 0, -1, 1, 0, 0)', 12), ('(1, 0, -1, 0, 0, 0, 0)', 11)]",5
5,7,17,24,"[0, -1, 0, 0, 0]","[0, 16, 0, 0, 0]","[0, -1, 0, 0, -1, 0, 0]","[-5, -2, 8, 6, 5, -4, 7]","[0, -1, 0, 0, -1, 0, 0]",2.0,"[0, 16, 0, 0, 0]",True,"[0, 0, 0, 0, 0, 0, 0]",2.0,"[-5, -2, 8, 6, 5, -4, 7]","[0, 16, 0, 0, 0]",True,"[0, 0, 0, 0, 0, 0, 0]",2.0,0,"[-5, -2, 8, 6, 5, -4, 7]","[0, 16, 0, 0, 0]",True,"[0, 0, 0, 0, 0, 0, 0]",2.0,"[-5, -2, 8, 6, 5, -4, 7]","[0, 16, 0, 0, 0]",True,"[0, 0, 0, 0, 0, 0, 0]",2.0,137,0.2767676767676768,21.60727463148428,0,0,1,2,"[-5, -2, 8, 6, 5, -4, 7]","[0, 16, 0, 0, 0]",True,20,20,True,False,True,True,0,False,False,False,False,False,False,False,True,True,True,True,True,True,False,False,False,"[-5, -2, 8, 6, 5, -4, 7]",0,0,0,0,0,0.7316984159988351,3.270799061283469e-05,0.7205007089942228,0.0025460830074734986,14,14,"[('(0, 0, 0, 0, 0, 0, 0)', 137), ('(-1, 0, 0, 0, 0, 0, 0)', 40), ('(0, 0, 0, 0, 0, -1, 0)', 34), ('(0, 0, -1, 0, 0, 0, 0)', 33), ('(0, -1, 0, 0, 0, 0, 0)', 33), ('(0, 0, 0, 0, 0, 0, -1)', 31), ('(0, 0, 0, 0, 1, 0, 0)', 18), ('(-1, -1, 0, 0, 0, 0, 0)', 11), ('(-1, 0, 0, 0, 0, -1, 0)', 10), ('(0, 0, -1, 0, 0, -1, 0)', 9)]",5
5,7,17,23,"[0, 0, -1, 0, 0]","[0, 0, 16, 0, 0]","[0, 1, -1, 0, 0, 0, 0]","[-7, -1, -7, 5, 5, -7, -2]","[0, 1, -1, 0, 0, 0, 0]",2.0,"[0, 0, 16, 0, 0]",True,"[0, 0, 0, 0, 0, 0, 0]",2.0,"[-7, -1, -7, 5, 5, -7, -2]","[0, 0, 16, 0, 0]",True,"[0, 0, 0, 0, 0, 0, 0]",2.0,0,"[-7, -1, -7, 5, 5, -7, -2]","[0, 0, 16, 0, 0]",True,"[0, 0, 0, 0, 0, 0, 0]",2.0,"[-7, -1, -7, 5, 5, -7, -2]","[0, 0, 16, 0, 0]",True,"[0, 0, 0, 0, 0, 0, 0]",2.0,160,0.32388663967611336,21.591859563501554,0,0,1,2,"[-7, -1, -7, 5, 5, -7, -2]","[0, 0, 16, 0, 0]",True,20,20,True,False,True,True,0,False,False,False,False,False,False,False,True,True,True,True,True,True,False,False,False,"[-7, -1, -7, 5, 5, -7, -2]",0,0,0,0,0,0.7657212500052992,3.0084018362686038e-05,0.7544887089752592,0.002674540999578312,14,14,"[('(0, 0, 0, 0, 0, 0, 0)', 160), ('(0, 1, 0, 0, 0, 0, 0)', 45), ('(-1, 0, 0, 0, 0, 0, 0)', 45), ('(0, 0, 1, 0, 0, 0, 0)', 23), ('(0, 0, 0, 0, 0, 0, -1)', 23), ('(0, 0, 0, 0, -1, 0, 0)', 20), ('(0, 0, 0, 1, 0, 0, 0)', 16), ('(-1, 1, 0, 0, 0, 0, 0)', 15), ('(0, 1, 0, 0, 0, 0, -1)', 11), ('(0, 0, 0, 1, 0, 0, -1)', 9)]",5
5,7,17,25,"[0, 0, 0, -1, 0]","[0, 0, 0, 16, 0]","[0, 0, 0, 0, -1, 0, 0]","[0, -2, 1, -3, 2, -7, 7]","[0, 0, 0, 0, -1, 0, 0]",1.0,"[0, 0, 0, 16, 0]",True,"[0, 0, 0, 0, 0, 0, 0]",1.0,"[0, -2, 1, -3, 2, -7, 7]","[0, 0, 0, 16, 0]",True,"[0, 0, 0, 0, 0, 0, 0]",1.0,0,"[0, -2, 1, -3, 2, -7, 7]","[0, 0, 0, 16, 0]",True,"[0, 0, 0, 0, 0, 0, 0]",1.0,"[0, -2, 1, -3, 2, -7, 7]","[0, 0, 0, 16, 0]",True,"[0, 0, 0, 0, 0, 0, 0]",1.0,180,0.36511156186612576,30.53015029687342,0,0,1,1,"[0, -2, 1, -3, 2, -7, 7]","[0, 0, 0, 16, 0]",True,20,20,True,False,True,True,0,False,False,False,False,False,False,False,True,True,True,True,True,True,False,False,False,"[0, -2, 1, -3, 2, -7, 7]",0,0,0,0,0,0.7274563329992816,3.066699719056487e-05,0.7141362080001272,0.0046917089784983546,14,14,"[('(0, 0, 0, 0, 0, 0, 0)', 180), ('(0, 0, 0, 0, 0, -1, 0)', 42), ('(1, 0, 0, 0, 0, 0, 0)', 40), ('(0, 1, 0, 0, 0, 0, 0)', 32), ('(0, 0, 0, 0, 1, 0, 0)', 24), ('(0, 0, 0, -1, 0, 0, 0)', 21), ('(0, 0, 0, 0, 0, 0, -1)', 17), ('(1, 1, 0, 0, 0, 0, 0)', 13), ('(0, 0, 0, 0, 1, -1, 0)', 12), ('(0, 0, 0, -1, 0, -1, 0)', 6)]",5
5,7,17,27,"[1, 0, 0, 1, -1]","[1, 0, 0, 1, 16]","[0, 0, 0, -1, 1, 1, -1]","[6, -5, 5, 2, 2, -6, 6]","[0, -1, 0, 0, 1, 1, -1]",4.0,"[4, 4, 10, 6, 13]",False,"[0, 0, 0, 0, 0, 0, 0]",4.0,"[6, -5, 5, 2, 2, -6, 6]","[4, 4, 10, 6, 13]",False,"[0, 0, 0, 0, 0, 0, 0]",4.0,0,"[6, -5, 5, 2, 2, -6, 6]","[4, 4, 10, 6, 13]",False,"[0, 0, 0, 0, 0, 0, 0]",4.0,"[6, -5, 5, 2, 2, -6, 6]","[4, 4, 10, 6, 13]",False,"[1, 0, 0, 0, 0, 0, 0]",4.0,17,0.03406813627254509,43.91096282421039,0,0,3,4,"[6, -6, 5, 3, 2, -6, 6]","[1, 0, 0, 1, 16]",True,20,20,True,True,True,True,0,False,False,False,False,False,True,True,True,True,True,True,False,True,False,False,True,"[6, -6, 5, 3, 2, -6, 6]",2,2,2,2,0,0.7025074169796426,3.22920095641166e-05,0.6913619170081802,0.002966833009850234,14,14,"[('(0, 0, 0, 0, 0, 0, 0)', 213), ('(0, 0, 0, 0, 0, 0, 1)', 41), ('(0, 0, 0, 0, 0, 1, 0)', 30), ('(0, 0, -1, 0, 0, 0, 0)', 27), ('(0, 1, 0, 0, 0, 0, 0)', 26), ('(0, 0, 0, 1, 0, 0, 0)', 23), ('(1, 0, 0, 0, 0, 0, 0)', 17), ('(0, 0, 0, 0, -1, 0, 0)', 14), ('(0, 0, 0, 0, 0, 1, 1)', 5), ('(0, 0, 0, -1, 0, 0, 0)', 5)]",5
5,7,17,29,"[-1, 1, 1, 0, 0]","[16, 1, 1, 0, 0]","[0, 0, 1, 0, 0, 0, 0]","[-5, 7, -8, 4, -4, 0, -2]","[0, 0, 1, 0, 0, 0, 0]",1.0,"[16, 1, 1, 0, 0]",True,"[0, 0, 0, 0, 0, 0, 0]",1.0,"[-5, 7, -8, 4, -4, 0, -2]","[16, 1, 1, 0, 0]",True,"[0, 0, 0, 0, 0, 0, 0]",1.0,0,"[-5, 7, -8, 4, -4, 0, -2]","[16, 1, 1, 0, 0]",True,"[0, 0, 0, 0, 0, 0, 0]",1.0,"[-5, 7, -8, 4, -4, 0, -2]","[16, 1, 1, 0, 0]",True,"[0, 0, 0, 0, 0, 0, 0]",1.0,261,0.5230460921843687,30.493165549623892,0,0,3,1,"[-5, 7, -8, 4, -4, 0, -2]","[16, 1, 1, 0, 0]",True,20,20,True,False,True,True,0,False,False,False,False,False,False,False,True,True,True,True,True,True,False,False,False,"[-5, 7, -8, 4, -4, 0, -2]",0,0,0,0,0,0.625726250000298,3.0583993066102266e-05,0.6144570419855881,0.0025683330022729933,14,14,"[('(0, 0, 0, 0, 0, 0, 0)', 261), ('(0, 0, 0, 0, 0, 0, -1)', 58), ('(0, 0, 0, 1, 0, 0, 0)', 41), ('(0, 0, 0, 0, 0, -1, 0)', 36), ('(0, 0, 0, 1, 0, -1, 0)', 10), ('(0, 0, 0, 0, 0, -1, -1)', 8), ('(0, 0, 0, 0, 1, 0, 0)', 7), ('(-1, 0, 0, 0, 0, 0, 0)', 7), ('(1, 0, 0, 0, 0, 0, 0)', 6), ('(0, 1, 0, 0, 0, 0, 0)', 5)]",5
5,7,17,26,"[0, 1, -1, 1, 0]","[0, 1, 16, 1, 0]","[1, 1, 0, 0, 0, 0, 0]","[2, 6, 3, 7, 0, -5, -7]","[1, 1, 0, 0, 0, 0, 0]",2.0,"[0, 1, 16, 1, 0]",True,"[0, 0, 0, 0, 0, 0, 0]",2.0,"[2, 6, 3, 7, 0, -5, -7]","[0, 1, 16, 1, 0]",True,"[0, 0, 0, 0, 0, 0, 0]",2.0,0,"[2, 6, 3, 7, 0, -5, -7]","[0, 1, 16, 1, 0]",True,"[0, 0, 0, 0, 0, 0, 0]",2.0,"[2, 6, 3, 7, 0, -5, -7]","[0, 1, 16, 1, 0]",True,"[0, 0, 0, 0, 0, 0, 0]",2.0,197,0.39878542510121456,21.57117329693055,0,0,3,2,"[2, 6, 3, 7, 0, -5, -7]","[0, 1, 16, 1, 0]",True,20,20,True,False,True,True,0,False,False,False,False,False,False,False,True,True,True,True,True,True,False,False,False,"[2, 6, 3, 7, 0, -5, -7]",0,0,0,0,0,0.7772393329942133,6.012499216012657e-05,0.7611099170171656,0.0025381250015925616,14,14,"[('(0, 0, 0, 0, 0, 0, 0)', 197), ('(0, 0, 0, 1, 0, 0, 0)', 44), ('(0, 0, 0, 0, 0, -1, 0)', 39), ('(0, 0, 1, 0, 0, 0, 0)', 27), ('(0, -1, 0, 0, 0, 0, 0)', 24), ('(1, 0, 0, 0, 0, 0, 0)', 16), ('(0, 0, 0, 1, 0, -1, 0)', 14), ('(0, 0, 0, 0, -1, 0, 0)', 12), ('(1, 0, 0, 1, 0, 0, 0)', 10), ('(0, 0, 0, 0, -1, -1, 0)', 8)]",5
5,7,17,28,"[0, -1, -1, 0, -1]","[0, 16, 16, 0, 16]","[0, -1, 0, 0, 0, 1, 1]","[2, 3, 4, 7, 3, 0, 8]","[1, 0, -1, 0, 0, -1, 0]",3.0,"[11, 11, 1, 3, 5]",False,"[-1, 0, 0, 0, -1, 0, 0]",3.0,"[3, 4, 3, 7, 3, -2, 7]","[0, 16, 16, 0, 16]",True,"[0, 0, 0, 0, 0, 0, 0]",3.0,0,"[2, 3, 4, 7, 3, 0, 8]","[11, 11, 1, 3, 5]",False,"[0, 0, 0, 0, 0, 0, 0]",3.0,"[2, 3, 4, 7, 3, 0, 8]","[11, 11, 1, 3, 5]",False,"[-1, 0, 0, 0, -1, 0, 0]",3.0,7,0.014227642276422764,32.942055845832016,0,0,3,3,"[3, 4, 3, 7, 3, -2, 7]","[0, 16, 16, 0, 16]",True,20,20,True,True,True,True,0,False,True,True,False,False,True,True,False,True,False,True,True,True,False,False,True,"[3, 4, 3, 7, 3, -2, 7]",8,0,8,8,0,0.7159669160027988,3.083300543949008e-05,0.7053958339965902,0.002398333017481491,14,14,"[('(0, 0, 0, 0, 0, 0, 0)', 179), ('(0, 0, 0, 0, -1, 0, 0)', 48), ('(0, 0, 0, 0, 0, -1, 0)', 25), ('(0, 0, 0, -1, 0, 0, 0)', 25), ('(0, 1, 0, 0, 0, 0, 0)', 24), ('(-1, 0, 0, 0, 0, 0, 0)', 17), ('(0, 0, 1, 0, 0, 0, 0)', 16), ('(0, 0, 0, 0, 0, 0, -1)', 16), ('(0, 0, 1, 0, -1, 0, 0)', 8), ('(0, 0, 0, -1, -1, 0, 0)', 7)]",5
5,7,17,30,"[0, 1, -1, 0, -1]","[0, 1, 16, 0, 16]","[1, 0, -1, 1, 1, 0, 0]","[4, 4, 1, 5, 6, -4, -3]","[0, 0, -1, -1, 0, 0, 0]",2.0,"[11, 15, 3, 13, 13]",False,"[0, 0, 0, 0, 0, 0, 0]",2.0,"[4, 4, 1, 5, 6, -4, -3]","[11, 15, 3, 13, 13]",False,"[0, 0, 0, 0, 0, 0, 0]",2.0,0,"[4, 4, 1, 5, 6, -4, -3]","[11, 15, 3, 13, 13]",False,"[0, 0, 0, 0, 0, 0, 0]",2.0,"[4, 4, 1, 5, 6, -4, -3]","[11, 15, 3, 13, 13]",False,"[0, -1, 0, 0, 0, 0, 0]",4.0,39,0.07878787878787878,43.83111205458861,0,0,3,4,"[3, 4, 1, 3, 5, -4, -3]","[0, 1, 16, 0, 16]",True,20,20,True,True,True,True,0,False,False,False,False,False,True,True,True,True,True,True,False,False,False,False,True,"[3, 4, 1, 3, 5, -4, -3]",6,6,6,6,0,0.7504984170082025,2.9457994969561696e-05,0.7379244169860613,0.0025400409940630198,14,14,"[('(0, 0, 0, 0, 0, 0, 0)', 161), ('(0, 0, 0, 0, 0, 0, 1)', 43), ('(0, -1, 0, 0, 0, 0, 0)', 39), ('(0, 0, 1, 0, 0, 0, 0)', 31), ('(0, 0, 0, -1, 0, 0, 0)', 24), ('(-1, 0, 0, 0, 0, 0, 0)', 21), ('(0, 0, 0, 0, 0, -1, 0)', 10), ('(0, 0, 0, -1, 0, 0, 1)', 9), ('(0, -1, 0, 0, 0, -1, 0)', 8), ('(-1, 0, 0, 0, 0, 0, 1)', 7)]",5
5,7,17,31,"[-1, 1, 1, 0, 0]","[16, 1, 1, 0, 0]","[0, 0, 1, 0, 0, 0, 0]","[-3, -2, -8, -6, 1, -7, -1]","[0, 0, 1, 0, 0, 0, 0]",1.0,"[16, 1, 1, 0, 0]",True,"[0, 0, 0, 0, 0, 0, 0]",1.0,"[-3, -2, -8, -6, 1, -7, -1]","[16, 1, 1, 0, 0]",True,"[0, 0, 0, 0, 0, 0, 0]",1.0,0,"[-3, -2, -8, -6, 1, -7, -1]","[16, 1, 1, 0, 0]",True,"[0, 0, 0, 0, 0, 0, 0]",1.0,"[-3, -2, -8, -6, 1, -7, -1]","[16, 1, 1, 0, 0]",True,"[0, 0, 0, 0, 0, 0, 0]",1.0,164,0.3293172690763052,30.53940545260994,0,0,3,1,"[-3, -2, -8, -6, 1, -7, -1]","[16, 1, 1, 0, 0]",True,20,20,True,False,True,True,0,False,False,False,False,False,False,False,True,True,True,True,True,True,False,False,False,"[-3, -2, -8, -6, 1, -7, -1]",0,0,0,0,0,0.7312771250144579,3.5250006476417184e-05,0.7155068749852944,0.0029504580015782267,14,14,"[('(0, 0, 0, 0, 0, 0, 0)', 164), ('(0, 0, 0, 0, 1, 0, 0)', 60), ('(1, 0, 0, 0, 0, 0, 0)', 51), ('(0, -1, 0, 0, 0, 0, 0)', 39), ('(0, 0, 0, 0, 0, 0, -1)', 36), ('(0, -1, 0, 0, 1, 0, 0)', 17), ('(1, 0, 0, 0, 1, 0, 0)', 14), ('(1, -1, 0, 0, 0, 0, 0)', 12), ('(0, 0, 0, 0, 1, 0, -1)', 10), ('(0, -1, 0, 0, 0, 0, -1)', 9)]",5
5,7,17,32,"[-1, -1, 0, 1, -1]","[16, 16, 0, 1, 16]","[0, 0, 1, 0, -1, 0, 0]","[3, 7, 0, 5, 2, 3, 3]","[0, 0, 1, 0, -1, 0, 0]",2.0,"[16, 16, 0, 1, 16]",True,"[0, 0, 0, 0, 0, 0, 0]",2.0,"[3, 7, 0, 5, 2, 3, 3]","[16, 16, 0, 1, 16]",True,"[0, 0, 0, 0, 0, 0, 0]",2.0,0,"[3, 7, 0, 5, 2, 3, 3]","[16, 16, 0, 1, 16]",True,"[0, 0, 0, 0, 0, 0, 0]",2.0,"[3, 7, 0, 5, 2, 3, 3]","[16, 16, 0, 1, 16]",True,"[0, 0, 0, 0, 0, 0, 0]",2.0,172,0.3460764587525151,41.584670840550224,0,0,4,2,"[3, 7, 0, 5, 2, 3, 3]","[16, 16, 0, 1, 16]",True,20,20,True,False,True,True,0,False,False,False,False,False,False,False,True,True,True,True,True,True,False,False,False,"[3, 7, 0, 5, 2, 3, 3]",0,0,0,0,0,0.719316875009099,3.399999695830047e-05,0.7082390839932486,0.0026605830062180758,14,14,"[('(0, 0, 0, 0, 0, 0, 0)', 172), ('(0, 0, 0, 0, -1, 0, 0)', 49), ('(0, 0, -1, 0, 0, 0, 0)', 36), ('(0, 0, 0, 1, 0, 0, 0)', 35), ('(-1, 0, 0, 0, 0, 0, 0)', 31), ('(0, 0, 0, 0, 0, 0, 1)', 15), ('(0, 0, -1, 0, -1, 0, 0)', 14), ('(0, 0, -1, 1, 0, 0, 0)', 13), ('(0, 0, 0, 1, -1, 0, 0)', 12), ('(-1, 0, 0, 0, -1, 0, 0)', 11)]",5
5,7,17,33,"[0, 0, 0, -1, 1]","[0, 0, 0, 16, 1]","[0, 1, 0, 0, 0, 0, 0]","[5, 1, 2, -3, 0, -2, -4]","[0, 1, 0, 0, 0, 0, 0]",1.0,"[0, 0, 0, 16, 1]",True,"[0, 0, 0, 0, 0, 0, 0]",1.0,"[5, 1, 2, -3, 0, -2, -4]","[0, 0, 0, 16, 1]",True,"[0, 0, 0, 0, 0, 0, 0]",1.0,0,"[5, 1, 2, -3, 0, -2, -4]","[0, 0, 0, 16, 1]",True,"[0, 0, 0, 0, 0, 0, 0]",1.0,"[5, 1, 2, -3, 0, -2, -4]","[0, 0, 0, 16, 1]",True,"[0, 0, 0, 0, 0, 0, 0]",1.0,205,0.41414141414141414,10.517212383121043,0,0,2,1,"[5, 1, 2, -3, 0, -2, -4]","[0, 0, 0, 16, 1]",True,20,20,True,False,True,True,0,False,False,False,False,False,False,False,True,True,True,True,True,True,False,False,False,"[5, 1, 2, -3, 0, -2, -4]",0,0,0,0,0,0.7265678749827202,3.2625015592202544e-05,0.7141227079846431,0.0025735840026754886,14,14,"[('(0, 0, 0, 0, 0, 0, 0)', 205), ('(0, -1, 0, 0, 0, 0, 0)', 54), ('(0, 0, 0, -1, 0, 0, 0)', 48), ('(0, 0, 0, 0, 0, 1, 0)', 32), ('(0, 0, 0, 0, 1, 0, 0)', 29), ('(0, 0, 0, -1, 1, 0, 0)', 13), ('(0, 0, 0, -1, 0, 1, 0)', 10), ('(0, 0, 0, 0, 1, 1, 0)', 9), ('(0, -1, 0, 0, 1, 0, 0)', 9), ('(0, -1, 0, -1, 0, 0, 0)', 8)]",5
5,7,17,34,"[0, 1, -1, 0, 0]","[0, 1, 16, 0, 0]","[0, 0, 0, -1, 0, 0, -1]","[-2, 6, -5, 0, 3, 0, 2]","[0, 0, 0, -1, 0, 0, -1]",2.0,"[0, 1, 16, 0, 0]",True,"[0, 0, 0, 0, 0, 0, 0]",2.0,"[-2, 6, -5, 0, 3, 0, 2]","[0, 1, 16, 0, 0]",True,"[0, 0, 0, 0, 0, 0, 0]",2.0,0,"[-2, 6, -5, 0, 3, 0, 2]","[0, 1, 16, 0, 0]",True,"[0, 0, 0, 0, 0, 0, 0]",2.0,"[-2, 6, -5, 0, 3, 0, 2]","[0, 1, 16, 0, 0]",True,"[0, 0, 0, 0, 0, 0, 0]",2.0,174,0.3543788187372709,1.5835214026076487,0,0,2,2,"[-2, 6, -5, 0, 3, 0, 2]","[0, 1, 16, 0, 0]",True,20,20,True,False,True,True,0,False,False,False,False,False,False,False,True,True,True,True,True,True,False,False,False,"[-2, 6, -5, 0, 3, 0, 2]",0,0,0,0,0,0.7421956670004874,3.370898775756359e-05,0.7307090000249445,0.0028882090118713677,14,14,"[('(0, 0, 0, 0, 0, 0, 0)', 174), ('(0, 0, 0, 0, 0, 0, -1)', 44), ('(-1, 0, 0, 0, 0, 0, 0)', 30), ('(0, 0, 1, 0, 0, 0, 0)', 26), ('(0, 0, 0, -1, 0, 0, 0)', 25), ('(0, -1, 0, 0, 0, 0, 0)', 23), ('(0, 0, 0, 0, 0, -1, 0)', 19), ('(0, 0, 0, 0, -1, 0, 0)', 19), ('(0, 0, 1, 0, 0, 0, -1)', 8), ('(-1, 0, 0, 0, 0, 0, -1)', 8)]",5
5,7,17,35,"[0, -1, 0, -1, 0]","[0, 16, 0, 16, 0]","[0, 0, 0, 1, 1, 0, -1]","[5, -4, -7, 4, 2, -6, 0]","[0, 0, 0, 1, 1, 0, -1]",3.0,"[0, 16, 0, 16, 0]",True,"[0, 0, 0, 0, 0, 0, 0]",3.0,"[5, -4, -7, 4, 2, -6, 0]","[0, 16, 0, 16, 0]",True,"[0, 0, 0, 0, 0, 0, 0]",3.0,0,"[5, -4, -7, 4, 2, -6, 0]","[0, 16, 0, 16, 0]",True,"[0, 0, 0, 0, 0, 0, 0]",3.0,"[5, -4, -7, 4, 2, -6, 0]","[0, 16, 0, 16, 0]",True,"[0, 0, 0, 0, 0, 0, 0]",3.0,180,0.36363636363636365,12.630150296873417,0,0,2,3,"[5, -4, -7, 4, 2, -6, 0]","[0, 16, 0, 16, 0]",True,20,20,True,False,True,True,0,False,False,False,False,False,False,False,True,True,True,True,True,True,False,False,False,"[5, -4, -7, 4, 2, -6, 0]",0,0,0,0,0,0.6977331249800045,3.0333001632243395e-05,0.6821812090056483,0.003614790999563411,14,14,"[('(0, 0, 0, 0, 0, 0, 0)', 180), ('(1, 0, 0, 0, 0, 0, 0)', 45), ('(0, 0, 0, 0, 0, 0, 1)', 42), ('(0, 0, 0, 0, 0, -1, 0)', 39), ('(0, 0, 0, 0, -1, 0, 0)', 22), ('(0, 1, 0, 0, 0, 0, 0)', 21), ('(1, 0, 0, 0, 0, 0, 1)', 12), ('(0, 0, 0, 0, 0, -1, 1)', 12), ('(1, 0, 0, 0, -1, 0, 0)', 10), ('(1, 0, 0, 0, 0, -1, 0)', 8)]",5
5,7,17,36,"[0, 1, 1, 0, -1]","[0, 1, 1, 0, 16]","[0, 0, 0, 0, 0, 0, -1]","[3, -7, -1, 5, 7, -8, 8]","[0, 0, 0, 0, 0, 0, -1]",1.0,"[0, 1, 1, 0, 16]",True,"[0, 0, 0, 0, 0, 0, 0]",1.0,"[3, -7, -1, 5, 7, -8, 8]","[0, 1, 1, 0, 16]",True,"[0, 0, 0, 0, 0, 0, 0]",1.0,0,"[3, -7, -1, 5, 7, -8, 8]","[0, 1, 1, 0, 16]",True,"[0, 0, 0, 0, 0, 0, 0]",1.0,"[3, -7, -1, 5, 7, -8, 8]","[0, 1, 1, 0, 16]",True,"[0, 0, 0, 0, 0, 0, 0]",1.0,224,0.4534412955465587,30.50838995977956,0,0,3,1,"[3, -7, -1, 5, 7, -8, 8]","[0, 1, 1, 0, 16]",True,20,20,True,False,True,True,0,False,False,False,False,False,False,False,True,True,True,True,True,True,False,False,False,"[3, -7, -1, 5, 7, -8, 8]",0,0,0,0,0,0.677935667015845,3.5250006476417184e-05,0.6678743330121506,0.002630458999192342,14,14,"[('(0, 0, 0, 0, 0, 0, 0)', 224), ('(0, 0, 0, 0, 0, 0, 1)', 58), ('(0, 0, 0, 0, -1, 0, 0)', 50), ('(0, 0, 0, 0, 0, -1, 0)', 36), ('(0, 0, 0, 0, 0, -1, 1)', 22), ('(0, 0, 0, 0, -1, 0, 1)', 17), ('(0, 1, 0, 0, 0, 0, 0)', 8), ('(0, 0, 0, 0, -1, -1, 0)', 7), ('(0, 0, -1, 0, 0, 0, 0)', 7), ('(0, 0, 0, 1, 0, 0, 0)', 6)]",5
5,7,17,38,"[-1, 1, 0, 0, 0]","[16, 1, 0, 0, 0]","[0, 0, 0, 0, 0, 0, 0]","[4, -4, -2, 6, 8, -3, 7]","[0, 0, 0, 0, 0, 0, 0]",0.0,"[16, 1, 0, 0, 0]",True,"[0, 0, 0, 0, 0, 0, 0]",0.0,"[4, -4, -2, 6, 8, -3, 7]","[16, 1, 0, 0, 0]",True,"[0, 0, 0, 0, 0, 0, 0]",0.0,0,"[4, -4, -2, 6, 8, -3, 7]","[16, 1, 0, 0, 0]",True,"[0, 0, 0, 0, 0, 0, 0]",0.0,"[4, -4, -2, 6, 8, -3, 7]","[16, 1, 0, 0, 0]",True,"[0, 0, 0, 0, 0, 0, 0]",0.0,404,0.808,19.399611293289347,0,0,2,0,"[4, -4, -2, 6, 8, -3, 7]","[16, 1, 0, 0, 0]",True,20,20,True,False,True,True,0,False,False,False,False,False,False,False,True,True,True,True,True,True,False,False,False,"[4, -4, -2, 6, 8, -3, 7]",0,0,0,0,0,0.6536398750031367,6.512500112876296e-05,0.6391593329899479,0.002569083997514099,14,14,"[('(0, 0, 0, 0, 0, 0, 0)', 404), ('(0, 0, 0, 0, 1, 0, 0)', 12), ('(0, 0, 0, 0, 0, 1, 0)', 9), ('(0, 0, 0, -1, 0, 0, 0)', 9), ('(0, 0, 0, 0, 0, 0, 1)', 8), ('(0, 1, 0, 0, 0, 0, 0)', 8), ('(0, -1, 0, 0, 0, 0, 0)', 8), ('(0, 0, 0, 0, 0, -1, 0)', 6), ('(0, 0, 1, 0, 0, 0, 0)', 6), ('(-1, 0, 0, 0, 0, 0, 0)', 6)]",5
5,7,17,37,"[-1, 0, 0, 0, 0]","[16, 0, 0, 0, 0]","[1, 0, -1, 0, -1, 0, -1]","[-1, -2, 2, 0, 2, -3, 2]","[0, 1, 1, -1, 0, -1, 0]",4.0,"[15, 13, 9, 12, 3]",False,"[-1, -1, 1, -1, 0, 0, 0]",4.0,"[-2, -1, 4, -1, 3, -4, 3]","[16, 0, 0, 0, 0]",True,"[0, 0, 0, 0, 0, 0, 0]",4.0,0,"[-1, -2, 2, 0, 2, -3, 2]","[15, 13, 9, 12, 3]",False,"[0, 0, 0, 0, 0, 0, 0]",4.0,"[-1, -2, 2, 0, 2, -3, 2]","[15, 13, 9, 12, 3]",False,"[0, -1, 0, 0, 0, 0, 0]",5.0,33,0.06639839034205232,3094.8973639475385,3,0,5,5,"[-2, -1, 2, 0, 2, -3, 1]","[3, 16, 16, 9, 4]",False,20,20,False,True,False,True,3,False,True,True,False,False,False,False,False,True,False,True,False,False,False,False,False,"[-2, -1, 4, -1, 3, -4, 3]",10,0,10,10,11,0.7243925000075251,3.1458999728783965e-05,0.7131405829859432,0.002487749996362254,14,14,"[('(0, 0, 0, 0, 0, 0, 0)', 180), ('(0, 0, 1, 0, 0, 0, 0)', 51), ('(0, 0, 0, -1, 0, 0, 0)', 38), ('(0, -1, 0, 0, 0, 0, 0)', 33), ('(-1, 0, 0, 0, 0, 0, 0)', 30), ('(0, 0, 0, 0, 0, 0, 1)', 27), ('(-1, 0, 0, 0, 0, 0, 1)', 10), ('(0, 0, 1, 0, 0, 0, 1)', 9), ('(0, 0, 1, -1, 0, 0, 0)', 8), ('(-1, 0, 0, -1, 0, 0, 0)', 8)]",5
5,7,17,39,"[1, -1, 1, 0, 0]","[1, 16, 1, 0, 0]","[0, 0, 0, 0, 0, 0, 0]","[-6, 2, -8, 8, 2, -4, -7]","[0, 0, 0, 0, 0, 0, 0]",0.0,"[1, 16, 1, 0, 0]",True,"[0, 0, 0, 0, 0, 0, 0]",0.0,"[-6, 2, -8, 8, 2, -4, -7]","[1, 16, 1, 0, 0]",True,"[0, 0, 0, 0, 0, 0, 0]",0.0,0,"[-6, 2, -8, 8, 2, -4, -7]","[1, 16, 1, 0, 0]",True,"[0, 0, 0, 0, 0, 0, 0]",0.0,"[-6, 2, -8, 8, 2, -4, -7]","[1, 16, 1, 0, 0]",True,"[0, 0, 0, 0, 0, 0, 0]",0.0,425,0.85,39.39455606537306,0,0,3,0,"[-6, 2, -8, 8, 2, -4, -7]","[1, 16, 1, 0, 0]",True,20,20,True,False,True,True,0,False,False,False,False,False,False,False,True,True,True,True,True,True,False,False,False,"[-6, 2, -8, 8, 2, -4, -7]",0,0,0,0,0,0.6553662910009734,3.0458002584055066e-05,0.6446430410142057,0.002315749996341765,14,14,"[('(0, 0, 0, 0, 0, 0, 0)', 425), ('(1, 0, 0, 0, 0, 0, 0)', 8), ('(-1, 0, 0, 0, 0, 0, 0)', 8), ('(0, 0, 0, 0, 0, -1, 0)', 7), ('(0, 0, 0, 0, -1, 0, 0)', 6), ('(0, 1, 0, 0, 0, 0, 0)', 6), ('(0, 0, 0, 1, 0, 0, 0)', 5), ('(0, 0, 1, 0, 0, 0, 0)', 5), ('(0, 0, 0, 0, 1, 0, 0)', 5), ('(0, 0, 0, -1, 0, 0, 0)', 4)]",5
5,7,17,40,"[1, -1, -1, 0, 0]","[1, 16, 16, 0, 0]","[0, 0, 0, 0, 0, 0, 0]","[-3, -2, 8, 1, -4, 7, -2]","[0, 0, 0, 0, 0, 0, 0]",0.0,"[1, 16, 16, 0, 0]",True,"[0, 0, 0, 0, 0, 0, 0]",0.0,"[-3, -2, 8, 1, -4, 7, -2]","[1, 16, 16, 0, 0]",True,"[0, 0, 0, 0, 0, 0, 0]",0.0,0,"[-3, -2, 8, 1, -4, 7, -2]","[1, 16, 16, 0, 0]",True,"[0, 0, 0, 0, 0, 0, 0]",0.0,"[-3, -2, 8, 1, -4, 7, -2]","[1, 16, 16, 0, 0]",True,"[0, 0, 0, 0, 0, 0, 0]",0.0,392,0.7855711422845691,39.40261903881307,0,0,3,0,"[-3, -2, 8, 1, -4, 7, -2]","[1, 16, 16, 0, 0]",True,20,20,True,False,True,True,0,False,False,False,False,False,False,False,True,True,True,True,True,True,False,False,False,"[-3, -2, 8, 1, -4, 7, -2]",0,0,0,0,0,0.6560156669875141,3.3625023206695914e-05,0.6407988749851938,0.0026457080093678087,14,14,"[('(0, 0, 0, 0, 0, 0, 0)', 392), ('(0, 0, 0, 0, 0, -1, 0)', 11), ('(0, 0, 0, 0, 0, 0, -1)', 10), ('(0, 0, 1, 0, 0, 0, 0)', 9), ('(0, 0, 0, 0, 1, 0, 0)', 9), ('(-1, 0, 0, 0, 0, 0, 0)', 8), ('(0, 0, 0, 0, 0, 1, 0)', 7), ('(0, 0, 0, -1, 0, 0, 0)', 7), ('(0, 0, -1, 0, 0, 0, 0)', 7), ('(0, -1, 0, 0, 0, 0, 0)', 7)]",5
5,7,17,41,"[1, -1, 0, 0, 1]","[1, 16, 0, 0, 1]","[0, 1, 0, 0, 1, 0, 0]","[7, -5, -6, 2, -6, -2, -7]","[0, 1, 0, 0, 1, 0, 0]",2.0,"[1, 16, 0, 0, 1]",True,"[0, 0, 0, 0, 0, 0, 0]",2.0,"[7, -5, -6, 2, -6, -2, -7]","[1, 16, 0, 0, 1]",True,"[0, 0, 0, 0, 0, 0, 0]",2.0,0,"[7, -5, -6, 2, -6, -2, -7]","[1, 16, 0, 0, 1]",True,"[0, 0, 0, 0, 0, 0, 0]",2.0,"[7, -5, -6, 2, -6, -2, -7]","[1, 16, 0, 0, 1]",True,"[0, 0, 0, 0, 0, 0, 0]",2.0,194,0.3935091277890467,21.572700044143627,0,0,3,2,"[7, -5, -6, 2, -6, -2, -7]","[1, 16, 0, 0, 1]",True,20,20,True,False,True,True,0,False,False,False,False,False,False,False,True,True,True,True,True,True,False,False,False,"[7, -5, -6, 2, -6, -2, -7]",0,0,0,0,0,0.7206103750213515,6.287501309998333e-05,0.7090291670174338,0.0026449580036569387,14,14,"[('(0, 0, 0, 0, 0, 0, 0)', 194), ('(1, 0, 0, 0, 0, 0, 0)', 57), ('(0, 0, 0, 0, 1, 0, 0)', 47), ('(0, 1, 0, 0, 0, 0, 0)', 47), ('(0, 0, 1, 0, 0, 0, 0)', 23), ('(1, 0, 0, 0, 1, 0, 0)', 13), ('(1, 0, 1, 0, 0, 0, 0)', 12), ('(0, 1, 0, 0, 1, 0, 0)', 9), ('(1, 1, 0, 0, 0, 0, 0)', 8), ('(0, -1, 0, 0, 0, 0, 0)', 6)]",5
5,7,17,42,"[1, 0, 1, 0, 1]","[1, 0, 1, 0, 1]","[1, 0, 0, 0, -1, 0, 0]","[4, -8, -2, 6, 5, -4, 6]","[-1, 0, 0, -1, 1, 0, 0]",3.0,"[9, 7, 1, 13, 13]",False,"[0, 0, -1, -1, 0, 0, 0]",2.0,"[2, -8, -2, 5, 7, -4, 6]","[1, 0, 1, 0, 1]",True,"[0, 0, 0, 0, 0, 0, 0]",3.0,0,"[4, -8, -2, 6, 5, -4, 6]","[9, 7, 1, 13, 13]",False,"[0, 0, -1, -1, 0, 0, 0]",2.0,"[2, -8, -2, 5, 7, -4, 6]","[1, 0, 1, 0, 1]",True,"[0, 0, -1, -1, 0, 0, 0]",2.0,13,0.026262626262626262,21.836094267038476,0,0,3,2,"[2, -8, -2, 5, 7, -4, 6]","[1, 0, 1, 0, 1]",True,20,20,True,True,True,True,0,True,True,True,False,True,True,True,False,False,True,True,True,True,False,True,True,"[2, -8, -2, 5, 7, -4, 6]",9,0,9,0,0,0.7762274580018129,3.100000321865082e-05,0.7644955420109909,0.0026118340028915554,14,14,"[('(0, 0, 0, 0, 0, 0, 0)', 167), ('(0, 0, -1, 0, 0, 0, 0)', 50), ('(0, 0, 0, -1, 0, 0, 0)', 41), ('(0, 0, 0, 0, 0, 0, 1)', 39), ('(1, 0, 0, 0, 0, 0, 0)', 22), ('(0, 0, 0, 0, 0, -1, 0)', 21), ('(0, 1, 0, 0, 0, 0, 0)', 17), ('(0, 0, -1, -1, 0, 0, 0)', 13), ('(0, 0, -1, 0, 0, -1, 0)', 9), ('(0, 0, 0, -1, 0, 0, 1)', 7)]",5
5,7,17,44,"[0, -1, -1, 1, -1]","[0, 16, 16, 1, 16]","[0, 0, 0, 1, 0, 0, 0]","[-5, 7, 4, 3, -4, 0, 2]","[0, 0, 0, 0, -1, 0, 0]",1.0,"[6, 4, 4, 16, 7]",False,"[-1, 0, 0, 0, 0, 0, 0]",1.0,"[-5, 7, 4, 2, -5, 0, 2]","[0, 16, 16, 1, 16]",True,"[0, 0, 0, 0, 0, 0, 0]",1.0,0,"[-5, 7, 4, 3, -4, 0, 2]","[6, 4, 4, 16, 7]",False,"[0, 0, 0, 0, 0, 0, 0]",1.0,"[-5, 7, 4, 3, -4, 0, 2]","[6, 4, 4, 16, 7]",False,"[-1, 0, 0, 0, 0, 0, 0]",1.0,47,0.09437751004016064,50.66287989890921,0,0,4,1,"[-5, 7, 4, 2, -5, 0, 2]","[0, 16, 16, 1, 16]",True,20,20,True,True,True,True,0,False,True,True,False,False,True,True,False,True,False,True,True,True,False,False,True,"[-5, 7, 4, 2, -5, 0, 2]",2,0,2,2,0,0.7208229170064442,6.200000643730164e-05,0.7068472910032142,0.004308208997827023,14,14,"[('(0, 0, 0, 0, 0, 0, 0)', 193), ('(-1, 0, 0, 0, 0, 0, 0)', 47), ('(0, 0, 0, 0, 0, 0, -1)', 43), ('(0, 0, 0, 0, 1, 0, 0)', 39), ('(0, 0, 1, 0, 0, 0, 0)', 29), ('(0, 0, 1, 0, 0, 0, -1)', 10), ('(0, 0, 0, 0, 1, 0, -1)', 10), ('(-1, 0, 0, 0, 1, 0, 0)', 9), ('(0, -1, 0, 0, 0, 0, 0)', 9), ('(0, 0, 0, 0, 0, 0, 1)', 7)]",5
5,7,17,43,"[1, 0, 0, 1, 0]","[1, 0, 0, 1, 0]","[1, 1, -1, -1, 0, 0, 0]","[-8, 9, -6, -3, 1, 2, -5]","[0, -1, -1, -1, -1, 0, 0]",4.0,"[2, 15, 7, 2, 14]",False,"[0, -1, 0, 0, 0, 0, 0]",3.0,"[-9, 8, -7, -4, 1, 1, -5]","[4, 8, 11, 0, 1]",False,"[0, -1, 0, 0, 0, 0, 0]",3.0,1,"[-9, 8, -7, -4, 1, 1, -5]","[4, 8, 11, 0, 1]",False,"[0, -1, 0, 0, 0, 0, 0]",3.0,"[-9, 8, -7, -4, 1, 1, -5]","[4, 8, 11, 0, 1]",False,"[-1, 0, 0, 0, 0, 0, 0]",4.0,38,0.07707910750507099,23.833643835387036,0,0,2,4,"[-9, 7, -6, -3, 0, 2, -5]","[1, 0, 0, 1, 0]",True,20,20,True,True,True,True,0,True,True,False,False,False,True,True,True,True,True,True,False,False,True,True,True,"[-9, 7, -6, -3, 0, 2, -5]",6,5,5,5,0,0.8166664580057841,5.0834001740440726e-05,0.8037762079911772,0.004362833016784862,14,14,"[('(0, 0, 0, 0, 0, 0, 0)', 141), ('(-1, 0, 0, 0, 0, 0, 0)', 38), ('(0, 0, 0, 0, 0, -1, 0)', 30), ('(0, 0, 0, -1, 0, 0, 0)', 30), ('(0, 0, 0, 0, 0, 0, 1)', 29), ('(0, 0, 0, 0, 1, 0, 0)', 25), ('(0, -1, 0, 0, 0, 0, 0)', 22), ('(0, -1, 0, -1, 0, 0, 0)', 14), ('(-1, 0, 0, -1, 0, 0, 0)', 10), ('(-1, 0, 0, 0, 0, -1, 0)', 9)]",5
5,7,17,45,"[0, -1, -1, -1, 0]","[0, 16, 16, 16, 0]","[-1, 0, 0, 0, 0, -1, 0]","[5, 0, -1, -2, -3, 2, 7]","[-1, 0, 0, 0, 0, -1, 0]",2.0,"[0, 16, 16, 16, 0]",True,"[0, 0, 0, 0, 0, 0, 0]",2.0,"[5, 0, -1, -2, -3, 2, 7]","[0, 16, 16, 16, 0]",True,"[0, 0, 0, 0, 0, 0, 0]",2.0,0,"[5, 0, -1, -2, -3, 2, 7]","[0, 16, 16, 16, 0]",True,"[0, 0, 0, 0, 0, 0, 0]",2.0,"[5, 0, -1, -2, -3, 2, 7]","[0, 16, 16, 16, 0]",True,"[0, 0, 0, 0, 0, 0, 0]",2.0,159,0.3212121212121212,21.59248261847662,0,0,3,2,"[5, 0, -1, -2, -3, 2, 7]","[0, 16, 16, 16, 0]",True,20,20,True,False,True,True,0,False,False,False,False,False,False,False,True,True,True,True,True,True,False,False,False,"[5, 0, -1, -2, -3, 2, 7]",0,0,0,0,0,0.7580288330209441,3.362499410286546e-05,0.7456725829979405,0.002435708011034876,14,14,"[('(0, 0, 0, 0, 0, 0, 0)', 159), ('(0, 0, 0, 0, 0, 0, 1)', 51), ('(1, 0, 0, 0, 0, 0, 0)', 35), ('(0, 0, 0, 0, 0, -1, 0)', 32), ('(0, 0, 0, 0, -1, 0, 0)', 23), ('(0, 1, 0, 0, 0, 0, 0)', 22), ('(0, 0, 0, 1, 0, 0, 0)', 21), ('(0, 0, 0, 0, 0, -1, 1)', 10), ('(0, 0, 0, 1, 0, -1, 0)', 10), ('(0, 1, 0, 1, 0, 0, 0)', 10)]",5
5,7,17,46,"[0, 0, 0, 1, -1]","[0, 0, 0, 1, 16]","[0, 0, 0, 0, 0, -1, 0]","[-8, 4, -3, -5, 0, -3, 2]","[0, 0, 0, 0, 0, 0, 1]",1.0,"[15, 16, 4, 9, 4]",False,"[0, 0, 0, 0, 0, 0, 0]",1.0,"[-8, 4, -3, -5, 0, -3, 2]","[15, 16, 4, 9, 4]",False,"[0, 0, 0, 0, 0, 0, 0]",1.0,0,"[-8, 4, -3, -5, 0, -3, 2]","[15, 16, 4, 9, 4]",False,"[0, 0, 0, 0, 0, 0, 0]",1.0,"[-8, 4, -3, -5, 0, -3, 2]","[15, 16, 4, 9, 4]",False,"[1, 0, 0, 0, 0, 0, 0]",1.0,84,0.1700404858299595,10.605734874350969,0,0,2,1,"[-8, 4, -3, -5, 0, -2, 3]","[0, 0, 0, 1, 16]",True,20,20,True,True,True,True,0,False,False,False,False,False,True,True,True,True,True,True,False,True,False,False,True,"[-8, 4, -3, -5, 0, -2, 3]",2,2,2,2,0,0.6907862499938346,2.9709015507251024e-05,0.674192958016647,0.0025407499924767762,14,14,"[('(0, 0, 0, 0, 0, 0, 0)', 320), ('(1, 0, 0, 0, 0, 0, 0)', 84), ('(0, 0, 1, 0, 0, 0, 0)', 9), ('(0, 0, -1, 0, 0, 0, 0)', 8), ('(0, 0, 0, 0, 1, 0, 0)', 7), ('(0, 0, 0, 0, -1, 0, 0)', 6), ('(0, 0, 0, 0, 0, 0, -1)', 6), ('(0, 1, 0, 0, 0, 0, 0)', 6), ('(0, 0, 0, 0, 0, -1, 0)', 6), ('(0, 0, 0, 0, 0, 0, 1)', 4)]",5
5,7,17,48,"[0, 0, -1, 1, 0]","[0, 0, 16, 1, 0]","[0, 0, 0, 1, 0, 0, 0]","[2, 4, 0, 1, -5, -8, -7]","[0, 0, 0, 0, 0, 1, 0]",1.0,"[4, 15, 9, 15, 2]",False,"[0, 0, 0, 0, 0, 0, 0]",1.0,"[2, 4, 0, 1, -5, -8, -7]","[4, 15, 9, 15, 2]",False,"[0, 0, 0, 0, 0, 0, 0]",1.0,0,"[2, 4, 0, 1, -5, -8, -7]","[4, 15, 9, 15, 2]",False,"[0, 0, 0, 0, 0, 0, 0]",1.0,"[2, 4, 0, 1, -5, -8, -7]","[4, 15, 9, 15, 2]",False,"[1, 0, 0, 0, 0, 0, 0]",1.0,42,0.08502024291497975,10.673879988430645,0,0,2,1,"[2, 4, 0, 0, -5, -7, -7]","[0, 0, 16, 1, 0]",True,20,20,True,True,True,True,0,False,False,False,False,False,True,True,True,True,True,True,False,True,False,False,True,"[2, 4, 0, 0, -5, -7, -7]",2,2,2,2,0,0.6854177920031361,3.170900163240731e-05,0.6741359999869019,0.003103082999587059,14,14,"[('(0, 0, 0, 0, 0, 0, 0)', 233), ('(0, 1, 0, 0, 0, 0, 0)', 44), ('(1, 0, 0, 0, 0, 0, 0)', 42), ('(0, 0, 0, 0, 0, 0, 1)', 38), ('(0, 0, 0, 0, 0, -1, 0)', 29), ('(-1, 0, 0, 0, 0, 0, 0)', 11), ('(1, 1, 0, 0, 0, 0, 0)', 9), ('(0, 0, 0, 0, -1, 0, 0)', 7), ('(1, 0, 0, 0, 0, 0, 1)', 6), ('(0, 1, 0, 0, 0, -1, 0)', 6)]",5
5,7,17,47,"[1, -1, 0, -1, 0]","[1, 16, 0, 16, 0]","[-1, 0, 1, 1, 0, 0, 0]","[-6, 5, -2, 5, -4, -7, -8]","[-1, 0, 1, 1, 0, 0, 0]",3.0,"[1, 16, 0, 16, 0]",True,"[0, 0, 0, 0, 0, 0, 0]",3.0,"[-6, 5, -2, 5, -4, -7, -8]","[1, 16, 0, 16, 0]",True,"[0, 0, 0, 0, 0, 0, 0]",3.0,0,"[-6, 5, -2, 5, -4, -7, -8]","[1, 16, 0, 16, 0]",True,"[0, 0, 0, 0, 0, 0, 0]",3.0,"[-6, 5, -2, 5, -4, -7, -8]","[1, 16, 0, 16, 0]",True,"[0, 0, 0, 0, 0, 0, 0]",3.0,230,0.46747967479674796,32.60575822894782,0,0,3,3,"[-6, 5, -2, 5, -4, -7, -8]","[1, 16, 0, 16, 0]",True,20,20,True,False,True,True,0,False,False,False,False,False,False,False,True,True,True,True,True,True,False,False,False,"[-6, 5, -2, 5, -4, -7, -8]",0,0,0,0,0,0.7334276670007966,3.312499029561877e-05,0.7195077500073239,0.0051492500060703605,14,14,"[('(0, 0, 0, 0, 0, 0, 0)', 230), ('(0, 0, 0, 0, 0, 0, 1)', 56), ('(0, 0, 0, 0, 0, 1, 0)', 27), ('(0, 0, 0, 0, -1, 0, 0)', 25), ('(0, 0, -1, 0, 0, 0, 0)', 17), ('(0, 0, 0, 1, 0, 0, 0)', 17), ('(0, 1, 0, 0, 0, 0, 0)', 16), ('(0, 0, 0, 0, 0, 1, 1)', 8), ('(0, 0, 0, 0, -1, 0, 1)', 7), ('(-1, 0, 0, 0, 0, 0, 0)', 7)]",5
5,7,17,49,"[1, -1, 1, 0, -1]","[1, 16, 1, 0, 16]","[-1, 0, 0, 0, 0, 0, 0]","[8, -3, -4, 6, 7, 8, 5]","[-1, 0, 0, 0, 0, 0, 0]",1.0,"[1, 16, 1, 0, 16]",True,"[0, 0, 0, 0, 0, 0, 0]",1.0,"[8, -3, -4, 6, 7, 8, 5]","[1, 16, 1, 0, 16]",True,"[0, 0, 0, 0, 0, 0, 0]",1.0,0,"[8, -3, -4, 6, 7, 8, 5]","[1, 16, 1, 0, 16]",True,"[0, 0, 0, 0, 0, 0, 0]",1.0,"[8, -3, -4, 6, 7, 8, 5]","[1, 16, 1, 0, 16]",True,"[0, 0, 0, 0, 0, 0, 0]",1.0,235,0.47283702213279677,50.50361681949744,0,0,4,1,"[8, -3, -4, 6, 7, 8, 5]","[1, 16, 1, 0, 16]",True,20,20,True,False,True,True,0,False,False,False,False,False,False,False,True,True,True,True,True,True,False,False,False,"[8, -3, -4, 6, 7, 8, 5]",0,0,0,0,0,0.6950084580166731,3.500000457279384e-05,0.6803187079785857,0.002623875014251098,14,14,"[('(0, 0, 0, 0, 0, 0, 0)', 235), ('(-1, 0, 0, 0, 0, 0, 0)', 53), ('(0, 0, 0, 0, 0, -1, 0)', 34), ('(0, 0, 0, 1, 0, 0, 0)', 34), ('(0, 1, 0, 0, 0, 0, 0)', 25), ('(-1, 0, 0, 1, 0, 0, 0)', 15), ('(0, 0, -1, 0, 0, 0, 0)', 8), ('(0, 0, 0, 0, -1, 0, 0)', 7), ('(0, 1, 0, 1, 0, 0, 0)', 7), ('(-1, 1, 0, 0, 0, 0, 0)', 7)]",5
5,7,17,50,"[-1, 0, 0, 0, 0]","[16, 0, 0, 0, 0]","[-1, 0, 0, 0, 0, 0, 0]","[4, 8, -4, 8, 6, -5, -5]","[-1, 0, 0, 0, 0, 0, 0]",1.0,"[16, 0, 0, 0, 0]",True,"[0, 0, 0, 0, 0, 0, 0]",1.0,"[4, 8, -4, 8, 6, -5, -5]","[16, 0, 0, 0, 0]",True,"[0, 0, 0, 0, 0, 0, 0]",1.0,0,"[4, 8, -4, 8, 6, -5, -5]","[16, 0, 0, 0, 0]",True,"[0, 0, 0, 0, 0, 0, 0]",1.0,"[4, 8, -4, 8, 6, -5, -5]","[16, 0, 0, 0, 0]",True,"[0, 0, 0, 0, 0, 0, 0]",1.0,214,0.43232323232323233,30.512936197187233,0,0,1,1,"[4, 8, -4, 8, 6, -5, -5]","[16, 0, 0, 0, 0]",True,20,20,True,False,True,True,0,False,False,False,False,False,False,False,True,True,True,True,True,True,False,False,False,"[4, 8, -4, 8, 6, -5, -5]",0,0,0,0,0,0.7415087080153171,2.8167007258161902e-05,0.7290039579966106,0.003324958001030609,14,14,"[('(0, 0, 0, 0, 0, 0, 0)', 214), ('(0, 0, 0, 0, 0, 0, 1)', 59), ('(0, 0, -1, 0, 0, 0, 0)', 38), ('(0, 0, 0, 0, -1, 0, 0)', 33), ('(0, 0, 0, 1, 0, 0, 0)', 29), ('(0, 0, 0, 1, 0, 0, 1)', 16), ('(0, 0, 0, 0, -1, 0, 1)', 11), ('(0, 0, -1, 0, 0, 0, 1)', 9), ('(0, 0, 0, 1, -1, 0, 0)', 8), ('(0, 0, -1, 0, -1, 0, 0)', 6)]",5
5,7,17,51,"[1, 0, 0, 0, -1]","[1, 0, 0, 0, 16]","[-1, -1, 0, -1, 0, 0, 0]","[1, 8, -8, 4, 3, -4, 6]","[-1, -1, 0, -1, 0, 0, 0]",3.0,"[1, 0, 0, 0, 16]",True,"[0, 0, 0, 0, 0, 0, 0]",3.0,"[1, 8, -8, 4, 3, -4, 6]","[1, 0, 0, 0, 16]",True,"[0, 0, 0, 0, 0, 0, 0]",3.0,0,"[1, 8, -8, 4, 3, -4, 6]","[1, 0, 0, 0, 16]",True,"[0, 0, 0, 0, 0, 0, 0]",3.0,"[1, 8, -8, 4, 3, -4, 6]","[1, 0, 0, 0, 16]",True,"[0, 0, 0, 0, 0, 0, 0]",3.0,242,0.491869918699187,12.600693855665945,0,0,2,3,"[1, 8, -8, 4, 3, -4, 6]","[1, 0, 0, 0, 16]",True,20,20,True,False,True,True,0,False,False,False,False,False,False,False,True,True,True,True,True,True,False,False,False,"[1, 8, -8, 4, 3, -4, 6]",0,0,0,0,0,0.7328922919987235,3.2042007660493255e-05,0.7205674170108978,0.004588665993651375,14,14,"[('(0, 0, 0, 0, 0, 0, 0)', 242), ('(0, 0, 0, 0, 0, 0, 1)', 56), ('(1, 0, 0, 0, 0, 0, 0)', 46), ('(0, 0, 0, 1, 0, 0, 0)', 20), ('(1, 0, 0, 0, 0, 0, 1)', 15), ('(0, -1, 0, 0, 0, 0, 0)', 14), ('(0, 1, 0, 0, 0, 0, 0)', 8), ('(0, -1, 0, 0, 0, 0, 1)', 8), ('(1, 0, 0, 1, 0, 0, 0)', 7), ('(0, 0, -1, 0, 0, 0, 0)', 7)]",5
5,7,17,52,"[1, -1, 0, 1, 0]","[1, 16, 0, 1, 0]","[0, 0, 0, 0, 0, 0, 0]","[-2, 0, -6, -6, 2, -7, -2]","[0, 0, 0, 0, 0, 0, 0]",0.0,"[1, 16, 0, 1, 0]",True,"[0, 0, 0, 0, 0, 0, 0]",0.0,"[-2, 0, -6, -6, 2, -7, -2]","[1, 16, 0, 1, 0]",True,"[0, 0, 0, 0, 0, 0, 0]",0.0,0,"[-2, 0, -6, -6, 2, -7, -2]","[1, 16, 0, 1, 0]",True,"[0, 0, 0, 0, 0, 0, 0]",0.0,"[-2, 0, -6, -6, 2, -7, -2]","[1, 16, 0, 1, 0]",True,"[0, 0, 0, 0, 0, 0, 0]",0.0,409,0.8196392785571143,39.398384284030165,0,0,3,0,"[-2, 0, -6, -6, 2, -7, -2]","[1, 16, 0, 1, 0]",True,20,20,True,False,True,True,0,False,False,False,False,False,False,False,True,True,True,True,True,True,False,False,False,"[-2, 0, -6, -6, 2, -7, -2]",0,0,0,0,0,0.7187140419846401,3.5834003938362e-05,0.7069336669810582,0.003122916998108849,14,14,"[('(0, 0, 0, 0, 0, 0, 0)', 409), ('(1, 0, 0, 0, 0, 0, 0)', 12), ('(0, 1, 0, 0, 0, 0, 0)', 10), ('(0, 0, 0, 0, 1, 0, 0)', 9), ('(0, 0, 0, 1, 0, 0, 0)', 8), ('(0, 0, 0, -1, 0, 0, 0)', 8), ('(0, 0, 0, 0, 0, 1, 0)', 7), ('(0, 0, 0, 0, 0, -1, 0)', 6), ('(0, 0, -1, 0, 0, 0, 0)', 5), ('(-1, 0, 0, 0, 0, 0, 0)', 5)]",5
5,7,17,54,"[-1, 0, 0, 1, -1]","[16, 0, 0, 1, 16]","[-1, 0, 0, 1, 1, 0, -1]","[-6, -7, -5, -1, -2, 3, 4]","[0, 0, 0, 0, 1, -1, -1]",3.0,"[0, 8, 9, 13, 1]",False,"[0, 0, 0, 0, 0, 0, 0]",3.0,"[-6, -7, -5, -1, -2, 3, 4]","[0, 8, 9, 13, 1]",False,"[0, 0, 0, 0, 0, 0, 0]",3.0,0,"[-6, -7, -5, -1, -2, 3, 4]","[0, 8, 9, 13, 1]",False,"[0, 0, 0, 0, 0, 0, 0]",3.0,"[-6, -7, -5, -1, -2, 3, 4]","[0, 8, 9, 13, 1]",False,"[-1, 0, 0, 0, 0, 0, 0]",4.0,31,0.0625,43.85342640972003,0,0,3,4,"[-5, -7, -5, -2, -2, 2, 4]","[16, 0, 0, 1, 16]",True,20,20,True,True,True,True,0,False,False,False,False,False,True,True,True,True,True,True,False,False,False,False,True,"[-5, -7, -5, -2, -2, 2, 4]",3,3,3,3,0,0.7329841669998132,3.2082985853776336e-05,0.7206337079987861,0.004160832992056385,14,14,"[('(0, 0, 0, 0, 0, 0, 0)', 239), ('(0, 0, 0, 0, 0, 0, -1)', 57), ('(0, 0, 0, 0, 0, 1, 0)', 33), ('(-1, 0, 0, 0, 0, 0, 0)', 31), ('(0, 1, 0, 0, 0, 0, 0)', 22), ('(0, 0, 0, 1, 0, 0, 0)', 19), ('(0, 0, 0, 0, 0, 1, -1)', 10), ('(0, 0, 0, 1, 0, 0, -1)', 10), ('(0, 1, 0, 0, 0, 0, -1)', 5), ('(-1, 0, 0, 0, 0, 1, 0)', 5)]",5
5,7,17,53,"[-1, 1, 0, -1, -1]","[16, 1, 0, 16, 16]","[0, 1, 0, 0, 1, 1, 0]","[-4, -3, -7, -7, 4, 1, 3]","[1, 0, 0, -1, 0, -1, 0]",3.0,"[3, 1, 5, 14, 2]",False,"[-1, 0, 0, 0, 0, 0, 0]",3.0,"[-4, -2, -7, -9, 4, 0, 3]","[16, 15, 15, 11, 0]",False,"[0, 0, 0, 0, 0, 0, 0]",3.0,0,"[-4, -3, -7, -7, 4, 1, 3]","[3, 1, 5, 14, 2]",False,"[0, 0, 0, 0, 0, 0, 0]",3.0,"[-4, -3, -7, -7, 4, 1, 3]","[3, 1, 5, 14, 2]",False,"[0, 1, 0, 0, 0, -1, 0]",3.0,6,0.012145748987854251,52.955408985094465,0,0,4,3,"[-3, -4, -7, -8, 3, -1, 3]","[16, 1, 0, 16, 16]",True,20,20,True,True,True,True,0,False,True,False,False,False,True,True,False,True,False,True,False,True,False,False,True,"[-3, -4, -7, -8, 3, -1, 3]",8,8,8,8,0,0.7881162500125356,4.325000918470323e-05,0.7746725829783827,0.0029356250015553087,14,14,"[('(0, 0, 0, 0, 0, 0, 0)', 155), ('(0, 0, 0, 0, 0, -1, 0)', 43), ('(0, 1, 0, 0, 0, 0, 0)', 39), ('(0, 0, 0, 0, 0, 0, 1)', 36), ('(0, 0, 0, 0, 1, 0, 0)', 36), ('(-1, 0, 0, 0, 0, 0, 0)', 33), ('(-1, 0, 0, 0, 0, -1, 0)', 16), ('(0, 0, 0, 0, 1, -1, 0)', 12), ('(0, 0, 0, 0, 1, 0, 1)', 8), ('(0, 1, 0, 0, 1, 0, 0)', 8)]",5
5,7,17,55,"[1, 0, 0, 0, -1]","[1, 0, 0, 0, 16]","[-1, 0, 0, 0, 0, 0, 0]","[-4, -5, 4, 8, 6, -1, 4]","[-1, 0, 0, 0, 0, 0, 0]",1.0,"[1, 0, 0, 0, 16]",True,"[0, 0, 0, 0, 0, 0, 0]",1.0,"[-4, -5, 4, 8, 6, -1, 4]","[1, 0, 0, 0, 16]",True,"[0, 0, 0, 0, 0, 0, 0]",1.0,0,"[-4, -5, 4, 8, 6, -1, 4]","[1, 0, 0, 0, 16]",True,"[0, 0, 0, 0, 0, 0, 0]",1.0,"[-4, -5, 4, 8, 6, -1, 4]","[1, 0, 0, 0, 16]",True,"[0, 0, 0, 0, 0, 0, 0]",1.0,209,0.4230769230769231,10.515289246928253,0,0,2,1,"[-4, -5, 4, 8, 6, -1, 4]","[1, 0, 0, 0, 16]",True,20,20,True,False,True,True,0,False,False,False,False,False,False,False,True,True,True,True,True,True,False,False,False,"[-4, -5, 4, 8, 6, -1, 4]",0,0,0,0,0,0.8144219999958295,6.004198803566396e-05,0.8030712920008227,0.002919499995186925,14,14,"[('(0, 0, 0, 0, 0, 0, 0)', 209), ('(0, 0, 0, 0, 1, 0, 0)', 38), ('(-1, 0, 0, 0, 0, 0, 0)', 35), ('(0, 0, 1, 0, 0, 0, 0)', 31), ('(0, 0, 0, 0, 0, 0, 1)', 27), ('(0, -1, 0, 0, 0, 0, 0)', 25), ('(-1, -1, 0, 0, 0, 0, 0)', 13), ('(0, -1, 0, 0, 1, 0, 0)', 10), ('(-1, 0, 0, 0, 1, 0, 0)', 7), ('(0, 0, 1, 0, 1, 0, 0)', 6)]",5
5,7,17,57,"[0, 0, 0, 1, 1]","[0, 0, 0, 1, 1]","[0, 0, 0, 0, 1, 0, 0]","[4, -7, -5, 7, 0, 8, -7]","[0, 0, 0, 0, 1, 0, 0]",1.0,"[0, 0, 0, 1, 1]",True,"[0, 0, 0, 0, 0, 0, 0]",1.0,"[4, -7, -5, 7, 0, 8, -7]","[0, 0, 0, 1, 1]",True,"[0, 0, 0, 0, 0, 0, 0]",1.0,0,"[4, -7, -5, 7, 0, 8, -7]","[0, 0, 0, 1, 1]",True,"[0, 0, 0, 0, 0, 0, 0]",1.0,"[4, -7, -5, 7, 0, 8, -7]","[0, 0, 0, 1, 1]",True,"[0, 0, 0, 0, 0, 0, 0]",1.0,228,0.45691382765531063,10.506627799644576,0,0,2,1,"[4, -7, -5, 7, 0, 8, -7]","[0, 0, 0, 1, 1]",True,20,20,True,False,True,True,0,False,False,False,False,False,False,False,True,True,True,True,True,True,False,False,False,"[4, -7, -5, 7, 0, 8, -7]",0,0,0,0,0,0.7771232910163235,3.362499410286546e-05,0.7662757920043077,0.0026996670057997108,14,14,"[('(0, 0, 0, 0, 0, 0, 0)', 228), ('(0, 0, 0, 0, 0, -1, 0)', 53), ('(0, 0, 0, 0, -1, 0, 0)', 45), ('(0, 0, 0, 0, 0, 0, -1)', 30), ('(0, 0, 1, 0, 0, 0, 0)', 29), ('(0, 0, 0, 0, 0, -1, -1)', 8), ('(0, 0, 0, 0, 0, 0, 1)', 6), ('(0, 0, 1, 0, 0, 0, -1)', 6), ('(0, 0, 1, 0, 0, -1, 0)', 6), ('(0, 0, 1, 0, -1, 0, 0)', 6)]",5
5,7,17,56,"[-1, 0, 0, 0, 1]","[16, 0, 0, 0, 1]","[0, 0, 1, 0, 0, 1, -1]","[-7, -7, -3, -2, -8, 0, -7]","[0, 0, 1, 0, 0, 1, -1]",3.0,"[16, 0, 0, 0, 1]",True,"[-1, 0, 0, 0, 0, 0, 0]",3.0,"[-7, -7, -3, -1, -8, 0, -8]","[4, 9, 9, 7, 6]",False,"[0, 0, 0, 0, 0, 0, 0]",3.0,0,"[-7, -7, -3, -2, -8, 0, -7]","[16, 0, 0, 0, 1]",True,"[0, 0, 0, 0, 0, 0, 0]",3.0,"[-7, -7, -3, -2, -8, 0, -7]","[16, 0, 0, 0, 1]",True,"[0, 0, 0, 0, 0, 0, 0]",3.0,124,0.2505050505050505,12.66716862626977,0,0,2,3,"[-7, -7, -3, -2, -8, 0, -7]","[16, 0, 0, 0, 1]",True,20,20,True,False,True,True,0,False,True,False,False,False,False,False,False,True,False,True,False,True,False,False,False,"[-7, -7, -3, -2, -8, 0, -7]",0,2,0,0,0,0.876717291015666,3.841702709905803e-05,0.8646301669941749,0.002683958999114111,14,14,"[('(0, 0, 0, 0, 0, 0, 0)', 124), ('(0, 0, 0, 1, 0, 0, 0)', 35), ('(0, 0, 0, 0, -1, 0, 0)', 32), ('(0, 0, 1, 0, 0, 0, 0)', 27), ('(0, 0, 0, 0, 0, 0, 1)', 26), ('(-1, 0, 0, 0, 0, 0, 0)', 25), ('(0, 0, 0, 0, 0, -1, 0)', 23), ('(0, 1, 0, 0, 0, 0, 0)', 18), ('(-1, 0, 0, 1, 0, 0, 0)', 10), ('(0, 0, 0, 0, -1, 0, 1)', 10)]",5
5,7,17,58,"[0, -1, 0, -1, 0]","[0, 16, 0, 16, 0]","[-1, 0, 0, 0, 0, -1, 0]","[-3, -3, -7, 5, 4, 7, -7]","[0, 0, 0, 0, 0, 0, -1]",1.0,"[6, 3, 3, 13, 3]",False,"[0, 0, 0, 0, 0, 0, 0]",1.0,"[-3, -3, -7, 5, 4, 7, -7]","[6, 3, 3, 13, 3]",False,"[0, 0, 0, 0, 0, 0, 0]",1.0,0,"[-3, -3, -7, 5, 4, 7, -7]","[6, 3, 3, 13, 3]",False,"[0, 0, 0, 0, 0, 0, 0]",1.0,"[-3, -3, -7, 5, 4, 7, -7]","[6, 3, 3, 13, 3]",False,"[0, -1, 0, 0, 0, 0, 0]",2.0,29,0.05823293172690763,1.7598802618337845,0,0,2,2,"[-2, -3, -7, 5, 4, 8, -8]","[0, 16, 0, 16, 0]",True,20,20,True,True,True,True,0,False,False,False,False,False,True,True,True,True,True,True,False,False,False,False,True,"[-2, -3, -7, 5, 4, 8, -8]",3,3,3,3,0,0.7656169580004644,3.6874989746138453e-05,0.7542677080200519,0.002538375003496185,14,14,"[('(0, 0, 0, 0, 0, 0, 0)', 229), ('(0, 0, 0, 0, 0, -1, 0)', 56), ('(0, 0, 0, 0, -1, 0, 0)', 51), ('(0, -1, 0, 0, 0, 0, 0)', 29), ('(0, 0, 0, 1, 0, 0, 0)', 29), ('(0, -1, 0, 0, 0, -1, 0)', 8), ('(0, 0, 0, 0, -1, -1, 0)', 8), ('(0, 0, 0, 1, 0, -1, 0)', 6), ('(0, -1, 0, 1, 0, 0, 0)', 6), ('(1, 0, 0, 0, 0, 0, 0)', 5)]",5
5,7,17,59,"[0, 0, -1, -1, 1]","[0, 0, 16, 16, 1]","[0, 0, 0, -1, 0, 1, 1]","[2, -9, -1, 0, -3, 6, 0]","[-1, 1, 0, -1, 0, 0, 0]",3.0,"[11, 12, 16, 6, 7]",False,"[-1, 0, 0, 0, 0, 0, 0]",3.0,"[1, -8, -1, 0, -3, 5, -1]","[0, 0, 16, 16, 1]",True,"[0, 0, 0, 0, 0, 0, 0]",3.0,0,"[2, -9, -1, 0, -3, 6, 0]","[11, 12, 16, 6, 7]",False,"[0, 0, 0, 0, 0, 0, 0]",3.0,"[2, -9, -1, 0, -3, 6, 0]","[11, 12, 16, 6, 7]",False,"[-1, 0, 0, 0, 0, 0, 0]",3.0,38,0.07661290322580645,32.78364383538703,0,0,3,3,"[1, -8, -1, 0, -3, 5, -1]","[0, 0, 16, 16, 1]",True,20,20,True,True,True,True,0,False,True,True,False,False,True,True,False,True,False,True,True,True,False,False,True,"[1, -8, -1, 0, -3, 5, -1]",4,0,4,4,0,0.8301944170088973,4.024998634122312e-05,0.8182209169899579,0.0025740830169524997,14,14,"[('(0, 0, 0, 0, 0, 0, 0)', 154), ('(0, 0, 0, 0, 0, 0, -1)', 43), ('(-1, 0, 0, 0, 0, 0, 0)', 38), ('(0, 0, 0, 1, 0, 0, 0)', 35), ('(0, 0, 0, 0, 0, 1, 0)', 32), ('(0, 0, 0, 0, 1, 0, 0)', 20), ('(0, 0, 1, 0, 0, 0, 0)', 15), ('(0, 0, 0, 0, 0, 1, -1)', 9), ('(0, 0, 0, 1, 0, 0, -1)', 8), ('(0, 0, 0, 1, 0, 1, 0)', 8)]",5
5,7,17,60,"[0, -1, 0, 0, -1]","[0, 16, 0, 0, 16]","[0, 1, 1, 1, 1, 0, 0]","[-4, 6, -6, -4, 0, 0, -4]","[0, -1, 0, 0, 0, 0, 0]",1.0,"[16, 3, 11, 3, 15]",False,"[0, 0, 0, 0, 0, 0, 0]",1.0,"[-4, 6, -6, -4, 0, 0, -4]","[16, 3, 11, 3, 15]",False,"[0, 0, 0, 0, 0, 0, 0]",1.0,0,"[-4, 6, -6, -4, 0, 0, -4]","[16, 3, 11, 3, 15]",False,"[0, 0, 0, 0, 0, 0, 0]",1.0,"[-4, 6, -6, -4, 0, 0, -4]","[16, 3, 11, 3, 15]",False,"[1, 0, 1, 0, 0, 0, 0]",5.0,6,0.012096774193548387,2055.0554089850943,2,0,3,5,"[-3, 4, -6, -3, 0, -1, -3]","[1, 0, 2, 11, 0]",False,20,20,False,True,True,True,5,False,False,False,False,False,False,False,True,True,True,True,False,False,False,False,False,"[-4, 4, -7, -5, -1, 0, -4]",7,7,7,7,9,0.8296362079854589,3.38749960064888e-05,0.815404250024585,0.005109624995384365,14,14,"[('(0, 0, 0, 0, 0, 0, 0)', 160), ('(0, 0, 0, 0, 0, 0, 1)', 37), ('(0, 0, 1, 0, 0, 0, 0)', 36), ('(0, 0, 0, -1, 0, 0, 0)', 34), ('(0, -1, 0, 0, 0, 0, 0)', 30), ('(1, 0, 0, 0, 0, 0, 0)', 23), ('(0, 0, 0, 0, 0, -1, 0)', 20), ('(0, -1, 0, 0, 0, 0, 1)', 8), ('(1, 0, 0, 0, 0, 0, 1)', 7), ('(0, 0, 0, 0, 0, -1, 1)', 7)]",5
5,7,17,63,"[1, 0, 0, 1, -1]","[1, 0, 0, 1, 16]","[0, 0, -1, 1, 0, 0, 0]","[8, 3, -2, 7, -4, -3, 4]","[0, 0, -1, 1, 0, 0, 0]",2.0,"[1, 0, 0, 1, 16]",True,"[0, 0, 0, 0, 0, 0, 0]",2.0,"[8, 3, -2, 7, -4, -3, 4]","[1, 0, 0, 1, 16]",True,"[0, 0, 0, 0, 0, 0, 0]",2.0,0,"[8, 3, -2, 7, -4, -3, 4]","[1, 0, 0, 1, 16]",True,"[0, 0, 0, 0, 0, 0, 0]",2.0,"[8, 3, -2, 7, -4, -3, 4]","[1, 0, 0, 1, 16]",True,"[0, 0, 0, 0, 0, 0, 0]",2.0,213,0.42771084337349397,21.563402398497818,0,0,3,2,"[8, 3, -2, 7, -4, -3, 4]","[1, 0, 0, 1, 16]",True,20,20,True,False,True,True,0,False,False,False,False,False,False,False,True,True,True,True,True,True,False,False,False,"[8, 3, -2, 7, -4, -3, 4]",0,0,0,0,0,0.7772645420045592,3.987498348578811e-05,0.7573955419939011,0.0059734169917646796,14,14,"[('(0, 0, 0, 0, 0, 0, 0)', 213), ('(0, 0, 0, 0, 0, 0, -1)', 44), ('(0, -1, 0, 0, 0, 0, 0)', 36), ('(-1, 0, 0, 0, 0, 0, 0)', 36), ('(0, 0, 0, 0, 0, -1, 0)', 33), ('(0, 0, 0, 0, 1, 0, 0)', 28), ('(0, 0, 0, 0, 1, 0, -1)', 10), ('(0, 0, 0, 0, 1, -1, 0)', 7), ('(-1, 0, 0, 0, 0, 0, -1)', 5), ('(-1, 0, 0, 0, 0, -1, 0)', 5)]",5
5,7,17,61,"[-1, -1, 1, 1, 1]","[16, 16, 1, 1, 1]","[0, 0, 1, 0, 0, -1, -1]","[3, -2, 4, 4, 4, 2, 4]","[0, 0, -1, -1, 1, 0, 0]",3.0,"[8, 2, 2, 8, 12]",False,"[-1, 0, 0, 0, 0, 0, 0]",3.0,"[2, -2, 3, 3, 4, 1, 4]","[2, 4, 4, 7, 10]",False,"[0, 0, 0, 0, 0, 0, 0]",3.0,0,"[3, -2, 4, 4, 4, 2, 4]","[8, 2, 2, 8, 12]",False,"[0, 0, 0, 0, 0, 0, 0]",3.0,"[3, -2, 4, 4, 4, 2, 4]","[8, 2, 2, 8, 12]",False,"[-1, 0, 0, 0, 1, 0, 0]",3.0,8,0.01609657947686117,72.93027754226638,0,0,5,3,"[3, -2, 2, 3, 5, 3, 5]","[16, 16, 1, 1, 1]",True,20,20,True,True,True,True,0,False,True,False,False,False,True,True,False,True,False,True,False,True,False,False,True,"[3, -2, 2, 3, 5, 3, 5]",8,8,8,8,0,0.8713084589981008,3.3499993151053786e-05,0.8593929170165211,0.0040594160091131926,14,14,"[('(0, 0, 0, 0, 0, 0, 0)', 126), ('(0, 0, 0, 0, 0, -1, 0)', 35), ('(0, 0, 0, 0, 1, 0, 0)', 32), ('(0, 0, 0, -1, 0, 0, 0)', 28), ('(-1, 0, 0, 0, 0, 0, 0)', 25), ('(0, 0, 0, 0, 0, 0, 1)', 19), ('(0, 0, 1, 0, 0, 0, 0)', 17), ('(0, 1, 0, 0, 0, 0, 0)', 15), ('(-1, 0, 0, 0, 1, 0, 0)', 8), ('(-1, 0, 0, 0, 0, 0, 1)', 8)]",5
5,7,17,62,"[1, 0, 1, 0, 0]","[1, 0, 1, 0, 0]","[-1, -1, 0, 0, 0, 0, 0]","[-1, 0, -5, -6, -5, 8, 4]","[-1, -1, 0, 0, 0, 0, 0]",2.0,"[1, 0, 1, 0, 0]",True,"[0, 0, 0, 0, 0, 0, 0]",2.0,"[-1, 0, -5, -6, -5, 8, 4]","[1, 0, 1, 0, 0]",True,"[0, 0, 0, 0, 0, 0, 0]",2.0,0,"[-1, 0, -5, -6, -5, 8, 4]","[1, 0, 1, 0, 0]",True,"[0, 0, 0, 0, 0, 0, 0]",2.0,"[-1, 0, -5, -6, -5, 8, 4]","[1, 0, 1, 0, 0]",True,"[0, 0, 0, 0, 0, 0, 0]",2.0,207,0.42073170731707316,1.5662461920298683,0,0,2,2,"[-1, 0, -5, -6, -5, 8, 4]","[1, 0, 1, 0, 0]",True,20,20,True,False,True,True,0,False,False,False,False,False,False,False,True,True,True,True,True,True,False,False,False,"[-1, 0, -5, -6, -5, 8, 4]",0,0,0,0,0,0.8389157080091536,3.5375007428228855e-05,0.8289039999945089,0.0026723749761004,14,14,"[('(0, 0, 0, 0, 0, 0, 0)', 207), ('(0, 0, 0, 0, 0, 0, 1)', 47), ('(0, 0, 0, 0, 0, 1, 0)', 27), ('(0, 0, 0, -1, 0, 0, 0)', 27), ('(-1, 0, 0, 0, 0, 0, 0)', 21), ('(0, 1, 0, 0, 0, 0, 0)', 20), ('(0, 0, 1, 0, 0, 0, 0)', 13), ('(0, 0, 0, -1, 0, 0, 1)', 8), ('(0, 0, -1, 0, 0, 0, 0)', 8), ('(0, 0, 0, 0, 0, 1, 1)', 7)]",5
5,7,17,64,"[0, 0, 0, 1, 1]","[0, 0, 0, 1, 1]","[-1, 1, -1, 0, -1, 0, 0]","[-5, 6, -8, -6, 5, 4, 2]","[-1, 1, 1, 0, 0, 0, 0]",3.0,"[5, 2, 10, 6, 6]",False,"[0, 0, 0, 0, 0, 0, 0]",3.0,"[-5, 6, -8, -6, 5, 4, 2]","[5, 2, 10, 6, 6]",False,"[0, 0, 0, 0, 0, 0, 0]",3.0,0,"[-5, 6, -8, -6, 5, 4, 2]","[5, 2, 10, 6, 6]",False,"[0, 0, 0, 0, 0, 0, 0]",3.0,"[-5, 6, -8, -6, 5, 4, 2]","[5, 2, 10, 6, 6]",False,"[0, -1, 0, 0, 0, 0, 0]",5.0,6,0.012096774193548387,2095.0554089850943,2,0,5,5,"[-5, 6, -8, -5, 5, 3, 2]","[1, 16, 5, 16, 15]",False,20,20,False,True,True,True,2,False,False,False,False,False,False,False,True,True,True,True,False,False,False,False,False,"[-5, 6, -6, -6, 6, 4, 2]",5,5,5,5,7,0.805578041006811,3.5457982448861e-05,0.7927019589988049,0.004722250014310703,14,14,"[('(0, 0, 0, 0, 0, 0, 0)', 166), ('(0, 0, 0, 0, 1, 0, 0)', 53), ('(0, 0, -1, 0, 0, 0, 0)', 41), ('(0, 0, 0, 0, 0, -1, 0)', 30), ('(0, 0, 0, 1, 0, 0, 0)', 26), ('(0, 0, 0, 0, 0, 0, 1)', 24), ('(0, 0, 0, 0, 1, -1, 0)', 13), ('(0, 0, -1, 0, 1, 0, 0)', 12), ('(0, 0, -1, 0, 0, 0, 1)', 8), ('(0, 0, 0, 1, 0, -1, 0)', 8)]",5
5,7,17,65,"[1, 0, 0, 1, -1]","[1, 0, 0, 1, 16]","[0, 0, 0, 0, -1, 0, 0]","[5, 5, 0, -8, -3, 3, 8]","[0, 0, 0, 0, -1, 0, 0]",1.0,"[1, 0, 0, 1, 16]",True,"[0, 0, 0, 0, 0, 0, 0]",1.0,"[5, 5, 0, -8, -3, 3, 8]","[1, 0, 0, 1, 16]",True,"[0, 0, 0, 0, 0, 0, 0]",1.0,0,"[5, 5, 0, -8, -3, 3, 8]","[1, 0, 0, 1, 16]",True,"[0, 0, 0, 0, 0, 0, 0]",1.0,"[5, 5, 0, -8, -3, 3, 8]","[1, 0, 0, 1, 16]",True,"[0, 0, 0, 0, 0, 0, 0]",1.0,202,0.4089068825910931,30.51867940209582,0,0,3,1,"[5, 5, 0, -8, -3, 3, 8]","[1, 0, 0, 1, 16]",True,20,20,True,False,True,True,0,False,False,False,False,False,False,False,True,True,True,True,True,True,False,False,False,"[5, 5, 0, -8, -3, 3, 8]",0,0,0,0,0,0.7973560829996131,8.733401773497462e-05,0.7847521250077989,0.002464332996169105,14,14,"[('(0, 0, 0, 0, 0, 0, 0)', 202), ('(0, 0, 0, 0, 0, 0, 1)', 46), ('(0, 0, 0, 0, 0, 1, 0)', 42), ('(0, 0, 0, 0, 1, 0, 0)', 35), ('(0, -1, 0, 0, 0, 0, 0)', 33), ('(1, 0, 0, 0, 0, 0, 0)', 29), ('(1, 0, 0, 0, 0, 0, 1)', 8), ('(1, 0, 0, 0, 1, 0, 0)', 8), ('(0, -1, 0, 0, 1, 0, 0)', 7), ('(1, -1, 0, 0, 0, 0, 0)', 7)]",5
5,7,17,66,"[0, 0, -1, 0, 0]","[0, 0, 16, 0, 0]","[-1, 0, 1, 0, 0, 0, 0]","[-4, 7, 7, -7, -5, 5, 2]","[-1, 0, 1, 0, 0, 0, 0]",2.0,"[0, 0, 16, 0, 0]",True,"[0, 0, 0, 0, 0, 0, 0]",2.0,"[-4, 7, 7, -7, -5, 5, 2]","[0, 0, 16, 0, 0]",True,"[0, 0, 0, 0, 0, 0, 0]",2.0,0,"[-4, 7, 7, -7, -5, 5, 2]","[0, 0, 16, 0, 0]",True,"[0, 0, 0, 0, 0, 0, 0]",2.0,"[-4, 7, 7, -7, -5, 5, 2]","[0, 0, 16, 0, 0]",True,"[0, 0, 0, 0, 0, 0, 0]",2.0,208,0.42105263157894735,21.56576657480352,0,0,1,2,"[-4, 7, 7, -7, -5, 5, 2]","[0, 0, 16, 0, 0]",True,20,20,True,False,True,True,0,False,False,False,False,False,False,False,True,True,True,True,True,True,False,False,False,"[-4, 7, 7, -7, -5, 5, 2]",0,0,0,0,0,0.7264555000001565,3.7375022657215595e-05,0.7129447909828741,0.002858167019439861,14,14,"[('(0, 0, 0, 0, 0, 0, 0)', 208), ('(0, 0, 0, 0, 0, 0, 1)', 49), ('(0, 0, 0, 0, 1, 0, 0)', 44), ('(1, 0, 0, 0, 0, 0, 0)', 29), ('(0, 0, 0, 0, 0, -1, 0)', 24), ('(0, 0, 0, -1, 0, 0, 0)', 24), ('(0, 0, 0, 0, 1, 0, 1)', 10), ('(0, 0, 0, 0, 0, -1, 1)', 8), ('(0, 0, 0, -1, 1, 0, 0)', 7), ('(0, 0, 0, 1, 0, 0, 0)', 6)]",5
5,7,17,68,"[0, 1, 0, -1, 0]","[0, 1, 0, 16, 0]","[0, 0, -1, 0, -1, 0, 0]","[-7, 0, 8, 6, 6, -2, -7]","[1, 0, 0, 0, 0, 0, 0]",1.0,"[6, 5, 2, 0, 8]",False,"[0, 0, 0, 0, 0, 0, 0]",1.0,"[-7, 0, 8, 6, 6, -2, -7]","[6, 5, 2, 0, 8]",False,"[0, 0, 0, 0, 0, 0, 0]",1.0,0,"[-7, 0, 8, 6, 6, -2, -7]","[6, 5, 2, 0, 8]",False,"[0, 0, 0, 0, 0, 0, 0]",1.0,"[-7, 0, 8, 6, 6, -2, -7]","[6, 5, 2, 0, 8]",False,"[1, 0, 0, 0, 0, 0, 0]",2.0,42,0.0855397148676171,1.7238799884306437,0,0,2,2,"[-6, 0, 9, 6, 7, -2, -7]","[0, 1, 0, 16, 0]",True,20,20,True,True,True,True,0,False,False,False,False,False,True,True,True,True,True,True,False,False,False,False,True,"[-6, 0, 9, 6, 7, -2, -7]",3,3,3,3,0,0.780199458997231,4.045802052132785e-05,0.7646352919982746,0.002796790999127552,14,14,"[('(0, 0, 0, 0, 0, 0, 0)', 196), ('(1, 0, 0, 0, 0, 0, 0)', 42), ('(0, 0, 0, 0, -1, 0, 0)', 39), ('(0, 0, 1, 0, 0, 0, 0)', 37), ('(0, -1, 0, 0, 0, 0, 0)', 33), ('(0, 0, 0, 0, 0, 0, -1)', 18), ('(1, 0, 0, 0, -1, 0, 0)', 14), ('(0, 0, 0, 0, -1, 0, -1)', 9), ('(0, 0, 0, 0, 0, -1, 0)', 8), ('(0, 0, 1, 0, -1, 0, 0)', 6)]",5
5,7,17,67,"[-1, 0, 0, 0, 0]","[16, 0, 0, 0, 0]","[0, 0, 0, 0, -1, -1, 0]","[4, -8, 6, -6, 8, 4, -7]","[0, 0, 0, 0, -1, -1, 0]",2.0,"[16, 0, 0, 0, 0]",True,"[0, 0, 0, 0, 0, 0, 0]",2.0,"[4, -8, 6, -6, 8, 4, -7]","[16, 0, 0, 0, 0]",True,"[0, 0, 0, 0, 0, 0, 0]",2.0,0,"[4, -8, 6, -6, 8, 4, -7]","[16, 0, 0, 0, 0]",True,"[0, 0, 0, 0, 0, 0, 0]",2.0,"[4, -8, 6, -6, 8, 4, -7]","[16, 0, 0, 0, 0]",True,"[0, 0, 0, 0, 0, 0, 0]",2.0,164,0.33131313131313134,21.58940545260994,0,0,1,2,"[4, -8, 6, -6, 8, 4, -7]","[16, 0, 0, 0, 0]",True,20,20,True,False,True,True,0,False,False,False,False,False,False,False,True,True,True,True,True,True,False,False,False,"[4, -8, 6, -6, 8, 4, -7]",0,0,0,0,0,0.8167110829963349,3.6209006793797016e-05,0.8035082090063952,0.003000584023538977,14,14,"[('(0, 0, 0, 0, 0, 0, 0)', 164), ('(0, 0, 0, 0, 0, 1, 0)', 42), ('(0, 0, 0, 0, 0, 0, -1)', 41), ('(0, -1, 0, 0, 0, 0, 0)', 29), ('(0, 0, 1, 0, 0, 0, 0)', 24), ('(-1, 0, 0, 0, 0, 0, 0)', 23), ('(0, 0, 0, -1, 0, 0, 0)', 21), ('(0, 0, 0, -1, 0, 1, 0)', 10), ('(0, 0, 0, -1, 0, 0, -1)', 9), ('(0, -1, 0, 0, 0, 0, -1)', 8)]",5
5,7,17,69,"[0, -1, -1, 0, 1]","[0, 16, 16, 0, 1]","[0, 1, 0, 0, 0, 0, 0]","[-7, 7, 5, -2, 6, -6, 8]","[0, 0, 1, 0, 0, 0, 0]",1.0,"[4, 15, 16, 10, 6]",False,"[0, 0, 0, 0, 0, 0, 0]",1.0,"[-7, 7, 5, -2, 6, -6, 8]","[4, 15, 16, 10, 6]",False,"[0, 0, 0, 0, 0, 0, 0]",1.0,0,"[-7, 7, 5, -2, 6, -6, 8]","[4, 15, 16, 10, 6]",False,"[0, 0, 0, 0, 0, 0, 0]",1.0,"[-7, 7, 5, -2, 6, -6, 8]","[4, 15, 16, 10, 6]",False,"[1, 0, 0, 0, 0, 0, 0]",1.0,21,0.04225352112676056,30.74089575466417,0,0,3,1,"[-7, 6, 6, -2, 6, -6, 8]","[0, 16, 16, 0, 1]",True,20,20,True,True,True,True,0,False,False,False,False,False,True,True,True,True,True,True,False,True,False,False,True,"[-7, 6, 6, -2, 6, -6, 8]",2,2,2,2,0,0.852080417011166,4.266700125299394e-05,0.8368148329900578,0.0025533330044709146,14,14,"[('(0, 0, 0, 0, 0, 0, 0)', 163), ('(0, 0, 0, 1, 0, 0, 0)', 51), ('(0, -1, 0, 0, 0, 0, 0)', 38), ('(0, 0, 0, 0, -1, 0, 0)', 26), ('(0, 0, 1, 0, 0, 0, 0)', 26), ('(1, 0, 0, 0, 0, 0, 0)', 21), ('(0, -1, 0, 1, 0, 0, 0)', 15), ('(0, 0, 0, 0, 0, 0, 1)', 13), ('(1, 0, 0, 0, 0, 0, 1)', 9), ('(0, 0, 0, 0, 0, 1, 0)', 8)]",5
5,7,17,70,"[-1, -1, -1, 0, 0]","[16, 16, 16, 0, 0]","[0, 0, 0, 0, 0, 0, 0]","[-4, -4, -7, 2, 4, -7, -6]","[0, 0, 0, 0, 0, 0, 0]",0.0,"[16, 16, 16, 0, 0]",True,"[0, 0, 0, 0, 0, 0, 0]",0.0,"[-4, -4, -7, 2, 4, -7, -6]","[16, 16, 16, 0, 0]",True,"[0, 0, 0, 0, 0, 0, 0]",0.0,0,"[-4, -4, -7, 2, 4, -7, -6]","[16, 16, 16, 0, 0]",True,"[0, 0, 0, 0, 0, 0, 0]",0.0,"[-4, -4, -7, 2, 4, -7, -6]","[16, 16, 16, 0, 0]",True,"[0, 0, 0, 0, 0, 0, 0]",0.0,398,0.7991967871485943,39.40110385831101,0,0,3,0,"[-4, -4, -7, 2, 4, -7, -6]","[16, 16, 16, 0, 0]",True,20,20,True,False,True,True,0,False,False,False,False,False,False,False,True,True,True,True,True,True,False,False,False,"[-4, -4, -7, 2, 4, -7, -6]",0,0,0,0,0,0.6814170409925282,3.7165998946875334e-05,0.6706207079987507,0.0027727920096367598,14,14,"[('(0, 0, 0, 0, 0, 0, 0)', 398), ('(0, 0, 0, 1, 0, 0, 0)', 12), ('(0, 0, -1, 0, 0, 0, 0)', 12), ('(0, 1, 0, 0, 0, 0, 0)', 10), ('(1, 0, 0, 0, 0, 0, 0)', 9), ('(-1, 0, 0, 0, 0, 0, 0)', 8), ('(0, 0, 0, 0, 1, 0, 0)', 7), ('(0, 0, 0, 0, 0, 1, 0)', 6), ('(0, 0, 1, 0, 0, 0, 0)', 6), ('(0, -1, 0, 0, 0, 0, 0)', 6)]",5
5,7,17,71,"[0, -1, 0, -1, 0]","[0, 16, 0, 16, 0]","[0, 1, 0, 0, 0, 1, 0]","[5, 1, -8, -7, -2, 2, 5]","[0, 1, 0, 0, 0, 1, 0]",2.0,"[0, 16, 0, 16, 0]",True,"[0, 0, 0, 0, 0, 0, 0]",2.0,"[5, 1, -8, -7, -2, 2, 5]","[0, 16, 0, 16, 0]",True,"[0, 0, 0, 0, 0, 0, 0]",2.0,0,"[5, 1, -8, -7, -2, 2, 5]","[0, 16, 0, 16, 0]",True,"[0, 0, 0, 0, 0, 0, 0]",2.0,"[5, 1, -8, -7, -2, 2, 5]","[0, 16, 0, 16, 0]",True,"[0, 0, 0, 0, 0, 0, 0]",2.0,176,0.3562753036437247,1.5823850267426172,0,0,2,2,"[5, 1, -8, -7, -2, 2, 5]","[0, 16, 0, 16, 0]",True,20,20,True,False,True,True,0,False,False,False,False,False,False,False,True,True,True,True,True,True,False,False,False,"[5, 1, -8, -7, -2, 2, 5]",0,0,0,0,0,0.7078440839832183,3.279201337136328e-05,0.696058458997868,0.002634417003719136,14,14,"[('(0, 0, 0, 0, 0, 0, 0)', 176), ('(1, 0, 0, 0, 0, 0, 0)', 45), ('(0, 0, 0, 0, 0, 0, -1)', 40), ('(0, 0, 0, 0, -1, 0, 0)', 35), ('(0, 0, 1, 0, 0, 0, 0)', 35), ('(0, 0, 0, -1, 0, 0, 0)', 27), ('(1, 0, 0, -1, 0, 0, 0)', 13), ('(0, 0, 0, -1, 0, 0, -1)', 11), ('(1, 0, 0, 0, 0, 0, -1)', 11), ('(1, 0, 0, 0, -1, 0, 0)', 10)]",5
5,7,17,73,"[1, -1, 1, -1, -1]","[1, 16, 1, 16, 16]","[-1, 0, 1, -1, 0, 0, -1]","[-5, 7, 3, 4, 7, 2, -7]","[0, 0, 1, -1, 0, 0, 0]",2.0,"[8, 15, 8, 15, 1]",False,"[0, 0, 0, 0, 0, 0, 0]",2.0,"[-5, 7, 3, 4, 7, 2, -7]","[8, 15, 8, 15, 1]",False,"[0, 0, 0, 0, 0, 0, 0]",2.0,0,"[-5, 7, 3, 4, 7, 2, -7]","[8, 15, 8, 15, 1]",False,"[0, 0, 0, 0, 0, 0, 0]",2.0,"[-5, 7, 3, 4, 7, 2, -7]","[8, 15, 8, 15, 1]",False,"[1, 0, 0, 0, 0, 0, 0]",4.0,7,0.014084507042253521,83.99205584583201,0,0,5,4,"[-4, 7, 3, 4, 7, 2, -6]","[1, 16, 1, 16, 16]",True,20,20,True,True,True,True,0,False,False,False,False,False,True,True,True,True,True,True,False,False,False,False,True,"[-4, 7, 3, 4, 7, 2, -6]",2,2,2,2,0,0.657998041016981,3.3499993151053786e-05,0.6466372090217192,0.002723125013289973,14,14,"[('(0, 0, 0, 0, 0, 0, 0)', 246), ('(0, 0, 0, 0, 0, 0, 1)', 73), ('(0, 0, 0, 0, 0, 1, 0)', 27), ('(0, 0, 0, 1, 0, 0, 0)', 19), ('(0, 0, -1, 0, 0, 0, 0)', 17), ('(0, -1, 0, 0, 0, 0, 0)', 16), ('(0, 0, 0, -1, 0, 0, 0)', 7), ('(0, 0, 0, 0, 0, -1, 0)', 7), ('(1, 0, 0, 0, 0, 0, 0)', 7), ('(0, 0, 0, 0, 0, 1, 1)', 6)]",5
5,7,17,74,"[-1, -1, 0, 0, 0]","[16, 16, 0, 0, 0]","[0, 0, 0, 0, 0, 0, 0]","[-1, -7, 0, -3, 1, 0, 3]","[0, 0, 0, 0, 0, 0, 0]",0.0,"[16, 16, 0, 0, 0]",True,"[0, 0, 0, 0, 0, 0, 0]",0.0,"[-1, -7, 0, -3, 1, 0, 3]","[16, 16, 0, 0, 0]",True,"[0, 0, 0, 0, 0, 0, 0]",0.0,0,"[-1, -7, 0, -3, 1, 0, 3]","[16, 16, 0, 0, 0]",True,"[0, 0, 0, 0, 0, 0, 0]",0.0,"[-1, -7, 0, -3, 1, 0, 3]","[16, 16, 0, 0, 0]",True,"[0, 0, 0, 0, 0, 0, 0]",0.0,400,0.8016032064128257,19.400603857269342,0,0,2,0,"[-1, -7, 0, -3, 1, 0, 3]","[16, 16, 0, 0, 0]",True,20,20,True,False,True,True,0,False,False,False,False,False,False,False,True,True,True,True,True,True,False,False,False,"[-1, -7, 0, -3, 1, 0, 3]",0,0,0,0,0,0.6704085420060437,3.0041992431506515e-05,0.6600332919915672,0.002566917013609782,14,14,"[('(0, 0, 0, 0, 0, 0, 0)', 400), ('(0, 0, 0, -1, 0, 0, 0)', 12), ('(0, 0, -1, 0, 0, 0, 0)', 11), ('(0, -1, 0, 0, 0, 0, 0)', 9), ('(0, 0, 1, 0, 0, 0, 0)', 8), ('(0, 1, 0, 0, 0, 0, 0)', 8), ('(0, 0, 0, 1, 0, 0, 0)', 7), ('(1, 0, 0, 0, 0, 0, 0)', 7), ('(0, 0, 0, 0, 0, 0, 1)', 6), ('(-1, 0, 0, 0, 0, 0, 0)', 6)]",5
5,7,17,72,"[1, -1, 1, -1, 1]","[1, 16, 1, 16, 1]","[0, -1, 0, 0, 1, 0, 0]","[1, 8, -2, 7, -1, 2, 8]","[0, -1, 0, 0, 1, 0, 0]",2.0,"[1, 16, 1, 16, 1]",True,"[0, 0, 0, -1, 0, 0, 0]",2.0,"[1, 7, -2, 8, 0, 1, 8]","[14, 1, 8, 9, 1]",False,"[0, 0, 0, 0, 0, 0, 0]",2.0,0,"[1, 8, -2, 7, -1, 2, 8]","[1, 16, 1, 16, 1]",True,"[0, 0, 0, 0, 0, 0, 0]",2.0,"[1, 8, -2, 7, -1, 2, 8]","[1, 16, 1, 16, 1]",True,"[0, 0, 0, 0, 0, 0, 0]",2.0,144,0.2920892494929006,61.60232662575795,0,0,5,2,"[1, 8, -2, 7, -1, 2, 8]","[1, 16, 1, 16, 1]",True,20,20,True,False,True,True,0,False,True,False,False,False,False,False,False,True,False,True,False,True,False,False,False,"[1, 8, -2, 7, -1, 2, 8]",0,4,0,0,0,0.8309508330130484,3.575001028366387e-05,0.8193907499953639,0.0035712500102818012,14,14,"[('(0, 0, 0, 0, 0, 0, 0)', 144), ('(0, 0, 0, -1, 0, 0, 0)', 35), ('(0, 0, 1, 0, 0, 0, 0)', 35), ('(0, 0, 0, 0, 1, 0, 0)', 29), ('(0, 0, 0, 0, 0, 0, -1)', 28), ('(0, 1, 0, 0, 0, 0, 0)', 27), ('(1, 0, 0, 0, 0, 0, 0)', 21), ('(0, 0, 0, -1, 1, 0, 0)', 12), ('(0, 1, 1, 0, 0, 0, 0)', 11), ('(0, 0, 0, 0, 1, 0, -1)', 8)]",5
5,7,17,75,"[0, 0, 1, 1, -1]","[0, 0, 1, 1, 16]","[0, 0, 0, 1, 1, 0, -1]","[6, 8, -3, -3, 7, -3, -3]","[0, 0, 0, 1, 1, 0, -1]",3.0,"[0, 0, 1, 1, 16]",True,"[-1, 0, 0, 0, 0, 0, 0]",3.0,"[6, 8, -3, -3, 7, -4, -4]","[15, 2, 9, 2, 9]",False,"[0, 0, 0, 0, 0, 0, 0]",3.0,0,"[6, 8, -3, -3, 7, -3, -3]","[0, 0, 1, 1, 16]",True,"[0, 0, 0, 0, 0, 0, 0]",3.0,"[6, 8, -3, -3, 7, -3, -3]","[0, 0, 1, 1, 16]",True,"[0, 0, 0, 0, 0, 0, 0]",3.0,151,0.30628803245436104,32.64761194791537,0,0,3,3,"[6, 8, -3, -3, 7, -3, -3]","[0, 0, 1, 1, 16]",True,20,20,True,False,True,True,0,False,True,False,False,False,False,False,False,True,False,True,False,True,False,False,False,"[6, 8, -3, -3, 7, -3, -3]",0,2,0,0,0,0.7640930829802528,3.304198617115617e-05,0.7507259169942699,0.003998833009973168,14,14,"[('(0, 0, 0, 0, 0, 0, 0)', 151), ('(0, 0, 0, -1, 0, 0, 0)', 64), ('(0, 0, -1, 0, 0, 0, 0)', 37), ('(0, 0, 0, 0, 1, 0, 0)', 33), ('(-1, 0, 0, 0, 0, 0, 0)', 32), ('(0, 0, 0, 0, 0, 0, -1)', 21), ('(0, 1, 0, 0, 0, 0, 0)', 18), ('(0, 0, 0, -1, 1, 0, 0)', 10), ('(-1, 0, 0, 0, 1, 0, 0)', 10), ('(0, 0, -1, 0, 0, 0, -1)', 7)]",5
5,7,17,76,"[1, 1, 0, 1, 0]","[1, 1, 0, 1, 0]","[1, 0, 0, 0, 0, 1, 0]","[4, -8, -3, -6, -1, -4, 1]","[1, 0, 0, 0, 0, 1, 0]",2.0,"[1, 1, 0, 1, 0]",True,"[0, 0, 0, 0, 0, 0, 0]",2.0,"[4, -8, -3, -6, -1, -4, 1]","[1, 1, 0, 1, 0]",True,"[0, 0, 0, 0, 0, 0, 0]",2.0,0,"[4, -8, -3, -6, -1, -4, 1]","[1, 1, 0, 1, 0]",True,"[0, 0, 0, 0, 0, 0, 0]",2.0,"[4, -8, -3, -6, -1, -4, 1]","[1, 1, 0, 1, 0]",True,"[0, 0, 0, 0, 0, 0, 0]",2.0,143,0.29183673469387755,21.603018670042403,0,0,3,2,"[4, -8, -3, -6, -1, -4, 1]","[1, 1, 0, 1, 0]",True,20,20,True,False,True,True,0,False,False,False,False,False,False,False,True,True,True,True,True,True,False,False,False,"[4, -8, -3, -6, -1, -4, 1]",0,0,0,0,0,0.8173682919878047,3.445899346843362e-05,0.8062042090168688,0.0026196659891866148,14,14,"[('(0, 0, 0, 0, 0, 0, 0)', 143), ('(1, 0, 0, 0, 0, 0, 0)', 43), ('(0, 0, 0, -1, 0, 0, 0)', 40), ('(0, 0, 0, 0, 0, -1, 0)', 30), ('(0, 0, 1, 0, 0, 0, 0)', 29), ('(0, 1, 0, 0, 0, 0, 0)', 28), ('(0, 0, 0, 0, 0, 0, 1)', 13), ('(1, 0, 0, -1, 0, 0, 0)', 13), ('(0, 0, 0, -1, 0, -1, 0)', 10), ('(1, 1, 0, 0, 0, 0, 0)', 9)]",5
5,7,17,77,"[1, -1, 0, 0, 0]","[1, 16, 0, 0, 0]","[-1, 0, 0, -1, 0, -1, 0]","[5, 7, 0, 3, 0, 6, 8]","[-1, 0, 0, -1, 0, -1, 0]",3.0,"[1, 16, 0, 0, 0]",True,"[0, -1, 0, 0, 0, 0, 0]",3.0,"[5, 6, 0, 2, 0, 5, 7]","[11, 13, 11, 6, 4]",False,"[0, 0, 0, 0, 0, 0, 0]",3.0,0,"[5, 7, 0, 3, 0, 6, 8]","[1, 16, 0, 0, 0]",True,"[0, 0, 0, 0, 0, 0, 0]",3.0,"[5, 7, 0, 3, 0, 6, 8]","[1, 16, 0, 0, 0]",True,"[0, 0, 0, 0, 0, 0, 0]",3.0,157,0.31717171717171716,12.643740496697303,0,0,2,3,"[5, 7, 0, 3, 0, 6, 8]","[1, 16, 0, 0, 0]",True,20,20,True,False,True,True,0,False,True,False,False,False,False,False,False,True,False,True,False,True,False,False,False,"[5, 7, 0, 3, 0, 6, 8]",0,4,0,0,0,0.785543209000025,6.7666987888515e-05,0.7686283749935683,0.0027018339897040278,14,14,"[('(0, 0, 0, 0, 0, 0, 0)', 157), ('(0, 0, 0, 0, 0, 0, 1)', 31), ('(0, 0, 0, 0, 0, -1, 0)', 30), ('(1, 0, 0, 0, 0, 0, 0)', 29), ('(0, -1, 0, 0, 0, 0, 0)', 27), ('(0, 0, 1, 0, 0, 0, 0)', 25), ('(0, 0, 0, -1, 0, 0, 0)', 21), ('(0, 0, 0, 0, 1, 0, 0)', 14), ('(1, 0, 1, 0, 0, 0, 0)', 9), ('(0, -1, 0, 0, 0, -1, 0)', 8)]",5
5,7,17,78,"[0, 1, 0, 0, 0]","[0, 1, 0, 0, 0]","[0, 0, 0, 1, 0, 0, 1]","[7, 3, -8, -6, -3, 1, 3]","[0, 0, 0, 1, 0, 0, 1]",2.0,"[0, 1, 0, 0, 0]",True,"[0, 0, 0, 0, 0, 0, 0]",2.0,"[7, 3, -8, -6, -3, 1, 3]","[0, 1, 0, 0, 0]",True,"[0, 0, 0, 0, 0, 0, 0]",2.0,0,"[7, 3, -8, -6, -3, 1, 3]","[0, 1, 0, 0, 0]",True,"[0, 0, 0, 0, 0, 0, 0]",2.0,"[7, 3, -8, -6, -3, 1, 3]","[0, 1, 0, 0, 0]",True,"[0, 0, 0, 0, 0, 0, 0]",2.0,193,0.3898989898989899,21.57321418409367,0,0,1,2,"[7, 3, -8, -6, -3, 1, 3]","[0, 1, 0, 0, 0]",True,20,20,True,False,True,True,0,False,False,False,False,False,False,False,True,True,True,True,True,True,False,False,False,"[7, 3, -8, -6, -3, 1, 3]",0,0,0,0,0,0.7540828330093063,8.550001075491309e-05,0.7427098329935689,0.002578875020844862,14,14,"[('(0, 0, 0, 0, 0, 0, 0)', 193), ('(0, 0, 0, 0, 0, 0, -1)', 40), ('(0, 0, 0, 0, 0, -1, 0)', 38), ('(0, 0, 0, 0, -1, 0, 0)', 36), ('(0, -1, 0, 0, 0, 0, 0)', 33), ('(0, 0, 1, 0, 0, 0, 0)', 28), ('(0, -1, 0, 0, 0, 0, -1)', 13), ('(0, 0, 1, 0, 0, 0, -1)', 9), ('(0, -1, 0, 0, -1, 0, 0)', 8), ('(0, -1, 1, 0, 0, 0, 0)', 7)]",5
5,7,17,79,"[0, 1, 1, -1, 0]","[0, 1, 1, 16, 0]","[1, -1, 0, 1, 0, 0, 0]","[-4, -6, -5, 4, -6, 0, 4]","[0, 0, 1, 0, 0, -1, 0]",2.0,"[10, 7, 2, 0, 13]",False,"[0, 0, 0, 0, 0, 0, 0]",2.0,"[-4, -6, -5, 4, -6, 0, 4]","[10, 7, 2, 0, 13]",False,"[0, 0, 0, 0, 0, 0, 0]",2.0,0,"[-4, -6, -5, 4, -6, 0, 4]","[10, 7, 2, 0, 13]",False,"[0, 0, 0, 0, 0, 0, 0]",2.0,"[-4, -6, -5, 4, -6, 0, 4]","[10, 7, 2, 0, 13]",False,"[0, -1, 0, 0, 0, 0, 0]",3.0,28,0.05725971370143149,32.81327041700135,0,0,3,3,"[-5, -5, -4, 3, -6, -1, 4]","[0, 1, 1, 16, 0]",True,20,20,True,True,True,True,0,False,False,False,False,False,True,True,True,True,True,True,False,False,False,False,True,"[-5, -5, -4, 3, -6, -1, 4]",5,5,5,5,0,0.8023087499896064,3.524997737258673e-05,0.7891707499802578,0.0027778329967986792,14,14,"[('(0, 0, 0, 0, 0, 0, 0)', 150), ('(0, 0, -1, 0, 0, 0, 0)', 36), ('(0, 0, 0, 0, 0, 1, 0)', 34), ('(0, 0, 0, 0, 1, 0, 0)', 30), ('(0, -1, 0, 0, 0, 0, 0)', 28), ('(0, 0, 0, 1, 0, 0, 0)', 20), ('(-1, 0, 0, 0, 0, 0, 0)', 20), ('(0, 0, 0, 0, 0, 0, 1)', 18), ('(0, -1, 0, 0, 0, 1, 0)', 8), ('(0, 0, -1, 0, 0, 1, 0)', 7)]",5
5,7,17,80,"[0, 0, -1, 0, 0]","[0, 0, 16, 0, 0]","[-1, 0, 0, 0, 0, 0, 0]","[0, 7, 0, 5, 6, -4, -5]","[-1, 0, 0, 0, 0, 0, 0]",1.0,"[0, 0, 16, 0, 0]",True,"[0, 0, 0, 0, 0, 0, 0]",1.0,"[0, 7, 0, 5, 6, -4, -5]","[0, 0, 16, 0, 0]",True,"[0, 0, 0, 0, 0, 0, 0]",1.0,0,"[0, 7, 0, 5, 6, -4, -5]","[0, 0, 16, 0, 0]",True,"[0, 0, 0, 0, 0, 0, 0]",1.0,"[0, 7, 0, 5, 6, -4, -5]","[0, 0, 16, 0, 0]",True,"[0, 0, 0, 0, 0, 0, 0]",1.0,178,0.3617886178861789,30.531261419415927,0,0,1,1,"[0, 7, 0, 5, 6, -4, -5]","[0, 0, 16, 0, 0]",True,20,20,True,False,True,True,0,False,False,False,False,False,False,False,True,True,True,True,True,True,False,False,False,"[0, 7, 0, 5, 6, -4, -5]",0,0,0,0,0,0.800849624996772,3.187500988133252e-05,0.7862022090121172,0.002645290980581194,14,14,"[('(0, 0, 0, 0, 0, 0, 0)', 178), ('(0, -1, 0, 0, 0, 0, 0)', 46), ('(0, 0, 0, 0, 1, 0, 0)', 30), ('(-1, 0, 0, 0, 0, 0, 0)', 29), ('(0, 0, 0, 0, 0, -1, 0)', 27), ('(0, 0, 0, -1, 0, 0, 0)', 22), ('(0, 0, 0, 0, 0, 0, 1)', 18), ('(0, -1, 0, 0, 1, 0, 0)', 8), ('(-1, 0, 0, 0, 0, 0, 1)', 6), ('(0, 0, 0, -1, 0, -1, 0)', 6)]",5
5,7,17,81,"[0, -1, 0, 0, -1]","[0, 16, 0, 0, 16]","[1, 1, -1, 1, -1, 1, 0]","[0, 5, -4, -7, 2, -6, -6]","[0, 0, -1, -1, -1, 0, 0]",3.0,"[9, 15, 12, 6, 12]",False,"[0, -1, 0, -1, 0, 0, 0]",3.0,"[1, 5, -6, -8, 1, -7, -6]","[7, 12, 13, 11, 8]",False,"[0, 0, 0, 0, 0, 0, 0]",3.0,0,"[0, 5, -4, -7, 2, -6, -6]","[9, 15, 12, 6, 12]",False,"[0, 0, 0, 0, 0, 0, 0]",3.0,"[0, 5, -4, -7, 2, -6, -6]","[9, 15, 12, 6, 12]",False,"[0, -1, -1, 0, 0, 0, 0]",7.0,6,0.012145748987854251,3087.1554089850943,2,1,5,4,"[-1, 7, -6, -8, 1, -6, -5]","[14, 1, 16, 5, 1]",False,20,20,False,True,True,True,4,False,True,False,False,False,False,False,False,True,False,True,False,False,False,False,False,"[-1, 4, -4, -9, 2, -7, -6]",7,11,7,7,17,0.7761089999985415,3.3791991882026196e-05,0.7644094160059467,0.002666584012331441,14,14,"[('(0, 0, 0, 0, 0, 0, 0)', 133), ('(0, 0, 0, -1, 0, 0, 0)', 38), ('(0, 0, -1, 0, 0, 0, 0)', 37), ('(0, -1, 0, 0, 0, 0, 0)', 33), ('(0, 0, 0, 0, -1, 0, 0)', 23), ('(0, 0, 0, 0, 0, 0, -1)', 23), ('(0, 0, 0, 0, 0, 1, 0)', 21), ('(0, -1, 0, -1, 0, 0, 0)', 11), ('(0, 0, -1, -1, 0, 0, 0)', 11), ('(0, -1, 0, 0, 0, 0, -1)', 10)]",5
5,7,17,82,"[0, 1, 0, 0, 0]","[0, 1, 0, 0, 0]","[0, 0, 0, 0, -1, 0, 0]","[-1, -1, -2, 4, 8, -3, 8]","[0, 0, 0, 0, -1, 0, 0]",1.0,"[0, 1, 0, 0, 0]",True,"[0, 0, 0, 0, 0, 0, 0]",1.0,"[-1, -1, -2, 4, 8, -3, 8]","[0, 1, 0, 0, 0]",True,"[0, 0, 0, 0, 0, 0, 0]",1.0,0,"[-1, -1, -2, 4, 8, -3, 8]","[0, 1, 0, 0, 0]",True,"[0, 0, 0, 0, 0, 0, 0]",1.0,"[-1, -1, -2, 4, 8, -3, 8]","[0, 1, 0, 0, 0]",True,"[0, 0, 0, 0, 0, 0, 0]",1.0,243,0.486,30.50028317747068,0,0,1,1,"[-1, -1, -2, 4, 8, -3, 8]","[0, 1, 0, 0, 0]",True,20,20,True,False,True,True,0,False,False,False,False,False,False,False,True,True,True,True,True,True,False,False,False,"[-1, -1, -2, 4, 8, -3, 8]",0,0,0,0,0,0.7533082910231315,3.399999695830047e-05,0.7364521249837708,0.0030663340003229678,14,14,"[('(0, 0, 0, 0, 0, 0, 0)', 243), ('(0, 0, 0, 0, 1, 0, 0)', 40), ('(0, 0, 0, -1, 0, 0, 0)', 39), ('(0, 0, 0, 0, 0, 0, 1)', 37), ('(-1, 0, 0, 0, 0, 0, 0)', 37), ('(0, 0, 0, -1, 1, 0, 0)', 15), ('(0, 0, 0, 0, 1, 0, 1)', 9), ('(-1, 0, 0, 0, 1, 0, 0)', 7), ('(0, 0, 0, 0, -1, 0, 0)', 7), ('(-1, 0, 0, -1, 0, 0, 0)', 6)]",5
5,7,17,84,"[-1, 0, 1, 1, 0]","[16, 0, 1, 1, 0]","[0, 0, 0, 0, 0, 0, 0]","[6, 8, -3, 2, 5, -2, -7]","[0, 0, 0, 0, 0, 0, 0]",0.0,"[16, 0, 1, 1, 0]",True,"[0, 0, 0, 0, 0, 0, 0]",0.0,"[6, 8, -3, 2, 5, -2, -7]","[16, 0, 1, 1, 0]",True,"[0, 0, 0, 0, 0, 0, 0]",0.0,0,"[6, 8, -3, 2, 5, -2, -7]","[16, 0, 1, 1, 0]",True,"[0, 0, 0, 0, 0, 0, 0]",0.0,"[6, 8, -3, 2, 5, -2, -7]","[16, 0, 1, 1, 0]",True,"[0, 0, 0, 0, 0, 0, 0]",0.0,384,0.7695390781563126,39.40467566657122,0,0,3,0,"[6, 8, -3, 2, 5, -2, -7]","[16, 0, 1, 1, 0]",True,20,20,True,False,True,True,0,False,False,False,False,False,False,False,True,True,True,True,True,True,False,False,False,"[6, 8, -3, 2, 5, -2, -7]",0,0,0,0,0,0.6778688749764115,3.19159880746156e-05,0.6647066659934353,0.004478666000068188,14,14,"[('(0, 0, 0, 0, 0, 0, 0)', 384), ('(0, 0, 0, 0, 0, 0, 1)', 13), ('(0, 0, 0, -1, 0, 0, 0)', 11), ('(0, 0, 0, 0, -1, 0, 0)', 10), ('(1, 0, 0, 0, 0, 0, 0)', 10), ('(0, 1, 0, 0, 0, 0, 0)', 9), ('(0, 0, 0, 0, 1, 0, 0)', 9), ('(0, 0, 0, 0, 0, -1, 0)', 8), ('(0, 0, 1, 0, 0, 0, 0)', 7), ('(0, 0, 0, 1, 0, 0, 0)', 6)]",5
5,7,17,83,"[0, 1, 1, -1, 0]","[0, 1, 1, 16, 0]","[-1, 0, 0, 0, 0, 0, 0]","[-3, 5, 6, -4, -3, -8, -4]","[-1, 0, 0, 0, 0, 0, 0]",1.0,"[0, 1, 1, 16, 0]",True,"[0, 0, 0, 0, 0, 0, 0]",1.0,"[-3, 5, 6, -4, -3, -8, -4]","[0, 1, 1, 16, 0]",True,"[0, 0, 0, 0, 0, 0, 0]",1.0,0,"[-3, 5, 6, -4, -3, -8, -4]","[0, 1, 1, 16, 0]",True,"[0, 0, 0, 0, 0, 0, 0]",1.0,"[-3, 5, 6, -4, -3, -8, -4]","[0, 1, 1, 16, 0]",True,"[0, 0, 0, 0, 0, 0, 0]",1.0,152,0.3089430894308943,30.546956207860756,0,0,3,1,"[-3, 5, 6, -4, -3, -8, -4]","[0, 1, 1, 16, 0]",True,20,20,True,False,True,True,0,False,False,False,False,False,False,False,True,True,True,True,True,True,False,False,False,"[-3, 5, 6, -4, -3, -8, -4]",0,0,0,0,0,0.7969007090141531,3.05419962387532e-05,0.7851878750079777,0.002637792000314221,14,14,"[('(0, 0, 0, 0, 0, 0, 0)', 152), ('(0, 0, 0, 0, 0, 1, 0)', 32), ('(0, 0, 0, 0, -1, 0, 0)', 32), ('(-1, 0, 0, 0, 0, 0, 0)', 31), ('(0, 0, 0, -1, 0, 0, 0)', 29), ('(0, 0, 1, 0, 0, 0, 0)', 29), ('(0, 0, 0, 0, 0, 0, -1)', 28), ('(0, 0, 0, 0, -1, 1, 0)', 9), ('(0, 0, 0, -1, 0, 1, 0)', 9), ('(0, 0, 0, 0, -1, 0, -1)', 8)]",5
5,7,17,85,"[-1, 0, 1, -1, 0]","[16, 0, 1, 16, 0]","[0, 0, 0, 0, 0, -1, 0]","[-5, 1, 5, -4, -7, 9, 5]","[0, 0, 0, 0, 0, -1, 0]",1.0,"[16, 0, 1, 16, 0]",True,"[0, 0, 0, 0, 0, 0, 0]",1.0,"[-5, 1, 5, -4, -7, 9, 5]","[16, 0, 1, 16, 0]",True,"[0, 0, 0, 0, 0, 0, 0]",1.0,0,"[-5, 1, 5, -4, -7, 9, 5]","[16, 0, 1, 16, 0]",True,"[0, 0, 0, 0, 0, 0, 0]",1.0,"[-5, 1, 5, -4, -7, 9, 5]","[16, 0, 1, 16, 0]",True,"[0, 0, 0, 0, 0, 0, 0]",1.0,240,0.48484848484848486,30.501520306650935,0,0,3,1,"[-5, 1, 5, -4, -7, 9, 5]","[16, 0, 1, 16, 0]",True,20,20,True,False,True,True,0,False,False,False,False,False,False,False,True,True,True,True,True,True,False,False,False,"[-5, 1, 5, -4, -7, 9, 5]",0,0,0,0,0,0.720536707987776,3.1458010198548436e-05,0.7087055829761084,0.0027727920096367598,14,14,"[('(0, 0, 0, 0, 0, 0, 0)', 240), ('(-1, 0, 0, 0, 0, 0, 0)', 53), ('(0, 0, 0, 0, 0, 0, 1)', 47), ('(0, 0, -1, 0, 0, 0, 0)', 44), ('(0, 0, -1, 0, 0, 0, 1)', 11), ('(-1, 0, 0, 0, 0, 0, 1)', 10), ('(0, -1, 0, 0, 0, 0, 0)', 7), ('(0, 0, 0, 0, 0, -1, 0)', 6), ('(-1, 0, -1, 0, 0, 0, 0)', 6), ('(0, 0, 0, 0, 1, 0, 0)', 6)]",5
5,7,17,86,"[-1, 1, 1, 1, 0]","[16, 1, 1, 1, 0]","[0, 1, 0, 0, 0, 0, 0]","[-1, -3, 5, -2, -8, 3, 6]","[0, 1, 0, 0, 0, 0, 0]",1.0,"[16, 1, 1, 1, 0]",True,"[0, 0, 0, 0, 0, 0, 0]",1.0,"[-1, -3, 5, -2, -8, 3, 6]","[16, 1, 1, 1, 0]",True,"[0, 0, 0, 0, 0, 0, 0]",1.0,0,"[-1, -3, 5, -2, -8, 3, 6]","[16, 1, 1, 1, 0]",True,"[0, 0, 0, 0, 0, 0, 0]",1.0,"[-1, -3, 5, -2, -8, 3, 6]","[16, 1, 1, 1, 0]",True,"[0, 0, 0, 0, 0, 0, 0]",1.0,175,0.3528225806451613,50.53295160049618,0,0,4,1,"[-1, -3, 5, -2, -8, 3, 6]","[16, 1, 1, 1, 0]",True,20,20,True,False,True,True,0,False,False,False,False,False,False,False,True,True,True,True,True,True,False,False,False,"[-1, -3, 5, -2, -8, 3, 6]",0,0,0,0,0,0.7867180420143995,6.308301817625761e-05,0.7683061659918167,0.002631540992297232,14,14,"[('(0, 0, 0, 0, 0, 0, 0)', 175), ('(0, 0, -1, 0, 0, 0, 0)', 38), ('(0, 0, 0, -1, 0, 0, 0)', 35), ('(0, 0, 0, 0, 1, 0, 0)', 28), ('(0, 1, 0, 0, 0, 0, 0)', 27), ('(0, 0, 0, 0, 0, 0, 1)', 19), ('(0, 0, 0, 0, 0, -1, 0)', 18), ('(0, 0, -1, 0, 1, 0, 0)', 9), ('(0, 0, -1, 0, 0, -1, 0)', 8), ('(0, 1, 0, -1, 0, 0, 0)', 8)]",5
5,7,17,87,"[-1, 0, -1, -1, 0]","[16, 0, 16, 16, 0]","[0, 0, 0, 1, 0, -1, -1]","[-6, 1, -3, 5, -7, 6, 3]","[0, 0, 0, 1, 0, -1, -1]",3.0,"[16, 0, 16, 16, 0]",True,"[0, -1, 1, -1, 0, 0, 0]",3.0,"[-5, 1, -2, 6, -7, 4, 2]","[13, 3, 10, 10, 15]",False,"[0, 0, 0, 0, 0, 0, 0]",3.0,0,"[-6, 1, -3, 5, -7, 6, 3]","[16, 0, 16, 16, 0]",True,"[0, 0, 0, 0, 0, 0, 0]",3.0,"[-6, 1, -3, 5, -7, 6, 3]","[16, 0, 16, 16, 0]",True,"[0, 0, 0, 0, 0, 0, 0]",3.0,139,0.2808080808080808,32.65583575773907,0,0,3,3,"[-6, 1, -3, 5, -7, 6, 3]","[16, 0, 16, 16, 0]",True,20,20,True,False,False,True,0,False,True,False,False,False,False,False,False,True,False,True,False,True,False,False,False,"[-6, 1, -3, 5, -7, 6, 3]",0,8,0,0,0,0.8103803750127554,3.412499791011214e-05,0.7984622090007178,0.0027342909888830036,14,14,"[('(0, 0, 0, 0, 0, 0, 0)', 139), ('(0, 0, 1, 0, 0, 0, 0)', 40), ('(0, -1, 0, 0, 0, 0, 0)', 37), ('(-1, 0, 0, 0, 0, 0, 0)', 27), ('(0, 0, 0, 0, 0, 1, 0)', 26), ('(0, 0, 0, 0, 0, 0, -1)', 25), ('(0, 0, 0, 0, -1, 0, 0)', 20), ('(0, 0, 0, 0, -1, 1, 0)', 11), ('(0, -1, 0, 0, 0, 1, 0)', 11), ('(0, -1, 1, 0, 0, 0, 0)', 10)]",5
5,7,17,88,"[1, 0, 0, 1, -1]","[1, 0, 0, 1, 16]","[1, 0, 0, 0, -1, 0, 0]","[-9, 8, -1, 3, 1, 6, 8]","[1, 0, 0, 0, -1, 0, 0]",2.0,"[1, 0, 0, 1, 16]",True,"[0, 0, 0, 0, 0, 0, 0]",2.0,"[-9, 8, -1, 3, 1, 6, 8]","[1, 0, 0, 1, 16]",True,"[0, 0, 0, 0, 0, 0, 0]",2.0,0,"[-9, 8, -1, 3, 1, 6, 8]","[1, 0, 0, 1, 16]",True,"[0, 0, 0, 0, 0, 0, 0]",2.0,"[-9, 8, -1, 3, 1, 6, 8]","[1, 0, 0, 1, 16]",True,"[0, 0, 0, 0, 0, 0, 0]",2.0,212,0.4317718940936864,21.56387078342906,0,0,3,2,"[-9, 8, -1, 3, 1, 6, 8]","[1, 0, 0, 1, 16]",True,20,20,True,False,True,True,0,False,False,False,False,False,False,False,True,True,True,True,True,True,False,False,False,"[-9, 8, -1, 3, 1, 6, 8]",0,0,0,0,0,0.7437422079965472,6.73340109642595e-05,0.7254668340028729,0.0028155829932074994,14,14,"[('(0, 0, 0, 0, 0, 0, 0)', 212), ('(0, 0, 0, 0, 0, 0, -1)', 50), ('(0, 0, 0, 0, 0, 1, 0)', 47), ('(0, 0, 0, -1, 0, 0, 0)', 34), ('(0, 0, -1, 0, 0, 0, 0)', 22), ('(0, 0, -1, 0, 0, 0, -1)', 12), ('(0, 0, 0, 0, 0, 1, -1)', 10), ('(0, 0, 0, -1, 0, 1, 0)', 9), ('(-1, 0, 0, 0, 0, 0, 0)', 9), ('(0, 0, -1, 0, 0, 1, 0)', 8)]",5
5,7,17,89,"[0, 0, 0, -1, 1]","[0, 0, 0, 16, 1]","[0, 0, -1, 0, -1, 0, 0]","[4, -3, 5, -2, 7, -2, -5]","[0, 0, -1, 0, -1, 0, 0]",2.0,"[0, 0, 0, 16, 1]",True,"[0, -1, 0, 0, 0, 0, 0]",2.0,"[5, -3, 4, -2, 6, -2, -6]","[1, 1, 16, 12, 1]",False,"[0, 0, 0, 0, 0, 0, 0]",2.0,0,"[4, -3, 5, -2, 7, -2, -5]","[0, 0, 0, 16, 1]",True,"[0, 0, 0, 0, 0, 0, 0]",2.0,"[4, -3, 5, -2, 7, -2, -5]","[0, 0, 0, 16, 1]",True,"[0, 0, 0, 0, 0, 0, 0]",2.0,161,0.32525252525252524,1.5912403664767618,0,0,2,2,"[4, -3, 5, -2, 7, -2, -5]","[0, 0, 0, 16, 1]",True,20,20,True,False,True,True,0,False,True,False,False,False,False,False,False,True,False,True,False,True,False,False,False,"[4, -3, 5, -2, 7, -2, -5]",0,4,0,0,0,0.761879041994689,3.987498348578811e-05,0.748305333981989,0.002909666014602408,14,14,"[('(0, 0, 0, 0, 0, 0, 0)', 161), ('(0, -1, 0, 0, 0, 0, 0)', 48), ('(0, 0, 0, 0, 0, 0, 1)', 40), ('(0, 0, 0, 0, 0, -1, 0)', 34), ('(-1, 0, 0, 0, 0, 0, 0)', 31), ('(0, 0, 0, -1, 0, 0, 0)', 29), ('(-1, -1, 0, 0, 0, 0, 0)', 12), ('(0, 0, 0, 0, 0, -1, 1)', 11), ('(0, -1, 0, 0, 0, -1, 0)', 8), ('(-1, 0, 0, -1, 0, 0, 0)', 8)]",5
5,7,17,90,"[1, -1, 0, 0, 0]","[1, 16, 0, 0, 0]","[1, 0, 0, -1, 0, -1, 0]","[6, 4, 6, -3, -1, -8, -1]","[0, -1, 1, 0, 0, 0, 0]",2.0,"[11, 13, 6, 7, 10]",False,"[0, 0, 0, 0, 0, 0, 0]",2.0,"[6, 4, 6, -3, -1, -8, -1]","[11, 13, 6, 7, 10]",False,"[0, 0, 0, 0, 0, 0, 0]",2.0,0,"[6, 4, 6, -3, -1, -8, -1]","[11, 13, 6, 7, 10]",False,"[0, 0, 0, 0, 0, 0, 0]",2.0,"[6, 4, 6, -3, -1, -8, -1]","[11, 13, 6, 7, 10]",False,"[1, 0, 0, 0, 0, 0, 0]",3.0,24,0.048484848484848485,12.82811241751318,0,0,2,3,"[5, 3, 7, -2, -1, -7, -1]","[1, 16, 0, 0, 0]",True,20,20,True,True,True,True,0,False,False,False,False,False,True,True,True,True,True,True,False,False,False,False,True,"[5, 3, 7, -2, -1, -7, -1]",5,5,5,5,0,0.8477268340066075,2.95409990940243e-05,0.8359502500097733,0.00269799999659881,14,14,"[('(0, 0, 0, 0, 0, 0, 0)', 177), ('(0, 0, 0, 0, 0, 0, 1)', 36), ('(0, 0, 0, 0, -1, 0, 0)', 36), ('(0, 0, 0, -1, 0, 0, 0)', 27), ('(0, 0, 1, 0, 0, 0, 0)', 24), ('(1, 0, 0, 0, 0, 0, 0)', 24), ('(0, 0, 0, 0, 0, -1, 0)', 22), ('(0, 1, 0, 0, 0, 0, 0)', 12), ('(1, 0, 0, 0, 0, 0, 1)', 10), ('(0, 0, 0, 0, -1, 0, 1)', 8)]",5
5,7,17,91,"[1, 0, 0, 0, 1]","[1, 0, 0, 0, 1]","[0, 0, 0, 0, 0, 0, 0]","[-4, -7, -1, 7, -3, 7, -2]","[0, 0, 0, 0, 0, 0, 0]",0.0,"[1, 0, 0, 0, 1]",True,"[0, 0, 0, 0, 0, 0, 0]",0.0,"[-4, -7, -1, 7, -3, 7, -2]","[1, 0, 0, 0, 1]",True,"[0, 0, 0, 0, 0, 0, 0]",0.0,0,"[-4, -7, -1, 7, -3, 7, -2]","[1, 0, 0, 0, 1]",True,"[0, 0, 0, 0, 0, 0, 0]",0.0,"[-4, -7, -1, 7, -3, 7, -2]","[1, 0, 0, 0, 1]",True,"[0, 0, 0, 0, 0, 0, 0]",0.0,393,0.7875751503006012,19.402364909070208,0,0,2,0,"[-4, -7, -1, 7, -3, 7, -2]","[1, 0, 0, 0, 1]",True,20,20,True,False,True,True,0,False,False,False,False,False,False,False,True,True,True,True,True,True,False,False,False,"[-4, -7, -1, 7, -3, 7, -2]",0,0,0,0,0,0.7240900830074679,3.604200901463628e-05,0.7110978330019861,0.003778666985454038,14,14,"[('(0, 0, 0, 0, 0, 0, 0)', 393), ('(0, 0, 0, 1, 0, 0, 0)', 11), ('(0, -1, 0, 0, 0, 0, 0)', 10), ('(-1, 0, 0, 0, 0, 0, 0)', 10), ('(0, 0, 0, 0, -1, 0, 0)', 9), ('(0, 0, 0, 0, 1, 0, 0)', 9), ('(0, 0, 0, -1, 0, 0, 0)', 8), ('(0, 0, -1, 0, 0, 0, 0)', 7), ('(0, 0, 0, 0, 0, -1, 0)', 6), ('(0, 0, 0, 0, 0, 0, 1)', 5)]",5
5,7,17,94,"[-1, 0, 0, -1, 1]","[16, 0, 0, 16, 1]","[0, 0, 0, 0, 0, 0, 0]","[-8, -8, -2, 0, 1, -3, -2]","[0, 0, 0, 0, 0, 0, 0]",0.0,"[16, 0, 0, 16, 1]",True,"[0, 0, 0, 0, 0, 0, 0]",0.0,"[-8, -8, -2, 0, 1, -3, -2]","[16, 0, 0, 16, 1]",True,"[0, 0, 0, 0, 0, 0, 0]",0.0,0,"[-8, -8, -2, 0, 1, -3, -2]","[16, 0, 0, 16, 1]",True,"[0, 0, 0, 0, 0, 0, 0]",0.0,"[-8, -8, -2, 0, 1, -3, -2]","[16, 0, 0, 16, 1]",True,"[0, 0, 0, 0, 0, 0, 0]",0.0,402,0.804,39.400106343805334,0,0,3,0,"[-8, -8, -2, 0, 1, -3, -2]","[16, 0, 0, 16, 1]",True,20,20,True,False,True,True,0,False,False,False,False,False,False,False,True,True,True,True,True,True,False,False,False,"[-8, -8, -2, 0, 1, -3, -2]",0,0,0,0,0,0.7164184169960208,3.4500000765547156e-05,0.7015281670028344,0.004073624993907288,14,14,"[('(0, 0, 0, 0, 0, 0, 0)', 402), ('(0, 0, 0, 0, 0, 1, 0)', 10), ('(0, 0, 0, -1, 0, 0, 0)', 10), ('(0, 0, 0, 0, 1, 0, 0)', 9), ('(-1, 0, 0, 0, 0, 0, 0)', 8), ('(0, 0, 0, 0, 0, 0, -1)', 7), ('(0, 0, 1, 0, 0, 0, 0)', 7), ('(1, 0, 0, 0, 0, 0, 0)', 7), ('(0, 0, 0, 0, 0, -1, 0)', 6), ('(0, 0, 0, 1, 0, 0, 0)', 6)]",5
5,7,17,93,"[1, -1, -1, 1, 0]","[1, 16, 16, 1, 0]","[1, 1, 0, 0, 0, 0, 0]","[-1, -6, -7, 4, 2, -7, -5]","[1, 1, 0, 0, 0, 0, 0]",2.0,"[1, 16, 16, 1, 0]",True,"[0, 0, 0, 0, 0, 0, 0]",2.0,"[-1, -6, -7, 4, 2, -7, -5]","[1, 16, 16, 1, 0]",True,"[0, 0, 0, 0, 0, 0, 0]",2.0,0,"[-1, -6, -7, 4, 2, -7, -5]","[1, 16, 16, 1, 0]",True,"[0, 0, 0, 0, 0, 0, 0]",2.0,"[-1, -6, -7, 4, 2, -7, -5]","[1, 16, 16, 1, 0]",True,"[0, 0, 0, 0, 0, 0, 0]",2.0,159,0.3199195171026157,41.592482618476616,0,0,4,2,"[-1, -6, -7, 4, 2, -7, -5]","[1, 16, 16, 1, 0]",True,20,20,True,False,True,True,0,False,False,False,False,False,False,False,True,True,True,True,True,True,False,False,False,"[-1, -6, -7, 4, 2, -7, -5]",0,0,0,0,0,0.8009100409981329,3.724999260157347e-05,0.7869322499900591,0.003850667009828612,14,14,"[('(0, 0, 0, 0, 0, 0, 0)', 159), ('(0, 0, 0, 0, 0, -1, 0)', 50), ('(0, 0, 0, 0, 0, 0, -1)', 34), ('(0, 0, 0, 0, 1, 0, 0)', 31), ('(0, 0, -1, 0, 0, 0, 0)', 27), ('(0, -1, 0, 0, 0, 0, 0)', 23), ('(1, 0, 0, 0, 0, 0, 0)', 20), ('(0, 0, -1, 0, 0, 0, -1)', 10), ('(0, 0, -1, 0, 0, -1, 0)', 9), ('(0, 0, 0, 0, 0, -1, -1)', 8)]",5
5,7,17,92,"[0, 0, 1, 1, 1]","[0, 0, 1, 1, 1]","[0, 0, 0, 1, 1, 1, 1]","[7, -2, -4, -7, 6, -6, 8]","[1, 0, 1, 1, 0, 0, 0]",3.0,"[11, 5, 14, 3, 14]",False,"[0, 0, 0, 0, 0, 0, 0]",3.0,"[7, -2, -4, -7, 6, -6, 8]","[11, 5, 14, 3, 14]",False,"[0, 0, 0, 0, 0, 0, 0]",3.0,0,"[7, -2, -4, -7, 6, -6, 8]","[11, 5, 14, 3, 14]",False,"[0, 0, 0, 0, 0, 0, 0]",3.0,"[7, -2, -4, -7, 6, -6, 8]","[11, 5, 14, 3, 14]",False,"[0, 0, 0, 0, -1, 0, 0]",4.0,27,0.05521472392638037,43.866779548982485,0,0,3,4,"[8, -2, -3, -7, 5, -7, 7]","[0, 0, 1, 1, 1]",True,20,20,True,True,True,True,0,False,False,False,False,False,True,True,True,True,True,True,False,False,False,False,True,"[8, -2, -3, -7, 5, -7, 7]",5,5,5,5,0,0.8946402920118999,3.833300434052944e-05,0.8816760000190698,0.0030597500153817236,14,14,"[('(0, 0, 0, 0, 0, 0, 0)', 109), ('(0, 0, 0, 0, 0, 0, -1)', 36), ('(0, 0, 0, 0, 0, 1, 0)', 35), ('(-1, 0, 0, 0, 0, 0, 0)', 32), ('(0, 0, 0, 1, 0, 0, 0)', 30), ('(0, 0, 0, 0, -1, 0, 0)', 27), ('(0, 0, -1, 0, 0, 0, 0)', 27), ('(0, 0, -1, 0, 0, 1, 0)', 16), ('(0, 0, 0, 0, -1, 0, -1)', 13), ('(0, 0, -1, 0, 0, 0, -1)', 13)]",5
5,7,17,95,"[0, 0, 0, -1, -1]","[0, 0, 0, 16, 16]","[1, 0, 0, 0, 0, 0, 0]","[-6, 4, 3, 4, 5, -4, -1]","[1, 0, 0, 0, 0, 0, 0]",1.0,"[0, 0, 0, 16, 16]",True,"[0, 0, 0, 0, 0, 0, 0]",1.0,"[-6, 4, 3, 4, 5, -4, -1]","[0, 0, 0, 16, 16]",True,"[0, 0, 0, 0, 0, 0, 0]",1.0,0,"[-6, 4, 3, 4, 5, -4, -1]","[0, 0, 0, 16, 16]",True,"[0, 0, 0, 0, 0, 0, 0]",1.0,"[-6, 4, 3, 4, 5, -4, -1]","[0, 0, 0, 16, 16]",True,"[0, 0, 0, 0, 0, 0, 0]",1.0,286,0.5742971887550201,10.484051778424039,0,0,2,1,"[-6, 4, 3, 4, 5, -4, -1]","[0, 0, 0, 16, 16]",True,20,20,True,False,True,True,0,False,False,False,False,False,False,False,True,True,True,True,True,True,False,False,False,"[-6, 4, 3, 4, 5, -4, -1]",0,0,0,0,0,0.8411390830005985,0.00013008402311243117,0.8296756249910686,0.0024712920130696148,14,14,"[('(0, 0, 0, 0, 0, 0, 0)', 286), ('(-1, 0, 0, 0, 0, 0, 0)', 79), ('(0, 0, 0, 0, 0, 0, 1)', 48), ('(-1, 0, 0, 0, 0, 0, 1)', 9), ('(0, 0, 0, 0, 0, 1, 0)', 6), ('(0, 0, 0, 0, -1, 0, 0)', 6), ('(0, 0, 0, -1, 0, 0, 0)', 5), ('(0, 0, -1, 0, 0, 0, 0)', 5), ('(0, 0, 0, 0, 1, 0, 0)', 5), ('(0, 0, 0, 0, 0, -1, 0)', 4)]",5
5,7,17,96,"[0, 0, 0, -1, -1]","[0, 0, 0, 16, 16]","[1, 0, 0, 0, -1, 1, 0]","[2, -7, -5, 5, -7, -8, 3]","[1, 0, 0, 0, -1, 1, 0]",3.0,"[0, 0, 0, 16, 16]",True,"[0, 0, 0, 0, 0, 0, 0]",3.0,"[2, -7, -5, 5, -7, -8, 3]","[0, 0, 0, 16, 16]",True,"[0, 0, 0, 0, 0, 0, 0]",3.0,0,"[2, -7, -5, 5, -7, -8, 3]","[0, 0, 0, 16, 16]",True,"[0, 0, 0, 0, 0, 0, 0]",3.0,"[2, -7, -5, 5, -7, -8, 3]","[0, 0, 0, 16, 16]",True,"[0, 0, 0, 0, 0, 0, 0]",3.0,225,0.4536290322580645,12.60794650007277,0,0,2,3,"[2, -7, -5, 5, -7, -8, 3]","[0, 0, 0, 16, 16]",True,20,20,True,False,True,True,0,False,False,False,False,False,False,False,True,True,True,True,True,True,False,False,False,"[2, -7, -5, 5, -7, -8, 3]",0,0,0,0,0,0.8837554590136278,3.674998879432678e-05,0.8712619169964455,0.002654582989634946,14,14,"[('(0, 0, 0, 0, 0, 0, 0)', 225), ('(0, 0, 0, 0, 0, 0, -1)', 54), ('(0, 0, 0, 0, 1, 0, 0)', 44), ('(0, 1, 0, 0, 0, 0, 0)', 22), ('(0, 0, 0, 1, 0, 0, 0)', 19), ('(0, 0, 0, 0, 1, 0, -1)', 17), ('(0, 0, 1, 0, 0, 0, 0)', 17), ('(0, 0, 1, 0, 0, 0, -1)', 8), ('(0, 1, 0, 0, 0, 0, -1)', 6), ('(0, 1, 0, 0, 1, 0, 0)', 6)]",5
5,7,17,97,"[0, 0, -1, 0, -1]","[0, 0, 16, 0, 16]","[-1, -1, 0, 1, 0, 0, 0]","[7, -2, 0, 1, -3, 3, -5]","[-1, -1, 0, 1, 0, 0, 0]",3.0,"[0, 0, 16, 0, 16]",True,"[0, 0, 0, 0, 0, 0, 0]",3.0,"[7, -2, 0, 1, -3, 3, -5]","[0, 0, 16, 0, 16]",True,"[0, 0, 0, 0, 0, 0, 0]",3.0,0,"[7, -2, 0, 1, -3, 3, -5]","[0, 0, 16, 0, 16]",True,"[0, 0, 0, 0, 0, 0, 0]",3.0,"[7, -2, 0, 1, -3, 3, -5]","[0, 0, 16, 0, 16]",True,"[0, 0, 0, 0, 0, 0, 0]",3.0,196,0.3951612903225806,12.621679627126202,0,0,2,3,"[7, -2, 0, 1, -3, 3, -5]","[0, 0, 16, 0, 16]",True,20,20,True,False,True,True,0,False,False,False,False,False,False,False,True,True,True,True,True,True,False,False,False,"[7, -2, 0, 1, -3, 3, -5]",0,0,0,0,0,0.9198356659908313,3.7667021388188004e-05,0.9071805420098826,0.003192499978467822,14,14,"[('(0, 0, 0, 0, 0, 0, 0)', 196), ('(0, 0, 0, 0, 0, -1, 0)', 49), ('(0, 0, 0, 0, 0, 0, 1)', 37), ('(1, 0, 0, 0, 0, 0, 0)', 36), ('(0, -1, 0, 0, 0, 0, 0)', 25), ('(0, 0, 1, 0, 0, 0, 0)', 18), ('(0, 0, 0, 0, 0, -1, 1)', 10), ('(1, 0, 0, 0, 0, 0, 1)', 8), ('(0, -1, 0, 0, 0, -1, 0)', 8), ('(0, 0, 1, 0, 0, -1, 0)', 7)]",5
5,7,17,98,"[0, -1, 0, 0, 0]","[0, 16, 0, 0, 0]","[1, 0, 0, 0, 1, 0, 1]","[3, -2, -5, 4, -2, -3, 3]","[-1, 0, 0, 0, 1, 0, 0]",2.0,"[2, 4, 5, 8, 10]",False,"[0, 0, 0, 0, 0, 0, 0]",2.0,"[3, -2, -5, 4, -2, -3, 3]","[2, 4, 5, 8, 10]",False,"[0, 0, 0, 0, 0, 0, 0]",2.0,0,"[3, -2, -5, 4, -2, -3, 3]","[2, 4, 5, 8, 10]",False,"[0, 0, 0, 0, 0, 0, 0]",2.0,"[3, -2, -5, 4, -2, -3, 3]","[2, 4, 5, 8, 10]",False,"[0, -1, 0, 0, 0, 0, 0]",3.0,52,0.10441767068273092,32.75297080864479,0,0,1,3,"[1, -2, -5, 4, -2, -3, 2]","[0, 16, 0, 0, 0]",True,20,20,True,True,True,True,0,False,False,False,False,False,True,True,True,True,True,True,False,False,False,False,True,"[1, -2, -5, 4, -2, -3, 2]",5,5,5,5,0,0.9252433340006974,3.9125006878748536e-05,0.9062231249990873,0.0031785409955773503,14,14,"[('(0, 0, 0, 0, 0, 0, 0)', 192), ('(0, -1, 0, 0, 0, 0, 0)', 52), ('(0, 0, 0, 0, 0, 0, -1)', 32), ('(-1, 0, 0, 0, 0, 0, 0)', 31), ('(0, 0, 1, 0, 0, 0, 0)', 26), ('(0, 0, 0, 0, 1, 0, 0)', 25), ('(0, -1, 0, 0, 0, 0, -1)', 19), ('(0, -1, 1, 0, 0, 0, 0)', 10), ('(0, 0, 0, 0, 1, 0, -1)', 9), ('(0, 0, 1, 0, 0, 0, -1)', 9)]",5
5,7,17,99,"[1, -1, 0, 0, 0]","[1, 16, 0, 0, 0]","[1, 0, 0, 0, 0, 0, 0]","[-9, -8, -4, 4, 7, 0, -7]","[1, 0, 0, 0, 0, 0, 0]",1.0,"[1, 16, 0, 0, 0]",True,"[0, 0, 0, 0, 0, 0, 0]",1.0,"[-9, -8, -4, 4, 7, 0, -7]","[1, 16, 0, 0, 0]",True,"[0, 0, 0, 0, 0, 0, 0]",1.0,0,"[-9, -8, -4, 4, 7, 0, -7]","[1, 16, 0, 0, 0]",True,"[0, 0, 0, 0, 0, 0, 0]",1.0,"[-9, -8, -4, 4, 7, 0, -7]","[1, 16, 0, 0, 0]",True,"[0, 0, 0, 0, 0, 0, 0]",1.0,164,0.332657200811359,10.539405452609943,0,0,2,1,"[-9, -8, -4, 4, 7, 0, -7]","[1, 16, 0, 0, 0]",True,20,20,True,False,True,True,0,False,False,False,False,False,False,False,True,True,True,True,True,True,False,False,False,"[-9, -8, -4, 4, 7, 0, -7]",0,0,0,0,0,0.9526960829971358,3.8541998947039247e-05,0.9412449169903994,0.0025538750051055104,14,14,"[('(0, 0, 0, 0, 0, 0, 0)', 164), ('(0, 0, 0, -1, 0, 0, 0)', 46), ('(0, 0, 0, 0, 0, 1, 0)', 42), ('(1, 0, 0, 0, 0, 0, 0)', 39), ('(0, 0, 0, 0, -1, 0, 0)', 35), ('(0, 0, 0, 0, 0, 0, -1)', 26), ('(0, 0, 0, -1, 0, 0, -1)', 9), ('(0, 0, 0, -1, 0, 1, 0)', 9), ('(1, 0, 0, -1, 0, 0, 0)', 9), ('(1, 0, 0, 0, -1, 0, 0)', 8)]",5
6,8,17,2,"[0, 1, 0, 0, -1, -1]","[0, 1, 0, 0, 16, 16]","[0, 1, 0, 0, 0, 0, 0, 0]","[1, -7, 7, 5, 1, 2, -4, -2]","[0, 1, 0, 0, 0, 0, 0, 0]",1.0,"[0, 1, 0, 0, 16, 16]",True,"[0, 0, 0, 0, 0, 0, 0, 0]",1.0,"[1, -7, 7, 5, 1, 2, -4, -2]","[0, 1, 0, 0, 16, 16]",True,"[0, 0, 0, 0, 0, 0, 0, 0]",1.0,0,"[1, -7, 7, 5, 1, 2, -4, -2]","[0, 1, 0, 0, 16, 16]",True,"[0, 0, 0, 0, 0, 0, 0, 0]",1.0,"[1, -7, 7, 5, 1, 2, -4, -2]","[0, 1, 0, 0, 16, 16]",True,"[0, 0, 0, 0, 0, 0, 0, 0]",1.0,222,0.4484848484848485,10.509282822853988,0,0,3,1,"[1, -7, 7, 5, 1, 2, -4, -2]","[0, 1, 0, 0, 16, 16]",True,20,20,True,False,True,True,0,False,False,False,False,False,False,False,True,True,True,True,True,True,False,False,False,"[1, -7, 7, 5, 1, 2, -4, -2]",0,0,0,0,0,3.0970397499913815,4.7209003241732717e-05,3.07394329100498,0.003583499987144023,16,16,"[('(0, 0, 0, 0, 0, 0, 0, 0)', 222), ('(-1, 0, 0, 0, 0, 0, 0, 0)', 46), ('(0, 0, 0, 0, 0, 0, -1, 0)', 41), ('(0, 1, 0, 0, 0, 0, 0, 0)', 36), ('(0, 0, 0, 0, -1, 0, 0, 0)', 34), ('(0, 0, 0, 0, -1, 0, -1, 0)', 8), ('(0, 1, 0, 0, 0, 0, -1, 0)', 8), ('(-1, 0, 0, 0, 0, 0, -1, 0)', 8), ('(0, 0, -1, 0, 0, 0, 0, 0)', 8), ('(-1, 0, 0, 0, -1, 0, 0, 0)', 6)]",5
6,8,17,0,"[0, 0, 1, 1, 0, 0]","[0, 0, 1, 1, 0, 0]","[0, 0, 0, 0, 0, 0, 0, 1]","[-5, -2, -6, 0, -8, -2, -2, -6]","[0, 0, 0, 0, 0, 0, 0, 1]",1.0,"[0, 0, 1, 1, 0, 0]",True,"[0, 0, 0, 0, 0, 0, 0, 0]",1.0,"[-5, -2, -6, 0, -8, -2, -2, -6]","[0, 0, 1, 1, 0, 0]",True,"[0, 0, 0, 0, 0, 0, 0, 0]",1.0,0,"[-5, -2, -6, 0, -8, -2, -2, -6]","[0, 0, 1, 1, 0, 0]",True,"[0, 0, 0, 0, 0, 0, 0, 0]",1.0,"[-5, -2, -6, 0, -8, -2, -2, -6]","[0, 0, 1, 1, 0, 0]",True,"[0, 0, 0, 0, 0, 0, 0, 0]",1.0,225,0.4563894523326572,30.507946500072773,0,0,2,1,"[-5, -2, -6, 0, -8, -2, -2, -6]","[0, 0, 1, 1, 0, 0]",True,20,20,True,False,True,True,0,False,False,False,False,False,False,False,True,True,True,True,True,True,False,False,False,"[-5, -2, -6, 0, -8, -2, -2, -6]",0,0,0,0,0,3.1206843340187334,6.995801231823862e-05,3.093262999987928,0.003330458013806492,16,16,"[('(0, 0, 0, 0, 0, 0, 0, 0)', 225), ('(0, 0, 0, 1, 0, 0, 0, 0)', 55), ('(0, 0, 0, 0, 0, 0, -1, 0)', 46), ('(0, 0, 0, 0, 0, 0, 0, 1)', 40), ('(0, 0, 0, 1, 0, 0, -1, 0)', 16), ('(0, 0, 0, 0, 0, 0, -1, 1)', 13), ('(0, 0, 0, 1, 0, 0, 0, 1)', 9), ('(0, 0, 1, 0, 0, 0, 0, 0)', 7), ('(0, 0, 0, 0, 0, 1, 0, 0)', 6), ('(0, 1, 0, 0, 0, 0, 0, 0)', 5)]",5
6,8,17,4,"[0, 0, 0, 1, 0, -1]","[0, 0, 0, 1, 0, 16]","[0, 0, 1, 0, 0, 1, 0, 0]","[-8, 4, 6, 7, -4, 2, 0, -8]","[0, 0, 0, 0, 1, 0, -1, 0]",2.0,"[9, 12, 13, 12, 11, 3]",False,"[0, 0, -1, 0, 0, 0, 0, 0]",2.0,"[-7, 4, 6, 7, -3, 3, -1, -8]","[7, 3, 16, 5, 7, 15]",False,"[0, 0, 0, 0, 0, 0, 0, 0]",2.0,0,"[-8, 4, 6, 7, -4, 2, 0, -8]","[9, 12, 13, 12, 11, 3]",False,"[0, 0, 0, 0, 0, 0, 0, 0]",2.0,"[-8, 4, 6, 7, -4, 2, 0, -8]","[9, 12, 13, 12, 11, 3]",False,"[0, 0, 0, -1, 0, 0, 0, 0]",2.0,38,0.07661290322580645,21.73364383538704,0,0,2,2,"[-8, 4, 5, 7, -3, 1, -1, -8]","[0, 0, 0, 1, 0, 16]",True,20,20,True,True,True,True,0,False,True,False,False,False,True,True,False,True,False,True,False,True,False,False,True,"[-8, 4, 5, 7, -3, 1, -1, -8]",4,6,4,4,0,3.1594098749919794,3.48330067936331e-05,3.1369208749965765,0.003471459000138566,16,16,"[('(0, 0, 0, 0, 0, 0, 0, 0)', 131), ('(0, 0, -1, 0, 0, 0, 0, 0)', 39), ('(0, 0, 0, -1, 0, 0, 0, 0)', 38), ('(0, 0, 0, 0, 0, 1, 0, 0)', 32), ('(0, 0, 0, 0, 0, 0, 1, 0)', 30), ('(0, 0, 0, 0, 1, 0, 0, 0)', 22), ('(0, 1, 0, 0, 0, 0, 0, 0)', 19), ('(0, 0, -1, -1, 0, 0, 0, 0)', 14), ('(0, 0, 0, -1, 1, 0, 0, 0)', 10), ('(0, 0, 0, 0, 0, 1, 1, 0)', 9)]",5
6,8,17,1,"[1, 0, 0, 0, -1, 1]","[1, 0, 0, 0, 16, 1]","[0, -1, 0, 0, 0, 1, -1, 0]","[-8, 4, 3, -4, -1, 3, -8, -2]","[1, 1, 0, 0, 0, 0, 0, 1]",3.0,"[8, 11, 10, 13, 11, 11]",False,"[0, 1, 0, 0, 0, 0, 1, 0]",2.0,"[-7, 5, 3, -4, -1, 4, -8, 0]","[12, 4, 10, 6, 0, 3]",False,"[0, 0, 0, 0, 0, 0, 0, 0]",3.0,0,"[-8, 4, 3, -4, -1, 3, -8, -2]","[8, 11, 10, 13, 11, 11]",False,"[0, 1, 0, 0, 0, 0, 1, 0]",2.0,"[-7, 5, 3, -4, -1, 4, -8, 0]","[12, 4, 10, 6, 0, 3]",False,"[0, 1, 0, 0, 1, 0, 0, 0]",3.0,11,0.022222222222222223,12.901509335021201,0,0,3,3,"[-7, 6, 3, -4, -1, 2, -7, -1]","[1, 0, 0, 0, 16, 1]",True,20,20,True,True,True,True,0,True,True,False,False,False,True,True,False,False,True,True,False,False,False,True,True,"[-7, 6, 3, -4, -1, 2, -7, -1]",8,7,8,7,0,3.2085848749848083,3.549997927621007e-05,3.1796802080061752,0.003634624998085201,16,16,"[('(0, 0, 0, 0, 0, 0, 0, 0)', 108), ('(0, 0, 0, 0, 0, 0, 1, 0)', 40), ('(0, 1, 0, 0, 0, 0, 0, 0)', 39), ('(0, 0, 0, 0, 1, 0, 0, 0)', 34), ('(0, 0, -1, 0, 0, 0, 0, 0)', 19), ('(-1, 0, 0, 0, 0, 0, 0, 0)', 18), ('(0, 0, 0, 0, 0, 0, 0, 1)', 17), ('(0, 0, 0, 0, 0, -1, 0, 0)', 16), ('(0, 1, 0, 0, 1, 0, 0, 0)', 11), ('(0, 0, -1, 0, 0, 0, 1, 0)', 10)]",5
6,8,17,3,"[1, 0, 0, 1, -1, 0]","[1, 0, 0, 1, 16, 0]","[0, -1, 0, 1, 0, 0, 0, 0]","[-3, -8, 0, -8, -3, -7, 0, 5]","[0, 0, 1, 0, 0, 1, 0, -1]",3.0,"[12, 4, 6, 10, 14, 2]",False,"[0, 0, 0, 0, -1, 0, 0, 0]",2.0,"[-3, -7, 1, -9, -3, -6, 0, 4]","[1, 0, 0, 1, 16, 0]",True,"[0, 0, 0, 0, -1, 0, 0, 0]",2.0,1,"[-3, -7, 1, -9, -3, -6, 0, 4]","[1, 0, 0, 1, 16, 0]",True,"[0, 0, 0, 0, -1, 0, 0, 0]",2.0,"[-3, -7, 1, -9, -3, -6, 0, 4]","[1, 0, 0, 1, 16, 0]",True,"[0, 0, 0, 0, -1, 0, 0, 0]",2.0,46,0.09292929292929293,1.7149852398289942,0,0,3,2,"[-3, -7, 1, -9, -3, -6, 0, 4]","[1, 0, 0, 1, 16, 0]",True,20,20,True,True,True,True,0,True,True,True,True,True,True,True,True,True,True,True,True,True,True,True,True,"[-3, -7, 1, -9, -3, -6, 0, 4]",5,0,0,0,0,3.254208500002278,7.495799218304455e-05,3.226152292016195,0.00422699999762699,16,16,"[('(0, 0, 0, 0, 0, 0, 0, 0)', 132), ('(0, 0, 0, 0, -1, 0, 0, 0)', 46), ('(0, 0, 0, 0, 0, 1, 0, 0)', 37), ('(0, 0, 1, 0, 0, 0, 0, 0)', 27), ('(1, 0, 0, 0, 0, 0, 0, 0)', 20), ('(0, -1, 0, 0, 0, 0, 0, 0)', 19), ('(0, 0, 0, -1, 0, 0, 0, 0)', 17), ('(0, 0, 0, 0, -1, 1, 0, 0)', 15), ('(0, 0, 0, 0, 0, 0, 0, 1)', 15), ('(1, 0, 0, 0, 0, 1, 0, 0)', 13)]",5
6,8,17,5,"[0, 1, -1, 1, 1, -1]","[0, 1, 16, 1, 1, 16]","[0, -1, 0, 0, 0, 0, 0, 0]","[8, 3, 4, -1, 7, 4, 8, -3]","[0, -1, 0, 0, 0, 0, 0, 0]",1.0,"[0, 1, 16, 1, 1, 16]",True,"[0, 0, 0, 0, 0, 0, 0, 0]",1.0,"[8, 3, 4, -1, 7, 4, 8, -3]","[0, 1, 16, 1, 1, 16]",True,"[0, 0, 0, 0, 0, 0, 0, 0]",1.0,0,"[8, 3, 4, -1, 7, 4, 8, -3]","[0, 1, 16, 1, 1, 16]",True,"[0, 0, 0, 0, 0, 0, 0, 0]",1.0,"[8, 3, 4, -1, 7, 4, 8, -3]","[0, 1, 16, 1, 1, 16]",True,"[0, 0, 0, 0, 0, 0, 0, 0]",1.0,237,0.4778225806451613,50.50277293263285,0,0,5,1,"[8, 3, 4, -1, 7, 4, 8, -3]","[0, 1, 16, 1, 1, 16]",True,20,20,True,False,True,True,0,False,False,False,False,False,False,False,True,True,True,True,True,True,False,False,False,"[8, 3, 4, -1, 7, 4, 8, -3]",0,0,0,0,0,3.0418430830177385,7.487498805858195e-05,3.0140290419803932,0.00568425000528805,16,16,"[('(0, 0, 0, 0, 0, 0, 0, 0)', 237), ('(0, 0, 0, 0, 0, 0, 0, -1)', 54), ('(-1, 0, 0, 0, 0, 0, 0, 0)', 44), ('(0, 0, 0, 0, 0, -1, 0, 0)', 42), ('(-1, 0, 0, 0, 0, 0, 0, -1)', 9), ('(-1, 0, 0, 0, 0, -1, 0, 0)', 9), ('(0, 0, 0, 1, 0, 0, 0, 0)', 6), ('(0, 0, 0, 0, 0, -1, 0, -1)', 5), ('(0, 0, 0, 0, 1, 0, 0, 0)', 5), ('(0, 0, 0, 0, -1, 0, 0, 0)', 5)]",5
6,8,17,7,"[-1, 0, 0, 1, 0, 0]","[16, 0, 0, 1, 0, 0]","[0, 0, -1, 0, 0, 0, 0, -1]","[-1, 8, -2, 3, -5, 7, 5, -4]","[0, 0, -1, 0, 0, 0, 0, -1]",2.0,"[16, 0, 0, 1, 0, 0]",True,"[0, 0, 0, 0, 0, 0, 0, 0]",2.0,"[-1, 8, -2, 3, -5, 7, 5, -4]","[16, 0, 0, 1, 0, 0]",True,"[0, 0, 0, 0, 0, 0, 0, 0]",2.0,0,"[-1, 8, -2, 3, -5, 7, 5, -4]","[16, 0, 0, 1, 0, 0]",True,"[0, 0, 0, 0, 0, 0, 0, 0]",2.0,"[-1, 8, -2, 3, -5, 7, 5, -4]","[16, 0, 0, 1, 0, 0]",True,"[0, 0, 0, 0, 0, 0, 0, 0]",2.0,273,0.5537525354969574,21.538687189361195,0,0,2,2,"[-1, 8, -2, 3, -5, 7, 5, -4]","[16, 0, 0, 1, 0, 0]",True,20,20,True,False,True,True,0,False,False,False,False,False,False,False,True,True,True,True,True,True,False,False,False,"[-1, 8, -2, 3, -5, 7, 5, -4]",0,0,0,0,0,3.0429715419886634,4.924999666400254e-05,3.016215750016272,0.003074707987252623,16,16,"[('(0, 0, 0, 0, 0, 0, 0, 0)', 273), ('(0, 0, 1, 0, 0, 0, 0, 0)', 70), ('(0, -1, 0, 0, 0, 0, 0, 0)', 39), ('(0, 0, 0, 0, 0, 1, 0, 0)', 10), ('(0, 0, 0, 0, 0, 0, 1, 0)', 9), ('(0, -1, 1, 0, 0, 0, 0, 0)', 8), ('(0, 0, 0, 0, 0, 0, 0, -1)', 7), ('(1, 0, 0, 0, 0, 0, 0, 0)', 6), ('(0, 0, 0, 0, -1, 0, 0, 0)', 5), ('(-1, 0, 0, 0, 0, 0, 0, 0)', 5)]",5
6,8,17,6,"[1, 0, -1, 1, -1, 0]","[1, 0, 16, 1, 16, 0]","[0, 0, 0, 1, 0, 0, 1, 0]","[5, 0, 6, -1, 5, 7, -5, -6]","[0, 0, 0, 1, 0, 0, 1, 0]",2.0,"[1, 0, 16, 1, 16, 0]",True,"[0, 0, 0, 0, 0, 0, 0, 0]",2.0,"[5, 0, 6, -1, 5, 7, -5, -6]","[1, 0, 16, 1, 16, 0]",True,"[0, 0, 0, 0, 0, 0, 0, 0]",2.0,0,"[5, 0, 6, -1, 5, 7, -5, -6]","[1, 0, 16, 1, 16, 0]",True,"[0, 0, 0, 0, 0, 0, 0, 0]",2.0,"[5, 0, 6, -1, 5, 7, -5, -6]","[1, 0, 16, 1, 16, 0]",True,"[0, 0, 0, 0, 0, 0, 0, 0]",2.0,210,0.4251012145748988,21.564814186652395,0,0,4,2,"[5, 0, 6, -1, 5, 7, -5, -6]","[1, 0, 16, 1, 16, 0]",True,20,20,True,False,True,True,0,False,False,False,False,False,False,False,True,True,True,True,True,True,False,False,False,"[5, 0, 6, -1, 5, 7, -5, -6]",0,0,0,0,0,3.118003042007331,4.745900514535606e-05,3.0867505420173984,0.004238167020957917,16,16,"[('(0, 0, 0, 0, 0, 0, 0, 0)', 210), ('(0, 0, 0, 0, 0, 0, 0, 1)', 50), ('(0, 1, 0, 0, 0, 0, 0, 0)', 33), ('(0, 0, 0, 1, 0, 0, 0, 0)', 26), ('(0, 0, 1, 0, 0, 0, 0, 0)', 26), ('(0, 0, 0, 0, 0, 1, 0, 0)', 23), ('(0, 0, 1, 0, 0, 0, 0, 1)', 11), ('(0, 0, 0, 1, 0, 0, 0, 1)', 6), ('(0, 1, 0, 0, 0, 0, 0, 1)', 6), ('(0, 0, 0, 0, 0, 1, 0, 1)', 6)]",5
6,8,17,8,"[-1, -1, 0, 0, 0, 0]","[16, 16, 0, 0, 0, 0]","[0, 0, 0, 0, -1, 0, 0, 0]","[0, -6, 1, 0, -5, -3, 0, 6]","[0, 0, 0, 0, -1, 0, 0, 0]",1.0,"[16, 16, 0, 0, 0, 0]",True,"[0, 0, 0, 0, 0, 0, 0, 0]",1.0,"[0, -6, 1, 0, -5, -3, 0, 6]","[16, 16, 0, 0, 0, 0]",True,"[0, 0, 0, 0, 0, 0, 0, 0]",1.0,0,"[0, -6, 1, 0, -5, -3, 0, 6]","[16, 16, 0, 0, 0, 0]",True,"[0, 0, 0, 0, 0, 0, 0, 0]",1.0,"[0, -6, 1, 0, -5, -3, 0, 6]","[16, 16, 0, 0, 0, 0]",True,"[0, 0, 0, 0, 0, 0, 0, 0]",1.0,207,0.4164989939637827,30.516246192029868,0,0,2,1,"[0, -6, 1, 0, -5, -3, 0, 6]","[16, 16, 0, 0, 0, 0]",True,20,20,True,False,True,True,0,False,False,False,False,False,False,False,True,True,True,True,True,True,False,False,False,"[0, -6, 1, 0, -5, -3, 0, 6]",0,0,0,0,0,3.1214549579890445,4.733301466330886e-05,3.090649833000498,0.006085291999625042,16,16,"[('(0, 0, 0, 0, 0, 0, 0, 0)', 207), ('(0, 0, 0, 0, 0, 0, 0, 1)', 54), ('(0, -1, 0, 0, 0, 0, 0, 0)', 43), ('(0, 0, 0, 0, 1, 0, 0, 0)', 40), ('(0, 0, 0, 0, 0, 1, 0, 0)', 36), ('(0, -1, 0, 0, 1, 0, 0, 0)', 10), ('(0, 0, 0, 0, 0, 0, 1, 0)', 8), ('(0, -1, 0, 0, 0, 1, 0, 0)', 8), ('(0, -1, 0, 0, 0, 0, 0, 1)', 7), ('(0, 0, 0, 0, 0, 1, 0, 1)', 6)]",5
6,8,17,9,"[1, 1, 0, 0, 1, -1]","[1, 1, 0, 0, 1, 16]","[0, 0, 0, 0, 0, -1, 0, 1]","[-5, 7, -5, 0, -1, 6, -1, -9]","[0, 0, 0, 0, 0, -1, 0, 1]",2.0,"[1, 1, 0, 0, 1, 16]",True,"[0, 0, 0, 0, 0, 0, 0, 0]",2.0,"[-5, 7, -5, 0, -1, 6, -1, -9]","[1, 1, 0, 0, 1, 16]",True,"[0, 0, 0, 0, 0, 0, 0, 0]",2.0,0,"[-5, 7, -5, 0, -1, 6, -1, -9]","[1, 1, 0, 0, 1, 16]",True,"[0, 0, 0, 0, 0, 0, 0, 0]",2.0,"[-5, 7, -5, 0, -1, 6, -1, -9]","[1, 1, 0, 0, 1, 16]",True,"[0, 0, 0, 0, 0, 0, 0, 0]",2.0,225,0.45180722891566266,21.557946500072774,0,0,4,2,"[-5, 7, -5, 0, -1, 6, -1, -9]","[1, 1, 0, 0, 1, 16]",True,20,20,True,False,True,True,0,False,False,False,False,False,False,False,True,True,True,True,True,True,False,False,False,"[-5, 7, -5, 0, -1, 6, -1, -9]",0,0,0,0,0,3.218582041998161,4.491698928177357e-05,3.193268041999545,0.0032106250000651926,16,16,"[('(0, 0, 0, 0, 0, 0, 0, 0)', 225), ('(0, 0, 0, 0, -1, 0, 0, 0)', 58), ('(0, 0, 0, 0, 0, 0, 0, 1)', 57), ('(0, 0, 1, 0, 0, 0, 0, 0)', 40), ('(0, 0, 0, 0, -1, 0, 0, 1)', 18), ('(0, 0, 1, 0, -1, 0, 0, 0)', 11), ('(0, 0, 1, 0, 0, 0, 0, 1)', 8), ('(0, 0, 0, 1, 0, 0, 0, 0)', 6), ('(0, 0, 0, -1, 0, 0, 0, 0)', 5), ('(0, 0, -1, 0, 0, 0, 0, 0)', 5)]",5
6,8,17,10,"[-1, -1, 1, 0, 0, -1]","[16, 16, 1, 0, 0, 16]","[0, 0, 0, 0, 0, 0, 0, 0]","[-5, 2, -1, -8, -3, 2, -4, 6]","[0, 0, 0, 0, 0, 0, 0, 0]",0.0,"[16, 16, 1, 0, 0, 16]",True,"[0, 0, 0, 0, 0, 0, 0, 0]",0.0,"[-5, 2, -1, -8, -3, 2, -4, 6]","[16, 16, 1, 0, 0, 16]",True,"[0, 0, 0, 0, 0, 0, 0, 0]",0.0,0,"[-5, 2, -1, -8, -3, 2, -4, 6]","[16, 16, 1, 0, 0, 16]",True,"[0, 0, 0, 0, 0, 0, 0, 0]",0.0,"[-5, 2, -1, -8, -3, 2, -4, 6]","[16, 16, 1, 0, 0, 16]",True,"[0, 0, 0, 0, 0, 0, 0, 0]",0.0,391,0.7835671342685371,39.40287381602096,0,0,4,0,"[-5, 2, -1, -8, -3, 2, -4, 6]","[16, 16, 1, 0, 0, 16]",True,20,20,True,False,True,True,0,False,False,False,False,False,False,False,True,True,True,True,True,True,False,False,False,"[-5, 2, -1, -8, -3, 2, -4, 6]",0,0,0,0,0,3.186471958004404,4.562499816529453e-05,3.160864625009708,0.003330707986606285,16,16,"[('(0, 0, 0, 0, 0, 0, 0, 0)', 391), ('(0, 0, 0, 0, 1, 0, 0, 0)', 10), ('(0, 1, 0, 0, 0, 0, 0, 0)', 10), ('(1, 0, 0, 0, 0, 0, 0, 0)', 8), ('(0, 0, 0, 0, -1, 0, 0, 0)', 7), ('(0, 0, 0, 0, 0, 0, 0, 1)', 7), ('(0, 0, 0, 1, 0, 0, 0, 0)', 7), ('(0, 0, -1, 0, 0, 0, 0, 0)', 7), ('(0, 0, 0, 0, 0, -1, 0, 0)', 6), ('(0, 0, 0, 0, 0, 0, -1, 0)', 5)]",5
6,8,17,13,"[0, 1, -1, 0, 1, -1]","[0, 1, 16, 0, 1, 16]","[0, 0, 0, 0, 0, -1, 0, 0]","[6, -1, -4, -3, -1, 5, 5, 4]","[0, 0, 0, 0, 0, -1, 0, 0]",1.0,"[0, 1, 16, 0, 1, 16]",True,"[0, 0, 0, 0, 0, 0, 0, 0]",1.0,"[6, -1, -4, -3, -1, 5, 5, 4]","[0, 1, 16, 0, 1, 16]",True,"[0, 0, 0, 0, 0, 0, 0, 0]",1.0,0,"[6, -1, -4, -3, -1, 5, 5, 4]","[0, 1, 16, 0, 1, 16]",True,"[0, 0, 0, 0, 0, 0, 0, 0]",1.0,"[6, -1, -4, -3, -1, 5, 5, 4]","[0, 1, 16, 0, 1, 16]",True,"[0, 0, 0, 0, 0, 0, 0, 0]",1.0,235,0.4757085020242915,30.503616819497438,0,0,4,1,"[6, -1, -4, -3, -1, 5, 5, 4]","[0, 1, 16, 0, 1, 16]",True,20,20,True,False,True,True,0,False,False,False,False,False,False,False,True,True,True,True,True,True,False,False,False,"[6, -1, -4, -3, -1, 5, 5, 4]",0,0,0,0,0,3.2412670829799026,4.349998198449612e-05,3.212058540986618,0.004423750011483207,16,16,"[('(0, 0, 0, 0, 0, 0, 0, 0)', 235), ('(0, 0, 0, -1, 0, 0, 0, 0)', 52), ('(0, 0, 0, 0, 0, 1, 0, 0)', 44), ('(0, 0, 0, 0, 1, 0, 0, 0)', 43), ('(0, 0, 0, -1, 1, 0, 0, 0)', 11), ('(0, 0, 0, -1, 0, 1, 0, 0)', 7), ('(0, 0, 0, 0, 0, -1, 0, 0)', 7), ('(0, 0, 0, 0, 0, 0, -1, 0)', 6), ('(0, 0, 0, 0, 1, 1, 0, 0)', 6), ('(0, 0, 0, 0, -1, 0, 0, 0)', 5)]",5
6,8,17,11,"[0, 0, -1, 1, 1, -1]","[0, 0, 16, 1, 1, 16]","[0, 0, -1, 1, 0, 0, 0, 0]","[-4, 2, 5, 4, 0, 6, -5, -7]","[-1, 0, 0, 0, 0, 0, 0, 0]",1.0,"[16, 4, 4, 3, 11, 11]",False,"[0, 0, 0, 0, 0, 0, 0, 0]",1.0,"[-4, 2, 5, 4, 0, 6, -5, -7]","[16, 4, 4, 3, 11, 11]",False,"[0, 0, 0, 0, 0, 0, 0, 0]",1.0,0,"[-4, 2, 5, 4, 0, 6, -5, -7]","[16, 4, 4, 3, 11, 11]",False,"[0, 0, 0, 0, 0, 0, 0, 0]",1.0,"[-4, 2, 5, 4, 0, 6, -5, -7]","[16, 4, 4, 3, 11, 11]",False,"[0, -1, 0, 0, 0, 0, 0, 0]",2.0,30,0.06109979633401222,21.756601279551486,0,0,4,2,"[-5, 2, 6, 3, 0, 6, -5, -7]","[0, 0, 16, 1, 1, 16]",True,20,20,True,True,True,True,0,False,False,False,False,False,True,True,True,True,True,True,False,False,False,False,True,"[-5, 2, 6, 3, 0, 6, -5, -7]",3,3,3,3,0,3.367355083988514,4.2166997445747256e-05,3.34205629202188,0.0044137499935459346,16,16,"[('(0, 0, 0, 0, 0, 0, 0, 0)', 109), ('(0, -1, 0, 0, 0, 0, 0, 0)', 30), ('(0, 0, 0, 0, 0, 0, -1, 0)', 29), ('(0, 0, 0, 0, 0, 0, 0, -1)', 28), ('(0, 0, 0, 1, 0, 0, 0, 0)', 27), ('(0, 0, -1, 0, 0, 0, 0, 0)', 25), ('(0, 0, 0, 0, 0, 1, 0, 0)', 23), ('(0, 0, 0, 1, 0, 1, 0, 0)', 12), ('(0, -1, 0, 0, 0, 0, 0, -1)', 9), ('(0, 0, 0, 1, 0, 0, -1, 0)', 9)]",5
6,8,17,12,"[-1, 1, 0, 1, 0, -1]","[16, 1, 0, 1, 0, 16]","[0, 0, 0, 0, 0, 0, -1, 1]","[7, 2, -2, 0, 8, -6, -7, 6]","[0, 0, 0, 0, 0, 0, -1, 1]",2.0,"[16, 1, 0, 1, 0, 16]",True,"[0, 0, 0, 0, 0, 0, 0, 0]",2.0,"[7, 2, -2, 0, 8, -6, -7, 6]","[16, 1, 0, 1, 0, 16]",True,"[0, 0, 0, 0, 0, 0, 0, 0]",2.0,0,"[7, 2, -2, 0, 8, -6, -7, 6]","[16, 1, 0, 1, 0, 16]",True,"[0, 0, 0, 0, 0, 0, 0, 0]",2.0,"[7, 2, -2, 0, 8, -6, -7, 6]","[16, 1, 0, 1, 0, 16]",True,"[0, 0, 0, 0, 0, 0, 0, 0]",2.0,100,0.20491803278688525,21.638487948315877,0,0,4,2,"[7, 2, -2, 0, 8, -6, -7, 6]","[16, 1, 0, 1, 0, 16]",True,20,20,True,False,True,True,0,False,False,False,False,False,False,False,True,True,True,True,True,True,False,False,False,"[7, 2, -2, 0, 8, -6, -7, 6]",0,0,0,0,0,3.44051370798843,4.458401235751808e-05,3.4104822500084992,0.005773250013589859,16,16,"[('(0, 0, 0, 0, 0, 0, 0, 0)', 100), ('(-1, 0, 0, 0, 0, 0, 0, 0)', 32), ('(0, 1, 0, 0, 0, 0, 0, 0)', 27), ('(0, 0, 0, 0, 0, 0, 1, 0)', 21), ('(0, 0, 0, 0, 0, -1, 0, 0)', 21), ('(0, 0, 0, 0, -1, 0, 0, 0)', 20), ('(0, 0, 0, 1, 0, 0, 0, 0)', 20), ('(0, 0, 0, 0, 0, 0, 0, -1)', 14), ('(0, 0, 0, 1, -1, 0, 0, 0)', 11), ('(-1, 0, 0, 0, 0, -1, 0, 0)', 11)]",5
6,8,17,14,"[0, -1, -1, 1, -1, -1]","[0, 16, 16, 1, 16, 16]","[1, 0, 1, 0, 1, 0, 0, 0]","[4, -3, -2, 7, 7, 3, -6, 2]","[0, -1, 0, 0, -1, 0, 0, 0]",2.0,"[7, 2, 16, 10, 7, 10]",False,"[0, 0, 0, 0, 0, 0, 0, 0]",2.0,"[4, -3, -2, 7, 7, 3, -6, 2]","[7, 2, 16, 10, 7, 10]",False,"[0, 0, 0, 0, 0, 0, 0, 0]",2.0,0,"[4, -3, -2, 7, 7, 3, -6, 2]","[7, 2, 16, 10, 7, 10]",False,"[0, 0, 0, 0, 0, 0, 0, 0]",2.0,"[4, -3, -2, 7, 7, 3, -6, 2]","[7, 2, 16, 10, 7, 10]",False,"[0, 0, 0, 0, -1, 0, 0, 0]",3.0,50,0.1006036217303823,52.756817436727566,0,0,5,3,"[3, -4, -3, 7, 5, 3, -6, 2]","[0, 16, 16, 1, 16, 16]",True,20,20,True,True,True,True,0,False,False,False,False,False,True,True,True,True,True,True,False,False,False,False,True,"[3, -4, -3, 7, 5, 3, -6, 2]",7,7,7,7,0,3.2952640840085223,4.295801045373082e-05,3.266198416997213,0.0030323340033646673,16,16,"[('(0, 0, 0, 0, 0, 0, 0, 0)', 195), ('(0, 0, 0, 0, -1, 0, 0, 0)', 50), ('(-1, 0, 0, 0, 0, 0, 0, 0)', 37), ('(0, 0, 0, -1, 0, 0, 0, 0)', 25), ('(0, 0, 0, 0, 0, 0, 1, 0)', 23), ('(0, 1, 0, 0, 0, 0, 0, 0)', 16), ('(0, 0, 0, -1, -1, 0, 0, 0)', 11), ('(-1, 0, 0, 0, -1, 0, 0, 0)', 10), ('(-1, 0, 0, -1, 0, 0, 0, 0)', 10), ('(0, 1, 0, 0, -1, 0, 0, 0)', 9)]",5
6,8,17,15,"[1, 1, 0, 0, -1, 1]","[1, 1, 0, 0, 16, 1]","[0, 0, -1, 0, 0, 0, 0, 0]","[-7, 6, 7, -1, -4, -8, 2, 7]","[0, 0, -1, 0, 0, 0, 0, 0]",1.0,"[1, 1, 0, 0, 16, 1]",True,"[0, 0, 0, 0, 0, 0, 0, 0]",1.0,"[-7, 6, 7, -1, -4, -8, 2, 7]","[1, 1, 0, 0, 16, 1]",True,"[0, 0, 0, 0, 0, 0, 0, 0]",1.0,0,"[-7, 6, 7, -1, -4, -8, 2, 7]","[1, 1, 0, 0, 16, 1]",True,"[0, 0, 0, 0, 0, 0, 0, 0]",1.0,"[-7, 6, 7, -1, -4, -8, 2, 7]","[1, 1, 0, 0, 16, 1]",True,"[0, 0, 0, 0, 0, 0, 0, 0]",1.0,174,0.35080645161290325,30.53352140260765,0,0,4,1,"[-7, 6, 7, -1, -4, -8, 2, 7]","[1, 1, 0, 0, 16, 1]",True,20,20,True,False,True,True,0,False,False,False,False,False,False,False,True,True,True,True,True,True,False,False,False,"[-7, 6, 7, -1, -4, -8, 2, 7]",0,0,0,0,0,3.1433446249866392,3.966700751334429e-05,3.1175512920017354,0.005929708015173674,16,16,"[('(0, 0, 0, 0, 0, 0, 0, 0)', 174), ('(0, 0, -1, 0, 0, 0, 0, 0)', 45), ('(-1, 0, 0, 0, 0, 0, 0, 0)', 43), ('(0, 0, 0, 0, 0, 0, 0, 1)', 41), ('(0, 0, 0, 0, 0, 0, -1, 0)', 39), ('(0, 0, 0, 0, 0, 0, -1, 1)', 14), ('(-1, 0, -1, 0, 0, 0, 0, 0)', 14), ('(-1, 0, 0, 0, 0, 0, 0, 1)', 12), ('(0, 0, -1, 0, 0, 0, -1, 0)', 9), ('(-1, 0, 0, 0, 0, 0, -1, 0)', 7)]",5
6,8,17,16,"[-1, 0, 1, 0, 0, 0]","[16, 0, 1, 0, 0, 0]","[-1, 0, 0, 0, 0, 1, 0, 1]","[4, -8, -4, -3, -6, 0, -3, 0]","[0, 0, 0, 1, 1, -1, 0, 0]",3.0,"[14, 3, 8, 16, 4, 0]",False,"[-1, 1, -1, -1, -1, -1, 0, 0]",3.0,"[5, -8, -4, -2, -5, -2, -3, -1]","[16, 0, 1, 0, 0, 0]",True,"[0, 0, 0, 0, 0, 0, 0, 0]",3.0,0,"[4, -8, -4, -3, -6, 0, -3, 0]","[14, 3, 8, 16, 4, 0]",False,"[0, 0, 0, 0, 0, 0, 0, 0]",3.0,"[4, -8, -4, -3, -6, 0, -3, 0]","[14, 3, 8, 16, 4, 0]",False,"[-1, 0, 0, 0, 0, 0, 0, 0]",5.0,5,0.010040160642570281,3055.070824053077,3,0,4,5,"[5, -9, -4, -3, -6, 0, -3, 0]","[15, 0, 3, 16, 0, 5]",False,20,20,False,False,False,True,8,False,True,True,False,False,False,False,False,True,False,True,False,False,False,False,False,"[5, -8, -4, -2, -5, -2, -3, -1]",8,0,8,8,8,3.0864151249988936,4.33750101365149e-05,3.062981208000565,0.0034452920081093907,16,16,"[('(0, 0, 0, 0, 0, 0, 0, 0)', 206), ('(0, 0, 0, 0, 0, 0, 1, 0)', 59), ('(0, 0, -1, 0, 0, 0, 0, 0)', 51), ('(0, 1, 0, 0, 0, 0, 0, 0)', 24), ('(0, 0, 0, 0, 0, 0, 0, 1)', 22), ('(0, 0, -1, 0, 0, 0, 1, 0)', 19), ('(0, 1, 0, 0, 0, 0, 1, 0)', 8), ('(0, 0, 0, 0, 0, 0, 1, 1)', 7), ('(0, 0, -1, 0, 0, 0, 0, 1)', 7), ('(-1, 0, 0, 0, 0, 0, 1, 0)', 6)]",5
6,8,17,17,"[1, 1, 0, -1, 0, 1]","[1, 1, 0, 16, 0, 1]","[0, 1, 0, 0, 0, 0, 0, 0]","[-1, 4, 7, 6, 1, 8, 7, -3]","[0, 1, 0, 0, 0, 0, 0, 0]",1.0,"[1, 1, 0, 16, 0, 1]",True,"[0, 0, 0, 0, 0, 0, 0, 0]",1.0,"[-1, 4, 7, 6, 1, 8, 7, -3]","[1, 1, 0, 16, 0, 1]",True,"[0, 0, 0, 0, 0, 0, 0, 0]",1.0,0,"[-1, 4, 7, 6, 1, 8, 7, -3]","[1, 1, 0, 16, 0, 1]",True,"[0, 0, 0, 0, 0, 0, 0, 0]",1.0,"[-1, 4, 7, 6, 1, 8, 7, -3]","[1, 1, 0, 16, 0, 1]",True,"[0, 0, 0, 0, 0, 0, 0, 0]",1.0,162,0.3319672131147541,30.540624979919325,0,0,4,1,"[-1, 4, 7, 6, 1, 8, 7, -3]","[1, 1, 0, 16, 0, 1]",True,20,20,True,False,True,True,0,False,False,False,False,False,False,False,True,True,True,True,True,True,False,False,False,"[-1, 4, 7, 6, 1, 8, 7, -3]",0,0,0,0,0,3.1960893329815008,3.779199323616922e-05,3.1681442499975674,0.005608041014056653,16,16,"[('(0, 0, 0, 0, 0, 0, 0, 0)', 162), ('(0, 0, 0, 0, 0, 0, -1, 0)', 39), ('(0, 0, 0, 1, 0, 0, 0, 0)', 30), ('(0, 0, 0, 0, -1, 0, 0, 0)', 29), ('(0, 0, 0, 0, 0, -1, 0, 0)', 28), ('(0, 0, 0, 0, 0, 0, 0, -1)', 26), ('(0, 0, 1, 0, 0, 0, 0, 0)', 24), ('(0, 0, 0, 0, 0, -1, -1, 0)', 8), ('(0, 0, 0, 0, -1, 0, -1, 0)', 6), ('(0, 0, 1, 0, 0, 0, -1, 0)', 6)]",5
6,8,17,18,"[1, -1, 0, 0, 0, 0]","[1, 16, 0, 0, 0, 0]","[0, 1, 0, 0, 0, 0, 0, -1]","[-8, 5, -1, 4, -4, 8, 2, 1]","[0, 1, 0, 0, 0, 0, 0, -1]",2.0,"[1, 16, 0, 0, 0, 0]",True,"[0, 0, 0, 0, 0, 0, 0, 0]",2.0,"[-8, 5, -1, 4, -4, 8, 2, 1]","[1, 16, 0, 0, 0, 0]",True,"[0, 0, 0, 0, 0, 0, 0, 0]",2.0,0,"[-8, 5, -1, 4, -4, 8, 2, 1]","[1, 16, 0, 0, 0, 0]",True,"[0, 0, 0, 0, 0, 0, 0, 0]",2.0,"[-8, 5, -1, 4, -4, 8, 2, 1]","[1, 16, 0, 0, 0, 0]",True,"[0, 0, 0, 0, 0, 0, 0, 0]",2.0,158,0.3191919191919192,21.593109579777977,0,0,2,2,"[-8, 5, -1, 4, -4, 8, 2, 1]","[1, 16, 0, 0, 0, 0]",True,20,20,True,False,True,True,0,False,False,False,False,False,False,False,True,True,True,True,True,True,False,False,False,"[-8, 5, -1, 4, -4, 8, 2, 1]",0,0,0,0,0,3.194224375009071,4.045901005156338e-05,3.167503874981776,0.004782792006153613,16,16,"[('(0, 0, 0, 0, 0, 0, 0, 0)', 158), ('(0, 0, 0, 0, 0, 0, 1, 0)', 41), ('(0, 0, 0, 0, -1, 0, 0, 0)', 37), ('(0, 0, 0, -1, 0, 0, 0, 0)', 30), ('(1, 0, 0, 0, 0, 0, 0, 0)', 21), ('(0, 0, 1, 0, 0, 0, 0, 0)', 20), ('(0, 0, 0, 0, 0, -1, 0, 0)', 18), ('(0, 0, 0, 0, 0, 0, 0, -1)', 13), ('(0, 0, 0, 0, -1, 0, 1, 0)', 11), ('(0, 0, 0, 0, 0, 0, 1, -1)', 7)]",5
6,8,17,19,"[1, 0, 0, 1, 0, 0]","[1, 0, 0, 1, 0, 0]","[0, -1, 0, 0, 0, 0, 0, 0]","[8, 2, 8, 5, 6, 1, 8, 7]","[0, -1, 0, 0, 0, 0, 0, 0]",1.0,"[1, 0, 0, 1, 0, 0]",True,"[0, 0, 0, 0, 0, 0, 0, 0]",1.0,"[8, 2, 8, 5, 6, 1, 8, 7]","[1, 0, 0, 1, 0, 0]",True,"[0, 0, 0, 0, 0, 0, 0, 0]",1.0,0,"[8, 2, 8, 5, 6, 1, 8, 7]","[1, 0, 0, 1, 0, 0]",True,"[0, 0, 0, 0, 0, 0, 0, 0]",1.0,"[8, 2, 8, 5, 6, 1, 8, 7]","[1, 0, 0, 1, 0, 0]",True,"[0, 0, 0, 0, 0, 0, 0, 0]",1.0,189,0.3810483870967742,30.525297592783954,0,0,2,1,"[8, 2, 8, 5, 6, 1, 8, 7]","[1, 0, 0, 1, 0, 0]",True,20,20,True,False,True,True,0,False,False,False,False,False,False,False,True,True,True,True,True,True,False,False,False,"[8, 2, 8, 5, 6, 1, 8, 7]",0,0,0,0,0,3.1251594169880264,4.387501394376159e-05,3.094551791989943,0.0034690000175032765,16,16,"[('(0, 0, 0, 0, 0, 0, 0, 0)', 189), ('(0, 0, 0, 0, 0, -1, 0, 0)', 46), ('(0, 0, -1, 0, 0, 0, 0, 0)', 44), ('(0, 1, 0, 0, 0, 0, 0, 0)', 44), ('(0, 0, 0, -1, 0, 0, 0, 0)', 28), ('(0, 0, -1, -1, 0, 0, 0, 0)', 12), ('(0, 0, -1, 0, 0, -1, 0, 0)', 12), ('(0, 1, 0, -1, 0, 0, 0, 0)', 12), ('(0, 1, -1, 0, 0, 0, 0, 0)', 11), ('(0, 0, 0, 0, 0, 0, 0, -1)', 8)]",5
6,8,17,20,"[0, 0, 0, 0, 1, -1]","[0, 0, 0, 0, 1, 16]","[0, 0, 0, 0, 0, 0, 0, 0]","[-4, 4, 4, 2, 3, -2, -4, -4]","[0, 0, 0, 0, 0, 0, 0, 0]",0.0,"[0, 0, 0, 0, 1, 16]",True,"[0, 0, 0, 0, 0, 0, 0, 0]",0.0,"[-4, 4, 4, 2, 3, -2, -4, -4]","[0, 0, 0, 0, 1, 16]",True,"[0, 0, 0, 0, 0, 0, 0, 0]",0.0,0,"[-4, 4, 4, 2, 3, -2, -4, -4]","[0, 0, 0, 0, 1, 16]",True,"[0, 0, 0, 0, 0, 0, 0, 0]",0.0,"[-4, 4, 4, 2, 3, -2, -4, -4]","[0, 0, 0, 0, 1, 16]",True,"[0, 0, 0, 0, 0, 0, 0, 0]",0.0,374,0.749498997995992,39.40730739740296,0,0,2,0,"[-4, 4, 4, 2, 3, -2, -4, -4]","[0, 0, 0, 0, 1, 16]",True,20,20,True,False,True,True,0,False,False,False,False,False,False,False,True,True,True,True,True,True,False,False,False,"[-4, 4, 4, 2, 3, -2, -4, -4]",0,0,0,0,0,3.094181958993431,3.862500307150185e-05,3.0627882499829866,0.0035752920084632933,16,16,"[('(0, 0, 0, 0, 0, 0, 0, 0)', 374), ('(-1, 0, 0, 0, 0, 0, 0, 0)', 13), ('(1, 0, 0, 0, 0, 0, 0, 0)', 10), ('(0, 0, 0, 1, 0, 0, 0, 0)', 9), ('(0, 0, 0, 0, 1, 0, 0, 0)', 8), ('(0, 0, 0, 0, 0, -1, 0, 0)', 8), ('(0, 0, -1, 0, 0, 0, 0, 0)', 8), ('(0, 0, 0, -1, 0, 0, 0, 0)', 7), ('(0, 0, 0, 0, 0, 0, 0, -1)', 6), ('(0, 0, 0, 0, -1, 0, 0, 0)', 6)]",5
6,8,17,21,"[0, 0, 1, 0, 0, -1]","[0, 0, 1, 0, 0, 16]","[0, 0, 0, 0, 0, 0, 0, 0]","[-6, 6, 0, 4, 0, -7, -1, -5]","[0, 0, 0, 0, 0, 0, 0, 0]",0.0,"[0, 0, 1, 0, 0, 16]",True,"[0, 0, 0, 0, 0, 0, 0, 0]",0.0,"[-6, 6, 0, 4, 0, -7, -1, -5]","[0, 0, 1, 0, 0, 16]",True,"[0, 0, 0, 0, 0, 0, 0, 0]",0.0,0,"[-6, 6, 0, 4, 0, -7, -1, -5]","[0, 0, 1, 0, 0, 16]",True,"[0, 0, 0, 0, 0, 0, 0, 0]",0.0,"[-6, 6, 0, 4, 0, -7, -1, -5]","[0, 0, 1, 0, 0, 16]",True,"[0, 0, 0, 0, 0, 0, 0, 0]",0.0,396,0.792,39.40160637193128,0,0,2,0,"[-6, 6, 0, 4, 0, -7, -1, -5]","[0, 0, 1, 0, 0, 16]",True,20,20,True,False,True,True,0,False,False,False,False,False,False,False,True,True,True,True,True,True,False,False,False,"[-6, 6, 0, 4, 0, -7, -1, -5]",0,0,0,0,0,3.0120702080021147,4.512499435804784e-05,2.9871702500095125,0.004249082994647324,16,16,"[('(0, 0, 0, 0, 0, 0, 0, 0)', 396), ('(0, 1, 0, 0, 0, 0, 0, 0)', 10), ('(0, 0, 0, 0, 0, -1, 0, 0)', 8), ('(0, 0, 1, 0, 0, 0, 0, 0)', 8), ('(0, 0, 0, 1, 0, 0, 0, 0)', 7), ('(0, 0, -1, 0, 0, 0, 0, 0)', 7), ('(0, 0, 0, 0, 0, 0, -1, 0)', 6), ('(0, 0, 0, 0, 0, 1, 0, 0)', 6), ('(0, 0, 0, 0, -1, 0, 0, 0)', 6), ('(0, 0, 0, 0, 1, 0, 0, 0)', 5)]",5
6,8,17,22,"[0, 0, 1, 0, 1, 0]","[0, 0, 1, 0, 1, 0]","[0, 0, -1, 0, 0, 0, 0, -1]","[-7, 2, 5, -7, 3, -1, -4, -7]","[0, 0, -1, 0, 0, 0, 0, -1]",2.0,"[0, 0, 1, 0, 1, 0]",True,"[0, 0, 0, 0, 0, 0, 0, 0]",2.0,"[-7, 2, 5, -7, 3, -1, -4, -7]","[0, 0, 1, 0, 1, 0]",True,"[0, 0, 0, 0, 0, 0, 0, 0]",2.0,0,"[-7, 2, 5, -7, 3, -1, -4, -7]","[0, 0, 1, 0, 1, 0]",True,"[0, 0, 0, 0, 0, 0, 0, 0]",2.0,"[-7, 2, 5, -7, 3, -1, -4, -7]","[0, 0, 1, 0, 1, 0]",True,"[0, 0, 0, 0, 0, 0, 0, 0]",2.0,240,0.482897384305835,21.551520306650936,0,0,2,2,"[-7, 2, 5, -7, 3, -1, -4, -7]","[0, 0, 1, 0, 1, 0]",True,20,20,True,False,True,True,0,False,False,False,False,False,False,False,True,True,True,True,True,True,False,False,False,"[-7, 2, 5, -7, 3, -1, -4, -7]",0,0,0,0,0,3.1250215410254896,4.254101077094674e-05,3.0909542499866802,0.0033060419955290854,16,16,"[('(0, 0, 0, 0, 0, 0, 0, 0)', 240), ('(0, 0, 0, 0, 0, -1, 0, 0)', 63), ('(1, 0, 0, 0, 0, 0, 0, 0)', 49), ('(0, 0, -1, 0, 0, 0, 0, 0)', 40), ('(1, 0, -1, 0, 0, 0, 0, 0)', 9), ('(1, 0, 0, 0, 0, -1, 0, 0)', 7), ('(0, 0, -1, 0, 0, -1, 0, 0)', 7), ('(0, -1, 0, 0, 0, 0, 0, 0)', 7), ('(0, 0, 0, 0, 0, 0, 1, 0)', 5), ('(0, 0, 0, 0, 0, 0, -1, 0)', 5)]",5
6,8,17,23,"[1, -1, 1, 0, 0, 1]","[1, 16, 1, 0, 0, 1]","[0, 1, 0, 0, 0, 0, 0, 0]","[-2, -8, 2, 3, -3, 7, 8, -6]","[0, 0, 0, 0, 1, 0, 0, 0]",1.0,"[13, 4, 12, 9, 0, 9]",False,"[0, 0, 0, 0, 0, 0, 0, 0]",1.0,"[-2, -8, 2, 3, -3, 7, 8, -6]","[13, 4, 12, 9, 0, 9]",False,"[0, 0, 0, 0, 0, 0, 0, 0]",1.0,0,"[-2, -8, 2, 3, -3, 7, 8, -6]","[13, 4, 12, 9, 0, 9]",False,"[0, 0, 0, 0, 0, 0, 0, 0]",1.0,"[-2, -8, 2, 3, -3, 7, 8, -6]","[13, 4, 12, 9, 0, 9]",False,"[1, 0, 0, 0, 0, 0, 0, 0]",1.0,24,0.048582995951417005,30.72811241751318,0,0,4,1,"[-2, -9, 2, 3, -2, 7, 8, -6]","[1, 16, 1, 0, 0, 1]",True,20,20,True,True,True,True,0,False,False,False,False,False,True,True,True,True,True,True,False,True,False,False,True,"[-2, -9, 2, 3, -2, 7, 8, -6]",2,2,2,2,0,3.2679269159852993,3.850000211969018e-05,3.2394422499928623,0.005246999993687496,16,16,"[('(0, 0, 0, 0, 0, 0, 0, 0)', 146), ('(0, 0, 0, 1, 0, 0, 0, 0)', 48), ('(0, 1, 0, 0, 0, 0, 0, 0)', 38), ('(1, 0, 0, 0, 0, 0, 0, 0)', 24), ('(0, 0, 0, 0, 1, 0, 0, 0)', 22), ('(1, 0, 0, 1, 0, 0, 0, 0)', 18), ('(0, 0, 0, 0, 0, 0, 0, 1)', 18), ('(0, 0, 0, 1, 0, 0, 0, 1)', 12), ('(1, 0, 0, 0, 1, 0, 0, 0)', 12), ('(0, 0, 0, 1, 1, 0, 0, 0)', 10)]",5
6,8,17,24,"[-1, 0, 0, -1, 0, 0]","[16, 0, 0, 16, 0, 0]","[1, 0, 0, 1, 0, 0, 0, 0]","[5, 6, 7, -2, 4, -1, -4, 4]","[1, 0, 0, 1, 0, 0, 0, 0]",2.0,"[16, 0, 0, 16, 0, 0]",True,"[0, 0, 0, 0, 0, 0, 0, 0]",2.0,"[5, 6, 7, -2, 4, -1, -4, 4]","[16, 0, 0, 16, 0, 0]",True,"[0, 0, 0, 0, 0, 0, 0, 0]",2.0,0,"[5, 6, 7, -2, 4, -1, -4, 4]","[16, 0, 0, 16, 0, 0]",True,"[0, 0, 0, 0, 0, 0, 0, 0]",2.0,"[5, 6, 7, -2, 4, -1, -4, 4]","[16, 0, 0, 16, 0, 0]",True,"[0, 0, 0, 0, 0, 0, 0, 0]",2.0,82,0.1673469387755102,21.65811593922034,0,0,2,2,"[5, 6, 7, -2, 4, -1, -4, 4]","[16, 0, 0, 16, 0, 0]",True,20,20,True,False,True,True,0,False,False,False,False,False,False,False,True,True,True,True,True,True,False,False,False,"[5, 6, 7, -2, 4, -1, -4, 4]",0,0,0,0,0,3.285896542016417,4.116600030101836e-05,3.2616857919783797,0.003319625015137717,16,16,"[('(0, 0, 0, 0, 0, 0, 0, 0)', 82), ('(0, 0, 1, 0, 0, 0, 0, 0)', 23), ('(1, 0, 0, 0, 0, 0, 0, 0)', 22), ('(0, 0, 0, 0, 0, 0, 0, 1)', 21), ('(0, 0, 0, 0, 0, 0, 1, 0)', 21), ('(0, -1, 0, 0, 0, 0, 0, 0)', 18), ('(0, 0, 0, -1, 0, 0, 0, 0)', 17), ('(0, 0, 0, 0, 0, -1, 0, 0)', 16), ('(0, 0, 0, 0, -1, 0, 0, 0)', 13), ('(0, 0, 0, 0, 0, 0, 1, 1)', 8)]",5
6,8,17,25,"[0, 0, 0, -1, 0, 0]","[0, 0, 0, 16, 0, 0]","[0, 0, 0, 0, -1, -1, 0, 0]","[0, -1, 4, 4, 4, 5, -7, 6]","[0, 1, 0, 0, -1, 1, 0, 0]",3.0,"[7, 13, 12, 8, 12, 1]",False,"[0, 0, 0, -1, 0, 0, 0, 0]",2.0,"[0, 0, 4, 4, 4, 7, -7, 6]","[0, 0, 0, 16, 0, 0]",True,"[0, 0, 0, -1, 0, 0, 0, 0]",2.0,1,"[0, 0, 4, 4, 4, 7, -7, 6]","[0, 0, 0, 16, 0, 0]",True,"[0, 0, 0, -1, 0, 0, 0, 0]",2.0,"[0, 0, 4, 4, 4, 7, -7, 6]","[0, 0, 0, 16, 0, 0]",True,"[0, 0, 0, -1, 0, 0, 0, 0]",2.0,29,0.058823529411764705,41.759880261833786,0,0,1,2,"[0, 0, 4, 4, 4, 7, -7, 6]","[0, 0, 0, 16, 0, 0]",True,20,20,True,True,True,True,0,True,True,True,True,True,True,True,True,True,True,True,True,True,True,True,True,"[0, 0, 4, 4, 4, 7, -7, 6]",5,0,0,0,0,3.247027125005843,5.6416000006720424e-05,3.2223820840008557,0.003066125005716458,16,16,"[('(0, 0, 0, 0, 0, 0, 0, 0)', 114), ('(0, 0, 0, -1, 0, 0, 0, 0)', 29), ('(0, 0, 1, 0, 0, 0, 0, 0)', 28), ('(0, 0, 0, 0, 1, 0, 0, 0)', 27), ('(0, 0, 0, 0, 0, 0, -1, 0)', 24), ('(0, -1, 0, 0, 0, 0, 0, 0)', 23), ('(-1, 0, 0, 0, 0, 0, 0, 0)', 17), ('(0, 0, 0, 0, 0, 0, 0, 1)', 15), ('(0, 0, 0, -1, 1, 0, 0, 0)', 11), ('(0, 0, 0, 0, 0, 1, 0, 0)', 10)]",5
6,8,17,26,"[1, -1, 0, -1, 0, 0]","[1, 16, 0, 16, 0, 0]","[0, 0, -1, 0, 0, 1, 0, 0]","[3, -2, 4, 8, -6, -1, 2, 1]","[0, 0, -1, 0, 0, 1, 0, 0]",2.0,"[1, 16, 0, 16, 0, 0]",True,"[0, 0, 0, 0, 0, 0, 0, 0]",2.0,"[3, -2, 4, 8, -6, -1, 2, 1]","[1, 16, 0, 16, 0, 0]",True,"[0, 0, 0, 0, 0, 0, 0, 0]",2.0,0,"[3, -2, 4, 8, -6, -1, 2, 1]","[1, 16, 0, 16, 0, 0]",True,"[0, 0, 0, 0, 0, 0, 0, 0]",2.0,"[3, -2, 4, 8, -6, -1, 2, 1]","[1, 16, 0, 16, 0, 0]",True,"[0, 0, 0, 0, 0, 0, 0, 0]",2.0,117,0.23877551020408164,1.6229315375534337,0,0,3,2,"[3, -2, 4, 8, -6, -1, 2, 1]","[1, 16, 0, 16, 0, 0]",True,20,20,True,False,True,True,0,False,False,False,False,False,False,False,True,True,True,True,True,True,False,False,False,"[3, -2, 4, 8, -6, -1, 2, 1]",0,0,0,0,0,3.299749583005905,5.4208998335525393e-05,3.265819208987523,0.004100916004972532,16,16,"[('(0, 0, 0, 0, 0, 0, 0, 0)', 117), ('(0, 0, -1, 0, 0, 0, 0, 0)', 37), ('(0, 0, 0, 0, 1, 0, 0, 0)', 34), ('(0, 0, 0, 0, 0, -1, 0, 0)', 33), ('(0, 0, 0, -1, 0, 0, 0, 0)', 27), ('(0, 1, 0, 0, 0, 0, 0, 0)', 25), ('(0, 0, 0, 0, 0, 0, 0, 1)', 24), ('(0, 0, 0, 0, 0, 0, 1, 0)', 18), ('(0, 0, 0, 0, 0, 0, 1, 1)', 9), ('(0, 0, 0, -1, 0, -1, 0, 0)', 9)]",5
6,8,17,27,"[1, 0, -1, 1, 1, -1]","[1, 0, 16, 1, 1, 16]","[0, 0, 1, -1, 0, 0, -1, 0]","[-1, 8, 1, 7, 1, 0, 1, 7]","[0, 0, 1, -1, 0, 0, -1, 0]",3.0,"[1, 0, 16, 1, 1, 16]",True,"[-1, 0, 0, 0, 0, 0, 0, 0]",3.0,"[-1, 8, 2, 7, 0, 0, 1, 7]","[6, 12, 6, 14, 10, 5]",False,"[0, 0, 0, 0, 0, 0, 0, 0]",3.0,0,"[-1, 8, 1, 7, 1, 0, 1, 7]","[1, 0, 16, 1, 1, 16]",True,"[0, 0, 0, 0, 0, 0, 0, 0]",3.0,"[-1, 8, 1, 7, 1, 0, 1, 7]","[1, 0, 16, 1, 1, 16]",True,"[0, 0, 0, 0, 0, 0, 0, 0]",3.0,148,0.3008130081300813,52.64960536940545,0,0,5,3,"[-1, 8, 1, 7, 1, 0, 1, 7]","[1, 0, 16, 1, 1, 16]",True,20,20,True,False,True,True,0,False,True,False,False,False,False,False,False,True,False,True,False,True,False,False,False,"[-1, 8, 1, 7, 1, 0, 1, 7]",0,2,0,0,0,3.1688922909961548,4.33750101365149e-05,3.143059667025227,0.0034260409884154797,16,16,"[('(0, 0, 0, 0, 0, 0, 0, 0)', 148), ('(0, 0, 0, 0, 0, 0, 1, 0)', 52), ('(0, 0, 0, 0, 0, 0, 0, 1)', 40), ('(0, 0, 0, 0, 0, 1, 0, 0)', 35), ('(0, 0, -1, 0, 0, 0, 0, 0)', 25), ('(-1, 0, 0, 0, 0, 0, 0, 0)', 18), ('(0, 0, 0, 0, -1, 0, 0, 0)', 15), ('(0, 0, 0, 0, 0, 0, 1, 1)', 10), ('(0, 0, 0, 0, 0, 1, 0, 1)', 9), ('(0, 0, -1, 0, 0, 0, 0, 1)', 8)]",5
6,8,17,29,"[1, 1, 0, 0, -1, 0]","[1, 1, 0, 0, 16, 0]","[0, 0, 0, -1, 0, 1, 0, 0]","[-6, 0, 3, 1, -4, -3, 1, 4]","[1, 0, 0, 0, 0, 0, 0, 1]",2.0,"[15, 6, 2, 2, 12, 11]",False,"[0, 0, 0, 0, 0, 0, 0, 0]",2.0,"[-6, 0, 3, 1, -4, -3, 1, 4]","[15, 6, 2, 2, 12, 11]",False,"[0, 0, 0, 0, 0, 0, 0, 0]",2.0,0,"[-6, 0, 3, 1, -4, -3, 1, 4]","[15, 6, 2, 2, 12, 11]",False,"[0, 0, 0, 0, 0, 0, 0, 0]",2.0,"[-6, 0, 3, 1, -4, -3, 1, 4]","[15, 6, 2, 2, 12, 11]",False,"[0, 0, 1, 0, 0, 0, 0, 0]",2.0,39,0.07894736842105263,1.7311120545886065,0,0,3,2,"[-5, 0, 3, 2, -4, -4, 1, 5]","[1, 1, 0, 0, 16, 0]",True,20,20,True,True,True,True,0,False,False,False,False,False,True,True,True,True,True,True,False,True,False,False,True,"[-5, 0, 3, 2, -4, -4, 1, 5]",4,4,4,4,0,3.157882542000152,4.6542001655325294e-05,3.125600790983299,0.0036412919871509075,16,16,"[('(0, 0, 0, 0, 0, 0, 0, 0)', 165), ('(0, 0, 0, -1, 0, 0, 0, 0)', 47), ('(0, 0, 1, 0, 0, 0, 0, 0)', 39), ('(0, 0, 0, 0, 0, 1, 0, 0)', 28), ('(0, 0, 0, 0, 0, 0, 0, 1)', 25), ('(0, 0, 0, 0, 1, 0, 0, 0)', 22), ('(0, 0, 0, -1, 0, 0, 0, 1)', 9), ('(0, 0, 0, -1, 0, 1, 0, 0)', 9), ('(0, 0, 1, 0, 0, 1, 0, 0)', 9), ('(0, 0, 1, 0, 0, 0, 0, 1)', 8)]",5
6,8,17,28,"[-1, 0, 0, 0, 1, 1]","[16, 0, 0, 0, 1, 1]","[1, 1, -1, 0, 0, 0, 1, 0]","[0, 6, 8, -3, 7, -6, 3, 0]","[0, 1, 0, 0, 1, 0, 0, 0]",2.0,"[0, 12, 4, 16, 0, 3]",False,"[0, 0, 0, 0, 0, 0, 0, 0]",2.0,"[0, 6, 8, -3, 7, -6, 3, 0]","[0, 12, 4, 16, 0, 3]",False,"[0, 0, 0, 0, 0, 0, 0, 0]",2.0,0,"[0, 6, 8, -3, 7, -6, 3, 0]","[0, 12, 4, 16, 0, 3]",False,"[0, 0, 0, 0, 0, 0, 0, 0]",2.0,"[0, 6, 8, -3, 7, -6, 3, 0]","[0, 12, 4, 16, 0, 3]",False,"[0, -1, 0, 0, 0, 0, 0, 0]",4.0,34,0.06854838709677419,23.844465193851057,0,0,3,4,"[-1, 6, 9, -3, 8, -6, 2, 0]","[16, 0, 0, 0, 1, 1]",True,20,20,True,True,True,True,0,False,False,False,False,False,True,True,True,True,True,True,False,False,False,False,True,"[-1, 6, 9, -3, 8, -6, 2, 0]",4,4,4,4,0,3.2025242499948945,4.541600355878472e-05,3.178516582993325,0.003887041995767504,16,16,"[('(0, 0, 0, 0, 0, 0, 0, 0)', 185), ('(0, 0, 0, 0, 0, 0, 0, 1)', 49), ('(0, -1, 0, 0, 0, 0, 0, 0)', 34), ('(0, 0, 0, 0, 0, 1, 0, 0)', 27), ('(1, 0, 0, 0, 0, 0, 0, 0)', 20), ('(0, 0, -1, 0, 0, 0, 0, 0)', 18), ('(0, 0, 0, 1, 0, 0, 0, 0)', 17), ('(0, -1, 0, 0, 0, 1, 0, 0)', 10), ('(0, -1, 0, 0, 0, 0, 0, 1)', 9), ('(0, 0, 0, 1, 0, 0, 0, 1)', 8)]",5
6,8,17,30,"[0, -1, 1, 1, -1, 0]","[0, 16, 1, 1, 16, 0]","[0, 0, 0, 0, 0, 0, -1, 0]","[-8, 4, 7, -8, -3, 5, 9, -5]","[0, 0, 0, 0, 0, 0, -1, 0]",1.0,"[0, 16, 1, 1, 16, 0]",True,"[0, 0, 0, 0, 0, 0, 0, 0]",1.0,"[-8, 4, 7, -8, -3, 5, 9, -5]","[0, 16, 1, 1, 16, 0]",True,"[0, 0, 0, 0, 0, 0, 0, 0]",1.0,0,"[-8, 4, 7, -8, -3, 5, 9, -5]","[0, 16, 1, 1, 16, 0]",True,"[0, 0, 0, 0, 0, 0, 0, 0]",1.0,"[-8, 4, 7, -8, -3, 5, 9, -5]","[0, 16, 1, 1, 16, 0]",True,"[0, 0, 0, 0, 0, 0, 0, 0]",1.0,259,0.5190380761523046,30.493931836898447,0,0,4,1,"[-8, 4, 7, -8, -3, 5, 9, -5]","[0, 16, 1, 1, 16, 0]",True,20,20,True,False,True,True,0,False,False,False,False,False,False,False,True,True,True,True,True,True,False,False,False,"[-8, 4, 7, -8, -3, 5, 9, -5]",0,0,0,0,0,3.136835625016829,4.470799467526376e-05,3.111198124999646,0.003193000011378899,16,16,"[('(0, 0, 0, 0, 0, 0, 0, 0)', 259), ('(0, 0, 0, 0, 0, 1, 0, 0)', 63), ('(0, -1, 0, 0, 0, 0, 0, 0)', 59), ('(0, -1, 0, 0, 0, 1, 0, 0)', 21), ('(0, 0, 0, 0, -1, 0, 0, 0)', 8), ('(0, 0, 0, 0, 0, 0, -1, 0)', 5), ('(-1, 0, 0, 0, 0, 0, 0, 0)', 5), ('(0, 0, 0, 0, 0, -1, 0, 0)', 5), ('(0, 0, 0, 0, 0, 0, 1, 0)', 4), ('(0, 0, 0, 1, 0, 0, 0, 0)', 4)]",5
6,8,17,31,"[0, 1, 0, -1, 0, 0]","[0, 1, 0, 16, 0, 0]","[0, 0, 0, -1, 0, 0, 0, 0]","[-3, -3, -3, -5, 8, -3, 3, -2]","[0, 0, 0, -1, 0, 0, 0, 0]",1.0,"[0, 1, 0, 16, 0, 0]",True,"[0, 0, 0, 0, 0, 0, 0, 0]",1.0,"[-3, -3, -3, -5, 8, -3, 3, -2]","[0, 1, 0, 16, 0, 0]",True,"[0, 0, 0, 0, 0, 0, 0, 0]",1.0,0,"[-3, -3, -3, -5, 8, -3, 3, -2]","[0, 1, 0, 16, 0, 0]",True,"[0, 0, 0, 0, 0, 0, 0, 0]",1.0,"[-3, -3, -3, -5, 8, -3, 3, -2]","[0, 1, 0, 16, 0, 0]",True,"[0, 0, 0, 0, 0, 0, 0, 0]",1.0,138,0.2822085889570552,30.55655260668693,0,0,2,1,"[-3, -3, -3, -5, 8, -3, 3, -2]","[0, 1, 0, 16, 0, 0]",True,20,20,True,False,True,True,0,False,False,False,False,False,False,False,True,True,True,True,True,True,False,False,False,"[-3, -3, -3, -5, 8, -3, 3, -2]",0,0,0,0,0,3.2808196250116453,4.775001434609294e-05,3.2546472089888994,0.0033890840131789446,16,16,"[('(0, 0, 0, 0, 0, 0, 0, 0)', 138), ('(0, 0, -1, 0, 0, 0, 0, 0)', 38), ('(0, 0, 0, 0, -1, 0, 0, 0)', 33), ('(0, 0, 0, -1, 0, 0, 0, 0)', 32), ('(0, 0, 0, 0, 0, 1, 0, 0)', 31), ('(0, 0, 0, 0, 0, 0, 0, 1)', 26), ('(0, 1, 0, 0, 0, 0, 0, 0)', 26), ('(0, 0, -1, 0, -1, 0, 0, 0)', 10), ('(0, 0, 0, -1, -1, 0, 0, 0)', 9), ('(0, 0, -1, -1, 0, 0, 0, 0)', 7)]",5
6,8,17,32,"[1, 1, -1, -1, -1, 0]","[1, 1, 16, 16, 16, 0]","[0, 0, -1, 1, 0, 0, 1, 0]","[3, -1, -2, -6, -6, 1, -8, 6]","[0, -1, -1, 0, 0, 0, 0, -1]",3.0,"[5, 6, 13, 12, 8, 0]",False,"[0, 0, -1, 0, 0, 0, 0, 0]",3.0,"[3, -2, -2, -7, -6, 1, -9, 5]","[1, 1, 16, 16, 16, 0]",True,"[0, 0, 0, 0, 0, 0, 0, 0]",3.0,0,"[3, -1, -2, -6, -6, 1, -8, 6]","[5, 6, 13, 12, 8, 0]",False,"[0, 0, 0, 0, 0, 0, 0, 0]",3.0,"[3, -1, -2, -6, -6, 1, -8, 6]","[5, 6, 13, 12, 8, 0]",False,"[0, 0, -1, 0, 0, 0, 0, 0]",3.0,30,0.06147540983606557,52.80660127955149,0,0,5,3,"[3, -2, -2, -7, -6, 1, -9, 5]","[1, 1, 16, 16, 16, 0]",True,20,20,True,True,True,True,0,False,True,True,False,False,True,True,False,True,False,True,True,True,False,False,True,"[3, -2, -2, -7, -6, 1, -9, 5]",4,0,4,4,0,3.35147591700661,5.32910053152591e-05,3.3257557500037365,0.0032375410082750022,16,16,"[('(0, 0, 0, 0, 0, 0, 0, 0)', 89), ('(0, 0, -1, 0, 0, 0, 0, 0)', 30), ('(0, 0, 0, 0, 0, 0, 0, -1)', 27), ('(0, 1, 0, 0, 0, 0, 0, 0)', 27), ('(0, 0, 0, 0, 0, 1, 0, 0)', 24), ('(1, 0, 0, 0, 0, 0, 0, 0)', 22), ('(0, 0, 0, -1, 0, 0, 0, 0)', 17), ('(0, 0, 0, 0, 0, 0, 1, 0)', 16), ('(0, 0, 0, 0, -1, 0, 0, 0)', 15), ('(0, 0, -1, 0, 0, 0, 0, -1)', 7)]",5
6,8,17,33,"[1, 0, -1, 0, -1, 1]","[1, 0, 16, 0, 16, 1]","[0, 0, 0, 0, 0, 0, 0, 0]","[-8, -2, -2, -4, 1, 5, -5, -1]","[0, 0, 0, 0, 0, 0, 0, 0]",0.0,"[1, 0, 16, 0, 16, 1]",True,"[0, 0, 0, 0, 0, 0, 0, 0]",0.0,"[-8, -2, -2, -4, 1, 5, -5, -1]","[1, 0, 16, 0, 16, 1]",True,"[0, 0, 0, 0, 0, 0, 0, 0]",0.0,0,"[-8, -2, -2, -4, 1, 5, -5, -1]","[1, 0, 16, 0, 16, 1]",True,"[0, 0, 0, 0, 0, 0, 0, 0]",0.0,"[-8, -2, -2, -4, 1, 5, -5, -1]","[1, 0, 16, 0, 16, 1]",True,"[0, 0, 0, 0, 0, 0, 0, 0]",0.0,394,0.788,39.402111423509886,0,0,4,0,"[-8, -2, -2, -4, 1, 5, -5, -1]","[1, 0, 16, 0, 16, 1]",True,20,20,True,False,True,True,0,False,False,False,False,False,False,False,True,True,True,True,True,True,False,False,False,"[-8, -2, -2, -4, 1, 5, -5, -1]",0,0,0,0,0,3.1324852090037894,4.037498729303479e-05,3.103970708005363,0.0036382089892867953,16,16,"[('(0, 0, 0, 0, 0, 0, 0, 0)', 394), ('(0, 0, 0, 0, 0, 0, 1, 0)', 11), ('(0, 0, 0, 0, -1, 0, 0, 0)', 11), ('(0, 0, -1, 0, 0, 0, 0, 0)', 10), ('(0, -1, 0, 0, 0, 0, 0, 0)', 8), ('(-1, 0, 0, 0, 0, 0, 0, 0)', 8), ('(0, 0, 0, 0, 0, -1, 0, 0)', 7), ('(0, 0, 0, 1, 0, 0, 0, 0)', 7), ('(0, 0, 0, 0, 0, 1, 0, 0)', 6), ('(0, 1, 0, 0, 0, 0, 0, 0)', 5)]",5
6,8,17,34,"[0, 0, -1, 1, 0, -1]","[0, 0, 16, 1, 0, 16]","[0, 0, 0, 0, 0, 0, 0, 0]","[8, -6, 1, 2, 3, 0, 2, -1]","[0, 0, 0, 0, 0, 0, 0, 0]",0.0,"[0, 0, 16, 1, 0, 16]",True,"[0, 0, 0, 0, 0, 0, 0, 0]",0.0,"[8, -6, 1, 2, 3, 0, 2, -1]","[0, 0, 16, 1, 0, 16]",True,"[0, 0, 0, 0, 0, 0, 0, 0]",0.0,0,"[8, -6, 1, 2, 3, 0, 2, -1]","[0, 0, 16, 1, 0, 16]",True,"[0, 0, 0, 0, 0, 0, 0, 0]",0.0,"[8, -6, 1, 2, 3, 0, 2, -1]","[0, 0, 16, 1, 0, 16]",True,"[0, 0, 0, 0, 0, 0, 0, 0]",0.0,386,0.7735470941883767,19.40415753069702,0,0,3,0,"[8, -6, 1, 2, 3, 0, 2, -1]","[0, 0, 16, 1, 0, 16]",True,20,20,True,False,True,True,0,False,False,False,False,False,False,False,True,True,True,True,True,True,False,False,False,"[8, -6, 1, 2, 3, 0, 2, -1]",0,0,0,0,0,3.149122333008563,3.708398435264826e-05,3.122005999990506,0.00387091698939912,16,16,"[('(0, 0, 0, 0, 0, 0, 0, 0)', 386), ('(0, 0, 0, -1, 0, 0, 0, 0)', 12), ('(-1, 0, 0, 0, 0, 0, 0, 0)', 11), ('(0, 0, 0, 0, 1, 0, 0, 0)', 9), ('(0, 0, 0, 1, 0, 0, 0, 0)', 8), ('(0, 0, 1, 0, 0, 0, 0, 0)', 8), ('(0, 0, 0, 0, 0, 0, -1, 0)', 7), ('(0, 0, 0, 0, 0, 1, 0, 0)', 7), ('(0, 1, 0, 0, 0, 0, 0, 0)', 7), ('(0, 0, 0, 0, 0, 0, 1, 0)', 6)]",5
6,8,17,35,"[1, 0, 1, 1, -1, -1]","[1, 0, 1, 1, 16, 16]","[0, 0, 0, 0, -1, 0, 0, 0]","[-8, -3, 8, -1, -3, 2, 2, -1]","[0, 0, 0, 0, 0, -1, 0, 0]",1.0,"[3, 8, 15, 5, 7, 5]",False,"[-1, 0, 0, 0, 0, 0, 0, 0]",1.0,"[-8, -3, 8, -1, -2, 1, 2, -1]","[1, 0, 1, 1, 16, 16]",True,"[0, 0, 0, 0, 0, 0, 0, 0]",1.0,0,"[-8, -3, 8, -1, -3, 2, 2, -1]","[3, 8, 15, 5, 7, 5]",False,"[0, 0, 0, 0, 0, 0, 0, 0]",1.0,"[-8, -3, 8, -1, -3, 2, 2, -1]","[3, 8, 15, 5, 7, 5]",False,"[-1, 0, 0, 0, 0, 0, 0, 0]",1.0,76,0.1532258064516129,50.61561945781463,0,0,5,1,"[-8, -3, 8, -1, -2, 1, 2, -1]","[1, 0, 1, 1, 16, 16]",True,20,20,True,True,True,True,0,False,True,True,False,False,True,True,False,True,False,True,True,True,False,False,True,"[-8, -3, 8, -1, -2, 1, 2, -1]",2,0,2,2,0,3.2871437080029864,4.604097921401262e-05,3.2535492079914548,0.006828125013271347,16,16,"[('(0, 0, 0, 0, 0, 0, 0, 0)', 263), ('(-1, 0, 0, 0, 0, 0, 0, 0)', 76), ('(0, 0, -1, 0, 0, 0, 0, 0)', 55), ('(-1, 0, -1, 0, 0, 0, 0, 0)', 18), ('(0, -1, 0, 0, 0, 0, 0, 0)', 7), ('(0, 0, 0, 0, 0, 1, 0, 0)', 6), ('(0, 0, 0, 0, 0, 0, -1, 0)', 5), ('(0, 1, 0, 0, 0, 0, 0, 0)', 5), ('(0, 0, 0, 0, 0, -1, 0, 0)', 4), ('(0, 0, 0, 0, 0, 0, 0, 1)', 4)]",5
6,8,17,36,"[0, 0, 0, 0, -1, -1]","[0, 0, 0, 0, 16, 16]","[0, 0, 0, 0, -1, 1, 1, 1]","[-6, 2, -7, -8, 5, -8, 6, 3]","[1, 0, 0, 0, 0, 1, 0, 0]",2.0,"[4, 13, 0, 2, 11, 11]",False,"[0, 0, 0, 0, 0, 0, 0, 0]",2.0,"[-6, 2, -7, -8, 5, -8, 6, 3]","[4, 13, 0, 2, 11, 11]",False,"[0, 0, 0, 0, 0, 0, 0, 0]",2.0,0,"[-6, 2, -7, -8, 5, -8, 6, 3]","[4, 13, 0, 2, 11, 11]",False,"[0, 0, 0, 0, 0, 0, 0, 0]",2.0,"[-6, 2, -7, -8, 5, -8, 6, 3]","[4, 13, 0, 2, 11, 11]",False,"[0, 0, -1, 0, 0, 0, 0, 0]",5.0,5,0.010101010101010102,3055.070824053077,3,0,4,5,"[-6, 2, -7, -7, 5, -8, 5, 2]","[4, 0, 9, 14, 16, 0]",False,20,20,False,True,True,True,3,False,False,False,False,False,False,False,True,True,True,True,False,False,False,False,True,"[-5, 2, -7, -8, 6, -8, 5, 2]",4,4,4,4,3,3.292000499990536,7.758301217108965e-05,3.2639395839942154,0.003568249987438321,16,16,"[('(0, 0, 0, 0, 0, 0, 0, 0)', 181), ('(0, 0, 0, 1, 0, 0, 0, 0)', 49), ('(0, 0, 0, 0, 0, 0, -1, 0)', 26), ('(0, 0, 0, 0, 0, -1, 0, 0)', 24), ('(0, -1, 0, 0, 0, 0, 0, 0)', 23), ('(0, 0, 0, 0, 1, 0, 0, 0)', 21), ('(1, 0, 0, 0, 0, 0, 0, 0)', 21), ('(0, -1, 0, 1, 0, 0, 0, 0)', 10), ('(1, -1, 0, 0, 0, 0, 0, 0)', 10), ('(0, 0, 1, 0, 0, 0, 0, 0)', 7)]",5
6,8,17,38,"[-1, 0, 0, 0, 0, 0]","[16, 0, 0, 0, 0, 0]","[0, 0, 0, 0, -1, 0, 1, 0]","[-4, -8, 8, 4, 2, -1, 3, -5]","[0, 0, 0, 1, 0, 0, 0, 0]",1.0,"[6, 14, 10, 15, 14, 9]",False,"[0, 0, 0, 0, 0, 0, 0, 0]",1.0,"[-4, -8, 8, 4, 2, -1, 3, -5]","[6, 14, 10, 15, 14, 9]",False,"[0, 0, 0, 0, 0, 0, 0, 0]",1.0,0,"[-4, -8, 8, 4, 2, -1, 3, -5]","[6, 14, 10, 15, 14, 9]",False,"[0, 0, 0, 0, 0, 0, 0, 0]",1.0,"[-4, -8, 8, 4, 2, -1, 3, -5]","[6, 14, 10, 15, 14, 9]",False,"[-1, 0, 0, 0, 0, 0, 0, 0]",2.0,44,0.08853118712273642,41.71933375102297,0,0,1,2,"[-4, -8, 8, 5, 3, -1, 2, -5]","[16, 0, 0, 0, 0, 0]",True,20,20,True,True,True,True,0,False,False,False,False,False,True,True,True,True,True,True,False,False,False,False,True,"[-4, -8, 8, 5, 3, -1, 2, -5]",3,3,3,3,0,3.388252750009997,4.095898475497961e-05,3.3541168750089128,0.00507750001270324,16,16,"[('(0, 0, 0, 0, 0, 0, 0, 0)', 181), ('(0, 0, 0, 0, 0, 0, 0, -1)', 52), ('(-1, 0, 0, 0, 0, 0, 0, 0)', 44), ('(0, 0, 0, 0, 1, 0, 0, 0)', 40), ('(0, 0, 0, 0, 0, 0, 1, 0)', 30), ('(0, 0, 0, 0, 1, 0, 0, -1)', 14), ('(0, 0, 0, 0, 0, 0, 1, -1)', 10), ('(-1, 0, 0, 0, 0, 0, 0, -1)', 8), ('(-1, 0, 0, 0, 1, 0, 0, 0)', 8), ('(0, 0, 0, 0, 1, 0, 1, 0)', 6)]",5
6,8,17,39,"[1, 1, 1, 0, -1, 0]","[1, 1, 1, 0, 16, 0]","[0, 0, 0, 0, -1, 0, 1, 0]","[-3, 0, 6, -2, -2, 4, 6, 0]","[0, 0, 0, 0, -1, 0, 1, 0]",2.0,"[1, 1, 1, 0, 16, 0]",True,"[0, 0, 0, 0, 0, 0, 0, 0]",2.0,"[-3, 0, 6, -2, -2, 4, 6, 0]","[1, 1, 1, 0, 16, 0]",True,"[0, 0, 0, 0, 0, 0, 0, 0]",2.0,0,"[-3, 0, 6, -2, -2, 4, 6, 0]","[1, 1, 1, 0, 16, 0]",True,"[0, 0, 0, 0, 0, 0, 0, 0]",2.0,"[-3, 0, 6, -2, -2, 4, 6, 0]","[1, 1, 1, 0, 16, 0]",True,"[0, 0, 0, 0, 0, 0, 0, 0]",2.0,204,0.4146341463414634,21.56769900208616,0,0,4,2,"[-3, 0, 6, -2, -2, 4, 6, 0]","[1, 1, 1, 0, 16, 0]",True,20,20,True,False,True,True,0,False,False,False,False,False,False,False,True,True,True,True,True,True,False,False,False,"[-3, 0, 6, -2, -2, 4, 6, 0]",0,0,0,0,0,3.4181078750116285,4.354197881184518e-05,3.391610958002275,0.0032045840052887797,16,16,"[('(0, 0, 0, 0, 0, 0, 0, 0)', 204), ('(0, 0, 0, 0, 0, 0, 0, 1)', 47), ('(0, 0, 0, -1, 0, 0, 0, 0)', 44), ('(0, 0, 0, 0, 0, 1, 0, 0)', 23), ('(0, 0, 0, 0, 0, 0, -1, 0)', 21), ('(0, 0, 0, 0, -1, 0, 0, 0)', 17), ('(0, -1, 0, 0, 0, 0, 0, 0)', 16), ('(0, 0, 0, -1, 0, 0, 0, 1)', 11), ('(0, 0, 0, 0, 0, 0, -1, 1)', 7), ('(-1, 0, 0, 0, 0, 0, 0, 0)', 7)]",5
6,8,17,37,"[1, -1, 0, -1, 1, -1]","[1, 16, 0, 16, 1, 16]","[0, 0, 0, -1, 0, 0, 0, 0]","[0, 5, -4, -6, 7, 0, -1, 8]","[0, 0, 0, -1, 0, 0, 0, 0]",1.0,"[1, 16, 0, 16, 1, 16]",True,"[0, 0, 0, 0, 0, 0, 0, 0]",1.0,"[0, 5, -4, -6, 7, 0, -1, 8]","[1, 16, 0, 16, 1, 16]",True,"[0, 0, 0, 0, 0, 0, 0, 0]",1.0,0,"[0, 5, -4, -6, 7, 0, -1, 8]","[1, 16, 0, 16, 1, 16]",True,"[0, 0, 0, 0, 0, 0, 0, 0]",1.0,"[0, 5, -4, -6, 7, 0, -1, 8]","[1, 16, 0, 16, 1, 16]",True,"[0, 0, 0, 0, 0, 0, 0, 0]",1.0,114,0.23030303030303031,50.575506787163675,0,0,5,1,"[0, 5, -4, -6, 7, 0, -1, 8]","[1, 16, 0, 16, 1, 16]",True,20,20,True,False,True,True,0,False,False,False,False,False,False,False,True,True,True,True,True,True,False,False,False,"[0, 5, -4, -6, 7, 0, -1, 8]",0,0,0,0,0,3.533822584024165,4.008301766589284e-05,3.506256124994252,0.005968082987237722,16,16,"[('(0, 0, 0, 0, 0, 0, 0, 0)', 114), ('(0, 0, 0, -1, 0, 0, 0, 0)', 36), ('(0, 0, 1, 0, 0, 0, 0, 0)', 34), ('(0, 0, 0, 0, -1, 0, 0, 0)', 31), ('(0, 0, 0, 0, 0, 0, 1, 0)', 29), ('(0, 0, 0, 0, 0, -1, 0, 0)', 27), ('(0, 0, 0, 0, 0, 0, 0, -1)', 17), ('(0, 0, 0, -1, 0, 0, 0, -1)', 14), ('(0, 0, 0, 0, -1, 0, 0, -1)', 11), ('(0, 0, 0, -1, -1, 0, 0, 0)', 11)]",5
6,8,17,40,"[0, 0, 0, 0, -1, 0]","[0, 0, 0, 0, 16, 0]","[0, 0, 0, 0, 0, 0, 0, 0]","[-7, -1, 6, 1, 8, -3, 3, -8]","[0, 0, 0, 0, 0, 0, 0, 0]",0.0,"[0, 0, 0, 0, 16, 0]",True,"[0, 0, 0, 0, 0, 0, 0, 0]",0.0,"[-7, -1, 6, 1, 8, -3, 3, -8]","[0, 0, 0, 0, 16, 0]",True,"[0, 0, 0, 0, 0, 0, 0, 0]",0.0,0,"[-7, -1, 6, 1, 8, -3, 3, -8]","[0, 0, 0, 0, 16, 0]",True,"[0, 0, 0, 0, 0, 0, 0, 0]",0.0,"[-7, -1, 6, 1, 8, -3, 3, -8]","[0, 0, 0, 0, 16, 0]",True,"[0, 0, 0, 0, 0, 0, 0, 0]",0.0,388,0.7775551102204409,59.40364206563815,0,0,1,0,"[-7, -1, 6, 1, 8, -3, 3, -8]","[0, 0, 0, 0, 16, 0]",True,20,20,True,False,True,True,0,False,False,False,False,False,False,False,True,True,True,True,True,True,False,False,False,"[-7, -1, 6, 1, 8, -3, 3, -8]",0,0,0,0,0,3.0822085000108927,7.28330051060766e-05,3.047424125019461,0.0038286669878289104,16,16,"[('(0, 0, 0, 0, 0, 0, 0, 0)', 388), ('(0, 1, 0, 0, 0, 0, 0, 0)', 11), ('(0, 0, 0, 0, 0, 0, 1, 0)', 8), ('(0, 0, 0, 0, 0, 1, 0, 0)', 8), ('(1, 0, 0, 0, 0, 0, 0, 0)', 8), ('(-1, 0, 0, 0, 0, 0, 0, 0)', 8), ('(0, 0, 0, 0, 0, 0, 0, -1)', 7), ('(0, 0, 0, 0, 1, 0, 0, 0)', 7), ('(0, 0, 0, 0, -1, 0, 0, 0)', 7), ('(0, 0, 0, -1, 0, 0, 0, 0)', 7)]",5
6,8,17,41,"[1, 0, 1, 1, -1, -1]","[1, 0, 1, 1, 16, 16]","[1, 0, 0, 1, -1, 0, 0, 0]","[7, -1, 0, 0, 1, 2, 0, -8]","[1, 0, 0, 1, -1, 0, 0, 0]",3.0,"[1, 0, 1, 1, 16, 16]",True,"[0, 0, 0, 0, 0, 0, 0, 0]",3.0,"[7, -1, 0, 0, 1, 2, 0, -8]","[1, 0, 1, 1, 16, 16]",True,"[0, 0, 0, 0, 0, 0, 0, 0]",3.0,0,"[7, -1, 0, 0, 1, 2, 0, -8]","[1, 0, 1, 1, 16, 16]",True,"[0, 0, 0, 0, 0, 0, 0, 0]",3.0,"[7, -1, 0, 0, 1, 2, 0, -8]","[1, 0, 1, 1, 16, 16]",True,"[0, 0, 0, 0, 0, 0, 0, 0]",3.0,172,0.3488843813387424,52.63467084055022,0,0,5,3,"[7, -1, 0, 0, 1, 2, 0, -8]","[1, 0, 1, 1, 16, 16]",True,20,20,True,False,True,True,0,False,False,False,False,False,False,False,True,True,True,True,True,True,False,False,False,"[7, -1, 0, 0, 1, 2, 0, -8]",0,0,0,0,0,3.2255439170112368,4.2625004425644875e-05,3.2004033330013044,0.003678834007587284,16,16,"[('(0, 0, 0, 0, 0, 0, 0, 0)', 172), ('(0, 0, 0, 0, 0, 0, -1, 0)', 43), ('(0, 0, 0, 0, 0, 1, 0, 0)', 34), ('(0, 0, 0, 1, 0, 0, 0, 0)', 23), ('(0, 0, -1, 0, 0, 0, 0, 0)', 21), ('(0, 1, 0, 0, 0, 0, 0, 0)', 21), ('(0, 0, 0, 0, 0, 0, 0, -1)', 19), ('(0, 0, 0, 0, 0, 1, -1, 0)', 11), ('(0, 1, 0, 0, 0, 0, -1, 0)', 7), ('(0, 0, 0, 1, 0, 0, 0, -1)', 6)]",5
6,8,17,44,"[-1, 0, 1, 0, 0, 1]","[16, 0, 1, 0, 0, 1]","[0, 0, 0, 0, 0, 0, 1, 0]","[8, 5, -5, 1, 5, 2, -9, 8]","[0, 0, 0, 0, 0, 0, 1, 0]",1.0,"[16, 0, 1, 0, 0, 1]",True,"[0, 0, 0, 0, 0, 0, 0, 0]",1.0,"[8, 5, -5, 1, 5, 2, -9, 8]","[16, 0, 1, 0, 0, 1]",True,"[0, 0, 0, 0, 0, 0, 0, 0]",1.0,0,"[8, 5, -5, 1, 5, 2, -9, 8]","[16, 0, 1, 0, 0, 1]",True,"[0, 0, 0, 0, 0, 0, 0, 0]",1.0,"[8, 5, -5, 1, 5, 2, -9, 8]","[16, 0, 1, 0, 0, 1]",True,"[0, 0, 0, 0, 0, 0, 0, 0]",1.0,176,0.35555555555555557,10.532385026742618,0,0,3,1,"[8, 5, -5, 1, 5, 2, -9, 8]","[16, 0, 1, 0, 0, 1]",True,20,20,True,False,True,True,0,False,False,False,False,False,False,False,True,True,True,True,True,True,False,False,False,"[8, 5, -5, 1, 5, 2, -9, 8]",0,0,0,0,0,3.2399535000149626,6.887500057928264e-05,3.214526374998968,0.003560542012564838,16,16,"[('(0, 0, 0, 0, 0, 0, 0, 0)', 176), ('(0, 0, 0, 0, 1, 0, 0, 0)', 55), ('(0, 0, 0, 0, 0, 0, -1, 0)', 51), ('(0, 0, 0, 1, 0, 0, 0, 0)', 45), ('(0, 0, 0, 0, 0, 0, 0, -1)', 39), ('(0, 0, 0, 0, 1, 0, -1, 0)', 20), ('(0, 0, 0, 0, 1, 0, 0, -1)', 12), ('(0, 0, 0, 1, 1, 0, 0, 0)', 12), ('(0, 0, 0, 1, 0, 0, 0, -1)', 7), ('(0, 0, 0, 1, 0, 0, -1, 0)', 7)]",5
6,8,17,42,"[1, -1, 0, -1, -1, 0]","[1, 16, 0, 16, 16, 0]","[0, 1, 0, 0, 0, 0, 0, 0]","[8, -2, -4, -2, -2, -3, 5, -1]","[0, 1, 0, 0, 0, 0, 0, 0]",1.0,"[1, 16, 0, 16, 16, 0]",True,"[0, 0, 0, 0, 0, 0, 0, 0]",1.0,"[8, -2, -4, -2, -2, -3, 5, -1]","[1, 16, 0, 16, 16, 0]",True,"[0, 0, 0, 0, 0, 0, 0, 0]",1.0,0,"[8, -2, -4, -2, -2, -3, 5, -1]","[1, 16, 0, 16, 16, 0]",True,"[0, 0, 0, 0, 0, 0, 0, 0]",1.0,"[8, -2, -4, -2, -2, -3, 5, -1]","[1, 16, 0, 16, 16, 0]",True,"[0, 0, 0, 0, 0, 0, 0, 0]",1.0,78,0.15757575757575756,30.6130552147533,0,0,4,1,"[8, -2, -4, -2, -2, -3, 5, -1]","[1, 16, 0, 16, 16, 0]",True,20,20,True,False,True,True,0,False,False,False,False,False,False,False,True,True,True,True,True,True,False,False,False,"[8, -2, -4, -2, -2, -3, 5, -1]",0,0,0,0,0,3.4038485840137582,4.479201743379235e-05,3.375718750001397,0.005196042009629309,16,16,"[('(0, 0, 0, 0, 0, 0, 0, 0)', 78), ('(0, 0, 0, 0, -1, 0, 0, 0)', 30), ('(0, 1, 0, 0, 0, 0, 0, 0)', 30), ('(0, 0, 0, -1, 0, 0, 0, 0)', 26), ('(0, 0, 1, 0, 0, 0, 0, 0)', 22), ('(0, 0, 0, 0, 0, 0, 0, -1)', 19), ('(0, 0, 0, 0, 0, 0, -1, 0)', 17), ('(0, 0, 0, 0, 0, -1, 0, 0)', 17), ('(0, 1, 1, 0, 0, 0, 0, 0)', 11), ('(0, 0, 0, 0, 0, -1, 0, -1)', 10)]",5
6,8,17,43,"[1, -1, -1, 1, -1, 0]","[1, 16, 16, 1, 16, 0]","[0, 0, -1, 0, 0, -1, 0, 0]","[-2, -7, -5, -6, -8, -5, -2, -2]","[1, 0, 0, 0, 0, 0, 1, 0]",2.0,"[9, 13, 4, 13, 11, 5]",False,"[-1, 0, 0, 0, 0, 0, 0, 0]",2.0,"[-2, -7, -5, -6, -8, -5, -1, -3]","[1, 11, 8, 11, 16, 12]",False,"[0, 0, 0, 0, 0, 0, 0, 0]",2.0,0,"[-2, -7, -5, -6, -8, -5, -2, -2]","[9, 13, 4, 13, 11, 5]",False,"[0, 0, 0, 0, 0, 0, 0, 0]",2.0,"[-2, -7, -5, -6, -8, -5, -2, -2]","[9, 13, 4, 13, 11, 5]",False,"[0, 0, 1, 0, 0, 0, 0, 0]",2.0,31,0.06288032454361055,41.75342640972003,0,0,5,2,"[-1, -7, -4, -6, -8, -4, -1, -2]","[1, 16, 16, 1, 16, 0]",True,20,20,True,True,True,True,0,False,True,False,False,False,True,True,False,True,False,True,False,True,False,False,True,"[-1, -7, -4, -6, -8, -4, -1, -2]",4,4,4,4,0,3.3584013329818845,4.8874993808567524e-05,3.32779824998579,0.003453167009865865,16,16,"[('(0, 0, 0, 0, 0, 0, 0, 0)', 133), ('(0, 0, 1, 0, 0, 0, 0, 0)', 31), ('(0, 0, 0, -1, 0, 0, 0, 0)', 27), ('(0, 0, 0, 0, 0, 0, 0, 1)', 23), ('(-1, 0, 0, 0, 0, 0, 0, 0)', 22), ('(0, 0, 0, 0, 0, 0, -1, 0)', 19), ('(0, 0, 0, 0, 0, 1, 0, 0)', 18), ('(0, 0, 0, 0, -1, 0, 0, 0)', 17), ('(0, 1, 0, 0, 0, 0, 0, 0)', 14), ('(0, 0, 1, 0, 0, 0, -1, 0)', 9)]",5
6,8,17,45,"[0, 0, 0, -1, -1, -1]","[0, 0, 0, 16, 16, 16]","[0, 0, 0, 0, 0, 1, 0, -1]","[5, 6, -3, -3, 1, -6, -7, -1]","[0, 0, 0, 0, 0, 1, 0, -1]",2.0,"[0, 0, 0, 16, 16, 16]",True,"[0, 0, 0, 0, 0, 0, 0, 0]",2.0,"[5, 6, -3, -3, 1, -6, -7, -1]","[0, 0, 0, 16, 16, 16]",True,"[0, 0, 0, 0, 0, 0, 0, 0]",2.0,0,"[5, 6, -3, -3, 1, -6, -7, -1]","[0, 0, 0, 16, 16, 16]",True,"[0, 0, 0, 0, 0, 0, 0, 0]",2.0,"[5, 6, -3, -3, 1, -6, -7, -1]","[0, 0, 0, 16, 16, 16]",True,"[0, 0, 0, 0, 0, 0, 0, 0]",2.0,189,0.38336713995943206,1.5752975927839514,0,0,3,2,"[5, 6, -3, -3, 1, -6, -7, -1]","[0, 0, 0, 16, 16, 16]",True,20,20,True,False,True,True,0,False,False,False,False,False,False,False,True,True,True,True,True,True,False,False,False,"[5, 6, -3, -3, 1, -6, -7, -1]",0,0,0,0,0,3.3243597079999745,7.220800034701824e-05,3.2951298340049107,0.0036296249891165644,16,16,"[('(0, 0, 0, 0, 0, 0, 0, 0)', 189), ('(0, 0, 0, 0, 0, 0, 1, 0)', 28), ('(0, 0, 0, 0, 0, 0, 0, 1)', 28), ('(0, 1, 0, 0, 0, 0, 0, 0)', 28), ('(0, 0, 0, -1, 0, 0, 0, 0)', 23), ('(0, 0, 0, 0, -1, 0, 0, 0)', 22), ('(0, 0, 0, 0, 0, 1, 0, 0)', 17), ('(0, 0, -1, 0, 0, 0, 0, 0)', 16), ('(0, 1, 0, 0, 0, 1, 0, 0)', 7), ('(0, 0, 0, -1, 0, 0, 0, 1)', 6)]",5
6,8,17,46,"[0, 0, 0, 0, -1, 0]","[0, 0, 0, 0, 16, 0]","[0, 1, 0, 1, 0, 0, -1, 0]","[8, 5, -4, -8, 7, 1, 2, -4]","[0, 0, 1, 0, 0, 1, 0, 0]",2.0,"[9, 14, 1, 8, 11, 6]",False,"[0, 0, 0, 0, 0, 0, 0, 0]",2.0,"[8, 5, -4, -8, 7, 1, 2, -4]","[9, 14, 1, 8, 11, 6]",False,"[0, 0, 0, 0, 0, 0, 0, 0]",2.0,0,"[8, 5, -4, -8, 7, 1, 2, -4]","[9, 14, 1, 8, 11, 6]",False,"[0, 0, 0, 0, 0, 0, 0, 0]",2.0,"[8, 5, -4, -8, 7, 1, 2, -4]","[9, 14, 1, 8, 11, 6]",False,"[1, 0, 0, 0, 0, 0, 0, 0]",3.0,36,0.07302231237322515,52.78890820873558,0,0,1,3,"[8, 4, -3, -9, 7, 2, 3, -4]","[0, 0, 0, 0, 16, 0]",True,20,20,True,True,True,True,0,False,False,False,False,False,True,True,True,True,True,True,False,False,False,False,True,"[8, 4, -3, -9, 7, 2, 3, -4]",5,5,5,5,0,3.24393916700501,3.645801916718483e-05,3.2183787919930182,0.0035760000173468143,16,16,"[('(0, 0, 0, 0, 0, 0, 0, 0)', 161), ('(0, 0, 0, 0, 0, 0, 1, 0)', 40), ('(1, 0, 0, 0, 0, 0, 0, 0)', 36), ('(0, 0, 1, 0, 0, 0, 0, 0)', 34), ('(0, 0, 0, 0, 0, 1, 0, 0)', 21), ('(0, 0, 0, 0, 1, 0, 0, 0)', 18), ('(0, -1, 0, 0, 0, 0, 0, 0)', 18), ('(1, -1, 0, 0, 0, 0, 0, 0)', 12), ('(1, 0, 0, 0, 0, 0, 1, 0)', 10), ('(1, 0, 0, 0, 1, 0, 0, 0)', 9)]",5
6,8,17,47,"[1, 1, 1, 0, 0, 0]","[1, 1, 1, 0, 0, 0]","[0, 0, 0, 1, 1, 0, 0, 0]","[5, 3, 7, -3, 5, -2, -7, 7]","[0, 0, 0, 1, 1, 0, 0, 0]",2.0,"[1, 1, 1, 0, 0, 0]",True,"[0, 0, 0, -1, 0, 0, 0, 0]",2.0,"[5, 3, 6, -2, 6, -2, -7, 8]","[0, 3, 10, 10, 7, 12]",False,"[0, 0, 0, 0, 0, 0, 0, 0]",2.0,0,"[5, 3, 7, -3, 5, -2, -7, 7]","[1, 1, 1, 0, 0, 0]",True,"[0, 0, 0, 0, 0, 0, 0, 0]",2.0,"[5, 3, 7, -3, 5, -2, -7, 7]","[1, 1, 1, 0, 0, 0]",True,"[0, 0, 0, 0, 0, 0, 0, 0]",2.0,124,0.25203252032520324,1.61716862626977,0,0,3,2,"[5, 3, 7, -3, 5, -2, -7, 7]","[1, 1, 1, 0, 0, 0]",True,20,20,True,False,True,True,0,False,True,False,False,False,False,False,False,True,False,True,False,True,False,False,False,"[5, 3, 7, -3, 5, -2, -7, 7]",0,4,0,0,0,3.2685791249969043,5.1040988182649016e-05,3.239704999985406,0.0030229999974835664,16,16,"[('(0, 0, 0, 0, 0, 0, 0, 0)', 124), ('(0, 0, 0, -1, 0, 0, 0, 0)', 31), ('(0, 0, 0, 0, 0, 0, 0, -1)', 25), ('(0, 0, 0, 0, 0, -1, 0, 0)', 23), ('(0, 0, 0, 0, -1, 0, 0, 0)', 23), ('(0, 0, -1, 0, 0, 0, 0, 0)', 23), ('(0, 0, 0, 0, 0, 0, -1, 0)', 17), ('(1, 0, 0, 0, 0, 0, 0, 0)', 13), ('(0, 0, 0, -1, 0, 0, -1, 0)', 9), ('(0, 0, 0, 0, 0, -1, 0, -1)', 8)]",5
6,8,17,48,"[0, 0, 1, -1, 0, 0]","[0, 0, 1, 16, 0, 0]","[1, -1, 0, 0, 0, 1, 1, 0]","[0, 3, -7, -5, -5, 8, 0, -2]","[-1, 0, 1, 0, -1, 0, -1, 0]",4.0,"[14, 2, 6, 11, 11, 9]",False,"[-1, -1, 0, -1, 0, 0, -1, 0]",4.0,"[-1, 3, -5, -5, -7, 8, -2, -3]","[2, 0, 8, 4, 0, 14]",False,"[0, 0, 0, 0, 0, 0, 0, 0]",4.0,0,"[0, 3, -7, -5, -5, 8, 0, -2]","[14, 2, 6, 11, 11, 9]",False,"[0, 0, 0, 0, 0, 0, 0, 0]",4.0,"[0, 3, -7, -5, -5, 8, 0, -2]","[14, 2, 6, 11, 11, 9]",False,"[0, 0, 0, -1, 0, 0, -1, 0]",5.0,5,0.010141987829614604,4075.070824053077,4,0,5,5,"[-1, 2, -7, -6, -6, 7, -1, -3]","[15, 7, 0, 8, 10, 16]",False,20,20,False,True,False,True,9,False,True,False,False,False,False,False,False,True,False,True,False,False,False,False,True,"[-2, 4, -6, -5, -6, 7, -2, -2]",12,6,12,12,9,3.2527664999943227,4.070799332112074e-05,3.2259670839994214,0.003120000008493662,16,16,"[('(0, 0, 0, 0, 0, 0, 0, 0)', 121), ('(0, -1, 0, 0, 0, 0, 0, 0)', 36), ('(0, 0, -1, 0, 0, 0, 0, 0)', 30), ('(0, 0, 0, 0, 0, 0, 0, -1)', 26), ('(0, 0, 0, 0, 0, 0, -1, 0)', 23), ('(-1, 0, 0, 0, 0, 0, 0, 0)', 16), ('(0, 0, 0, -1, 0, 0, 0, 0)', 14), ('(0, -1, 0, 0, 0, 0, 0, -1)', 12), ('(0, 0, 0, 0, -1, 0, 0, 0)', 11), ('(0, -1, -1, 0, 0, 0, 0, 0)', 9)]",5
6,8,17,49,"[1, 0, 1, 0, 1, -1]","[1, 0, 1, 0, 1, 16]","[-1, 0, -1, 0, 0, 0, 1, 0]","[8, -1, 5, -3, 0, 5, -6, -3]","[-1, 0, -1, 0, 0, 0, 1, 0]",3.0,"[1, 0, 1, 0, 1, 16]",True,"[-1, 0, -1, 0, 0, 0, 0, 0]",3.0,"[7, -1, 3, -3, 0, 4, -6, -3]","[14, 14, 3, 0, 11, 0]",False,"[0, 0, 0, 0, 0, 0, 0, 0]",3.0,0,"[8, -1, 5, -3, 0, 5, -6, -3]","[1, 0, 1, 0, 1, 16]",True,"[0, 0, 0, 0, 0, 0, 0, 0]",3.0,"[8, -1, 5, -3, 0, 5, -6, -3]","[1, 0, 1, 0, 1, 16]",True,"[0, 0, 0, 0, 0, 0, 0, 0]",3.0,147,0.2975708502024291,32.65027877262359,0,0,4,3,"[8, -1, 5, -3, 0, 5, -6, -3]","[1, 0, 1, 0, 1, 16]",True,20,20,True,False,False,True,0,False,True,False,False,False,False,False,False,True,False,True,False,True,False,False,False,"[8, -1, 5, -3, 0, 5, -6, -3]",0,6,0,0,0,3.2952572500216775,4.429198452271521e-05,3.266183416999411,0.004916542005958036,16,16,"[('(0, 0, 0, 0, 0, 0, 0, 0)', 147), ('(0, 0, 0, 0, -1, 0, 0, 0)', 36), ('(0, 0, 0, 0, 0, 0, 0, -1)', 35), ('(0, 0, 0, 0, 0, 0, -1, 0)', 27), ('(0, 0, 0, 1, 0, 0, 0, 0)', 26), ('(0, 0, -1, 0, 0, 0, 0, 0)', 18), ('(0, 0, 0, 0, 0, 0, -1, -1)', 9), ('(0, 0, -1, 0, -1, 0, 0, 0)', 9), ('(-1, 0, 0, 0, 0, 0, 0, 0)', 9), ('(0, 0, 0, 0, -1, 0, 0, -1)', 8)]",5
6,8,17,50,"[-1, -1, 0, 0, 1, 0]","[16, 16, 0, 0, 1, 0]","[0, -1, 0, 0, 0, -1, 0, 0]","[5, 1, 5, -5, 8, 3, -7, 6]","[0, -1, 0, 0, 0, -1, 0, 0]",2.0,"[16, 16, 0, 0, 1, 0]",True,"[0, 0, 0, 0, 0, 0, 0, 0]",2.0,"[5, 1, 5, -5, 8, 3, -7, 6]","[16, 16, 0, 0, 1, 0]",True,"[0, 0, 0, 0, 0, 0, 0, 0]",2.0,0,"[5, 1, 5, -5, 8, 3, -7, 6]","[16, 16, 0, 0, 1, 0]",True,"[0, 0, 0, 0, 0, 0, 0, 0]",2.0,"[5, 1, 5, -5, 8, 3, -7, 6]","[16, 16, 0, 0, 1, 0]",True,"[0, 0, 0, 0, 0, 0, 0, 0]",2.0,183,0.3674698795180723,1.5785064242391016,0,0,3,2,"[5, 1, 5, -5, 8, 3, -7, 6]","[16, 16, 0, 0, 1, 0]",True,20,20,True,False,True,True,0,False,False,False,False,False,False,False,True,True,True,True,True,True,False,False,False,"[5, 1, 5, -5, 8, 3, -7, 6]",0,0,0,0,0,3.3808633749722503,4.462499055080116e-05,3.329289042012533,0.006148165994090959,16,16,"[('(0, 0, 0, 0, 0, 0, 0, 0)', 183), ('(0, 0, 0, 0, 0, 0, 0, 1)', 47), ('(0, 0, 0, 0, 0, 1, 0, 0)', 39), ('(0, 0, 0, -1, 0, 0, 0, 0)', 36), ('(0, -1, 0, 0, 0, 0, 0, 0)', 23), ('(0, 0, 0, 0, 0, 0, -1, 0)', 22), ('(-1, 0, 0, 0, 0, 0, 0, 0)', 15), ('(0, 0, 0, -1, 0, 0, 0, 1)', 8), ('(0, 0, 0, 0, 0, 1, 0, 1)', 8), ('(0, -1, 0, 0, 0, 0, 0, 1)', 6)]",5
6,8,17,51,"[-1, 0, -1, -1, 0, 0]","[16, 0, 16, 16, 0, 0]","[0, 0, 0, 0, 0, -1, 0, 0]","[8, 3, -7, -4, -8, 1, -3, 0]","[0, 0, 0, 0, 0, -1, 0, 0]",1.0,"[16, 0, 16, 16, 0, 0]",True,"[0, 0, 0, 0, 0, 0, 0, 0]",1.0,"[8, 3, -7, -4, -8, 1, -3, 0]","[16, 0, 16, 16, 0, 0]",True,"[0, 0, 0, 0, 0, 0, 0, 0]",1.0,0,"[8, 3, -7, -4, -8, 1, -3, 0]","[16, 0, 16, 16, 0, 0]",True,"[0, 0, 0, 0, 0, 0, 0, 0]",1.0,"[8, 3, -7, -4, -8, 1, -3, 0]","[16, 0, 16, 16, 0, 0]",True,"[0, 0, 0, 0, 0, 0, 0, 0]",1.0,179,0.3616161616161616,10.53070431491098,0,0,3,1,"[8, 3, -7, -4, -8, 1, -3, 0]","[16, 0, 16, 16, 0, 0]",True,20,20,True,False,True,True,0,False,False,False,False,False,False,False,True,True,True,True,True,True,False,False,False,"[8, 3, -7, -4, -8, 1, -3, 0]",0,0,0,0,0,3.278230124997208,3.8833997678011656e-05,3.238364332995843,0.0034803329908754677,16,16,"[('(0, 0, 0, 0, 0, 0, 0, 0)', 179), ('(0, 0, 0, 0, -1, 0, 0, 0)', 40), ('(0, 0, 0, -1, 0, 0, 0, 0)', 39), ('(0, 0, 0, 0, 0, 1, 0, 0)', 38), ('(0, 0, 0, 0, 0, 0, 1, 0)', 35), ('(0, 0, 0, 0, -1, 1, 0, 0)', 15), ('(0, 0, 0, -1, 0, 1, 0, 0)', 15), ('(0, 0, 0, -1, -1, 0, 0, 0)', 12), ('(0, 0, 0, 0, 0, 1, 1, 0)', 11), ('(0, 0, 0, 0, -1, 0, 1, 0)', 10)]",5
6,8,17,54,"[0, 0, 1, 1, 0, -1]","[0, 0, 1, 1, 0, 16]","[-1, 0, 0, 0, -1, -1, -1, 0]","[-6, 6, -7, -4, -7, 4, 4, 3]","[0, 0, 0, 0, 0, 0, -1, 0]",1.0,"[8, 14, 13, 0, 4, 2]",False,"[0, 0, 0, 0, 0, 0, 0, 0]",1.0,"[-6, 6, -7, -4, -7, 4, 4, 3]","[8, 14, 13, 0, 4, 2]",False,"[0, 0, 0, 0, 0, 0, 0, 0]",1.0,0,"[-6, 6, -7, -4, -7, 4, 4, 3]","[8, 14, 13, 0, 4, 2]",False,"[0, 0, 0, 0, 0, 0, 0, 0]",1.0,"[-6, 6, -7, -4, -7, 4, 4, 3]","[8, 14, 13, 0, 4, 2]",False,"[1, 0, 0, 0, 0, 0, 0, 0]",4.0,5,0.010080645161290322,24.020824053077195,0,0,3,4,"[-5, 6, -7, -4, -6, 5, 4, 3]","[0, 0, 1, 1, 0, 16]",True,20,20,True,True,True,True,0,False,False,False,False,False,True,True,True,True,True,True,False,False,False,False,True,"[-5, 6, -7, -4, -6, 5, 4, 3]",3,3,3,3,0,3.2017512089805678,4.766599158756435e-05,3.155057041993132,0.005505832989001647,16,16,"[('(0, 0, 0, 0, 0, 0, 0, 0)', 210), ('(0, 0, 0, 0, 0, 0, 1, 0)', 57), ('(0, 0, 0, 0, 0, -1, 0, 0)', 37), ('(0, 0, 0, 0, 0, 0, 0, -1)', 35), ('(0, 0, 0, 0, -1, 0, 0, 0)', 23), ('(0, 0, 0, 0, 0, -1, 1, 0)', 13), ('(0, 0, 0, 0, 0, -1, 0, -1)', 10), ('(0, 0, 0, 0, -1, 0, 1, 0)', 10), ('(0, 0, 0, 0, -1, -1, 0, 0)', 8), ('(0, 0, 0, 0, 0, 0, 1, -1)', 7)]",5
6,8,17,52,"[0, -1, 1, 0, 0, 0]","[0, 16, 1, 0, 0, 0]","[1, 0, 0, 0, 0, 0, 0, 0]","[-6, 5, -5, -7, 2, 6, -8, 6]","[1, 0, 0, 0, 0, 0, 0, 0]",1.0,"[0, 16, 1, 0, 0, 0]",True,"[0, 0, 0, 0, 0, 0, 0, 0]",1.0,"[-6, 5, -5, -7, 2, 6, -8, 6]","[0, 16, 1, 0, 0, 0]",True,"[0, 0, 0, 0, 0, 0, 0, 0]",1.0,0,"[-6, 5, -5, -7, 2, 6, -8, 6]","[0, 16, 1, 0, 0, 0]",True,"[0, 0, 0, 0, 0, 0, 0, 0]",1.0,"[-6, 5, -5, -7, 2, 6, -8, 6]","[0, 16, 1, 0, 0, 0]",True,"[0, 0, 0, 0, 0, 0, 0, 0]",1.0,186,0.375,30.52688913831454,0,0,2,1,"[-6, 5, -5, -7, 2, 6, -8, 6]","[0, 16, 1, 0, 0, 0]",True,20,20,True,False,True,True,0,False,False,False,False,False,False,False,True,True,True,True,True,True,False,False,False,"[-6, 5, -5, -7, 2, 6, -8, 6]",0,0,0,0,0,3.3279661250126082,7.01249809935689e-05,3.284041625011014,0.004583667003316805,16,16,"[('(0, 0, 0, 0, 0, 0, 0, 0)', 186), ('(-1, 0, 0, 0, 0, 0, 0, 0)', 60), ('(0, 0, 0, -1, 0, 0, 0, 0)', 45), ('(0, 0, 0, 0, 0, -1, 0, 0)', 41), ('(0, 0, 0, 0, 0, 0, 0, 1)', 32), ('(-1, 0, 0, -1, 0, 0, 0, 0)', 16), ('(-1, 0, 0, 0, 0, -1, 0, 0)', 13), ('(0, 0, 0, 0, 0, -1, 0, 1)', 12), ('(0, 0, 0, -1, 0, 0, 0, 1)', 8), ('(0, 0, 0, -1, 0, -1, 0, 0)', 7)]",5
6,8,17,53,"[1, 1, 0, 1, 1, 0]","[1, 1, 0, 1, 1, 0]","[-1, 1, 0, 1, 0, -1, 0, 0]","[2, -7, -2, -4, -5, 5, -1, -4]","[0, 0, -1, 0, -1, 0, 0, 1]",3.0,"[0, 8, 9, 5, 5, 10]",False,"[0, 0, 0, 0, 0, -1, -1, 0]",3.0,"[2, -7, -3, -4, -7, 4, 0, -3]","[12, 7, 11, 3, 0, 15]",False,"[0, 0, 0, 0, 0, 0, 0, 0]",3.0,0,"[2, -7, -2, -4, -5, 5, -1, -4]","[0, 8, 9, 5, 5, 10]",False,"[0, 0, 0, 0, 0, 0, 0, 0]",3.0,"[2, -7, -2, -4, -5, 5, -1, -4]","[0, 8, 9, 5, 5, 10]",False,"[0, 0, 0, 0, 1, 0, 0, 0]",3.0,34,0.06896551724137931,3052.794465193851,3,0,5,3,"[2, -7, -3, -4, -7, 5, -2, -4]","[14, 3, 1, 1, 0, 3]",False,20,20,False,True,True,True,5,False,True,False,False,False,False,False,False,True,False,True,False,True,False,False,False,"[3, -8, -3, -5, -6, 6, -1, -3]",7,9,7,7,7,3.359919041977264,4.533299943432212e-05,3.3145902499963995,0.0033615839784033597,16,16,"[('(0, 0, 0, 0, 0, 0, 0, 0)', 129), ('(0, 0, 0, 0, 1, 0, 0, 0)', 34), ('(0, 0, 0, 0, 0, 0, -1, 0)', 29), ('(-1, 0, 0, 0, 0, 0, 0, 0)', 26), ('(0, 0, 0, 0, 0, -1, 0, 0)', 22), ('(0, 0, 0, -1, 0, 0, 0, 0)', 19), ('(0, 1, 0, 0, 0, 0, 0, 0)', 15), ('(-1, 0, 0, 0, 0, 0, -1, 0)', 14), ('(0, 0, 0, 0, 1, -1, 0, 0)', 10), ('(0, 0, 0, 0, 1, 0, -1, 0)', 9)]",5
6,8,17,55,"[0, 0, 0, -1, 0, 1]","[0, 0, 0, 16, 0, 1]","[0, 0, 0, 0, 0, 0, 0, 0]","[6, 4, 2, 5, -4, -2, 1, 0]","[0, 0, 0, 0, 0, 0, 0, 0]",0.0,"[0, 0, 0, 16, 0, 1]",True,"[0, 0, 0, 0, 0, 0, 0, 0]",0.0,"[6, 4, 2, 5, -4, -2, 1, 0]","[0, 0, 0, 16, 0, 1]",True,"[0, 0, 0, 0, 0, 0, 0, 0]",0.0,0,"[6, 4, 2, 5, -4, -2, 1, 0]","[0, 0, 0, 16, 0, 1]",True,"[0, 0, 0, 0, 0, 0, 0, 0]",0.0,"[6, 4, 2, 5, -4, -2, 1, 0]","[0, 0, 0, 16, 0, 1]",True,"[0, 0, 0, 0, 0, 0, 0, 0]",0.0,378,0.7575150300601202,39.406246379491755,0,0,2,0,"[6, 4, 2, 5, -4, -2, 1, 0]","[0, 0, 0, 16, 0, 1]",True,20,20,True,False,True,True,0,False,False,False,False,False,False,False,True,True,True,True,True,True,False,False,False,"[6, 4, 2, 5, -4, -2, 1, 0]",0,0,0,0,0,3.1188662920030765,4.9790978664532304e-05,3.087432499974966,0.003979625005740672,16,16,"[('(0, 0, 0, 0, 0, 0, 0, 0)', 378), ('(0, 0, 0, 0, 0, 0, -1, 0)', 12), ('(0, 1, 0, 0, 0, 0, 0, 0)', 12), ('(0, 0, 0, 0, 1, 0, 0, 0)', 10), ('(0, 0, 0, 0, -1, 0, 0, 0)', 9), ('(0, 0, 0, -1, 0, 0, 0, 0)', 8), ('(0, 0, 1, 0, 0, 0, 0, 0)', 8), ('(0, -1, 0, 0, 0, 0, 0, 0)', 8), ('(1, 0, 0, 0, 0, 0, 0, 0)', 6), ('(-1, 0, 0, 0, 0, 0, 0, 0)', 6)]",5
6,8,17,56,"[0, 0, 0, 1, 1, 1]","[0, 0, 0, 1, 1, 1]","[1, 0, 0, 1, -1, 0, 0, 0]","[-1, 1, -2, 0, 3, -2, 4, 4]","[0, 0, 0, -1, 0, 1, 0, 0]",2.0,"[6, 7, 6, 2, 10, 11]",False,"[0, 0, 0, 0, 0, 0, 0, 0]",2.0,"[-1, 1, -2, 0, 3, -2, 4, 4]","[6, 7, 6, 2, 10, 11]",False,"[0, 0, 0, 0, 0, 0, 0, 0]",2.0,0,"[-1, 1, -2, 0, 3, -2, 4, 4]","[6, 7, 6, 2, 10, 11]",False,"[0, 0, 0, 0, 0, 0, 0, 0]",2.0,"[-1, 1, -2, 0, 3, -2, 4, 4]","[6, 7, 6, 2, 10, 11]",False,"[0, 0, 0, 0, 0, 0, -1, 0]",3.0,80,0.16096579476861167,12.710555084532757,0,0,3,3,"[-2, 1, -2, -2, 4, -1, 4, 4]","[0, 0, 0, 1, 1, 1]",True,20,20,True,True,True,True,0,False,False,False,False,False,True,True,True,True,True,True,False,False,False,False,True,"[-2, 1, -2, -2, 4, -1, 4, 4]",7,7,7,7,0,3.2372363340109587,4.4665997847914696e-05,3.2065981250198092,0.003928624995751306,16,16,"[('(0, 0, 0, 0, 0, 0, 0, 0)', 227), ('(0, 0, 0, 0, 0, 0, -1, 0)', 80), ('(1, 0, 0, 0, 0, 0, 0, 0)', 39), ('(0, 0, -1, 0, 0, 0, 0, 0)', 31), ('(0, 0, 0, 0, 0, 0, 0, 1)', 18), ('(0, 0, -1, 0, 0, 0, -1, 0)', 10), ('(0, 0, 0, 0, 0, 0, -1, 1)', 8), ('(0, 0, 0, 0, 1, 0, 0, 0)', 8), ('(0, 0, 0, 1, 0, 0, 0, 0)', 6), ('(0, 0, 0, 0, -1, 0, 0, 0)', 5)]",5
6,8,17,58,"[-1, 1, -1, 0, -1, 0]","[16, 1, 16, 0, 16, 0]","[0, 0, 0, 0, 1, 0, 0, -1]","[6, 1, -1, -3, -8, -7, -3, 7]","[0, 0, 0, 0, 1, 0, 0, -1]",2.0,"[16, 1, 16, 0, 16, 0]",True,"[0, 0, 0, 0, 0, 0, 0, 0]",2.0,"[6, 1, -1, -3, -8, -7, -3, 7]","[16, 1, 16, 0, 16, 0]",True,"[0, 0, 0, 0, 0, 0, 0, 0]",2.0,0,"[6, 1, -1, -3, -8, -7, -3, 7]","[16, 1, 16, 0, 16, 0]",True,"[0, 0, 0, 0, 0, 0, 0, 0]",2.0,"[6, 1, -1, -3, -8, -7, -3, 7]","[16, 1, 16, 0, 16, 0]",True,"[0, 0, 0, 0, 0, 0, 0, 0]",2.0,163,0.3286290322580645,21.590013357217583,0,0,4,2,"[6, 1, -1, -3, -8, -7, -3, 7]","[16, 1, 16, 0, 16, 0]",True,20,20,True,False,True,True,0,False,False,False,False,False,False,False,True,True,True,True,True,True,False,False,False,"[6, 1, -1, -3, -8, -7, -3, 7]",0,0,0,0,0,3.271514041989576,7.09999876562506e-05,3.24477183399722,0.003260416997363791,16,16,"[('(0, 0, 0, 0, 0, 0, 0, 0)', 163), ('(0, 0, 0, -1, 0, 0, 0, 0)', 32), ('(-1, 0, 0, 0, 0, 0, 0, 0)', 31), ('(0, 0, 1, 0, 0, 0, 0, 0)', 27), ('(0, 0, 0, 0, -1, 0, 0, 0)', 26), ('(0, 0, 0, 0, 0, 0, 0, 1)', 23), ('(0, 0, 0, 0, 0, 0, 1, 0)', 18), ('(0, 0, 0, -1, 0, 0, 0, 1)', 11), ('(0, 0, 0, 0, -1, 0, 0, 1)', 9), ('(-1, 0, 0, 0, 0, 0, 1, 0)', 9)]",5
6,8,17,57,"[0, 0, -1, 1, 1, 1]","[0, 0, 16, 1, 1, 1]","[-1, 0, 1, 0, 0, 0, 0, 0]","[3, -3, 8, -4, -7, -3, 1, -6]","[1, 0, 0, 1, -1, 0, 0, 1]",4.0,"[2, 15, 1, 3, 14, 1]",False,"[1, 0, -1, 0, 0, 0, 0, 0]",2.0,"[5, -3, 7, -3, -8, -3, 1, -5]","[0, 0, 16, 1, 1, 1]",True,"[0, 0, 0, 0, 0, 0, 0, 0]",4.0,0,"[3, -3, 8, -4, -7, -3, 1, -6]","[2, 15, 1, 3, 14, 1]",False,"[1, 0, -1, 0, 0, 0, 0, 0]",2.0,"[5, -3, 7, -3, -8, -3, 1, -5]","[0, 0, 16, 1, 1, 1]",True,"[0, -1, 0, 0, 0, 0, 0, 0]",4.0,13,0.02663934426229508,4063.9360942670382,4,0,5,4,"[4, -3, 9, -2, -7, -3, 1, -6]","[16, 5, 0, 6, 11, 14]",False,20,20,False,True,False,False,4,True,True,True,False,True,False,False,False,False,True,True,False,False,False,True,False,"[5, -3, 7, -3, -8, -3, 1, -5]",8,0,8,0,8,3.3957537910027895,4.812501720152795e-05,3.3673715830082074,0.0038489580038003623,16,16,"[('(0, 0, 0, 0, 0, 0, 0, 0)', 124), ('(0, 0, 0, 0, 0, 0, 0, 1)', 34), ('(0, 0, 0, 0, 0, 0, 1, 0)', 32), ('(0, 0, 0, 0, -1, 0, 0, 0)', 23), ('(0, 0, 0, 0, 0, 1, 0, 0)', 20), ('(0, 0, -1, 0, 0, 0, 0, 0)', 17), ('(1, 0, 0, 0, 0, 0, 0, 0)', 16), ('(0, -1, 0, 0, 0, 0, 0, 0)', 13), ('(0, 0, 0, 1, 0, 0, 0, 0)', 11), ('(0, 0, -1, 0, 0, 0, 1, 0)', 8)]",5
6,8,17,59,"[0, -1, -1, 0, 1, 1]","[0, 16, 16, 0, 1, 1]","[0, 1, -1, 0, 1, 0, 0, 1]","[7, -7, 0, -5, -8, 3, -2, -4]","[0, 0, 1, -1, 0, 0, 0, 1]",3.0,"[15, 10, 13, 6, 3, 13]",False,"[0, 0, 0, 0, 0, 0, 0, 0]",3.0,"[7, -7, 0, -5, -8, 3, -2, -4]","[15, 10, 13, 6, 3, 13]",False,"[0, 0, 0, 0, 0, 0, 0, 0]",3.0,0,"[7, -7, 0, -5, -8, 3, -2, -4]","[15, 10, 13, 6, 3, 13]",False,"[0, 0, 0, 0, 0, 0, 0, 0]",3.0,"[7, -7, 0, -5, -8, 3, -2, -4]","[15, 10, 13, 6, 3, 13]",False,"[0, 0, -1, 0, 1, 0, 0, 0]",5.0,6,0.012145748987854251,4055.0554089850943,4,0,4,5,"[6, -7, 1, -7, -7, 4, -2, -4]","[10, 0, 15, 0, 6, 10]",False,20,20,False,True,True,True,5,False,False,False,False,False,False,False,True,True,True,True,False,False,False,False,False,"[7, -8, 2, -6, -9, 3, -2, -4]",7,7,7,7,9,3.3317737090110313,4.083299427293241e-05,3.3056564169819467,0.005397458997322246,16,16,"[('(0, 0, 0, 0, 0, 0, 0, 0)', 159), ('(0, 0, 0, 0, 1, 0, 0, 0)', 39), ('(0, 0, 0, 0, 0, 0, 0, -1)', 34), ('(0, 0, 0, -1, 0, 0, 0, 0)', 27), ('(0, -1, 0, 0, 0, 0, 0, 0)', 25), ('(0, 0, -1, 0, 0, 0, 0, 0)', 22), ('(0, 0, 0, 0, 0, 1, 0, 0)', 19), ('(1, 0, 0, 0, 0, 0, 0, 0)', 12), ('(0, 0, 0, 0, 1, 0, 0, -1)', 8), ('(0, 0, 0, -1, 0, 0, 0, -1)', 7)]",5
6,8,17,60,"[1, 1, 1, 1, 0, 0]","[1, 1, 1, 1, 0, 0]","[-1, -1, 0, 0, 0, 0, -1, 0]","[-5, -6, 0, 6, 2, 6, 3, -3]","[0, -1, -1, 0, 0, 0, 0, 1]",3.0,"[7, 15, 15, 11, 14, 3]",False,"[-1, 0, 1, 0, 0, 0, 0, 0]",3.0,"[-4, -6, -1, 6, 2, 6, 4, -2]","[1, 1, 1, 1, 0, 0]",True,"[0, 0, 0, 0, 0, 0, 0, 0]",3.0,0,"[-5, -6, 0, 6, 2, 6, 3, -3]","[7, 15, 15, 11, 14, 3]",False,"[0, 0, 0, 0, 0, 0, 0, 0]",3.0,"[-5, -6, 0, 6, 2, 6, 3, -3]","[7, 15, 15, 11, 14, 3]",False,"[-1, 0, 1, 0, 0, 0, 0, 0]",3.0,6,0.012072434607645875,32.955408985094465,0,0,4,3,"[-4, -6, -1, 6, 2, 6, 4, -2]","[1, 1, 1, 1, 0, 0]",True,20,20,True,True,True,True,0,False,True,True,False,False,True,True,False,True,False,True,True,True,False,False,True,"[-4, -6, -1, 6, 2, 6, 4, -2]",4,0,4,4,0,3.6485287499963306,4.591699689626694e-05,3.6170113749976736,0.004477957991184667,16,16,"[('(0, 0, 0, 0, 0, 0, 0, 0)', 173), ('(0, 0, 0, 0, 0, 0, 1, 0)', 54), ('(0, 0, 0, 0, -1, 0, 0, 0)', 42), ('(-1, 0, 0, 0, 0, 0, 0, 0)', 25), ('(0, 0, 0, 0, 0, -1, 0, 0)', 17), ('(0, 0, 0, 1, 0, 0, 0, 0)', 16), ('(0, 0, 1, 0, 0, 0, 0, 0)', 11), ('(0, 0, 0, 0, -1, 0, 1, 0)', 8), ('(0, 0, -1, 0, 0, 0, 0, 0)', 8), ('(1, 0, 0, 0, 0, 0, 0, 0)', 8)]",5
6,8,17,61,"[-1, 1, 0, 0, -1, -1]","[16, 1, 0, 0, 16, 16]","[0, 1, 0, 0, 0, 0, 0, -1]","[-3, 4, 4, 7, -4, -3, -7, 9]","[0, 1, 0, 0, 0, 0, 0, -1]",2.0,"[16, 1, 0, 0, 16, 16]",True,"[0, 0, 0, 0, 0, 0, 0, 0]",2.0,"[-3, 4, 4, 7, -4, -3, -7, 9]","[16, 1, 0, 0, 16, 16]",True,"[0, 0, 0, 0, 0, 0, 0, 0]",2.0,0,"[-3, 4, 4, 7, -4, -3, -7, 9]","[16, 1, 0, 0, 16, 16]",True,"[0, 0, 0, 0, 0, 0, 0, 0]",2.0,"[-3, 4, 4, 7, -4, -3, -7, 9]","[16, 1, 0, 0, 16, 16]",True,"[0, 0, 0, 0, 0, 0, 0, 0]",2.0,187,0.37777777777777777,21.576355803717007,0,0,4,2,"[-3, 4, 4, 7, -4, -3, -7, 9]","[16, 1, 0, 0, 16, 16]",True,20,20,True,False,True,True,0,False,False,False,False,False,False,False,True,True,True,True,True,True,False,False,False,"[-3, 4, 4, 7, -4, -3, -7, 9]",0,0,0,0,0,3.6202584999846295,3.929098602384329e-05,3.58895304199541,0.004900625004665926,16,16,"[('(0, 0, 0, 0, 0, 0, 0, 0)', 187), ('(0, 0, 0, 0, 0, 0, 0, 1)', 62), ('(0, 0, 0, 0, 0, 1, 0, 0)', 34), ('(0, 0, -1, 0, 0, 0, 0, 0)', 33), ('(0, 0, 0, -1, 0, 0, 0, 0)', 32), ('(0, 0, -1, -1, 0, 0, 0, 0)', 13), ('(0, 0, -1, 0, 0, 0, 0, 1)', 11), ('(0, 0, -1, 0, 0, 1, 0, 0)', 9), ('(0, 0, 0, 0, 0, 1, 0, 1)', 9), ('(0, 0, 0, -1, 0, 1, 0, 0)', 8)]",5
6,8,17,62,"[-1, 0, 0, 0, -1, 0]","[16, 0, 0, 0, 16, 0]","[0, 0, 0, 0, 0, 1, 0, 0]","[-3, 5, -8, 1, 5, -6, 2, -2]","[0, 0, 0, 0, 0, 1, 0, 0]",1.0,"[16, 0, 0, 0, 16, 0]",True,"[0, 0, 0, 0, 0, 0, 0, 0]",1.0,"[-3, 5, -8, 1, 5, -6, 2, -2]","[16, 0, 0, 0, 16, 0]",True,"[0, 0, 0, 0, 0, 0, 0, 0]",1.0,0,"[-3, 5, -8, 1, 5, -6, 2, -2]","[16, 0, 0, 0, 16, 0]",True,"[0, 0, 0, 0, 0, 0, 0, 0]",1.0,"[-3, 5, -8, 1, 5, -6, 2, -2]","[16, 0, 0, 0, 16, 0]",True,"[0, 0, 0, 0, 0, 0, 0, 0]",1.0,210,0.4225352112676056,30.514814186652394,0,0,2,1,"[-3, 5, -8, 1, 5, -6, 2, -2]","[16, 0, 0, 0, 16, 0]",True,20,20,True,False,True,True,0,False,False,False,False,False,False,False,True,True,True,True,True,True,False,False,False,"[-3, 5, -8, 1, 5, -6, 2, -2]",0,0,0,0,0,3.488006583007518,5.3499999921768904e-05,3.455112666997593,0.0033727079862728715,16,16,"[('(0, 0, 0, 0, 0, 0, 0, 0)', 210), ('(0, 0, 0, -1, 0, 0, 0, 0)', 60), ('(0, 0, 0, 0, 1, 0, 0, 0)', 56), ('(0, 0, 0, 0, 0, 0, -1, 0)', 42), ('(0, 0, 0, -1, 0, 0, -1, 0)', 20), ('(0, 0, 0, -1, 1, 0, 0, 0)', 11), ('(0, 0, 0, 0, 1, 0, -1, 0)', 10), ('(0, 0, 0, 0, 0, 0, 0, 1)', 7), ('(0, 0, 0, -1, 1, 0, -1, 0)', 7), ('(1, 0, 0, 0, 0, 0, 0, 0)', 7)]",5
6,8,17,63,"[0, -1, 1, 0, 0, 1]","[0, 16, 1, 0, 0, 1]","[0, 0, 0, 0, 0, 0, 0, 1]","[-8, -3, 3, 2, -4, 6, -2, 2]","[0, 0, 0, 0, 0, 0, 0, 1]",1.0,"[0, 16, 1, 0, 0, 1]",True,"[0, 0, 0, 0, 0, 0, 0, 0]",1.0,"[-8, -3, 3, 2, -4, 6, -2, 2]","[0, 16, 1, 0, 0, 1]",True,"[0, 0, 0, 0, 0, 0, 0, 0]",1.0,0,"[-8, -3, 3, 2, -4, 6, -2, 2]","[0, 16, 1, 0, 0, 1]",True,"[0, 0, 0, 0, 0, 0, 0, 0]",1.0,"[-8, -3, 3, 2, -4, 6, -2, 2]","[0, 16, 1, 0, 0, 1]",True,"[0, 0, 0, 0, 0, 0, 0, 0]",1.0,275,0.5566801619433198,10.487959913428286,0,0,3,1,"[-8, -3, 3, 2, -4, 6, -2, 2]","[0, 16, 1, 0, 0, 1]",True,20,20,True,False,True,True,0,False,False,False,False,False,False,False,True,True,True,True,True,True,False,False,False,"[-8, -3, 3, 2, -4, 6, -2, 2]",0,0,0,0,0,3.621467582997866,4.3957988964393735e-05,3.5906144590117037,0.005653125001117587,16,16,"[('(0, 0, 0, 0, 0, 0, 0, 0)', 275), ('(0, 0, 0, 0, 0, 0, 1, 0)', 63), ('(0, 0, 0, 0, 0, 0, 0, -1)', 47), ('(0, 0, 0, 0, 0, 0, 1, -1)', 12), ('(0, 0, 0, 0, 0, 1, 0, 0)', 7), ('(0, 0, 0, 0, 0, 0, -1, 0)', 6), ('(0, 0, 0, 0, 1, 0, 0, 0)', 6), ('(-1, 0, 0, 0, 0, 0, 0, 0)', 6), ('(0, 0, -1, 0, 0, 0, 0, 0)', 5), ('(1, 0, 0, 0, 0, 0, 0, 0)', 5)]",5
6,8,17,64,"[1, -1, 0, -1, 1, -1]","[1, 16, 0, 16, 1, 16]","[1, -1, 0, 0, 1, 0, 0, 0]","[5, -6, -7, 4, -8, 2, 4, 7]","[0, 0, 0, -1, 1, -1, 0, 0]",3.0,"[15, 13, 0, 12, 4, 7]",False,"[-1, 0, 0, 0, 0, 0, 0, 0]",3.0,"[4, -5, -7, 3, -8, 1, 4, 7]","[1, 16, 0, 16, 1, 16]",True,"[0, 0, 0, 0, 0, 0, 0, 0]",3.0,0,"[5, -6, -7, 4, -8, 2, 4, 7]","[15, 13, 0, 12, 4, 7]",False,"[0, 0, 0, 0, 0, 0, 0, 0]",3.0,"[5, -6, -7, 4, -8, 2, 4, 7]","[15, 13, 0, 12, 4, 7]",False,"[-1, 0, 0, 0, 0, 0, 0, 0]",3.0,26,0.05273833671399594,52.82041631339956,0,0,5,3,"[4, -5, -7, 3, -8, 1, 4, 7]","[1, 16, 0, 16, 1, 16]",True,20,20,True,True,True,True,0,False,True,True,False,False,True,True,False,True,False,True,True,True,False,False,True,"[4, -5, -7, 3, -8, 1, 4, 7]",4,0,4,4,0,3.775489749998087,7.170799653977156e-05,3.7429665840172675,0.0053392920235637575,16,16,"[('(0, 0, 0, 0, 0, 0, 0, 0)', 135), ('(0, 0, 0, 0, -1, 0, 0, 0)', 44), ('(0, 0, 0, 1, 0, 0, 0, 0)', 33), ('(0, 0, 0, 0, 0, 0, 0, 1)', 30), ('(-1, 0, 0, 0, 0, 0, 0, 0)', 26), ('(0, 1, 0, 0, 0, 0, 0, 0)', 23), ('(0, 0, 1, 0, 0, 0, 0, 0)', 17), ('(0, 0, 0, 1, 0, 0, 0, 1)', 9), ('(-1, 0, 0, 1, 0, 0, 0, 0)', 9), ('(0, 0, 0, 0, -1, 0, 0, 1)', 8)]",5
6,8,17,65,"[0, 0, 1, -1, -1, 1]","[0, 0, 1, 16, 16, 1]","[0, 1, 0, 0, 1, 0, -1, -1]","[3, 4, -1, 2, 4, 1, -3, 5]","[0, 0, 0, -1, 0, 1, -1, 0]",3.0,"[1, 16, 9, 1, 11, 3]",False,"[0, 0, 0, 0, 0, 0, 0, 0]",3.0,"[3, 4, -1, 2, 4, 1, -3, 5]","[1, 16, 9, 1, 11, 3]",False,"[0, 0, 0, 0, 0, 0, 0, 0]",3.0,0,"[3, 4, -1, 2, 4, 1, -3, 5]","[1, 16, 9, 1, 11, 3]",False,"[0, 0, 0, 0, 0, 0, 0, 0]",3.0,"[3, 4, -1, 2, 4, 1, -3, 5]","[1, 16, 9, 1, 11, 3]",False,"[-1, 0, 0, 1, 0, 0, 0, 0]",4.0,4,0.008064516129032258,44.03905620875659,0,0,4,4,"[3, 3, -1, 1, 3, 2, -3, 6]","[0, 0, 1, 16, 16, 1]",True,20,20,True,True,True,True,0,False,False,False,False,False,True,True,True,True,True,True,False,False,False,False,True,"[3, 3, -1, 1, 3, 2, -3, 6]",5,5,5,5,0,3.4012699169979896,4.6666013076901436e-05,3.371293208008865,0.003496999997878447,16,16,"[('(0, 0, 0, 0, 0, 0, 0, 0)', 169), ('(0, 0, 0, 0, 0, 0, 0, 1)', 44), ('(0, 1, 0, 0, 0, 0, 0, 0)', 27), ('(0, 0, 0, 0, 0, 0, -1, 0)', 26), ('(0, 0, 0, 1, 0, 0, 0, 0)', 23), ('(0, 0, 0, 0, 0, 1, 0, 0)', 19), ('(-1, 0, 0, 0, 0, 0, 0, 0)', 13), ('(0, 0, 0, 0, -1, 0, 0, 0)', 11), ('(0, 1, 0, 0, 0, 0, -1, 0)', 9), ('(-1, 1, 0, 0, 0, 0, 0, 0)', 9)]",5
6,8,17,66,"[0, 1, 0, 0, -1, 0]","[0, 1, 0, 0, 16, 0]","[0, 1, 0, 0, 0, 0, 0, 1]","[5, -5, 4, -7, -7, 6, 0, -5]","[0, 1, 0, 0, 0, 0, 0, 1]",2.0,"[0, 1, 0, 0, 16, 0]",True,"[0, 0, 0, 0, 0, 0, 0, 0]",2.0,"[5, -5, 4, -7, -7, 6, 0, -5]","[0, 1, 0, 0, 16, 0]",True,"[0, 0, 0, 0, 0, 0, 0, 0]",2.0,0,"[5, -5, 4, -7, -7, 6, 0, -5]","[0, 1, 0, 0, 16, 0]",True,"[0, 0, 0, 0, 0, 0, 0, 0]",2.0,"[5, -5, 4, -7, -7, 6, 0, -5]","[0, 1, 0, 0, 16, 0]",True,"[0, 0, 0, 0, 0, 0, 0, 0]",2.0,211,0.4262626262626263,21.5643413725328,0,0,2,2,"[5, -5, 4, -7, -7, 6, 0, -5]","[0, 1, 0, 0, 16, 0]",True,20,20,True,False,True,True,0,False,False,False,False,False,False,False,True,True,True,True,True,True,False,False,False,"[5, -5, 4, -7, -7, 6, 0, -5]",0,0,0,0,0,3.3031340839806944,4.5791995944455266e-05,3.274843959021382,0.0032585420121904463,16,16,"[('(0, 0, 0, 0, 0, 0, 0, 0)', 211), ('(0, 0, -1, 0, 0, 0, 0, 0)', 57), ('(0, 1, 0, 0, 0, 0, 0, 0)', 42), ('(0, 0, 0, 0, 0, 0, 1, 0)', 39), ('(1, 0, 0, 0, 0, 0, 0, 0)', 38), ('(0, 0, -1, 0, 0, 0, 1, 0)', 8), ('(1, 0, -1, 0, 0, 0, 0, 0)', 8), ('(1, 0, -1, 0, 0, 0, 1, 0)', 6), ('(0, 0, 0, 1, 0, 0, 0, 0)', 5), ('(1, 1, 0, 0, 0, 0, 0, 0)', 5)]",5
6,8,17,67,"[-1, 0, 1, -1, -1, 0]","[16, 0, 1, 16, 16, 0]","[0, 0, 0, 0, 0, 0, 0, 0]","[4, -2, 8, -1, -8, -2, -1, 3]","[0, 0, 0, 0, 0, 0, 0, 0]",0.0,"[16, 0, 1, 16, 16, 0]",True,"[0, 0, 0, 0, 0, 0, 0, 0]",0.0,"[4, -2, 8, -1, -8, -2, -1, 3]","[16, 0, 1, 16, 16, 0]",True,"[0, 0, 0, 0, 0, 0, 0, 0]",0.0,0,"[4, -2, 8, -1, -8, -2, -1, 3]","[16, 0, 1, 16, 16, 0]",True,"[0, 0, 0, 0, 0, 0, 0, 0]",0.0,"[4, -2, 8, -1, -8, -2, -1, 3]","[16, 0, 1, 16, 16, 0]",True,"[0, 0, 0, 0, 0, 0, 0, 0]",0.0,375,0.7530120481927711,39.407041085661014,0,0,4,0,"[4, -2, 8, -1, -8, -2, -1, 3]","[16, 0, 1, 16, 16, 0]",True,20,20,True,False,True,True,0,False,False,False,False,False,False,False,True,True,True,True,True,True,False,False,False,"[4, -2, 8, -1, -8, -2, -1, 3]",0,0,0,0,0,3.1735868750256486,4.458299372345209e-05,3.1458172500133514,0.005501957988599315,16,16,"[('(0, 0, 0, 0, 0, 0, 0, 0)', 375), ('(0, 0, 0, 1, 0, 0, 0, 0)', 13), ('(1, 0, 0, 0, 0, 0, 0, 0)', 12), ('(0, 0, 0, 0, 0, 0, 0, -1)', 11), ('(-1, 0, 0, 0, 0, 0, 0, 0)', 10), ('(0, 0, 0, 0, 0, 0, 0, 1)', 9), ('(0, 0, 0, 0, 0, 0, 1, 0)', 6), ('(0, 0, 0, 0, 1, 0, 0, 0)', 6), ('(0, 0, 0, 0, -1, 0, 0, 0)', 6), ('(0, 0, -1, 0, 0, 0, 0, 0)', 6)]",5
6,8,17,68,"[0, -1, -1, -1, -1, -1]","[0, 16, 16, 16, 16, 16]","[0, 0, 0, 0, 0, 0, 0, 0]","[4, 4, -4, -7, -7, 5, -3, -7]","[0, 0, 0, 0, 0, 0, 0, 0]",0.0,"[0, 16, 16, 16, 16, 16]",True,"[0, 0, 0, 0, 0, 0, 0, 0]",0.0,"[4, 4, -4, -7, -7, 5, -3, -7]","[0, 16, 16, 16, 16, 16]",True,"[0, 0, 0, 0, 0, 0, 0, 0]",0.0,0,"[4, 4, -4, -7, -7, 5, -3, -7]","[0, 16, 16, 16, 16, 16]",True,"[0, 0, 0, 0, 0, 0, 0, 0]",0.0,"[4, 4, -4, -7, -7, 5, -3, -7]","[0, 16, 16, 16, 16, 16]",True,"[0, 0, 0, 0, 0, 0, 0, 0]",0.0,387,0.7755511022044088,59.40389946603767,0,0,5,0,"[4, 4, -4, -7, -7, 5, -3, -7]","[0, 16, 16, 16, 16, 16]",True,20,20,True,False,True,True,0,False,False,False,False,False,False,False,True,True,True,True,True,True,False,False,False,"[4, 4, -4, -7, -7, 5, -3, -7]",0,0,0,0,0,3.164881125005195,4.7124980483204126e-05,3.1350632079993375,0.005549583991523832,16,16,"[('(0, 0, 0, 0, 0, 0, 0, 0)', 387), ('(0, 1, 0, 0, 0, 0, 0, 0)', 9), ('(0, -1, 0, 0, 0, 0, 0, 0)', 9), ('(0, 0, 0, 0, 0, 0, 0, -1)', 8), ('(0, 0, 0, 0, 1, 0, 0, 0)', 7), ('(0, 0, 0, 0, -1, 0, 0, 0)', 7), ('(0, 0, 0, 1, 0, 0, 0, 0)', 7), ('(0, 0, 0, -1, 0, 0, 0, 0)', 7), ('(0, 0, 1, 0, 0, 0, 0, 0)', 7), ('(0, 0, 0, 0, 0, 0, -1, 0)', 7)]",5
6,8,17,69,"[1, 0, 0, 0, 0, 1]","[1, 0, 0, 0, 0, 1]","[0, 0, 1, 0, 0, 0, 0, 0]","[-3, 3, -6, 5, 2, 2, 4, 0]","[0, 0, 1, 0, 0, 0, 0, 0]",1.0,"[1, 0, 0, 0, 0, 1]",True,"[0, 0, 0, 0, 0, 0, 0, 0]",1.0,"[-3, 3, -6, 5, 2, 2, 4, 0]","[1, 0, 0, 0, 0, 1]",True,"[0, 0, 0, 0, 0, 0, 0, 0]",1.0,0,"[-3, 3, -6, 5, 2, 2, 4, 0]","[1, 0, 0, 0, 0, 1]",True,"[0, 0, 0, 0, 0, 0, 0, 0]",1.0,"[-3, 3, -6, 5, 2, 2, 4, 0]","[1, 0, 0, 0, 0, 1]",True,"[0, 0, 0, 0, 0, 0, 0, 0]",1.0,254,0.5120967741935484,30.49587364548416,0,0,2,1,"[-3, 3, -6, 5, 2, 2, 4, 0]","[1, 0, 0, 0, 0, 1]",True,20,20,True,False,True,True,0,False,False,False,False,False,False,False,True,True,True,True,True,True,False,False,False,"[-3, 3, -6, 5, 2, 2, 4, 0]",0,0,0,0,0,3.203923624998424,4.1457999031990767e-05,3.173399666993646,0.005616833019303158,16,16,"[('(0, 0, 0, 0, 0, 0, 0, 0)', 254), ('(0, -1, 0, 0, 0, 0, 0, 0)', 71), ('(1, 0, 0, 0, 0, 0, 0, 0)', 64), ('(1, -1, 0, 0, 0, 0, 0, 0)', 18), ('(0, -1, 0, -1, 0, 0, 0, 0)', 7), ('(0, 0, 0, 0, 0, 0, 0, 1)', 6), ('(0, 0, 0, 0, 0, -1, 0, 0)', 6), ('(0, 0, 0, 0, 0, 0, -1, 0)', 4), ('(0, -1, 0, 0, 0, 1, 0, 0)', 4), ('(0, 0, 0, 1, 0, 0, 0, 0)', 4)]",5
6,8,17,70,"[-1, 1, -1, 0, 0, 0]","[16, 1, 16, 0, 0, 0]","[0, -1, 0, 0, -1, 1, 0, 0]","[8, 1, 3, -7, 3, 5, -8, 1]","[0, 0, 0, 0, 0, 0, 1, 0]",1.0,"[3, 1, 4, 0, 1, 3]",False,"[0, 0, 0, 0, 0, 0, 0, 0]",1.0,"[8, 1, 3, -7, 3, 5, -8, 1]","[3, 1, 4, 0, 1, 3]",False,"[0, 0, 0, 0, 0, 0, 0, 0]",1.0,0,"[8, 1, 3, -7, 3, 5, -8, 1]","[3, 1, 4, 0, 1, 3]",False,"[0, 0, 0, 0, 0, 0, 0, 0]",1.0,"[8, 1, 3, -7, 3, 5, -8, 1]","[3, 1, 4, 0, 1, 3]",False,"[0, -1, 0, 0, 0, 0, 0, 0]",3.0,47,0.09552845528455285,12.762879898909212,0,0,3,3,"[8, 2, 3, -7, 4, 4, -7, 1]","[16, 1, 16, 0, 0, 0]",True,20,20,True,True,True,True,0,False,False,False,False,False,True,True,True,True,True,True,False,False,False,False,True,"[8, 2, 3, -7, 4, 4, -7, 1]",4,4,4,4,0,4.025016207975568,7.470799027942121e-05,3.995677833998343,0.006156916992040351,16,16,"[('(0, 0, 0, 0, 0, 0, 0, 0)', 135), ('(0, -1, 0, 0, 0, 0, 0, 0)', 47), ('(1, 0, 0, 0, 0, 0, 0, 0)', 35), ('(0, 0, 0, 0, -1, 0, 0, 0)', 33), ('(0, 0, 1, 0, 0, 0, 0, 0)', 32), ('(0, 0, 0, 0, 0, 1, 0, 0)', 27), ('(1, 0, 1, 0, 0, 0, 0, 0)', 12), ('(1, 0, 0, 0, 0, 1, 0, 0)', 10), ('(0, 0, 0, 0, -1, 1, 0, 0)', 9), ('(0, -1, 0, 0, -1, 0, 0, 0)', 9)]",5
6,8,17,71,"[1, 0, 0, 1, 1, 0]","[1, 0, 0, 1, 1, 0]","[0, 0, 0, 0, 0, 0, 0, 1]","[-2, -8, 4, 1, 4, 0, 7, 1]","[0, 0, 0, 0, 0, 0, 0, 1]",1.0,"[1, 0, 0, 1, 1, 0]",True,"[0, 0, 0, 0, 0, 0, 0, 0]",1.0,"[-2, -8, 4, 1, 4, 0, 7, 1]","[1, 0, 0, 1, 1, 0]",True,"[0, 0, 0, 0, 0, 0, 0, 0]",1.0,0,"[-2, -8, 4, 1, 4, 0, 7, 1]","[1, 0, 0, 1, 1, 0]",True,"[0, 0, 0, 0, 0, 0, 0, 0]",1.0,"[-2, -8, 4, 1, 4, 0, 7, 1]","[1, 0, 0, 1, 1, 0]",True,"[0, 0, 0, 0, 0, 0, 0, 0]",1.0,225,0.45546558704453444,10.507946500072773,0,0,3,1,"[-2, -8, 4, 1, 4, 0, 7, 1]","[1, 0, 0, 1, 1, 0]",True,20,20,True,False,True,True,0,False,False,False,False,False,False,False,True,True,True,True,True,True,False,False,False,"[-2, -8, 4, 1, 4, 0, 7, 1]",0,0,0,0,0,3.9117929580097552,4.458299372345209e-05,3.8798231249966193,0.005980374990031123,16,16,"[('(0, 0, 0, 0, 0, 0, 0, 0)', 225), ('(0, 0, 0, 0, 0, 1, 0, 0)', 53), ('(0, 0, 0, 0, 0, 0, 1, 0)', 44), ('(0, 1, 0, 0, 0, 0, 0, 0)', 40), ('(0, 1, 0, 0, 0, 0, 1, 0)', 12), ('(0, 0, 0, 0, 0, 1, 1, 0)', 11), ('(0, 1, 0, 0, 0, 1, 0, 0)', 10), ('(0, 0, 0, 0, 0, 0, 0, -1)', 7), ('(0, 0, 0, 1, 0, 0, 0, 0)', 7), ('(0, 0, 0, 0, 1, 0, 0, 0)', 5)]",5
6,8,17,72,"[-1, 0, 0, 1, 0, -1]","[16, 0, 0, 1, 0, 16]","[0, 0, 0, 1, -1, -1, 0, 1]","[-1, 6, 7, 7, -3, 2, -3, 6]","[-1, 0, 0, 0, 0, 0, -1, 0]",2.0,"[9, 0, 14, 0, 15, 11]",False,"[0, 0, 0, 0, 0, 0, 0, 0]",2.0,"[-1, 6, 7, 7, -3, 2, -3, 6]","[9, 0, 14, 0, 15, 11]",False,"[0, 0, 0, 0, 0, 0, 0, 0]",2.0,0,"[-1, 6, 7, 7, -3, 2, -3, 6]","[9, 0, 14, 0, 15, 11]",False,"[0, 0, 0, 0, 0, 0, 0, 0]",2.0,"[-1, 6, 7, 7, -3, 2, -3, 6]","[9, 0, 14, 0, 15, 11]",False,"[0, 0, 0, 0, 1, 0, 0, 0]",6.0,30,0.060362173038229376,3085.9566012795517,3,0,5,6,"[-1, 7, 7, 6, -2, 1, -4, 7]","[0, 1, 2, 16, 13, 2]",False,20,20,False,True,True,True,3,False,False,False,False,False,False,False,True,True,True,True,False,False,False,False,False,"[-2, 6, 7, 6, -2, 3, -4, 5]",6,6,6,6,10,4.023847125004977,5.6124990805983543e-05,3.992280334001407,0.003655750013422221,16,16,"[('(0, 0, 0, 0, 0, 0, 0, 0)', 193), ('(0, 0, 0, 0, 0, 1, 0, 0)', 44), ('(0, 0, 0, 0, 0, 0, -1, 0)', 33), ('(0, 0, 0, -1, 0, 0, 0, 0)', 33), ('(0, 0, 0, 0, 1, 0, 0, 0)', 30), ('(0, 0, 0, -1, 0, 1, 0, 0)', 13), ('(0, 0, 0, 0, 1, 1, 0, 0)', 12), ('(0, 0, 0, -1, 1, 0, 0, 0)', 10), ('(1, 0, 0, 0, 0, 0, 0, 0)', 9), ('(0, 0, 0, 0, 0, 1, -1, 0)', 8)]",5
6,8,17,73,"[0, 1, -1, 0, 1, -1]","[0, 1, 16, 0, 1, 16]","[0, 0, 0, 1, 0, 1, -1, 0]","[7, -4, 3, -4, 8, -4, -7, 1]","[1, 0, 0, -1, 0, 0, -1, 0]",3.0,"[8, 2, 12, 7, 5, 9]",False,"[0, 0, 0, 0, 0, 0, 0, 0]",3.0,"[7, -4, 3, -4, 8, -4, -7, 1]","[8, 2, 12, 7, 5, 9]",False,"[0, 0, 0, 0, 0, 0, 0, 0]",3.0,0,"[7, -4, 3, -4, 8, -4, -7, 1]","[8, 2, 12, 7, 5, 9]",False,"[0, 0, 0, 0, 0, 0, 0, 0]",3.0,"[7, -4, 3, -4, 8, -4, -7, 1]","[8, 2, 12, 7, 5, 9]",False,"[0, 1, 0, 0, 0, 0, 0, -1]",4.0,6,0.012048192771084338,3044.005408985094,3,0,4,4,"[8, -5, 2, -5, 8, -3, -9, 1]","[0, 9, 0, 16, 3, 15]",False,20,20,False,True,True,True,3,False,False,False,False,False,False,False,True,True,True,True,False,False,False,False,False,"[8, -4, 3, -6, 8, -5, -7, 1]",6,6,6,6,11,3.849526792007964,4.979100776836276e-05,3.8153942080098204,0.004363707994343713,16,16,"[('(0, 0, 0, 0, 0, 0, 0, 0)', 218), ('(0, 0, 0, 0, 0, 0, 0, -1)', 68), ('(0, 0, -1, 0, 0, 0, 0, 0)', 50), ('(0, 1, 0, 0, 0, 0, 0, 0)', 27), ('(0, 0, 0, 0, -1, 0, 0, 0)', 25), ('(0, 0, 0, 0, -1, 0, 0, -1)', 8), ('(0, 0, -1, 0, -1, 0, 0, 0)', 7), ('(0, 1, 0, 0, 0, 0, 0, -1)', 6), ('(0, 0, -1, 0, 0, 0, 0, -1)', 6), ('(0, 0, 0, -1, 0, 0, 0, 0)', 6)]",5
6,8,17,74,"[0, 0, -1, 1, 0, 0]","[0, 0, 16, 1, 0, 0]","[0, 1, 1, 0, 0, 1, 1, 1]","[2, -8, -3, 0, -7, 6, 3, 6]","[0, 0, 0, 0, -1, 0, 1, 0]",2.0,"[11, 10, 13, 7, 5, 16]",False,"[0, 0, 0, 0, 0, 0, 0, 0]",2.0,"[2, -8, -3, 0, -7, 6, 3, 6]","[11, 10, 13, 7, 5, 16]",False,"[0, 0, 0, 0, 0, 0, 0, 0]",2.0,0,"[2, -8, -3, 0, -7, 6, 3, 6]","[11, 10, 13, 7, 5, 16]",False,"[0, 0, 0, 0, 0, 0, 0, 0]",2.0,"[2, -8, -3, 0, -7, 6, 3, 6]","[11, 10, 13, 7, 5, 16]",False,"[0, 0, 0, 0, -1, 0, 0, 0]",5.0,37,0.07505070993914807,54.886241384027365,0,0,2,5,"[2, -9, -4, 0, -8, 5, 3, 5]","[0, 0, 16, 1, 0, 0]",True,20,20,True,True,True,True,0,False,False,False,False,False,True,True,True,True,True,True,False,False,False,False,True,"[2, -9, -4, 0, -8, 5, 3, 5]",5,5,5,5,0,4.056048667000141,7.345800986513495e-05,4.022484000015538,0.005676790984580293,16,16,"[('(0, 0, 0, 0, 0, 0, 0, 0)', 173), ('(0, 1, 0, 0, 0, 0, 0, 0)', 38), ('(0, 0, 0, 0, -1, 0, 0, 0)', 37), ('(0, 0, 0, 0, 0, 0, 0, 1)', 35), ('(1, 0, 0, 0, 0, 0, 0, 0)', 28), ('(0, 0, 0, -1, 0, 0, 0, 0)', 24), ('(0, 1, 0, -1, 0, 0, 0, 0)', 10), ('(0, 1, 0, 0, -1, 0, 0, 0)', 8), ('(1, 0, 0, 0, 0, 0, 0, 1)', 8), ('(0, 1, 0, 0, 0, 0, 0, 1)', 7)]",5
6,8,17,75,"[0, -1, 1, 1, 0, -1]","[0, 16, 1, 1, 0, 16]","[0, 0, 0, 0, 0, 0, 1, 0]","[8, 4, 0, 5, -6, 1, 6, -4]","[0, 0, 0, 0, 0, 0, 1, 0]",1.0,"[0, 16, 1, 1, 0, 16]",True,"[0, 0, 0, 0, 0, 0, 0, 0]",1.0,"[8, 4, 0, 5, -6, 1, 6, -4]","[0, 16, 1, 1, 0, 16]",True,"[0, 0, 0, 0, 0, 0, 0, 0]",1.0,0,"[8, 4, 0, 5, -6, 1, 6, -4]","[0, 16, 1, 1, 0, 16]",True,"[0, 0, 0, 0, 0, 0, 0, 0]",1.0,"[8, 4, 0, 5, -6, 1, 6, -4]","[0, 16, 1, 1, 0, 16]",True,"[0, 0, 0, 0, 0, 0, 0, 0]",1.0,156,0.3151515151515151,30.54437541946517,0,0,4,1,"[8, 4, 0, 5, -6, 1, 6, -4]","[0, 16, 1, 1, 0, 16]",True,20,20,True,False,True,True,0,False,False,False,False,False,False,False,True,True,True,True,True,True,False,False,False,"[8, 4, 0, 5, -6, 1, 6, -4]",0,0,0,0,0,4.664187750022393,4.470799467526376e-05,4.635049292002805,0.00416683399816975,16,16,"[('(0, 0, 0, 0, 0, 0, 0, 0)', 156), ('(0, 0, 0, 1, 0, 0, 0, 0)', 42), ('(0, 0, 0, 0, 1, 0, 0, 0)', 36), ('(0, 0, 0, 0, 0, 0, 1, 0)', 35), ('(0, 0, 0, 0, 0, 1, 0, 0)', 32), ('(0, 0, 1, 0, 0, 0, 0, 0)', 30), ('(0, 0, 1, 0, 1, 0, 0, 0)', 12), ('(0, 0, 0, 1, 0, 0, 1, 0)', 10), ('(0, 0, 1, 1, 0, 0, 0, 0)', 10), ('(0, 0, 1, 0, 0, 0, 1, 0)', 9)]",5
6,8,17,76,"[0, -1, 0, 0, 1, 0]","[0, 16, 0, 0, 1, 0]","[0, 0, 0, 0, 1, 0, -1, 0]","[-7, 5, 6, 3, -9, 4, 7, 3]","[0, 0, 0, 0, 1, 0, -1, 0]",2.0,"[0, 16, 0, 0, 1, 0]",True,"[0, 0, 0, 0, 0, 0, 0, 0]",2.0,"[-7, 5, 6, 3, -9, 4, 7, 3]","[0, 16, 0, 0, 1, 0]",True,"[0, 0, 0, 0, 0, 0, 0, 0]",2.0,0,"[-7, 5, 6, 3, -9, 4, 7, 3]","[0, 16, 0, 0, 1, 0]",True,"[0, 0, 0, 0, 0, 0, 0, 0]",2.0,"[-7, 5, 6, 3, -9, 4, 7, 3]","[0, 16, 0, 0, 1, 0]",True,"[0, 0, 0, 0, 0, 0, 0, 0]",2.0,149,0.30284552845528456,21.598936470590377,0,0,2,2,"[-7, 5, 6, 3, -9, 4, 7, 3]","[0, 16, 0, 0, 1, 0]",True,20,20,True,False,True,True,0,False,False,False,False,False,False,False,True,True,True,True,True,True,False,False,False,"[-7, 5, 6, 3, -9, 4, 7, 3]",0,0,0,0,0,4.680718917021295,4.687500768341124e-05,4.642288000002736,0.003645958990091458,16,16,"[('(0, 0, 0, 0, 0, 0, 0, 0)', 149), ('(0, 0, 0, 0, 0, 0, -1, 0)', 42), ('(0, 0, 0, 1, 0, 0, 0, 0)', 38), ('(0, -1, 0, 0, 0, 0, 0, 0)', 26), ('(0, 0, 0, 0, 0, 0, 0, -1)', 20), ('(0, 0, 1, 0, 0, 0, 0, 0)', 19), ('(0, 0, 0, 0, 0, -1, 0, 0)', 18), ('(0, -1, 0, 0, 0, -1, 0, 0)', 11), ('(0, 0, 1, 1, 0, 0, 0, 0)', 9), ('(0, -1, 0, 1, 0, 0, 0, 0)', 8)]",5
6,8,17,77,"[-1, 1, -1, 0, -1, 0]","[16, 1, 16, 0, 16, 0]","[-1, -1, 0, 0, 0, 0, 0, 0]","[5, 2, 6, 3, -3, 4, 4, 4]","[0, 0, 1, 0, -1, 0, 0, 0]",2.0,"[14, 8, 10, 13, 3, 14]",False,"[-1, 0, 0, 0, 0, 0, 0, 0]",2.0,"[6, 3, 7, 3, -4, 4, 4, 4]","[16, 1, 16, 0, 16, 0]",True,"[0, 0, 0, 0, 0, 0, 0, 0]",2.0,0,"[5, 2, 6, 3, -3, 4, 4, 4]","[14, 8, 10, 13, 3, 14]",False,"[0, 0, 0, 0, 0, 0, 0, 0]",2.0,"[5, 2, 6, 3, -3, 4, 4, 4]","[14, 8, 10, 13, 3, 14]",False,"[-1, 0, 0, 0, 0, 0, 0, 0]",2.0,44,0.08961303462321792,21.71933375102297,0,0,4,2,"[6, 3, 7, 3, -4, 4, 4, 4]","[16, 1, 16, 0, 16, 0]",True,20,20,True,True,True,True,0,False,True,True,False,False,True,True,False,True,False,True,True,True,False,False,True,"[6, 3, 7, 3, -4, 4, 4, 4]",4,0,4,4,0,4.591279499989469,7.550002192147076e-05,4.561308874981478,0.0036307919945102185,16,16,"[('(0, 0, 0, 0, 0, 0, 0, 0)', 153), ('(-1, 0, 0, 0, 0, 0, 0, 0)', 44), ('(0, 0, 0, 0, 0, 1, 0, 0)', 40), ('(0, 0, 0, 0, 1, 0, 0, 0)', 40), ('(0, 0, 0, 1, 0, 0, 0, 0)', 32), ('(0, 1, 0, 0, 0, 0, 0, 0)', 25), ('(-1, 0, 0, 1, 0, 0, 0, 0)', 13), ('(0, 0, 0, 0, 1, 1, 0, 0)', 10), ('(-1, 0, 0, 0, 0, 1, 0, 0)', 10), ('(0, 1, 0, 0, 1, 0, 0, 0)', 10)]",5
6,8,17,78,"[0, 0, 1, 0, 0, 1]","[0, 0, 1, 0, 0, 1]","[1, 0, 0, 0, 0, 0, 0, 0]","[-6, -8, -6, -7, -2, 4, -4, 5]","[1, 0, 0, 0, 0, 0, 0, 0]",1.0,"[0, 0, 1, 0, 0, 1]",True,"[0, 0, 0, 0, 0, 0, 0, 0]",1.0,"[-6, -8, -6, -7, -2, 4, -4, 5]","[0, 0, 1, 0, 0, 1]",True,"[0, 0, 0, 0, 0, 0, 0, 0]",1.0,0,"[-6, -8, -6, -7, -2, 4, -4, 5]","[0, 0, 1, 0, 0, 1]",True,"[0, 0, 0, 0, 0, 0, 0, 0]",1.0,"[-6, -8, -6, -7, -2, 4, -4, 5]","[0, 0, 1, 0, 0, 1]",True,"[0, 0, 0, 0, 0, 0, 0, 0]",1.0,143,0.2894736842105263,30.553018670042402,0,0,2,1,"[-6, -8, -6, -7, -2, 4, -4, 5]","[0, 0, 1, 0, 0, 1]",True,20,20,True,False,True,True,0,False,False,False,False,False,False,False,True,True,True,True,True,True,False,False,False,"[-6, -8, -6, -7, -2, 4, -4, 5]",0,0,0,0,0,4.757105083001079,5.266600055620074e-05,4.716484500007937,0.013050292007392272,16,16,"[('(0, 0, 0, 0, 0, 0, 0, 0)', 143), ('(0, 0, -1, 0, 0, 0, 0, 0)', 46), ('(0, 0, 0, 1, 0, 0, 0, 0)', 34), ('(0, 1, 0, 0, 0, 0, 0, 0)', 34), ('(0, 0, 0, 0, 0, 0, 1, 0)', 32), ('(0, 0, 0, 0, 1, 0, 0, 0)', 22), ('(0, 0, 0, 0, 0, -1, 0, 0)', 19), ('(0, 0, -1, 0, 0, 0, 1, 0)', 11), ('(0, 0, -1, 0, 0, -1, 0, 0)', 10), ('(0, 1, 0, 0, 0, 0, 1, 0)', 8)]",5
6,8,17,79,"[-1, 0, 1, 0, -1, 0]","[16, 0, 1, 0, 16, 0]","[1, 1, 1, 0, 1, 0, 0, 0]","[-2, -9, -3, 6, -2, 0, 7, 5]","[1, 1, 1, 0, 1, 0, 0, 0]",4.0,"[16, 0, 1, 0, 16, 0]",True,"[0, -1, 0, 0, 0, -1, 0, 0]",4.0,"[-1, -9, -2, 7, -1, -1, 6, 5]","[14, 13, 13, 10, 14, 5]",False,"[0, 0, 0, 0, 0, 0, 0, 0]",4.0,0,"[-2, -9, -3, 6, -2, 0, 7, 5]","[16, 0, 1, 0, 16, 0]",True,"[0, 0, 0, 0, 0, 0, 0, 0]",4.0,"[-2, -9, -3, 6, -2, 0, 7, 5]","[16, 0, 1, 0, 16, 0]",True,"[0, 0, 0, 0, 0, 0, 0, 0]",4.0,187,0.37701612903225806,23.676355803717005,0,0,3,4,"[-2, -9, -3, 6, -2, 0, 7, 5]","[16, 0, 1, 0, 16, 0]",True,20,20,True,False,False,True,0,False,True,False,False,False,False,False,False,True,False,True,False,True,False,False,False,"[-2, -9, -3, 6, -2, 0, 7, 5]",0,6,0,0,0,4.6641590840008575,7.666699821129441e-05,4.604286458983552,0.0036860830150544643,16,16,"[('(0, 0, 0, 0, 0, 0, 0, 0)', 187), ('(0, 0, 0, 0, 0, 0, -1, 0)', 38), ('(0, 0, 0, 0, 0, 0, 0, 1)', 30), ('(0, 0, 1, 0, 0, 0, 0, 0)', 30), ('(0, 0, 0, 0, 1, 0, 0, 0)', 27), ('(0, 0, 0, 0, 0, -1, 0, 0)', 25), ('(0, -1, 0, 0, 0, 0, 0, 0)', 13), ('(0, 0, 0, -1, 0, 0, 0, 0)', 10), ('(0, 0, 0, 0, 1, 0, -1, 0)', 9), ('(0, 0, 0, 0, 1, -1, 0, 0)', 6)]",5
6,8,17,80,"[-1, 0, 0, 0, 0, -1]","[16, 0, 0, 0, 0, 16]","[0, 0, 0, 0, 0, 0, 1, 0]","[2, 7, 5, -7, 3, -6, 5, 8]","[0, 0, 0, 0, 0, 0, 1, 0]",1.0,"[16, 0, 0, 0, 0, 16]",True,"[0, 0, 0, 0, 0, 0, 0, 0]",1.0,"[2, 7, 5, -7, 3, -6, 5, 8]","[16, 0, 0, 0, 0, 16]",True,"[0, 0, 0, 0, 0, 0, 0, 0]",1.0,0,"[2, 7, 5, -7, 3, -6, 5, 8]","[16, 0, 0, 0, 0, 16]",True,"[0, 0, 0, 0, 0, 0, 0, 0]",1.0,"[2, 7, 5, -7, 3, -6, 5, 8]","[16, 0, 0, 0, 0, 16]",True,"[0, 0, 0, 0, 0, 0, 0, 0]",1.0,174,0.3522267206477733,30.53352140260765,0,0,2,1,"[2, 7, 5, -7, 3, -6, 5, 8]","[16, 0, 0, 0, 0, 16]",True,20,20,True,False,True,True,0,False,False,False,False,False,False,False,True,True,True,True,True,True,False,False,False,"[2, 7, 5, -7, 3, -6, 5, 8]",0,0,0,0,0,3.5849350839853287,4.816698492504656e-05,3.5542639170016628,0.00360416600597091,16,16,"[('(0, 0, 0, 0, 0, 0, 0, 0)', 174), ('(0, 0, 0, 0, -1, 0, 0, 0)', 45), ('(0, 0, 0, 1, 0, 0, 0, 0)', 44), ('(0, 0, 0, 0, 0, 1, 0, 0)', 42), ('(0, 0, 0, 0, 0, 0, 1, 0)', 37), ('(0, 0, 0, 1, -1, 0, 0, 0)', 15), ('(0, 0, 0, 1, 0, 1, 0, 0)', 13), ('(0, 0, 0, 1, 0, 0, 1, 0)', 11), ('(0, 0, 0, 0, 0, 1, 1, 0)', 9), ('(0, 0, 0, 0, -1, 1, 0, 0)', 6)]",5
6,8,17,81,"[1, -1, 1, -1, 1, -1]","[1, 16, 1, 16, 1, 16]","[0, -1, 1, 0, 0, 0, 1, 0]","[3, 8, -1, -8, 3, 2, 9, 8]","[0, 0, -1, 0, 0, 1, -1, 0]",3.0,"[2, 12, 2, 7, 8, 10]",False,"[-1, 0, 0, 0, 1, 0, -1, 0]",3.0,"[3, 9, -3, -8, 3, 3, 7, 8]","[1, 16, 1, 16, 1, 16]",True,"[0, 0, 0, 0, 0, 0, 0, 0]",3.0,0,"[3, 8, -1, -8, 3, 2, 9, 8]","[2, 12, 2, 7, 8, 10]",False,"[0, 0, 0, 0, 0, 0, 0, 0]",3.0,"[3, 8, -1, -8, 3, 2, 9, 8]","[2, 12, 2, 7, 8, 10]",False,"[0, 0, 0, 0, 0, 0, -1, 0]",4.0,43,0.0872210953346856,3063.8215810366078,3,0,5,4,"[2, 8, -2, -7, 2, 3, 8, 7]","[0, 14, 3, 9, 1, 16]",False,20,20,False,True,False,True,4,False,True,True,False,False,False,False,False,True,False,True,False,False,False,False,True,"[3, 9, -3, -8, 3, 3, 7, 8]",10,0,10,10,7,3.5974479590076953,4.8999994760379195e-05,3.56868545798352,0.003497917001368478,16,16,"[('(0, 0, 0, 0, 0, 0, 0, 0)', 165), ('(0, 0, 0, 0, 0, 0, -1, 0)', 43), ('(0, 1, 0, 0, 0, 0, 0, 0)', 29), ('(0, 0, 0, 0, 0, 0, 0, -1)', 27), ('(0, 0, 0, 1, 0, 0, 0, 0)', 24), ('(0, 0, 0, 0, 1, 0, 0, 0)', 23), ('(-1, 0, 0, 0, 0, 0, 0, 0)', 19), ('(0, 0, 0, 0, 0, -1, 0, 0)', 16), ('(0, 0, 0, 0, 0, 0, 1, 0)', 8), ('(0, 0, 0, 0, 1, 0, -1, 0)', 6)]",5
6,8,17,82,"[1, 0, 0, 0, 0, 0]","[1, 0, 0, 0, 0, 0]","[0, 0, -1, 0, 0, 0, 0, 0]","[-5, -1, 9, -8, -4, -4, 4, -5]","[0, 0, -1, 0, 0, 0, 0, 0]",1.0,"[1, 0, 0, 0, 0, 0]",True,"[0, 0, 0, 0, 0, 0, 0, 0]",1.0,"[-5, -1, 9, -8, -4, -4, 4, -5]","[1, 0, 0, 0, 0, 0]",True,"[0, 0, 0, 0, 0, 0, 0, 0]",1.0,0,"[-5, -1, 9, -8, -4, -4, 4, -5]","[1, 0, 0, 0, 0, 0]",True,"[0, 0, 0, 0, 0, 0, 0, 0]",1.0,"[-5, -1, 9, -8, -4, -4, 4, -5]","[1, 0, 0, 0, 0, 0]",True,"[0, 0, 0, 0, 0, 0, 0, 0]",1.0,207,0.4198782961460446,50.51624619202987,0,0,1,1,"[-5, -1, 9, -8, -4, -4, 4, -5]","[1, 0, 0, 0, 0, 0]",True,20,20,True,False,True,True,0,False,False,False,False,False,False,False,True,True,True,True,True,True,False,False,False,"[-5, -1, 9, -8, -4, -4, 4, -5]",0,0,0,0,0,3.495253125001909,5.270799738354981e-05,3.4597258750000037,0.0033762500097509474,16,16,"[('(0, 0, 0, 0, 0, 0, 0, 0)', 207), ('(1, 0, 0, 0, 0, 0, 0, 0)', 54), ('(0, 0, 0, 0, 0, 0, -1, 0)', 47), ('(0, 0, 0, 0, -1, 0, 0, 0)', 44), ('(0, 0, 0, 0, -1, 0, -1, 0)', 19), ('(1, 0, 0, 0, 0, 0, -1, 0)', 18), ('(1, 0, 0, 0, -1, 0, 0, 0)', 14), ('(0, 0, 0, 0, 0, 0, 0, 1)', 6), ('(0, 0, 0, 0, 0, -1, 0, 0)', 6), ('(0, 0, -1, 0, 0, 0, 0, 0)', 6)]",5
6,8,17,83,"[0, 0, 0, 0, 0, -1]","[0, 0, 0, 0, 0, 16]","[0, 0, 0, 0, 0, -1, -1, 0]","[7, -4, -6, 8, 8, 2, 4, 0]","[0, 0, 0, 0, 0, -1, -1, 0]",2.0,"[0, 0, 0, 0, 0, 16]",True,"[0, 0, 0, 0, 0, 0, 0, 0]",2.0,"[7, -4, -6, 8, 8, 2, 4, 0]","[0, 0, 0, 0, 0, 16]",True,"[0, 0, 0, 0, 0, 0, 0, 0]",2.0,0,"[7, -4, -6, 8, 8, 2, 4, 0]","[0, 0, 0, 0, 0, 16]",True,"[0, 0, 0, 0, 0, 0, 0, 0]",2.0,"[7, -4, -6, 8, 8, 2, 4, 0]","[0, 0, 0, 0, 0, 16]",True,"[0, 0, 0, 0, 0, 0, 0, 0]",2.0,112,0.22672064777327935,41.627261218128766,0,0,1,2,"[7, -4, -6, 8, 8, 2, 4, 0]","[0, 0, 0, 0, 0, 16]",True,20,20,True,False,True,True,0,False,False,False,False,False,False,False,True,True,True,True,True,True,False,False,False,"[7, -4, -6, 8, 8, 2, 4, 0]",0,0,0,0,0,3.4941182079783175,0.0011476660147309303,3.4528020409925375,0.0033862080017570406,16,16,"[('(0, 0, 0, 0, 0, 0, 0, 0)', 112), ('(0, 0, 1, 0, 0, 0, 0, 0)', 42), ('(0, 0, 0, 0, 0, 0, 0, -1)', 38), ('(0, 0, 0, 0, 0, -1, 0, 0)', 26), ('(-1, 0, 0, 0, 0, 0, 0, 0)', 25), ('(0, 0, 0, 1, 0, 0, 0, 0)', 23), ('(0, 0, 0, 0, 0, 0, 1, 0)', 20), ('(0, 1, 0, 0, 0, 0, 0, 0)', 16), ('(0, 1, 0, 0, 0, 0, 0, -1)', 14), ('(0, 0, 1, 0, 0, 0, 0, -1)', 12)]",5
6,8,17,84,"[0, 0, -1, 0, 0, -1]","[0, 0, 16, 0, 0, 16]","[1, 0, 1, 0, 1, 0, 0, 0]","[4, 0, 0, -8, -5, 4, 0, -6]","[0, 0, -1, 0, 0, 0, 0, -1]",2.0,"[3, 6, 7, 8, 15, 6]",False,"[0, 0, 0, 0, 0, 0, 0, 0]",2.0,"[4, 0, 0, -8, -5, 4, 0, -6]","[3, 6, 7, 8, 15, 6]",False,"[0, 0, 0, 0, 0, 0, 0, 0]",2.0,0,"[4, 0, 0, -8, -5, 4, 0, -6]","[3, 6, 7, 8, 15, 6]",False,"[0, 0, 0, 0, 0, 0, 0, 0]",2.0,"[4, 0, 0, -8, -5, 4, 0, -6]","[3, 6, 7, 8, 15, 6]",False,"[1, 0, 0, 0, 0, 0, 0, 0]",2.0,22,0.044897959183673466,3021.786450578407,3,0,4,2,"[4, 0, -1, -8, -5, 4, 1, -6]","[16, 2, 13, 0, 0, 7]",False,20,20,False,True,True,True,2,False,False,False,False,False,False,False,True,True,True,True,False,True,False,False,True,"[3, 0, -2, -8, -6, 4, 0, -7]",7,7,7,7,5,3.2903071669861674,4.783400800079107e-05,3.2633834580192342,0.0034122500219382346,16,16,"[('(0, 0, 0, 0, 0, 0, 0, 0)', 134), ('(0, 0, 0, 0, 1, 0, 0, 0)', 47), ('(0, 0, 0, 0, 0, 1, 0, 0)', 43), ('(0, 0, -1, 0, 0, 0, 0, 0)', 27), ('(0, 0, 0, 1, 0, 0, 0, 0)', 23), ('(1, 0, 0, 0, 0, 0, 0, 0)', 22), ('(0, 0, -1, 1, 0, 0, 0, 0)', 16), ('(0, 0, 0, 1, 1, 0, 0, 0)', 12), ('(0, 0, -1, 0, 1, 0, 0, 0)', 12), ('(0, 0, 0, 1, 0, 1, 0, 0)', 10)]",5
6,8,17,85,"[1, 0, 1, 1, -1, 1]","[1, 0, 1, 1, 16, 1]","[1, 0, 0, 0, 0, 0, 0, 0]","[0, -6, -4, 5, 7, 0, -7, 6]","[1, 0, 0, 0, 0, 0, 0, 0]",1.0,"[1, 0, 1, 1, 16, 1]",True,"[0, 0, 0, 0, 0, 0, 0, 0]",1.0,"[0, -6, -4, 5, 7, 0, -7, 6]","[1, 0, 1, 1, 16, 1]",True,"[0, 0, 0, 0, 0, 0, 0, 0]",1.0,0,"[0, -6, -4, 5, 7, 0, -7, 6]","[1, 0, 1, 1, 16, 1]",True,"[0, 0, 0, 0, 0, 0, 0, 0]",1.0,"[0, -6, -4, 5, 7, 0, -7, 6]","[1, 0, 1, 1, 16, 1]",True,"[0, 0, 0, 0, 0, 0, 0, 0]",1.0,158,0.3191919191919192,50.543109579777976,0,0,5,1,"[0, -6, -4, 5, 7, 0, -7, 6]","[1, 0, 1, 1, 16, 1]",True,20,20,True,False,True,True,0,False,False,False,False,False,False,False,True,True,True,True,True,True,False,False,False,"[0, -6, -4, 5, 7, 0, -7, 6]",0,0,0,0,0,3.2604156660090666,4.4957996578887105e-05,3.230103958019754,0.005002583988243714,16,16,"[('(0, 0, 0, 0, 0, 0, 0, 0)', 158), ('(0, 0, -1, 0, 0, 0, 0, 0)', 45), ('(0, -1, 0, 0, 0, 0, 0, 0)', 44), ('(0, 0, 0, 0, 0, -1, 0, 0)', 38), ('(0, 0, 0, 0, -1, 0, 0, 0)', 32), ('(0, 0, 0, 0, 0, 0, 0, 1)', 19), ('(0, -1, 0, 0, 0, 0, 0, 1)', 10), ('(0, 0, -1, 0, 0, -1, 0, 0)', 10), ('(0, 0, 0, 0, -1, -1, 0, 0)', 9), ('(0, -1, 0, 0, -1, 0, 0, 0)', 9)]",5
6,8,17,86,"[1, 1, 1, 0, -1, 0]","[1, 1, 1, 0, 16, 0]","[0, 0, 0, 0, 0, 0, 0, -1]","[-7, -1, 5, -1, 3, -2, -2, -1]","[0, 0, 0, 0, 0, 0, 0, -1]",1.0,"[1, 1, 1, 0, 16, 0]",True,"[0, 0, 0, 0, 0, 0, 0, 0]",1.0,"[-7, -1, 5, -1, 3, -2, -2, -1]","[1, 1, 1, 0, 16, 0]",True,"[0, 0, 0, 0, 0, 0, 0, 0]",1.0,0,"[-7, -1, 5, -1, 3, -2, -2, -1]","[1, 1, 1, 0, 16, 0]",True,"[0, 0, 0, 0, 0, 0, 0, 0]",1.0,"[-7, -1, 5, -1, 3, -2, -2, -1]","[1, 1, 1, 0, 16, 0]",True,"[0, 0, 0, 0, 0, 0, 0, 0]",1.0,265,0.5342741935483871,30.49165036912183,0,0,4,1,"[-7, -1, 5, -1, 3, -2, -2, -1]","[1, 1, 1, 0, 16, 0]",True,20,20,True,False,True,True,0,False,False,False,False,False,False,False,True,True,True,True,True,True,False,False,False,"[-7, -1, 5, -1, 3, -2, -2, -1]",0,0,0,0,0,3.2288671669957694,4.9708003643900156e-05,3.2011079160147347,0.0036720829957630485,16,16,"[('(0, 0, 0, 0, 0, 0, 0, 0)', 265), ('(0, 0, 0, 0, 0, 0, -1, 0)', 59), ('(0, 0, 0, 0, 0, -1, 0, 0)', 37), ('(0, 0, 0, 0, 0, 0, 0, -1)', 36), ('(0, 0, 0, 0, 0, -1, -1, 0)', 10), ('(0, 0, 0, 1, 0, 0, 0, 0)', 8), ('(0, 0, 0, -1, 0, 0, 0, 0)', 8), ('(0, 0, 0, 0, 0, 0, -1, -1)', 6), ('(0, 0, 0, 0, 0, -1, -1, -1)', 5), ('(0, 0, 0, 0, -1, 0, 0, 0)', 5)]",5
6,8,17,87,"[0, 0, 1, 0, -1, -1]","[0, 0, 1, 0, 16, 16]","[0, 0, 0, 0, 0, 0, -1, 0]","[5, 3, 3, -4, -5, 0, -7, 1]","[0, 0, 0, 0, 0, 0, -1, 0]",1.0,"[0, 0, 1, 0, 16, 16]",True,"[0, 0, 0, 0, 0, 0, 0, 0]",1.0,"[5, 3, 3, -4, -5, 0, -7, 1]","[0, 0, 1, 0, 16, 16]",True,"[0, 0, 0, 0, 0, 0, 0, 0]",1.0,0,"[5, 3, 3, -4, -5, 0, -7, 1]","[0, 0, 1, 0, 16, 16]",True,"[0, 0, 0, 0, 0, 0, 0, 0]",1.0,"[5, 3, 3, -4, -5, 0, -7, 1]","[0, 0, 1, 0, 16, 16]",True,"[0, 0, 0, 0, 0, 0, 0, 0]",1.0,267,0.5372233400402414,10.490901301948915,0,0,3,1,"[5, 3, 3, -4, -5, 0, -7, 1]","[0, 0, 1, 0, 16, 16]",True,20,20,True,False,True,True,0,False,False,False,False,False,False,False,True,True,True,True,True,True,False,False,False,"[5, 3, 3, -4, -5, 0, -7, 1]",0,0,0,0,0,3.2340804580016993,4.42500167991966e-05,3.205895499995677,0.007528457994339988,16,16,"[('(0, 0, 0, 0, 0, 0, 0, 0)', 267), ('(0, 0, 0, 0, 0, 0, -1, 0)', 56), ('(0, 0, 0, 0, 0, -1, 0, 0)', 56), ('(0, 0, 0, 0, 0, -1, -1, 0)', 11), ('(1, 0, 0, 0, 0, 0, 0, 0)', 10), ('(0, 0, -1, 0, 0, 0, 0, 0)', 9), ('(0, 0, 0, 0, 0, 0, 0, 1)', 7), ('(0, 0, 0, 0, 0, 0, 0, -1)', 6), ('(0, 0, 0, 0, 1, 0, 0, 0)', 5), ('(0, 0, 0, 0, -1, 0, 0, 0)', 5)]",5
6,8,17,88,"[-1, 1, 0, -1, 0, -1]","[16, 1, 0, 16, 0, 16]","[0, 1, 0, 0, 0, 0, 0, 0]","[7, 1, -1, 2, 5, 3, -1, -4]","[0, 1, 0, 0, 0, 0, 0, 0]",1.0,"[16, 1, 0, 16, 0, 16]",True,"[0, 0, 0, 0, 0, 0, 0, 0]",1.0,"[7, 1, -1, 2, 5, 3, -1, -4]","[16, 1, 0, 16, 0, 16]",True,"[0, 0, 0, 0, 0, 0, 0, 0]",1.0,0,"[7, 1, -1, 2, 5, 3, -1, -4]","[16, 1, 0, 16, 0, 16]",True,"[0, 0, 0, 0, 0, 0, 0, 0]",1.0,"[7, 1, -1, 2, 5, 3, -1, -4]","[16, 1, 0, 16, 0, 16]",True,"[0, 0, 0, 0, 0, 0, 0, 0]",1.0,137,0.2778904665314402,30.55727463148428,0,0,4,1,"[7, 1, -1, 2, 5, 3, -1, -4]","[16, 1, 0, 16, 0, 16]",True,20,20,True,False,True,True,0,False,False,False,False,False,False,False,True,True,True,True,True,True,False,False,False,"[7, 1, -1, 2, 5, 3, -1, -4]",0,0,0,0,0,3.43207529198844,4.1000021155923605e-05,3.4058334580040537,0.004734916990855709,16,16,"[('(0, 0, 0, 0, 0, 0, 0, 0)', 137), ('(0, 0, 0, 0, 0, 1, 0, 0)', 46), ('(0, 0, 0, 0, 0, 0, 1, 0)', 43), ('(-1, 0, 0, 0, 0, 0, 0, 0)', 40), ('(0, 0, 0, -1, 0, 0, 0, 0)', 38), ('(0, 0, 0, 0, 0, 0, 0, -1)', 35), ('(-1, 0, 0, 0, 0, 0, 1, 0)', 13), ('(-1, 0, 0, -1, 0, 0, 0, 0)', 13), ('(-1, 0, 0, 0, 0, 1, 0, 0)', 11), ('(0, 0, 0, 0, 0, 1, 1, 0)', 9)]",5
6,8,17,89,"[0, 0, -1, 1, 0, 0]","[0, 0, 16, 1, 0, 0]","[-1, 0, -1, 0, 0, 1, 0, 0]","[8, -3, -9, -7, -2, 8, -4, -4]","[0, 0, 1, -1, 0, 0, 0, 0]",2.0,"[1, 9, 3, 2, 2, 8]",False,"[0, 0, 0, 0, 0, 0, 0, 0]",2.0,"[8, -3, -9, -7, -2, 8, -4, -4]","[1, 9, 3, 2, 2, 8]",False,"[0, 0, 0, 0, 0, 0, 0, 0]",2.0,0,"[8, -3, -9, -7, -2, 8, -4, -4]","[1, 9, 3, 2, 2, 8]",False,"[0, 0, 0, 0, 0, 0, 0, 0]",2.0,"[8, -3, -9, -7, -2, 8, -4, -4]","[1, 9, 3, 2, 2, 8]",False,"[0, 0, 0, -1, 0, 0, 0, 0]",6.0,4,0.008016032064128256,1106.1390562087565,1,0,6,6,"[7, -4, -9, -7, -2, 8, -5, -5]","[1, 16, 5, 16, 16, 1]",False,20,20,False,True,True,True,4,False,False,False,False,False,False,False,True,True,True,True,False,False,False,False,False,"[9, -3, -7, -8, -2, 7, -4, -4]",7,7,7,7,13,3.4085632500064094,4.470799467526376e-05,3.378968167002313,0.0036886669986415654,16,16,"[('(0, 0, 0, 0, 0, 0, 0, 0)', 174), ('(0, 1, 0, 0, 0, 0, 0, 0)', 56), ('(0, 0, 0, 0, 0, 0, 0, 1)', 50), ('(0, 0, 0, 0, 0, 1, 0, 0)', 48), ('(0, 0, 0, 0, 0, 0, -1, 0)', 21), ('(0, 0, 0, 0, 0, 0, -1, 1)', 16), ('(0, 1, 0, 0, 0, 1, 0, 0)', 11), ('(0, 0, 0, 0, 0, 1, 0, 1)', 11), ('(0, 1, 0, 0, 0, 0, 0, 1)', 8), ('(0, 1, 0, 0, 0, 0, -1, 0)', 8)]",5
6,8,17,90,"[0, 1, -1, 0, -1, -1]","[0, 1, 16, 0, 16, 16]","[1, 1, -1, 0, 0, -1, 0, 0]","[-5, 7, 7, 8, 5, 2, 6, 3]","[0, -1, 1, 0, 0, 0, 0, 1]",3.0,"[9, 8, 8, 8, 5, 16]",False,"[0, 0, 0, 0, 0, 0, 0, 0]",3.0,"[-5, 7, 7, 8, 5, 2, 6, 3]","[9, 8, 8, 8, 5, 16]",False,"[0, 0, 0, 0, 0, 0, 0, 0]",3.0,0,"[-5, 7, 7, 8, 5, 2, 6, 3]","[9, 8, 8, 8, 5, 16]",False,"[0, 0, 0, 0, 0, 0, 0, 0]",3.0,"[-5, 7, 7, 8, 5, 2, 6, 3]","[9, 8, 8, 8, 5, 16]",False,"[0, 0, 0, 0, 0, 0, 0, 0]",3.0,113,0.22782258064516128,5072.676380155161,5,0,6,3,"[-5, 7, 7, 8, 5, 2, 6, 3]","[9, 8, 8, 8, 5, 16]",False,20,20,False,True,True,True,6,False,False,False,False,False,False,False,True,True,True,True,True,True,False,False,False,"[-6, 5, 9, 8, 5, 3, 6, 4]",11,11,11,11,11,3.756739042000845,4.0624989196658134e-05,3.725460333022056,0.00468737498158589,16,16,"[('(0, 0, 0, 0, 0, 0, 0, 0)', 113), ('(0, 0, 0, 0, 0, 1, 0, 0)', 39), ('(1, 0, 0, 0, 0, 0, 0, 0)', 28), ('(0, -1, 0, 0, 0, 0, 0, 0)', 28), ('(0, 0, 0, 1, 0, 0, 0, 0)', 24), ('(0, 0, 0, 0, 0, 0, 0, -1)', 22), ('(0, 0, 1, 0, 0, 0, 0, 0)', 20), ('(0, 0, 0, 0, -1, 0, 0, 0)', 19), ('(0, 0, 0, 0, 0, 0, -1, 0)', 13), ('(1, 0, 0, 0, 0, 1, 0, 0)', 10)]",5
6,8,17,91,"[0, 0, 1, 0, 0, 0]","[0, 0, 1, 0, 0, 0]","[-1, 0, 0, 1, 0, 0, 0, 0]","[6, 8, -3, 4, 0, 4, -6, -7]","[-1, 0, 0, 1, 0, 0, 0, 0]",2.0,"[0, 0, 1, 0, 0, 0]",True,"[0, 0, 0, 0, 0, 0, 0, 0]",2.0,"[6, 8, -3, 4, 0, 4, -6, -7]","[0, 0, 1, 0, 0, 0]",True,"[0, 0, 0, 0, 0, 0, 0, 0]",2.0,0,"[6, 8, -3, 4, 0, 4, -6, -7]","[0, 0, 1, 0, 0, 0]",True,"[0, 0, 0, 0, 0, 0, 0, 0]",2.0,"[6, 8, -3, 4, 0, 4, -6, -7]","[0, 0, 1, 0, 0, 0]",True,"[0, 0, 0, 0, 0, 0, 0, 0]",2.0,133,0.2708757637474542,41.61021602000491,0,0,1,2,"[6, 8, -3, 4, 0, 4, -6, -7]","[0, 0, 1, 0, 0, 0]",True,20,20,True,False,True,True,0,False,False,False,False,False,False,False,True,True,True,True,True,True,False,False,False,"[6, 8, -3, 4, 0, 4, -6, -7]",0,0,0,0,0,3.7015584580076393,4.720798460766673e-05,3.6598625000042375,0.005966999975498766,16,16,"[('(0, 0, 0, 0, 0, 0, 0, 0)', 133), ('(0, 0, 1, 0, 0, 0, 0, 0)', 35), ('(0, 0, 0, 0, 0, 0, 0, 1)', 29), ('(0, 0, 0, 0, -1, 0, 0, 0)', 26), ('(0, 0, 0, -1, 0, 0, 0, 0)', 22), ('(0, 1, 0, 0, 0, 0, 0, 0)', 21), ('(1, 0, 0, 0, 0, 0, 0, 0)', 20), ('(0, 0, 0, 0, 0, 0, 1, 0)', 18), ('(1, 0, 0, 0, 0, 0, 0, 1)', 8), ('(1, 0, 1, 0, 0, 0, 0, 0)', 8)]",5
6,8,17,92,"[0, -1, 1, 1, 1, 1]","[0, 16, 1, 1, 1, 1]","[1, 0, 0, -1, -1, -1, 0, 1]","[4, -4, -5, -2, -8, -5, 4, 5]","[0, 0, -1, -1, 1, 0, 0, 1]",4.0,"[13, 4, 5, 15, 11, 6]",False,"[-1, 1, 1, 1, 0, -1, 0, 0]",3.0,"[3, -4, -6, -4, -7, -5, 3, 6]","[2, 7, 11, 6, 5, 4]",False,"[0, 0, 0, 0, 0, 0, 0, 0]",4.0,0,"[4, -4, -5, -2, -8, -5, 4, 5]","[13, 4, 5, 15, 11, 6]",False,"[0, 0, 0, 0, 0, 0, 0, 0]",4.0,"[4, -4, -5, -2, -8, -5, 4, 5]","[13, 4, 5, 15, 11, 6]",False,"[0, 1, 0, 0, 0, 0, 0, 0]",5.0,46,0.0931174089068826,74.864985239829,0,0,5,5,"[3, -4, -6, -2, -6, -4, 4, 5]","[0, 16, 1, 1, 1, 1]",True,20,20,True,True,False,False,0,True,True,False,False,False,True,True,False,False,False,False,False,False,False,False,True,"[3, -4, -6, -2, -6, -4, 4, 5]",7,8,7,7,0,3.649570208013756,7.237499812617898e-05,3.61450616599177,0.005078082991531119,16,16,"[('(0, 0, 0, 0, 0, 0, 0, 0)', 203), ('(0, 1, 0, 0, 0, 0, 0, 0)', 46), ('(0, 0, 0, 0, -1, 0, 0, 0)', 30), ('(0, 0, 1, 0, 0, 0, 0, 0)', 30), ('(0, 0, 0, 0, 0, -1, 0, 0)', 29), ('(0, 0, 0, 0, 0, 0, 0, -1)', 23), ('(0, 1, 0, 0, 0, 0, 0, -1)', 8), ('(0, 0, 0, 0, 0, -1, 0, -1)', 8), ('(0, 1, 0, 0, 0, -1, 0, 0)', 7), ('(0, 1, 1, 0, 0, 0, 0, 0)', 6)]",5
6,8,17,93,"[1, 0, 0, -1, 0, -1]","[1, 0, 0, 16, 0, 16]","[0, 0, 0, 0, 0, 0, 0, 0]","[0, -7, 2, 1, 7, -7, -6, 6]","[0, 0, 0, 0, 0, 0, 0, 0]",0.0,"[1, 0, 0, 16, 0, 16]",True,"[0, 0, 0, 0, 0, 0, 0, 0]",0.0,"[0, -7, 2, 1, 7, -7, -6, 6]","[1, 0, 0, 16, 0, 16]",True,"[0, 0, 0, 0, 0, 0, 0, 0]",0.0,0,"[0, -7, 2, 1, 7, -7, -6, 6]","[1, 0, 0, 16, 0, 16]",True,"[0, 0, 0, 0, 0, 0, 0, 0]",0.0,"[0, -7, 2, 1, 7, -7, -6, 6]","[1, 0, 0, 16, 0, 16]",True,"[0, 0, 0, 0, 0, 0, 0, 0]",0.0,386,0.7751004016064257,19.40415753069702,0,0,3,0,"[0, -7, 2, 1, 7, -7, -6, 6]","[1, 0, 0, 16, 0, 16]",True,20,20,True,False,True,True,0,False,False,False,False,False,False,False,True,True,True,True,True,True,False,False,False,"[0, -7, 2, 1, 7, -7, -6, 6]",0,0,0,0,0,3.386959499999648,4.866698873229325e-05,3.3562241670151707,0.0035391249984968454,16,16,"[('(0, 0, 0, 0, 0, 0, 0, 0)', 386), ('(0, 0, 0, 0, -1, 0, 0, 0)', 9), ('(0, 0, 0, 0, 0, 0, 0, 1)', 9), ('(0, 1, 0, 0, 0, 0, 0, 0)', 9), ('(0, 0, 1, 0, 0, 0, 0, 0)', 8), ('(0, 0, 0, 0, 0, 0, -1, 0)', 7), ('(0, 0, 0, 0, 0, 1, 0, 0)', 7), ('(0, 0, 0, -1, 0, 0, 0, 0)', 7), ('(-1, 0, 0, 0, 0, 0, 0, 0)', 7), ('(0, 0, -1, 0, 0, 0, 0, 0)', 6)]",5
6,8,17,94,"[0, 0, 0, 0, 0, -1]","[0, 0, 0, 0, 0, 16]","[1, 0, 0, 0, 0, 0, 0, 0]","[5, -4, -5, 4, -8, -2, 7, -8]","[1, 0, 0, 0, 0, 0, 0, 0]",1.0,"[0, 0, 0, 0, 0, 16]",True,"[0, 0, 0, 0, 0, 0, 0, 0]",1.0,"[5, -4, -5, 4, -8, -2, 7, -8]","[0, 0, 0, 0, 0, 16]",True,"[0, 0, 0, 0, 0, 0, 0, 0]",1.0,0,"[5, -4, -5, 4, -8, -2, 7, -8]","[0, 0, 0, 0, 0, 16]",True,"[0, 0, 0, 0, 0, 0, 0, 0]",1.0,"[5, -4, -5, 4, -8, -2, 7, -8]","[0, 0, 0, 0, 0, 16]",True,"[0, 0, 0, 0, 0, 0, 0, 0]",1.0,110,0.2217741935483871,50.579046979868764,0,0,1,1,"[5, -4, -5, 4, -8, -2, 7, -8]","[0, 0, 0, 0, 0, 16]",True,20,20,True,False,True,True,0,False,False,False,False,False,False,False,True,True,True,True,True,True,False,False,False,"[5, -4, -5, 4, -8, -2, 7, -8]",0,0,0,0,0,3.6645812499918975,9.916597628034651e-05,3.6338182500039693,0.003857875009998679,16,16,"[('(0, 0, 0, 0, 0, 0, 0, 0)', 110), ('(0, 1, 0, 0, 0, 0, 0, 0)', 29), ('(1, 0, 0, 0, 0, 0, 0, 0)', 28), ('(0, 0, 0, 0, 0, 0, 0, 1)', 26), ('(0, 0, 0, -1, 0, 0, 0, 0)', 26), ('(0, 0, 0, 0, -1, 0, 0, 0)', 25), ('(0, 0, -1, 0, 0, 0, 0, 0)', 17), ('(0, 0, 0, 0, 0, 0, -1, 0)', 10), ('(1, 1, 0, 0, 0, 0, 0, 0)', 9), ('(0, 0, 0, -1, 0, 0, -1, 0)', 8)]",5
6,8,17,95,"[1, 1, 0, 0, 0, 0]","[1, 1, 0, 0, 0, 0]","[0, 0, 0, 0, 0, 0, 0, 0]","[-1, -3, 5, -4, 8, -8, 1, 1]","[0, 0, 0, 0, 0, 0, 0, 0]",0.0,"[1, 1, 0, 0, 0, 0]",True,"[0, 0, 0, 0, 0, 0, 0, 0]",0.0,"[-1, -3, 5, -4, 8, -8, 1, 1]","[1, 1, 0, 0, 0, 0]",True,"[0, 0, 0, 0, 0, 0, 0, 0]",0.0,0,"[-1, -3, 5, -4, 8, -8, 1, 1]","[1, 1, 0, 0, 0, 0]",True,"[0, 0, 0, 0, 0, 0, 0, 0]",0.0,"[-1, -3, 5, -4, 8, -8, 1, 1]","[1, 1, 0, 0, 0, 0]",True,"[0, 0, 0, 0, 0, 0, 0, 0]",0.0,390,0.78,39.40312924400146,0,0,2,0,"[-1, -3, 5, -4, 8, -8, 1, 1]","[1, 1, 0, 0, 0, 0]",True,20,20,True,False,True,True,0,False,False,False,False,False,False,False,True,True,True,True,True,True,False,False,False,"[-1, -3, 5, -4, 8, -8, 1, 1]",0,0,0,0,0,3.2738649579987396,7.470799027942121e-05,3.2407330840069335,0.00617020801291801,16,16,"[('(0, 0, 0, 0, 0, 0, 0, 0)', 390), ('(-1, 0, 0, 0, 0, 0, 0, 0)', 11), ('(0, 0, 1, 0, 0, 0, 0, 0)', 10), ('(0, 0, 0, 1, 0, 0, 0, 0)', 9), ('(0, 0, 0, 0, 0, -1, 0, 0)', 8), ('(0, 0, 0, 0, 0, 0, 1, 0)', 7), ('(0, 0, 0, 0, 0, 1, 0, 0)', 7), ('(0, 0, 0, 0, -1, 0, 0, 0)', 7), ('(0, 0, -1, 0, 0, 0, 0, 0)', 7), ('(0, -1, 0, 0, 0, 0, 0, 0)', 7)]",5
6,8,17,96,"[0, 0, 1, -1, 1, 0]","[0, 0, 1, 16, 1, 0]","[-1, -1, 0, 0, 0, 0, 0, 0]","[3, 8, -5, 1, 2, -5, 3, 0]","[0, 0, 1, 0, 0, -1, 0, 1]",3.0,"[15, 11, 16, 3, 13, 14]",False,"[-1, 0, 0, 1, 0, 0, 0, 0]",2.0,"[4, 9, -4, 1, 2, -6, 3, 1]","[0, 0, 1, 16, 1, 0]",True,"[0, 0, 0, 0, 0, 0, 0, 0]",3.0,0,"[3, 8, -5, 1, 2, -5, 3, 0]","[15, 11, 16, 3, 13, 14]",False,"[-1, 0, 0, 1, 0, 0, 0, 0]",2.0,"[4, 9, -4, 1, 2, -6, 3, 1]","[0, 0, 1, 16, 1, 0]",True,"[-1, 0, 0, 0, 0, 0, 0, 0]",4.0,16,0.032586558044806514,4043.916678665594,4,0,4,4,"[4, 8, -5, 0, 2, -6, 3, 0]","[0, 2, 4, 0, 4, 2]",False,20,20,False,True,False,False,3,True,True,True,False,True,False,False,False,False,True,True,False,False,False,True,True,"[4, 9, -4, 1, 2, -6, 3, 1]",5,0,5,0,4,3.559995041025104,4.529202124103904e-05,3.5298327500058804,0.003826290980214253,16,16,"[('(0, 0, 0, 0, 0, 0, 0, 0)', 132), ('(0, 0, 0, 0, 0, 0, 0, 1)', 31), ('(0, 0, 0, 0, 0, 0, 1, 0)', 30), ('(0, 0, 0, 1, 0, 0, 0, 0)', 24), ('(0, 0, 0, 0, 0, 1, 0, 0)', 23), ('(0, 0, 0, 0, -1, 0, 0, 0)', 21), ('(0, 1, 0, 0, 0, 0, 0, 0)', 20), ('(0, 0, 1, 0, 0, 0, 0, 0)', 18), ('(-1, 0, 0, 0, 0, 0, 0, 0)', 16), ('(0, 1, 0, 0, 0, 0, 1, 0)', 7)]",5
6,8,17,97,"[-1, 0, 1, 0, 0, -1]","[16, 0, 1, 0, 0, 16]","[1, 0, 0, 0, 1, 0, 0, 0]","[-9, 8, 6, 5, -6, -1, -5, -4]","[1, 0, 0, 0, 1, 0, 0, 0]",2.0,"[16, 0, 1, 0, 0, 16]",True,"[0, 0, 0, 0, 0, 0, 0, 0]",2.0,"[-9, 8, 6, 5, -6, -1, -5, -4]","[16, 0, 1, 0, 0, 16]",True,"[0, 0, 0, 0, 0, 0, 0, 0]",2.0,0,"[-9, 8, 6, 5, -6, -1, -5, -4]","[16, 0, 1, 0, 0, 16]",True,"[0, 0, 0, 0, 0, 0, 0, 0]",2.0,"[-9, 8, 6, 5, -6, -1, -5, -4]","[16, 0, 1, 0, 0, 16]",True,"[0, 0, 0, 0, 0, 0, 0, 0]",2.0,152,0.3076923076923077,1.5969562078607566,0,0,3,2,"[-9, 8, 6, 5, -6, -1, -5, -4]","[16, 0, 1, 0, 0, 16]",True,20,20,True,False,True,True,0,False,False,False,False,False,False,False,True,True,True,True,True,True,False,False,False,"[-9, 8, 6, 5, -6, -1, -5, -4]",0,0,0,0,0,3.475699083006475,4.6792003558948636e-05,3.441431042010663,0.0034175419714301825,16,16,"[('(0, 0, 0, 0, 0, 0, 0, 0)', 152), ('(0, -1, 0, 0, 0, 0, 0, 0)', 35), ('(0, 0, 0, 0, 0, 1, 0, 0)', 34), ('(0, 0, 0, -1, 0, 0, 0, 0)', 28), ('(0, 0, 1, 0, 0, 0, 0, 0)', 26), ('(0, 0, 0, 0, 0, 0, -1, 0)', 24), ('(0, 0, 0, 0, 0, 0, 0, 1)', 21), ('(0, 0, 1, 0, 0, 1, 0, 0)', 10), ('(0, 0, 1, -1, 0, 0, 0, 0)', 9), ('(0, -1, 1, 0, 0, 0, 0, 0)', 9)]",5
6,8,17,98,"[1, 0, 0, 1, 0, 1]","[1, 0, 0, 1, 0, 1]","[-1, 0, 0, 0, -1, 0, -1, 0]","[2, 8, -7, 3, -5, 3, -6, -7]","[0, 0, 0, 0, 0, 0, -1, 1]",2.0,"[10, 4, 11, 16, 5, 2]",False,"[0, 0, 0, 0, 0, 0, 0, 0]",2.0,"[2, 8, -7, 3, -5, 3, -6, -7]","[10, 4, 11, 16, 5, 2]",False,"[0, 0, 0, 0, 0, 0, 0, 0]",2.0,0,"[2, 8, -7, 3, -5, 3, -6, -7]","[10, 4, 11, 16, 5, 2]",False,"[0, 0, 0, 0, 0, 0, 0, 0]",2.0,"[2, 8, -7, 3, -5, 3, -6, -7]","[10, 4, 11, 16, 5, 2]",False,"[0, 0, 0, 0, 0, 0, 0, 0]",2.0,129,0.26272912423625255,5061.6132465549545,5,0,6,2,"[2, 8, -7, 3, -5, 3, -6, -7]","[10, 4, 11, 16, 5, 2]",False,20,20,False,False,True,True,3,False,False,False,False,False,False,False,True,True,True,True,True,True,False,False,False,"[3, 8, -7, 3, -4, 3, -6, -6]",3,3,3,3,3,3.4518112080113497,4.833299317397177e-05,3.419211708009243,0.0030567499925382435,16,16,"[('(0, 0, 0, 0, 0, 0, 0, 0)', 129), ('(0, 0, 0, 0, 0, 0, 0, 1)', 39), ('(0, 0, 0, 1, 0, 0, 0, 0)', 38), ('(0, 1, 0, 0, 0, 0, 0, 0)', 34), ('(0, 0, 0, 0, -1, 0, 0, 0)', 22), ('(0, 0, 0, 0, 0, -1, 0, 0)', 19), ('(0, 0, 1, 0, 0, 0, 0, 0)', 18), ('(0, 0, 0, 0, 0, 0, -1, 0)', 13), ('(0, 0, 0, 1, 0, 0, 0, 1)', 12), ('(0, 0, 0, 1, -1, 0, 0, 0)', 9)]",5
6,8,17,99,"[-1, -1, 0, -1, -1, 0]","[16, 16, 0, 16, 16, 0]","[0, 0, 0, 1, 0, 0, 0, 0]","[-2, 4, 5, 3, 2, 5, -8, -3]","[0, 0, 0, 1, 0, 0, 0, 0]",1.0,"[16, 16, 0, 16, 16, 0]",True,"[0, 0, 0, 0, 0, 0, 0, 0]",1.0,"[-2, 4, 5, 3, 2, 5, -8, -3]","[16, 16, 0, 16, 16, 0]",True,"[0, 0, 0, 0, 0, 0, 0, 0]",1.0,0,"[-2, 4, 5, 3, 2, 5, -8, -3]","[16, 16, 0, 16, 16, 0]",True,"[0, 0, 0, 0, 0, 0, 0, 0]",1.0,"[-2, 4, 5, 3, 2, 5, -8, -3]","[16, 16, 0, 16, 16, 0]",True,"[0, 0, 0, 0, 0, 0, 0, 0]",1.0,201,0.40524193548387094,30.51917323025988,0,0,4,1,"[-2, 4, 5, 3, 2, 5, -8, -3]","[16, 16, 0, 16, 16, 0]",True,20,20,True,False,True,True,0,False,False,False,False,False,False,False,True,True,True,True,True,True,False,False,False,"[-2, 4, 5, 3, 2, 5, -8, -3]",0,0,0,0,0,3.1898323339992203,4.841701593250036e-05,3.1607032499741763,0.002653541014296934,16,16,"[('(0, 0, 0, 0, 0, 0, 0, 0)', 201), ('(0, 0, -1, 0, 0, 0, 0, 0)', 57), ('(0, 0, 0, 0, 0, -1, 0, 0)', 41), ('(0, 0, 0, 0, 0, 0, 0, 1)', 34), ('(-1, 0, 0, 0, 0, 0, 0, 0)', 33), ('(-1, 0, -1, 0, 0, 0, 0, 0)', 12), ('(0, 0, -1, 0, 0, 0, 0, 1)', 12), ('(1, 0, 0, 0, 0, 0, 0, 0)', 11), ('(-1, 0, 0, 0, 0, 0, 0, 1)', 7), ('(0, 0, 0, 0, 1, 0, 0, 0)', 6)]",5
7,10,17,1,"[1, -1, 0, 0, -1, 0, 1]","[1, 16, 0, 0, 16, 0, 1]","[0, 0, 0, 0, 0, 0, 0, 0, 0, 0]","[-4, 2, -6, 6, 4, -1, 8, -7, 7, 8]","[0, 0, 0, 0, 0, 0, 0, 0, 0, 0]",0.0,"[1, 16, 0, 0, 16, 0, 1]",True,"[0, 0, 0, 0, 0, 0, 0, 0, 0, 0]",0.0,"[-4, 2, -6, 6, 4, -1, 8, -7, 7, 8]","[1, 16, 0, 0, 16, 0, 1]",True,"[0, 0, 0, 0, 0, 0, 0, 0, 0, 0]",0.0,0,"[-4, 2, -6, 6, 4, -1, 8, -7, 7, 8]","[1, 16, 0, 0, 16, 0, 1]",True,"[0, 0, 0, 0, 0, 0, 0, 0, 0, 0]",0.0,"[-4, 2, -6, 6, 4, -1, 8, -7, 7, 8]","[1, 16, 0, 0, 16, 0, 1]",True,"[0, 0, 0, 0, 0, 0, 0, 0, 0, 0]",0.0,364,0.7338709677419355,19.410010264641752,0,0,4,0,"[-4, 2, -6, 6, 4, -1, 8, -7, 7, 8]","[1, 16, 0, 0, 16, 0, 1]",True,20,20,True,False,True,True,0,False,False,False,False,False,False,False,True,True,True,True,True,True,False,False,False,"[-4, 2, -6, 6, 4, -1, 8, -7, 7, 8]",0,0,0,0,0,100.73432854100247,5.487501039169729e-05,100.55391341701034,0.005902875011088327,20,20,"[('(0, 0, 0, 0, 0, 0, 0, 0, 0, 0)', 364), ('(0, 1, 0, 0, 0, 0, 0, 0, 0, 0)', 12), ('(-1, 0, 0, 0, 0, 0, 0, 0, 0, 0)', 11), ('(0, 0, 0, 0, 0, 0, 1, 0, 0, 0)', 8), ('(0, -1, 0, 0, 0, 0, 0, 0, 0, 0)', 7), ('(0, 0, 0, 0, 0, 0, 0, 0, -1, 0)', 6), ('(0, 0, 0, 0, 0, 0, 0, -1, 0, 0)', 6), ('(0, 0, 1, 0, 0, 0, 0, 0, 0, 0)', 6), ('(0, 0, 0, -1, 0, 0, 0, 0, 0, 0)', 6), ('(0, 0, 0, 1, 0, 0, 0, 0, 0, 0)', 5)]",5
7,10,17,0,"[0, 0, 1, 1, 0, 0, 0]","[0, 0, 1, 1, 0, 0, 0]","[0, 0, 0, 1, 0, 0, -1, 0, 0, 0]","[-5, 7, 2, 6, -1, -4, -6, -4, -7, -6]","[0, 0, 0, 1, 0, 0, -1, 0, 0, 0]",2.0,"[0, 0, 1, 1, 0, 0, 0]",True,"[0, 0, 0, 0, 0, 0, 0, 0, 0, 0]",2.0,"[-5, 7, 2, 6, -1, -4, -6, -4, -7, -6]","[0, 0, 1, 1, 0, 0, 0]",True,"[0, 0, 0, 0, 0, 0, 0, 0, 0, 0]",2.0,0,"[-5, 7, 2, 6, -1, -4, -6, -4, -7, -6]","[0, 0, 1, 1, 0, 0, 0]",True,"[0, 0, 0, 0, 0, 0, 0, 0, 0, 0]",2.0,"[-5, 7, 2, 6, -1, -4, -6, -4, -7, -6]","[0, 0, 1, 1, 0, 0, 0]",True,"[0, 0, 0, 0, 0, 0, 0, 0, 0, 0]",2.0,122,0.25,41.61878156446276,0,0,2,2,"[-5, 7, 2, 6, -1, -4, -6, -4, -7, -6]","[0, 0, 1, 1, 0, 0, 0]",True,20,20,True,False,True,True,0,False,False,False,False,False,False,False,True,True,True,True,True,True,False,False,False,"[-5, 7, 2, 6, -1, -4, -6, -4, -7, -6]",0,0,0,0,0,101.04340500000399,5.129099008627236e-05,100.87392270899727,0.008914959005778655,20,20,"[('(0, 0, 0, 0, 0, 0, 0, 0, 0, 0)', 122), ('(0, 0, 1, 0, 0, 0, 0, 0, 0, 0)', 30), ('(0, 0, 0, 0, 0, 0, 0, 0, 0, -1)', 29), ('(0, 0, 0, 0, 1, 0, 0, 0, 0, 0)', 27), ('(0, -1, 0, 0, 0, 0, 0, 0, 0, 0)', 23), ('(0, 0, 0, 0, 0, 0, -1, 0, 0, 0)', 21), ('(0, 0, 0, 0, 0, -1, 0, 0, 0, 0)', 16), ('(0, 0, 0, -1, 0, 0, 0, 0, 0, 0)', 14), ('(0, -1, 0, 0, 0, 0, 0, 0, 0, -1)', 8), ('(0, -1, 0, 0, 1, 0, 0, 0, 0, 0)', 8)]",5
7,10,17,3,"[0, 0, 0, 0, -1, 1, 0]","[0, 0, 0, 0, 16, 1, 0]","[0, 0, 0, 0, 1, -1, 0, 0, 0, 0]","[-7, 3, 1, 4, -9, -6, 3, -5, -2, 0]","[0, 0, 0, 0, 1, -1, 0, 0, 0, 0]",2.0,"[0, 0, 0, 0, 16, 1, 0]",True,"[-1, 0, 0, 0, 0, 0, 0, 0, 0, 0]",2.0,"[-7, 3, 1, 4, -8, -7, 3, -4, -2, -1]","[13, 12, 9, 14, 13, 0, 7]",False,"[0, 0, 0, 0, 0, 0, 0, 0, 0, 0]",2.0,0,"[-7, 3, 1, 4, -9, -6, 3, -5, -2, 0]","[0, 0, 0, 0, 16, 1, 0]",True,"[0, 0, 0, 0, 0, 0, 0, 0, 0, 0]",2.0,"[-7, 3, 1, 4, -9, -6, 3, -5, -2, 0]","[0, 0, 0, 0, 16, 1, 0]",True,"[0, 0, 0, 0, 0, 0, 0, 0, 0, 0]",2.0,115,0.2332657200811359,41.62464098088937,0,0,2,2,"[-7, 3, 1, 4, -9, -6, 3, -5, -2, 0]","[0, 0, 0, 0, 16, 1, 0]",True,20,20,True,False,True,True,0,False,True,False,False,False,False,False,False,True,False,True,False,True,False,False,False,"[-7, 3, 1, 4, -9, -6, 3, -5, -2, 0]",0,4,0,0,0,101.25127841701033,4.7250010538846254e-05,101.08223800000269,0.005830957990838215,20,20,"[('(0, 0, 0, 0, 0, 0, 0, 0, 0, 0)', 115), ('(0, 0, 0, 0, 0, 0, 0, 1, 0, 0)', 30), ('(0, 0, 0, 0, 0, 0, 0, 0, 1, 0)', 29), ('(-1, 0, 0, 0, 0, 0, 0, 0, 0, 0)', 29), ('(0, 0, 0, 0, 0, 0, 0, 0, 0, 1)', 26), ('(0, 0, 0, 1, 0, 0, 0, 0, 0, 0)', 14), ('(0, 0, 0, 0, 0, 0, 1, 0, 0, 0)', 13), ('(0, 0, 0, 0, 0, 1, 0, 0, 0, 0)', 12), ('(0, 0, 0, 0, 0, 0, 0, 1, 1, 0)', 7), ('(0, 0, 1, 0, 0, 0, 0, 0, 0, 0)', 7)]",5
7,10,17,2,"[0, 0, 0, 1, 0, 1, 0]","[0, 0, 0, 1, 0, 1, 0]","[0, 0, 0, 0, 0, 0, -1, -1, 0, 0]","[1, -5, -2, 6, -8, 5, -6, -5, 4, 1]","[0, 0, 0, 0, 0, 0, -1, -1, 0, 0]",2.0,"[0, 0, 0, 1, 0, 1, 0]",True,"[0, 0, 0, 0, 0, 0, 0, 0, 0, 0]",2.0,"[1, -5, -2, 6, -8, 5, -6, -5, 4, 1]","[0, 0, 0, 1, 0, 1, 0]",True,"[0, 0, 0, 0, 0, 0, 0, 0, 0, 0]",2.0,0,"[1, -5, -2, 6, -8, 5, -6, -5, 4, 1]","[0, 0, 0, 1, 0, 1, 0]",True,"[0, 0, 0, 0, 0, 0, 0, 0, 0, 0]",2.0,"[1, -5, -2, 6, -8, 5, -6, -5, 4, 1]","[0, 0, 0, 1, 0, 1, 0]",True,"[0, 0, 0, 0, 0, 0, 0, 0, 0, 0]",2.0,128,0.2612244897959184,41.614018759563834,0,0,2,2,"[1, -5, -2, 6, -8, 5, -6, -5, 4, 1]","[0, 0, 0, 1, 0, 1, 0]",True,20,20,True,False,True,True,0,False,False,False,False,False,False,False,True,True,True,True,True,True,False,False,False,"[1, -5, -2, 6, -8, 5, -6, -5, 4, 1]",0,0,0,0,0,101.48319937501219,4.8999994760379195e-05,101.31594904197846,0.008719041012227535,20,20,"[('(0, 0, 0, 0, 0, 0, 0, 0, 0, 0)', 128), ('(0, 0, 0, 0, 0, 0, 0, 0, 1, 0)', 38), ('(0, 0, 0, 0, 0, 0, 1, 0, 0, 0)', 30), ('(0, 0, 0, 0, 0, 0, 0, 0, 0, -1)', 24), ('(0, 0, 0, 1, 0, 0, 0, 0, 0, 0)', 21), ('(0, 0, -1, 0, 0, 0, 0, 0, 0, 0)', 17), ('(0, 0, 0, 0, 0, 0, 0, -1, 0, 0)', 15), ('(0, 0, 0, 0, -1, 0, 0, 0, 0, 0)', 14), ('(0, -1, 0, 0, 0, 0, 0, 0, 0, 0)', 14), ('(0, 0, 0, 0, 0, 0, 1, 0, 0, -1)', 9)]",5
7,10,17,4,"[1, 0, 0, 0, -1, 0, 1]","[1, 0, 0, 0, 16, 0, 1]","[0, 0, 0, 0, 0, 1, 1, 0, 0, -1]","[-4, 9, -7, 3, -3, 0, -3, -2, 5, 3]","[0, -1, 1, 1, -1, 0, 0, 1, 0, 1]",6.0,"[6, 10, 2, 15, 13, 0, 1]",False,"[-1, 1, 0, 0, 1, 1, -1, 0, 0, 0]",3.0,"[-4, 8, -6, 4, -4, -1, -4, -1, 5, 5]","[1, 0, 0, 0, 16, 0, 1]",True,"[0, 0, 0, 0, 0, 0, 0, 0, 0, 0]",6.0,0,"[-4, 9, -7, 3, -3, 0, -3, -2, 5, 3]","[6, 10, 2, 15, 13, 0, 1]",False,"[0, 0, 0, 0, 0, 0, 0, 0, 0, 0]",6.0,"[-4, 9, -7, 3, -3, 0, -3, -2, 5, 3]","[6, 10, 2, 15, 13, 0, 1]",False,"[0, 0, 0, 0, 0, 0, 0, 0, 0, 0]",6.0,98,0.20081967213114754,5085.8404880149865,5,0,6,6,"[-4, 9, -7, 3, -3, 0, -3, -2, 5, 3]","[6, 10, 2, 15, 13, 0, 1]",False,20,20,False,True,False,False,8,True,True,True,False,False,False,False,False,False,False,False,False,False,False,False,False,"[-4, 8, -6, 4, -4, -1, -4, -1, 5, 5]",11,0,11,11,11,101.63663016699138,5.0583010306581855e-05,101.47747779099154,0.006005083996569738,20,20,"[('(0, 0, 0, 0, 0, 0, 0, 0, 0, 0)', 98), ('(0, 0, 0, -1, 0, 0, 0, 0, 0, 0)', 24), ('(0, 0, 1, 0, 0, 0, 0, 0, 0, 0)', 23), ('(0, 1, 0, 0, 0, 0, 0, 0, 0, 0)', 22), ('(0, 0, 0, 0, 0, 0, 0, 0, 0, -1)', 18), ('(0, 0, 0, 0, 0, 1, 0, 0, 0, 0)', 16), ('(0, 0, 0, 0, 0, 0, 0, 0, 1, 0)', 14), ('(-1, 0, 0, 0, 0, 0, 0, 0, 0, 0)', 13), ('(0, 0, 0, 0, 1, 0, 0, 0, 0, 0)', 11), ('(0, 0, 1, 0, 0, 0, 0, 0, 0, -1)', 10)]",5
7,10,17,7,"[-1, 0, -1, 1, -1, 0, 1]","[16, 0, 16, 1, 16, 0, 1]","[0, 0, 0, 0, -1, 0, 0, 0, 0, 0]","[-7, -1, -3, 6, -3, 3, 5, -1, 7, 5]","[0, 0, 0, 0, -1, 0, 0, 0, 0, 0]",1.0,"[16, 0, 16, 1, 16, 0, 1]",True,"[0, 0, 0, 0, 0, 0, 0, 0, 0, 0]",1.0,"[-7, -1, -3, 6, -3, 3, 5, -1, 7, 5]","[16, 0, 16, 1, 16, 0, 1]",True,"[0, 0, 0, 0, 0, 0, 0, 0, 0, 0]",1.0,0,"[-7, -1, -3, 6, -3, 3, 5, -1, 7, 5]","[16, 0, 16, 1, 16, 0, 1]",True,"[0, 0, 0, 0, 0, 0, 0, 0, 0, 0]",1.0,"[-7, -1, -3, 6, -3, 3, 5, -1, 7, 5]","[16, 0, 16, 1, 16, 0, 1]",True,"[0, 0, 0, 0, 0, 0, 0, 0, 0, 0]",1.0,162,0.3286004056795132,30.540624979919325,0,0,5,1,"[-7, -1, -3, 6, -3, 3, 5, -1, 7, 5]","[16, 0, 16, 1, 16, 0, 1]",True,20,20,True,False,True,True,0,False,False,False,False,False,False,False,True,True,True,True,True,True,False,False,False,"[-7, -1, -3, 6, -3, 3, 5, -1, 7, 5]",0,0,0,0,0,118.31337024999084,0.00012200002674944699,118.07188358297572,0.01206433301558718,20,20,"[('(0, 0, 0, 0, 0, 0, 0, 0, 0, 0)', 162), ('(0, 0, 0, 0, 0, -1, 0, 0, 0, 0)', 50), ('(0, 0, 0, 0, 1, 0, 0, 0, 0, 0)', 37), ('(0, 1, 0, 0, 0, 0, 0, 0, 0, 0)', 31), ('(0, 0, 0, 0, 0, 0, 0, 0, -1, 0)', 28), ('(0, 0, 0, 0, 0, 0, 0, -1, 0, 0)', 27), ('(0, 0, 0, 0, 1, -1, 0, 0, 0, 0)', 11), ('(0, 1, 0, 0, 0, -1, 0, 0, 0, 0)', 11), ('(0, 0, 0, 0, 1, 0, 0, 0, -1, 0)', 8), ('(0, 1, 0, 0, 1, 0, 0, 0, 0, 0)', 7)]",5
7,10,17,6,"[0, 1, 0, 1, 0, 0, 1]","[0, 1, 0, 1, 0, 0, 1]","[-1, 0, 0, 1, -1, 0, 0, 0, -1, 0]","[8, 4, -8, -6, -3, -3, 2, -1, -3, -7]","[-1, 0, 0, 1, -1, 0, 0, 0, -1, 0]",4.0,"[0, 1, 0, 1, 0, 0, 1]",True,"[-1, 0, 0, 0, 0, 0, 0, 0, 0, 0]",4.0,"[7, 3, -7, -5, -4, -4, 2, -1, -3, -7]","[15, 11, 16, 16, 10, 14, 9]",False,"[0, 0, 0, 0, 0, 0, 0, 0, 0, 0]",4.0,0,"[8, 4, -8, -6, -3, -3, 2, -1, -3, -7]","[0, 1, 0, 1, 0, 0, 1]",True,"[0, 0, 0, 0, 0, 0, 0, 0, 0, 0]",4.0,"[8, 4, -8, -6, -3, -3, 2, -1, -3, -7]","[0, 1, 0, 1, 0, 0, 1]",True,"[0, 0, 0, 0, 0, 0, 0, 0, 0, 0]",4.0,127,0.25708502024291496,43.71479697360804,0,0,3,4,"[8, 4, -8, -6, -3, -3, 2, -1, -3, -7]","[0, 1, 0, 1, 0, 0, 1]",True,20,20,True,False,True,True,0,False,True,False,False,False,False,False,False,True,False,True,False,True,False,False,False,"[8, 4, -8, -6, -3, -3, 2, -1, -3, -7]",0,6,0,0,0,118.80169191700406,6.895800470374525e-05,118.58231666698703,0.007084374985424802,20,20,"[('(0, 0, 0, 0, 0, 0, 0, 0, 0, 0)', 127), ('(-1, 0, 0, 0, 0, 0, 0, 0, 0, 0)', 44), ('(0, 0, 0, 0, 0, 0, 0, 0, 1, 0)', 23), ('(0, 0, 0, 1, 0, 0, 0, 0, 0, 0)', 22), ('(0, 0, -1, 0, 0, 0, 0, 0, 0, 0)', 22), ('(0, 0, 0, 0, 0, 1, 0, 0, 0, 0)', 21), ('(0, 0, 0, 0, 0, 0, 1, 0, 0, 0)', 20), ('(0, -1, 0, 0, 0, 0, 0, 0, 0, 0)', 15), ('(0, 0, 0, 0, 0, 0, 0, 0, 0, -1)', 12), ('(-1, 0, 0, 0, 0, 0, 0, 0, 1, 0)', 11)]",5
7,10,17,8,"[0, 0, 0, 1, -1, 1, 0]","[0, 0, 0, 1, 16, 1, 0]","[1, -1, 0, 0, 0, 0, 0, 0, 0, 0]","[2, 3, 0, 5, -6, -4, -4, 0, -1, 7]","[1, -1, 0, 0, 0, 0, 0, 0, 0, 0]",2.0,"[0, 0, 0, 1, 16, 1, 0]",True,"[0, 0, 0, 0, 0, 0, 0, 0, 0, 0]",2.0,"[2, 3, 0, 5, -6, -4, -4, 0, -1, 7]","[0, 0, 0, 1, 16, 1, 0]",True,"[0, 0, 0, 0, 0, 0, 0, 0, 0, 0]",2.0,0,"[2, 3, 0, 5, -6, -4, -4, 0, -1, 7]","[0, 0, 0, 1, 16, 1, 0]",True,"[0, 0, 0, 0, 0, 0, 0, 0, 0, 0]",2.0,"[2, 3, 0, 5, -6, -4, -4, 0, -1, 7]","[0, 0, 0, 1, 16, 1, 0]",True,"[0, 0, 0, 0, 0, 0, 0, 0, 0, 0]",2.0,117,0.2402464065708419,21.622931537553434,0,0,3,2,"[2, 3, 0, 5, -6, -4, -4, 0, -1, 7]","[0, 0, 0, 1, 16, 1, 0]",True,20,20,True,False,True,True,0,False,False,False,False,False,False,False,True,True,True,True,True,True,False,False,False,"[2, 3, 0, 5, -6, -4, -4, 0, -1, 7]",0,0,0,0,0,118.78129566699499,7.474998710677028e-05,118.57361583400052,0.008334290992934257,20,20,"[('(0, 0, 0, 0, 0, 0, 0, 0, 0, 0)', 117), ('(1, 0, 0, 0, 0, 0, 0, 0, 0, 0)', 37), ('(0, 0, 0, -1, 0, 0, 0, 0, 0, 0)', 31), ('(0, 0, 0, 0, 0, 0, 1, 0, 0, 0)', 22), ('(0, 0, 0, 0, 1, 0, 0, 0, 0, 0)', 20), ('(0, 0, 0, 0, 0, 0, 0, 0, 1, 0)', 18), ('(0, 0, 1, 0, 0, 0, 0, 0, 0, 0)', 18), ('(0, 0, 0, 0, 0, 1, 0, 0, 0, 0)', 17), ('(0, 0, 0, 0, 0, 0, 0, 0, 0, -1)', 8), ('(1, 0, 0, -1, 0, 0, 0, 0, 0, 0)', 7)]",5
7,10,17,5,"[0, 1, 0, -1, 0, 0, 1]","[0, 1, 0, 16, 0, 0, 1]","[0, 0, 0, 0, 0, 0, -1, 1, -1, 0]","[-7, 1, 3, 7, -6, -8, -4, -5, -7, -2]","[0, 0, 0, 0, 0, 0, -1, 1, -1, 0]",3.0,"[0, 1, 0, 16, 0, 0, 1]",True,"[0, 0, 0, 0, 0, 0, 0, 0, 0, 0]",3.0,"[-7, 1, 3, 7, -6, -8, -4, -5, -7, -2]","[0, 1, 0, 16, 0, 0, 1]",True,"[0, 0, 0, 0, 0, 0, 0, 0, 0, 0]",3.0,0,"[-7, 1, 3, 7, -6, -8, -4, -5, -7, -2]","[0, 1, 0, 16, 0, 0, 1]",True,"[0, 0, 0, 0, 0, 0, 0, 0, 0, 0]",3.0,"[-7, 1, 3, 7, -6, -8, -4, -5, -7, -2]","[0, 1, 0, 16, 0, 0, 1]",True,"[0, 0, 0, 0, 0, 0, 0, 0, 0, 0]",3.0,74,0.15163934426229508,32.71825118864637,0,0,3,3,"[-7, 1, 3, 7, -6, -8, -4, -5, -7, -2]","[0, 1, 0, 16, 0, 0, 1]",True,20,20,True,False,True,True,0,False,False,False,False,False,False,False,True,True,True,True,True,True,False,False,False,"[-7, 1, 3, 7, -6, -8, -4, -5, -7, -2]",0,0,0,0,0,119.71526829100912,9.108299855142832e-05,119.49451379102538,0.010492874978808686,20,20,"[('(0, 0, 0, 0, 0, 0, 0, 0, 0, 0)', 74), ('(0, 0, 0, -1, 0, 0, 0, 0, 0, 0)', 18), ('(0, 0, 0, 0, 0, 0, 1, 0, 0, 0)', 17), ('(0, -1, 0, 0, 0, 0, 0, 0, 0, 0)', 16), ('(0, 0, 1, 0, 0, 0, 0, 0, 0, 0)', 12), ('(0, 0, 0, 0, 0, 0, 0, 0, 0, 1)', 12), ('(0, 0, 0, 0, -1, 0, 0, 0, 0, 0)', 11), ('(0, 0, 0, 0, 0, -1, 0, 0, 0, 0)', 10), ('(-1, 0, 0, 0, 0, 0, 0, 0, 0, 0)', 10), ('(0, 0, 0, 0, 0, 0, 0, 0, 1, 0)', 9)]",5
7,10,17,9,"[-1, -1, 1, -1, -1, 0, 0]","[16, 16, 1, 16, 16, 0, 0]","[0, -1, 1, 0, 0, 0, 0, 0, 0, 0]","[7, -7, -6, 1, 7, -8, 8, -6, 5, -8]","[0, -1, 1, 0, 0, 0, 0, 0, 0, 0]",2.0,"[16, 16, 1, 16, 16, 0, 0]",True,"[0, 0, 0, 0, 0, 0, 0, 0, 0, 0]",2.0,"[7, -7, -6, 1, 7, -8, 8, -6, 5, -8]","[16, 16, 1, 16, 16, 0, 0]",True,"[0, 0, 0, 0, 0, 0, 0, 0, 0, 0]",2.0,0,"[7, -7, -6, 1, 7, -8, 8, -6, 5, -8]","[16, 16, 1, 16, 16, 0, 0]",True,"[0, 0, 0, 0, 0, 0, 0, 0, 0, 0]",2.0,"[7, -7, -6, 1, 7, -8, 8, -6, 5, -8]","[16, 16, 1, 16, 16, 0, 0]",True,"[0, 0, 0, 0, 0, 0, 0, 0, 0, 0]",2.0,162,0.32793522267206476,21.590624979919326,0,0,5,2,"[7, -7, -6, 1, 7, -8, 8, -6, 5, -8]","[16, 16, 1, 16, 16, 0, 0]",True,20,20,True,False,True,True,0,False,False,False,False,False,False,False,True,True,True,True,True,True,False,False,False,"[7, -7, -6, 1, 7, -8, 8, -6, 5, -8]",0,0,0,0,0,118.90960787498625,7.79579859226942e-05,118.6581825829926,0.00989029198535718,20,20,"[('(0, 0, 0, 0, 0, 0, 0, 0, 0, 0)', 162), ('(0, 0, 0, 0, 0, 0, -1, 0, 0, 0)', 35), ('(-1, 0, 0, 0, 0, 0, 0, 0, 0, 0)', 33), ('(0, 0, 0, 0, -1, 0, 0, 0, 0, 0)', 23), ('(0, 0, 0, 0, 0, 0, 0, 0, 1, 0)', 19), ('(0, 0, 0, 0, 0, 0, 0, -1, 0, 0)', 19), ('(0, 0, 0, 0, 0, 0, 0, 0, 0, -1)', 14), ('(-1, 0, 0, 0, 0, 0, 0, 0, 0, -1)', 11), ('(0, 0, 0, 0, 0, 0, -1, 0, 0, -1)', 8), ('(0, -1, 0, 0, 0, 0, 0, 0, 0, 0)', 7)]",5
7,10,17,11,"[-1, 0, -1, 1, -1, -1, -1]","[16, 0, 16, 1, 16, 16, 16]","[0, 0, 1, 0, 0, -1, 0, 1, 0, 0]","[-5, -4, 6, -4, 6, 3, -2, 3, 8, 1]","[0, 0, 1, 0, 0, -1, 0, 1, 0, 0]",3.0,"[16, 0, 16, 1, 16, 16, 16]",True,"[0, 0, 0, 0, 0, 0, 0, 0, 0, 0]",3.0,"[-5, -4, 6, -4, 6, 3, -2, 3, 8, 1]","[16, 0, 16, 1, 16, 16, 16]",True,"[0, 0, 0, 0, 0, 0, 0, 0, 0, 0]",3.0,0,"[-5, -4, 6, -4, 6, 3, -2, 3, 8, 1]","[16, 0, 16, 1, 16, 16, 16]",True,"[0, 0, 0, 0, 0, 0, 0, 0, 0, 0]",3.0,"[-5, -4, 6, -4, 6, 3, -2, 3, 8, 1]","[16, 0, 16, 1, 16, 16, 16]",True,"[0, 0, 0, 0, 0, 0, 0, 0, 0, 0]",3.0,98,0.20040899795501022,52.69048801498654,0,0,6,3,"[-5, -4, 6, -4, 6, 3, -2, 3, 8, 1]","[16, 0, 16, 1, 16, 16, 16]",True,20,20,True,False,True,True,0,False,False,False,False,False,False,False,True,True,True,True,True,True,False,False,False,"[-5, -4, 6, -4, 6, 3, -2, 3, 8, 1]",0,0,0,0,0,119.33229512500111,9.937499999068677e-05,119.02785570800188,0.009622375015169382,20,20,"[('(0, 0, 0, 0, 0, 0, 0, 0, 0, 0)', 98), ('(0, 0, 0, 0, 0, 0, 0, 0, -1, 0)', 28), ('(0, -1, 0, 0, 0, 0, 0, 0, 0, 0)', 28), ('(0, 0, 0, 0, 0, 0, 1, 0, 0, 0)', 18), ('(0, 0, -1, 0, 0, 0, 0, 0, 0, 0)', 15), ('(0, 0, 0, 0, 0, 0, 0, 0, 0, -1)', 14), ('(0, 0, 0, 0, -1, 0, 0, 0, 0, 0)', 12), ('(0, 0, 0, 1, 0, 0, 0, 0, 0, 0)', 11), ('(0, -1, 0, 0, 0, 0, 0, 0, -1, 0)', 10), ('(0, 0, -1, 0, 0, 0, 0, 0, -1, 0)', 10)]",5
7,10,17,14,"[0, 1, -1, 1, 0, -1, -1]","[0, 1, 16, 1, 0, 16, 16]","[0, 0, 0, 0, 0, 0, 0, 1, 0, 0]","[-7, 2, 1, 7, 1, -5, -6, 2, 2, 0]","[0, 0, 0, 0, 0, 0, 0, 1, 0, 0]",1.0,"[0, 1, 16, 1, 0, 16, 16]",True,"[0, 0, 0, 0, 0, 0, 0, 0, 0, 0]",1.0,"[-7, 2, 1, 7, 1, -5, -6, 2, 2, 0]","[0, 1, 16, 1, 0, 16, 16]",True,"[0, 0, 0, 0, 0, 0, 0, 0, 0, 0]",1.0,0,"[-7, 2, 1, 7, 1, -5, -6, 2, 2, 0]","[0, 1, 16, 1, 0, 16, 16]",True,"[0, 0, 0, 0, 0, 0, 0, 0, 0, 0]",1.0,"[-7, 2, 1, 7, 1, -5, -6, 2, 2, 0]","[0, 1, 16, 1, 0, 16, 16]",True,"[0, 0, 0, 0, 0, 0, 0, 0, 0, 0]",1.0,204,0.4112903225806452,30.51769900208616,0,0,5,1,"[-7, 2, 1, 7, 1, -5, -6, 2, 2, 0]","[0, 1, 16, 1, 0, 16, 16]",True,20,20,True,False,True,True,0,False,False,False,False,False,False,False,True,True,True,True,True,True,False,False,False,"[-7, 2, 1, 7, 1, -5, -6, 2, 2, 0]",0,0,0,0,0,119.00954391699634,0.00010174998897127807,118.74815520798438,0.006358042010106146,20,20,"[('(0, 0, 0, 0, 0, 0, 0, 0, 0, 0)', 204), ('(0, 0, 0, 0, 1, 0, 0, 0, 0, 0)', 39), ('(0, 0, 0, 0, 0, 0, 0, 0, 0, 1)', 38), ('(0, 0, 0, 0, 0, 0, 0, 1, 0, 0)', 32), ('(0, 1, 0, 0, 0, 0, 0, 0, 0, 0)', 31), ('(0, 1, 0, 0, 0, 0, 0, 0, 0, 1)', 11), ('(0, 0, 0, 0, 1, 0, 0, 0, 0, 1)', 9), ('(0, 0, 0, 0, 0, 0, 0, 0, 1, 0)', 7), ('(0, 0, 0, 0, 0, 0, 0, 1, 0, 1)', 6), ('(0, 0, 0, 0, 0, 0, 0, 0, -1, 0)', 6)]",5
7,10,17,10,"[-1, -1, -1, 0, 0, 1, 1]","[16, 16, 16, 0, 0, 1, 1]","[0, 0, 0, 0, 0, 0, 0, -1, 0, 0]","[6, -7, 0, 7, 4, -3, 4, 0, 2, -2]","[0, 0, 0, 0, 0, 0, 0, -1, 0, 0]",1.0,"[16, 16, 16, 0, 0, 1, 1]",True,"[0, 0, 0, 0, 0, 0, 0, 0, 0, 0]",1.0,"[6, -7, 0, 7, 4, -3, 4, 0, 2, -2]","[16, 16, 16, 0, 0, 1, 1]",True,"[0, 0, 0, 0, 0, 0, 0, 0, 0, 0]",1.0,0,"[6, -7, 0, 7, 4, -3, 4, 0, 2, -2]","[16, 16, 16, 0, 0, 1, 1]",True,"[0, 0, 0, 0, 0, 0, 0, 0, 0, 0]",1.0,"[6, -7, 0, 7, 4, -3, 4, 0, 2, -2]","[16, 16, 16, 0, 0, 1, 1]",True,"[0, 0, 0, 0, 0, 0, 0, 0, 0, 0]",1.0,70,0.1446280991735537,30.623732012295868,0,0,5,1,"[6, -7, 0, 7, 4, -3, 4, 0, 2, -2]","[16, 16, 16, 0, 0, 1, 1]",True,20,20,True,False,True,True,0,False,False,False,False,False,False,False,True,True,True,True,True,True,False,False,False,"[6, -7, 0, 7, 4, -3, 4, 0, 2, -2]",0,0,0,0,0,120.02639970902237,9.549999958835542e-05,119.72699212501175,0.006908957991981879,20,20,"[('(0, 0, 0, 0, 0, 0, 0, 0, 0, 0)', 70), ('(0, 0, 0, 0, 0, 0, 0, 0, 1, 0)', 30), ('(0, 0, 0, 0, 0, 0, 1, 0, 0, 0)', 26), ('(0, 0, -1, 0, 0, 0, 0, 0, 0, 0)', 21), ('(0, 0, 0, 0, 0, 0, 0, -1, 0, 0)', 20), ('(0, 0, 0, 0, 0, 0, 0, 0, 0, 1)', 19), ('(0, 0, 0, 0, 1, 0, 0, 0, 0, 0)', 19), ('(0, 0, 0, 0, 0, 1, 0, 0, 0, 0)', 18), ('(0, 0, 0, 0, 0, 0, 0, -1, 1, 0)', 7), ('(0, 0, 0, 0, 1, 1, 0, 0, 0, 0)', 7)]",5
7,10,17,12,"[1, -1, 1, -1, 0, 0, 0]","[1, 16, 1, 16, 0, 0, 0]","[0, 0, 1, 0, 0, 0, 0, 0, 1, 0]","[6, 8, -3, -6, -4, 7, 4, -3, 1, -5]","[0, 0, 1, 0, 0, 0, 0, 0, 1, 0]",2.0,"[1, 16, 1, 16, 0, 0, 0]",True,"[0, 0, 0, 0, 0, 0, 0, 0, 0, 0]",2.0,"[6, 8, -3, -6, -4, 7, 4, -3, 1, -5]","[1, 16, 1, 16, 0, 0, 0]",True,"[0, 0, 0, 0, 0, 0, 0, 0, 0, 0]",2.0,0,"[6, 8, -3, -6, -4, 7, 4, -3, 1, -5]","[1, 16, 1, 16, 0, 0, 0]",True,"[0, 0, 0, 0, 0, 0, 0, 0, 0, 0]",2.0,"[6, 8, -3, -6, -4, 7, 4, -3, 1, -5]","[1, 16, 1, 16, 0, 0, 0]",True,"[0, 0, 0, 0, 0, 0, 0, 0, 0, 0]",2.0,93,0.18979591836734694,1.6456705217729997,0,0,4,2,"[6, 8, -3, -6, -4, 7, 4, -3, 1, -5]","[1, 16, 1, 16, 0, 0, 0]",True,20,20,True,False,True,True,0,False,False,False,False,False,False,False,True,True,True,True,True,True,False,False,False,"[6, 8, -3, -6, -4, 7, 4, -3, 1, -5]",0,0,0,0,0,119.46526137500769,8.375002653338015e-05,119.19785070800572,0.007667999976547435,20,20,"[('(0, 0, 0, 0, 0, 0, 0, 0, 0, 0)', 93), ('(0, 0, -1, 0, 0, 0, 0, 0, 0, 0)', 39), ('(0, -1, 0, 0, 0, 0, 0, 0, 0, 0)', 22), ('(0, 0, 0, 0, 0, 0, 0, 0, 0, 1)', 21), ('(0, 0, 0, 0, 0, 0, 1, 0, 0, 0)', 20), ('(0, 0, 0, 0, -1, 0, 0, 0, 0, 0)', 19), ('(0, 0, 0, 0, 0, 0, 0, 0, 1, 0)', 15), ('(0, 0, 0, -1, 0, 0, 0, 0, 0, 0)', 15), ('(0, 0, 0, 0, 0, -1, 0, 0, 0, 0)', 10), ('(0, 0, 0, 0, 0, 0, 0, 0, 1, 1)', 8)]",5
7,10,17,13,"[-1, 0, 0, -1, 1, 0, 0]","[16, 0, 0, 16, 1, 0, 0]","[0, 0, -1, 0, 0, 0, 0, 1, 1, 0]","[6, -1, 7, -1, 2, -2, 4, -4, -1, 2]","[0, 0, 0, 0, 1, 0, -1, 0, 1, 0]",3.0,"[1, 13, 10, 15, 15, 12, 5]",False,"[-1, 0, 0, 0, 0, 0, 0, 0, 0, 0]",3.0,"[6, -1, 8, -1, 3, -2, 3, -5, -1, 2]","[16, 0, 0, 16, 1, 0, 0]",True,"[0, 0, 0, 0, 0, 0, 0, 0, 0, 0]",3.0,0,"[6, -1, 7, -1, 2, -2, 4, -4, -1, 2]","[1, 13, 10, 15, 15, 12, 5]",False,"[0, 0, 0, 0, 0, 0, 0, 0, 0, 0]",3.0,"[6, -1, 7, -1, 2, -2, 4, -4, -1, 2]","[1, 13, 10, 15, 15, 12, 5]",False,"[-1, 0, 0, 0, 0, 0, 0, 0, 0, 0]",3.0,19,0.0389344262295082,32.850426772644596,0,0,3,3,"[6, -1, 8, -1, 3, -2, 3, -5, -1, 2]","[16, 0, 0, 16, 1, 0, 0]",True,20,20,True,True,True,True,0,False,True,True,False,False,True,True,False,True,False,True,True,True,False,False,True,"[6, -1, 8, -1, 3, -2, 3, -5, -1, 2]",4,0,4,4,0,119.83818141699885,0.00010445798397995532,119.57010399998398,0.009289792011259124,20,20,"[('(0, 0, 0, 0, 0, 0, 0, 0, 0, 0)', 80), ('(0, 1, 0, 0, 0, 0, 0, 0, 0, 0)', 23), ('(0, 0, 0, 0, 0, 0, 0, 0, 1, 0)', 22), ('(0, 0, 0, 0, 0, 0, 0, -1, 0, 0)', 22), ('(0, 0, 0, 0, 0, 0, 1, 0, 0, 0)', 20), ('(-1, 0, 0, 0, 0, 0, 0, 0, 0, 0)', 19), ('(0, 0, -1, 0, 0, 0, 0, 0, 0, 0)', 17), ('(0, 0, 0, 0, 0, 1, 0, 0, 0, 0)', 16), ('(0, 0, 0, 0, 0, 0, 0, 0, 0, 1)', 13), ('(0, 1, 0, 0, 0, 0, 0, 0, 1, 0)', 11)]",5
7,10,17,15,"[-1, 0, -1, -1, 0, 0, 0]","[16, 0, 16, 16, 0, 0, 0]","[1, -1, 0, 0, -1, 0, 0, 1, 0, 0]","[-5, 9, -8, 5, 6, -6, 6, -4, -4, 1]","[1, -1, 0, 0, -1, 0, 0, 1, 0, 0]",4.0,"[16, 0, 16, 16, 0, 0, 0]",True,"[0, 0, 0, 0, 0, 0, 0, 0, 0, 0]",4.0,"[-5, 9, -8, 5, 6, -6, 6, -4, -4, 1]","[16, 0, 16, 16, 0, 0, 0]",True,"[0, 0, 0, 0, 0, 0, 0, 0, 0, 0]",4.0,0,"[-5, 9, -8, 5, 6, -6, 6, -4, -4, 1]","[16, 0, 16, 16, 0, 0, 0]",True,"[0, 0, 0, 0, 0, 0, 0, 0, 0, 0]",4.0,"[-5, 9, -8, 5, 6, -6, 6, -4, -4, 1]","[16, 0, 16, 16, 0, 0, 0]",True,"[0, 0, 0, 0, 0, 0, 0, 0, 0, 0]",4.0,155,0.3150406504065041,43.69501439927505,0,0,3,4,"[-5, 9, -8, 5, 6, -6, 6, -4, -4, 1]","[16, 0, 16, 16, 0, 0, 0]",True,20,20,True,False,True,True,0,False,False,False,False,False,False,False,True,True,True,True,True,True,False,False,False,"[-5, 9, -8, 5, 6, -6, 6, -4, -4, 1]",0,0,0,0,0,139.20984008398955,0.00011454100604169071,138.95014604201424,0.007635459012817591,20,20,"[('(0, 0, 0, 0, 0, 0, 0, 0, 0, 0)', 155), ('(-1, 0, 0, 0, 0, 0, 0, 0, 0, 0)', 41), ('(0, 0, 0, 0, 1, 0, 0, 0, 0, 0)', 40), ('(0, 0, 1, 0, 0, 0, 0, 0, 0, 0)', 25), ('(0, 0, 0, 0, 0, 0, 0, 0, 1, 0)', 16), ('(0, 0, 0, -1, 0, 0, 0, 0, 0, 0)', 16), ('(0, 1, 0, 0, 0, 0, 0, 0, 0, 0)', 13), ('(0, 0, 1, 0, 1, 0, 0, 0, 0, 0)', 9), ('(-1, 0, 0, 0, 1, 0, 0, 0, 0, 0)', 9), ('(-1, 0, 0, -1, 0, 0, 0, 0, 0, 0)', 9)]",5
7,10,17,17,"[-1, 1, -1, 0, -1, 0, 0]","[16, 1, 16, 0, 16, 0, 0]","[0, 0, 0, 0, 0, 0, 0, -1, 0, -1]","[-6, 2, -1, 8, 2, -5, 7, 3, 5, 1]","[0, 0, 0, 0, 0, 0, 0, -1, 0, -1]",2.0,"[16, 1, 16, 0, 16, 0, 0]",True,"[0, 0, 0, 0, 0, 0, 0, 0, 0, 0]",2.0,"[-6, 2, -1, 8, 2, -5, 7, 3, 5, 1]","[16, 1, 16, 0, 16, 0, 0]",True,"[0, 0, 0, 0, 0, 0, 0, 0, 0, 0]",2.0,0,"[-6, 2, -1, 8, 2, -5, 7, 3, 5, 1]","[16, 1, 16, 0, 16, 0, 0]",True,"[0, 0, 0, 0, 0, 0, 0, 0, 0, 0]",2.0,"[-6, 2, -1, 8, 2, -5, 7, 3, 5, 1]","[16, 1, 16, 0, 16, 0, 0]",True,"[0, 0, 0, 0, 0, 0, 0, 0, 0, 0]",2.0,156,0.3170731707317073,1.5943754194651691,0,0,4,2,"[-6, 2, -1, 8, 2, -5, 7, 3, 5, 1]","[16, 1, 16, 0, 16, 0, 0]",True,20,20,True,False,True,True,0,False,False,False,False,False,False,False,True,True,True,True,True,True,False,False,False,"[-6, 2, -1, 8, 2, -5, 7, 3, 5, 1]",0,0,0,0,0,139.0193288330047,8.554200758226216e-05,138.7683549580106,0.00985666600172408,20,20,"[('(0, 0, 0, 0, 0, 0, 0, 0, 0, 0)', 156), ('(0, 0, 0, 0, 0, 0, 0, 0, 1, 0)', 38), ('(0, 0, 0, 0, 0, -1, 0, 0, 0, 0)', 38), ('(0, -1, 0, 0, 0, 0, 0, 0, 0, 0)', 32), ('(0, 0, 0, 1, 0, 0, 0, 0, 0, 0)', 23), ('(0, 0, 0, 0, -1, 0, 0, 0, 0, 0)', 15), ('(0, -1, 0, 0, 0, 0, 0, 0, 1, 0)', 10), ('(0, 0, 0, 0, -1, -1, 0, 0, 0, 0)', 9), ('(0, 0, 0, 1, 0, 0, 0, 0, 1, 0)', 9), ('(0, 0, 0, 0, 0, -1, 0, 0, 1, 0)', 8)]",5
7,10,17,16,"[1, 1, 1, 1, 0, 0, -1]","[1, 1, 1, 1, 0, 0, 16]","[0, 0, 0, -1, 1, 0, -1, 1, 0, 0]","[-2, 7, -5, 6, 8, 2, -3, 3, -8, 2]","[-1, 1, 1, 0, -1, 0, 1, 0, 1, 0]",6.0,"[10, 5, 13, 2, 3, 12, 3]",False,"[0, 0, 0, 1, 1, -1, 0, 1, -1, 0]",4.0,"[-3, 8, -4, 7, 6, 2, -1, 2, -7, 2]","[1, 1, 1, 1, 0, 0, 16]",True,"[0, 0, 0, 0, 0, 0, 0, 0, 0, 0]",6.0,0,"[-2, 7, -5, 6, 8, 2, -3, 3, -8, 2]","[10, 5, 13, 2, 3, 12, 3]",False,"[0, 0, 0, 0, 0, 0, 0, 0, 0, 0]",6.0,"[-2, 7, -5, 6, 8, 2, -3, 3, -8, 2]","[10, 5, 13, 2, 3, 12, 3]",False,"[-1, 0, 0, 0, 0, 0, 0, 0, 0, 0]",9.0,25,0.05112474437627812,5109.124190346198,4,1,7,6,"[-5, 7, -4, 5, 8, 2, -3, 3, -8, 2]","[16, 2, 6, 1, 14, 16, 11]",False,20,20,False,True,False,False,8,True,True,True,False,False,False,False,False,False,False,False,False,False,False,False,False,"[-3, 8, -4, 7, 6, 2, -1, 2, -7, 2]",14,0,14,14,19,139.3140855829988,8.545801392756402e-05,139.05120899999747,0.036483542004134506,20,20,"[('(0, 0, 0, 0, 0, 0, 0, 0, 0, 0)', 130), ('(0, 0, 0, 0, 1, 0, 0, 0, 0, 0)', 34), ('(0, 0, 0, 0, 0, 0, 0, 0, -1, 0)', 30), ('(0, 0, 0, 0, 0, 0, 0, 1, 0, 0)', 30), ('(-1, 0, 0, 0, 0, 0, 0, 0, 0, 0)', 25), ('(0, 0, 0, 0, 0, 0, -1, 0, 0, 0)', 22), ('(0, 0, 0, 0, 0, -1, 0, 0, 0, 0)', 14), ('(0, 0, 0, 0, 0, 0, 0, 0, 0, -1)', 13), ('(0, 0, 1, 0, 0, 0, 0, 0, 0, 0)', 12), ('(-1, 0, 0, 0, 0, 0, 0, 0, -1, 0)', 10)]",5
7,10,17,18,"[0, 1, -1, -1, 0, -1, -1]","[0, 1, 16, 16, 0, 16, 16]","[0, 0, 0, 0, 0, 0, -1, -1, 0, 0]","[-2, 4, 7, -4, -6, 5, -1, 2, 8, 6]","[0, 0, 0, 0, 0, 0, -1, -1, 0, 0]",2.0,"[0, 1, 16, 16, 0, 16, 16]",True,"[0, 0, 0, 0, 0, 0, 0, 0, 0, 0]",2.0,"[-2, 4, 7, -4, -6, 5, -1, 2, 8, 6]","[0, 1, 16, 16, 0, 16, 16]",True,"[0, 0, 0, 0, 0, 0, 0, 0, 0, 0]",2.0,0,"[-2, 4, 7, -4, -6, 5, -1, 2, 8, 6]","[0, 1, 16, 16, 0, 16, 16]",True,"[0, 0, 0, 0, 0, 0, 0, 0, 0, 0]",2.0,"[-2, 4, 7, -4, -6, 5, -1, 2, 8, 6]","[0, 1, 16, 16, 0, 16, 16]",True,"[0, 0, 0, 0, 0, 0, 0, 0, 0, 0]",2.0,104,0.21267893660531698,21.634603964984247,0,0,5,2,"[-2, 4, 7, -4, -6, 5, -1, 2, 8, 6]","[0, 1, 16, 16, 0, 16, 16]",True,20,20,True,False,True,True,0,False,False,False,False,False,False,False,True,True,True,True,True,True,False,False,False,"[-2, 4, 7, -4, -6, 5, -1, 2, 8, 6]",0,0,0,0,0,140.3746723330114,0.00010845897486433387,140.12936991700553,0.0076044170127715915,20,20,"[('(0, 0, 0, 0, 0, 0, 0, 0, 0, 0)', 104), ('(0, 0, 0, 0, 0, 0, 0, 0, -1, 0)', 36), ('(0, 0, 0, 0, 0, 0, 0, 1, 0, 0)', 30), ('(0, 0, 0, 0, 0, 0, 0, 0, 0, 1)', 22), ('(0, 0, 0, 0, 0, 0, -1, 0, 0, 0)', 19), ('(0, 0, 0, 0, 0, 1, 0, 0, 0, 0)', 18), ('(0, 0, 0, 1, 0, 0, 0, 0, 0, 0)', 18), ('(0, 0, -1, 0, 0, 0, 0, 0, 0, 0)', 12), ('(0, 0, 0, 0, 0, 0, 0, 1, 0, 1)', 11), ('(0, 0, 0, 0, 0, 0, 0, 0, -1, 1)', 10)]",5
7,10,17,19,"[0, 0, 1, 1, 0, -1, 1]","[0, 0, 1, 1, 0, 16, 1]","[0, 0, 0, -1, 0, -1, -1, 0, 0, 0]","[-3, 2, 7, 7, -8, -5, 6, 0, -6, 7]","[0, 0, 0, -1, 0, -1, -1, 0, 0, 0]",3.0,"[0, 0, 1, 1, 0, 16, 1]",True,"[0, 0, 0, 0, 0, 0, 0, 0, 0, 0]",3.0,"[-3, 2, 7, 7, -8, -5, 6, 0, -6, 7]","[0, 0, 1, 1, 0, 16, 1]",True,"[0, 0, 0, 0, 0, 0, 0, 0, 0, 0]",3.0,0,"[-3, 2, 7, 7, -8, -5, 6, 0, -6, 7]","[0, 0, 1, 1, 0, 16, 1]",True,"[0, 0, 0, 0, 0, 0, 0, 0, 0, 0]",3.0,"[-3, 2, 7, 7, -8, -5, 6, 0, -6, 7]","[0, 0, 1, 1, 0, 16, 1]",True,"[0, 0, 0, 0, 0, 0, 0, 0, 0, 0]",3.0,128,0.2639175257731959,12.664018759563833,0,0,4,3,"[-3, 2, 7, 7, -8, -5, 6, 0, -6, 7]","[0, 0, 1, 1, 0, 16, 1]",True,20,20,True,False,True,True,0,False,False,False,False,False,False,False,True,True,True,True,True,True,False,False,False,"[-3, 2, 7, 7, -8, -5, 6, 0, -6, 7]",0,0,0,0,0,139.92334395900252,9.308301378041506e-05,139.67633537499933,0.014705042005516589,20,20,"[('(0, 0, 0, 0, 0, 0, 0, 0, 0, 0)', 128), ('(0, 0, 0, 0, 0, 0, 1, 0, 0, 0)', 25), ('(0, 0, 0, 0, 0, 0, 0, 0, 1, 0)', 24), ('(0, 0, 0, -1, 0, 0, 0, 0, 0, 0)', 24), ('(0, -1, 0, 0, 0, 0, 0, 0, 0, 0)', 21), ('(0, 0, 1, 0, 0, 0, 0, 0, 0, 0)', 19), ('(0, 0, 0, 0, 0, 0, 0, 1, 0, 0)', 17), ('(0, 0, 0, 0, 0, 0, 0, 0, 0, -1)', 13), ('(0, 0, 0, 0, 1, 0, 0, 0, 0, 0)', 9), ('(0, 0, 0, 0, 0, 0, 1, 0, 1, 0)', 8)]",5
7,10,17,20,"[0, 1, -1, 0, -1, 0, -1]","[0, 1, 16, 0, 16, 0, 16]","[0, -1, 0, 0, 0, -1, 1, 0, 0, 0]","[-2, -4, -6, -4, -5, 0, 7, -3, 3, -5]","[0, -1, 0, 0, 0, -1, 1, 0, 0, 0]",3.0,"[0, 1, 16, 0, 16, 0, 16]",True,"[0, 0, 0, 0, 0, 0, 0, 0, 0, 0]",3.0,"[-2, -4, -6, -4, -5, 0, 7, -3, 3, -5]","[0, 1, 16, 0, 16, 0, 16]",True,"[0, 0, 0, 0, 0, 0, 0, 0, 0, 0]",3.0,0,"[-2, -4, -6, -4, -5, 0, 7, -3, 3, -5]","[0, 1, 16, 0, 16, 0, 16]",True,"[0, 0, 0, 0, 0, 0, 0, 0, 0, 0]",3.0,"[-2, -4, -6, -4, -5, 0, 7, -3, 3, -5]","[0, 1, 16, 0, 16, 0, 16]",True,"[0, 0, 0, 0, 0, 0, 0, 0, 0, 0]",3.0,153,0.31097560975609756,12.646304739758637,0,0,4,3,"[-2, -4, -6, -4, -5, 0, 7, -3, 3, -5]","[0, 1, 16, 0, 16, 0, 16]",True,20,20,True,False,True,True,0,False,False,False,False,False,False,False,True,True,True,True,True,True,False,False,False,"[-2, -4, -6, -4, -5, 0, 7, -3, 3, -5]",0,0,0,0,0,132.52772508299677,9.320798562839627e-05,132.24866058299085,0.009293957991758361,20,20,"[('(0, 0, 0, 0, 0, 0, 0, 0, 0, 0)', 153), ('(0, 0, 0, 0, 0, -1, 0, 0, 0, 0)', 42), ('(0, 0, 0, 0, 0, 0, -1, 0, 0, 0)', 34), ('(0, 0, 0, -1, 0, 0, 0, 0, 0, 0)', 27), ('(0, 0, -1, 0, 0, 0, 0, 0, 0, 0)', 21), ('(1, 0, 0, 0, 0, 0, 0, 0, 0, 0)', 18), ('(0, 0, 0, 0, 0, 0, 0, 0, 0, 1)', 15), ('(0, 0, 0, 0, 0, 0, 0, -1, 0, 0)', 15), ('(0, 0, 0, 0, 0, -1, -1, 0, 0, 0)', 14), ('(0, 0, 0, -1, 0, 0, -1, 0, 0, 0)', 8)]",5
7,10,17,22,"[0, 0, -1, -1, 0, 0, -1]","[0, 0, 16, 16, 0, 0, 16]","[1, 0, 0, 1, 0, 0, 0, 0, 0, 1]","[-1, -6, -2, 7, 4, -5, 3, 3, 4, -2]","[1, 0, 0, 1, 0, 0, 0, 0, 0, 1]",3.0,"[0, 0, 16, 16, 0, 0, 16]",True,"[-1, 0, 0, 0, 0, 0, 0, 0, 0, 0]",3.0,"[0, -5, -2, 8, 4, -6, 3, 3, 4, -2]","[16, 3, 3, 7, 13, 6, 4]",False,"[0, 0, 0, 0, 0, 0, 0, 0, 0, 0]",3.0,0,"[-1, -6, -2, 7, 4, -5, 3, 3, 4, -2]","[0, 0, 16, 16, 0, 0, 16]",True,"[0, 0, 0, 0, 0, 0, 0, 0, 0, 0]",3.0,"[-1, -6, -2, 7, 4, -5, 3, 3, 4, -2]","[0, 0, 16, 16, 0, 0, 16]",True,"[0, 0, 0, 0, 0, 0, 0, 0, 0, 0]",3.0,164,0.33064516129032256,32.63940545260994,0,0,3,3,"[-1, -6, -2, 7, 4, -5, 3, 3, 4, -2]","[0, 0, 16, 16, 0, 0, 16]",True,20,20,True,False,True,True,0,False,True,False,False,False,False,False,False,True,False,True,False,True,False,False,False,"[-1, -6, -2, 7, 4, -5, 3, 3, 4, -2]",0,4,0,0,0,132.42862433299888,0.000134292000439018,132.0608868749987,0.008610457996837795,20,20,"[('(0, 0, 0, 0, 0, 0, 0, 0, 0, 0)', 164), ('(0, 0, 0, 0, 0, 0, 0, -1, 0, 0)', 38), ('(0, 0, 0, 1, 0, 0, 0, 0, 0, 0)', 23), ('(0, 1, 0, 0, 0, 0, 0, 0, 0, 0)', 20), ('(0, 0, 0, 0, 0, 0, 0, 0, -1, 0)', 20), ('(-1, 0, 0, 0, 0, 0, 0, 0, 0, 0)', 19), ('(0, 0, 0, 0, 0, 0, 0, 0, 0, -1)', 15), ('(0, 0, 0, 0, 0, 0, -1, 0, 0, 0)', 13), ('(0, 0, 0, 0, 0, -1, 0, 0, 0, 0)', 10), ('(0, 0, 1, 0, 0, 0, 0, 0, 0, 0)', 9)]",5
7,10,17,21,"[0, -1, -1, 0, 0, -1, -1]","[0, 16, 16, 0, 0, 16, 16]","[1, 0, 0, 0, 0, 0, 0, -1, 0, 1]","[-2, 8, -4, -6, 7, 6, -3, 5, -4, -1]","[1, 0, 0, 0, 0, 0, 0, -1, 0, 1]",3.0,"[0, 16, 16, 0, 0, 16, 16]",True,"[0, 0, 0, 0, 0, 0, 0, 0, 0, 0]",3.0,"[-2, 8, -4, -6, 7, 6, -3, 5, -4, -1]","[0, 16, 16, 0, 0, 16, 16]",True,"[0, 0, 0, 0, 0, 0, 0, 0, 0, 0]",3.0,0,"[-2, 8, -4, -6, 7, 6, -3, 5, -4, -1]","[0, 16, 16, 0, 0, 16, 16]",True,"[0, 0, 0, 0, 0, 0, 0, 0, 0, 0]",3.0,"[-2, 8, -4, -6, 7, 6, -3, 5, -4, -1]","[0, 16, 16, 0, 0, 16, 16]",True,"[0, 0, 0, 0, 0, 0, 0, 0, 0, 0]",3.0,106,0.2163265306122449,12.68271711655381,0,0,4,3,"[-2, 8, -4, -6, 7, 6, -3, 5, -4, -1]","[0, 16, 16, 0, 0, 16, 16]",True,20,20,True,False,True,True,0,False,False,False,False,False,False,False,True,True,True,True,True,True,False,False,False,"[-2, 8, -4, -6, 7, 6, -3, 5, -4, -1]",0,0,0,0,0,133.17219749998185,0.0001329589867964387,132.82069449999835,0.0066504169953987,20,20,"[('(0, 0, 0, 0, 0, 0, 0, 0, 0, 0)', 106), ('(0, 0, 0, 1, 0, 0, 0, 0, 0, 0)', 28), ('(0, 0, 0, 0, 0, 0, 0, -1, 0, 0)', 28), ('(0, 0, 0, 0, 0, 0, -1, 0, 0, 0)', 25), ('(0, 0, 0, 0, 0, 0, 0, 0, 0, 1)', 20), ('(-1, 0, 0, 0, 0, 0, 0, 0, 0, 0)', 18), ('(0, 0, 0, 0, -1, 0, 0, 0, 0, 0)', 13), ('(0, 0, 1, 0, 0, 0, 0, 0, 0, 0)', 13), ('(0, 0, 0, 1, 0, 0, 0, -1, 0, 0)', 7), ('(0, 0, 0, 0, 0, -1, 0, 0, 0, 0)', 7)]",5
7,10,17,23,"[-1, -1, 0, 0, 0, 0, -1]","[16, 16, 0, 0, 0, 0, 16]","[1, 0, 0, 0, 0, 0, -1, 0, 0, 0]","[-3, -5, 0, 8, 4, 5, 0, 8, -4, -6]","[0, -1, 0, 0, 1, 0, 0, 0, 0, 0]",2.0,"[8, 13, 9, 2, 10, 0, 2]",False,"[0, 0, 0, 0, 0, 0, 0, 0, 0, 0]",2.0,"[-3, -5, 0, 8, 4, 5, 0, 8, -4, -6]","[8, 13, 9, 2, 10, 0, 2]",False,"[0, 0, 0, 0, 0, 0, 0, 0, 0, 0]",2.0,0,"[-3, -5, 0, 8, 4, 5, 0, 8, -4, -6]","[8, 13, 9, 2, 10, 0, 2]",False,"[0, 0, 0, 0, 0, 0, 0, 0, 0, 0]",2.0,"[-3, -5, 0, 8, 4, 5, 0, 8, -4, -6]","[8, 13, 9, 2, 10, 0, 2]",False,"[0, 1, 0, 0, 0, 0, 0, 0, 0, 0]",2.0,25,0.05102040816326531,21.77419034619785,0,0,3,2,"[-4, -6, 0, 8, 5, 5, 1, 8, -4, -6]","[16, 16, 0, 0, 0, 0, 16]",True,20,20,True,True,True,True,0,False,False,False,False,False,True,True,True,True,True,True,False,True,False,False,True,"[-4, -6, 0, 8, 5, 5, 1, 8, -4, -6]",4,4,4,4,0,132.44439004201558,0.0001460410130675882,131.9344631670101,0.008424625004408881,20,20,"[('(0, 0, 0, 0, 0, 0, 0, 0, 0, 0)', 127), ('(0, 0, 0, 0, 0, 1, 0, 0, 0, 0)', 35), ('(0, 0, 0, 0, -1, 0, 0, 0, 0, 0)', 29), ('(0, 1, 0, 0, 0, 0, 0, 0, 0, 0)', 25), ('(0, 0, 0, 0, 0, 0, 0, 0, -1, 0)', 19), ('(0, 0, 0, 0, 0, 0, 1, 0, 0, 0)', 18), ('(0, 1, 0, 0, 0, 1, 0, 0, 0, 0)', 10), ('(0, 0, 0, 1, 0, 0, 0, 0, 0, 0)', 10), ('(0, 0, 0, 0, 0, 0, 0, 0, 0, -1)', 9), ('(-1, 0, 0, 0, 0, 0, 0, 0, 0, 0)', 9)]",5
7,10,17,24,"[0, -1, -1, -1, 1, -1, 0]","[0, 16, 16, 16, 1, 16, 0]","[0, 0, 0, 0, 1, 0, 0, 0, -1, -1]","[-2, -7, 4, -1, 5, -3, -7, 2, 4, 8]","[0, 0, 0, 0, 1, 0, 0, 0, -1, -1]",3.0,"[0, 16, 16, 16, 1, 16, 0]",True,"[0, 0, 0, 0, 0, 0, 0, 0, 0, 0]",3.0,"[-2, -7, 4, -1, 5, -3, -7, 2, 4, 8]","[0, 16, 16, 16, 1, 16, 0]",True,"[0, 0, 0, 0, 0, 0, 0, 0, 0, 0]",3.0,0,"[-2, -7, 4, -1, 5, -3, -7, 2, 4, 8]","[0, 16, 16, 16, 1, 16, 0]",True,"[0, 0, 0, 0, 0, 0, 0, 0, 0, 0]",3.0,"[-2, -7, 4, -1, 5, -3, -7, 2, 4, 8]","[0, 16, 16, 16, 1, 16, 0]",True,"[0, 0, 0, 0, 0, 0, 0, 0, 0, 0]",3.0,137,0.2784552845528455,32.65727463148428,0,0,5,3,"[-2, -7, 4, -1, 5, -3, -7, 2, 4, 8]","[0, 16, 16, 16, 1, 16, 0]",True,20,20,True,False,True,True,0,False,False,False,False,False,False,False,True,True,True,True,True,True,False,False,False,"[-2, -7, 4, -1, 5, -3, -7, 2, 4, 8]",0,0,0,0,0,132.43515808301163,0.0001105000264942646,131.60554608298116,0.009098417009226978,20,20,"[('(0, 0, 0, 0, 0, 0, 0, 0, 0, 0)', 137), ('(1, 0, 0, 0, 0, 0, 0, 0, 0, 0)', 37), ('(0, -1, 0, 0, 0, 0, 0, 0, 0, 0)', 28), ('(0, 0, 0, -1, 0, 0, 0, 0, 0, 0)', 25), ('(0, 0, 0, 0, 0, 0, 0, 0, 0, 1)', 17), ('(0, 0, 0, 0, 0, -1, 0, 0, 0, 0)', 17), ('(0, 0, 0, 0, 0, 0, -1, 0, 0, 0)', 16), ('(1, 0, 0, -1, 0, 0, 0, 0, 0, 0)', 9), ('(0, 0, 0, 0, 0, 0, 0, 1, 0, 0)', 8), ('(0, 0, 0, 0, 0, -1, 0, 1, 0, 0)', 7)]",5
7,10,17,26,"[1, 0, -1, 0, 0, 0, -1]","[1, 0, 16, 0, 0, 0, 16]","[-1, 0, 0, 0, 0, 0, 0, 0, 0, 0]","[-1, 6, -2, -5, -6, 5, -6, -7, -4, -6]","[-1, 0, 0, 0, 0, 0, 0, 0, 0, 0]",1.0,"[1, 0, 16, 0, 0, 0, 16]",True,"[0, 0, 0, 0, 0, 0, 0, 0, 0, 0]",1.0,"[-1, 6, -2, -5, -6, 5, -6, -7, -4, -6]","[1, 0, 16, 0, 0, 0, 16]",True,"[0, 0, 0, 0, 0, 0, 0, 0, 0, 0]",1.0,0,"[-1, 6, -2, -5, -6, 5, -6, -7, -4, -6]","[1, 0, 16, 0, 0, 0, 16]",True,"[0, 0, 0, 0, 0, 0, 0, 0, 0, 0]",1.0,"[-1, 6, -2, -5, -6, 5, -6, -7, -4, -6]","[1, 0, 16, 0, 0, 0, 16]",True,"[0, 0, 0, 0, 0, 0, 0, 0, 0, 0]",1.0,103,0.21020408163265306,30.585560910085864,0,0,3,1,"[-1, 6, -2, -5, -6, 5, -6, -7, -4, -6]","[1, 0, 16, 0, 0, 0, 16]",True,20,20,True,False,True,True,0,False,False,False,False,False,False,False,True,True,True,True,True,True,False,False,False,"[-1, 6, -2, -5, -6, 5, -6, -7, -4, -6]",0,0,0,0,0,135.80209962499794,9.462499292567372e-05,135.47739266601275,0.008544541982701048,20,20,"[('(0, 0, 0, 0, 0, 0, 0, 0, 0, 0)', 103), ('(0, 0, -1, 0, 0, 0, 0, 0, 0, 0)', 41), ('(0, 0, 0, -1, 0, 0, 0, 0, 0, 0)', 30), ('(0, 0, 0, 0, -1, 0, 0, 0, 0, 0)', 29), ('(-1, 0, 0, 0, 0, 0, 0, 0, 0, 0)', 25), ('(0, 0, 0, 0, 0, 0, 0, 0, 0, 1)', 24), ('(0, 0, 0, 0, 0, 0, 0, 1, 0, 0)', 22), ('(0, 0, -1, 0, -1, 0, 0, 0, 0, 0)', 13), ('(0, 0, 0, -1, 0, 0, 0, 0, 0, 1)', 12), ('(0, 0, 0, 0, 0, 0, 0, 1, 0, 1)', 10)]",5
7,10,17,25,"[-1, -1, 0, -1, 1, -1, 0]","[16, 16, 0, 16, 1, 16, 0]","[0, 0, 0, 0, 0, 0, 0, -1, -1, 1]","[7, -2, -7, 3, -4, 4, 1, 2, -3, -9]","[0, 0, 0, 0, 0, 0, 0, -1, -1, 1]",3.0,"[16, 16, 0, 16, 1, 16, 0]",True,"[0, 0, 0, 0, 0, 0, 0, 0, 0, 0]",3.0,"[7, -2, -7, 3, -4, 4, 1, 2, -3, -9]","[16, 16, 0, 16, 1, 16, 0]",True,"[0, 0, 0, 0, 0, 0, 0, 0, 0, 0]",3.0,0,"[7, -2, -7, 3, -4, 4, 1, 2, -3, -9]","[16, 16, 0, 16, 1, 16, 0]",True,"[0, 0, 0, 0, 0, 0, 0, 0, 0, 0]",3.0,"[7, -2, -7, 3, -4, 4, 1, 2, -3, -9]","[16, 16, 0, 16, 1, 16, 0]",True,"[0, 0, 0, 0, 0, 0, 0, 0, 0, 0]",3.0,66,0.13441955193482688,32.7295307380609,0,0,5,3,"[7, -2, -7, 3, -4, 4, 1, 2, -3, -9]","[16, 16, 0, 16, 1, 16, 0]",True,20,20,True,False,True,True,0,False,False,False,False,False,False,False,True,True,True,True,True,True,False,False,False,"[7, -2, -7, 3, -4, 4, 1, 2, -3, -9]",0,0,0,0,0,136.31241625000257,8.925001020543277e-05,135.95916804199805,0.008194875001208857,20,20,"[('(0, 0, 0, 0, 0, 0, 0, 0, 0, 0)', 66), ('(0, 0, 1, 0, 0, 0, 0, 0, 0, 0)', 25), ('(0, 1, 0, 0, 0, 0, 0, 0, 0, 0)', 18), ('(0, 0, 0, 0, 0, 0, 0, 0, -1, 0)', 18), ('(0, 0, 0, -1, 0, 0, 0, 0, 0, 0)', 17), ('(0, 0, 0, 0, 0, 1, 0, 0, 0, 0)', 16), ('(-1, 0, 0, 0, 0, 0, 0, 0, 0, 0)', 15), ('(0, 0, 0, 0, 0, 0, 0, 0, 0, 1)', 14), ('(0, 0, 0, 0, 0, 0, -1, 0, 0, 0)', 9), ('(0, 0, 0, 0, 0, 0, 0, 1, 0, 0)', 9)]",5
7,10,17,27,"[-1, -1, 0, 0, 0, -1, 1]","[16, 16, 0, 0, 0, 16, 1]","[0, 0, 0, 0, 0, 1, 0, 0, 0, -1]","[-3, -7, 5, -1, -8, 3, -2, 1, -8, 1]","[0, 0, 0, 0, 0, 1, 0, 0, 0, -1]",2.0,"[16, 16, 0, 0, 0, 16, 1]",True,"[0, 0, 0, 0, 0, 0, 0, 0, 0, 0]",2.0,"[-3, -7, 5, -1, -8, 3, -2, 1, -8, 1]","[16, 16, 0, 0, 0, 16, 1]",True,"[0, 0, 0, 0, 0, 0, 0, 0, 0, 0]",2.0,0,"[-3, -7, 5, -1, -8, 3, -2, 1, -8, 1]","[16, 16, 0, 0, 0, 16, 1]",True,"[0, 0, 0, 0, 0, 0, 0, 0, 0, 0]",2.0,"[-3, -7, 5, -1, -8, 3, -2, 1, -8, 1]","[16, 16, 0, 0, 0, 16, 1]",True,"[0, 0, 0, 0, 0, 0, 0, 0, 0, 0]",2.0,99,0.20245398773006135,1.6394829814011909,0,0,4,2,"[-3, -7, 5, -1, -8, 3, -2, 1, -8, 1]","[16, 16, 0, 0, 0, 16, 1]",True,20,20,True,False,True,True,0,False,False,False,False,False,False,False,True,True,True,True,True,True,False,False,False,"[-3, -7, 5, -1, -8, 3, -2, 1, -8, 1]",0,0,0,0,0,135.6184954160126,9.92499990388751e-05,135.29447900000378,0.008110499999020249,20,20,"[('(0, 0, 0, 0, 0, 0, 0, 0, 0, 0)', 99), ('(0, 0, 0, 0, 0, 0, 0, 0, 0, -1)', 28), ('(0, 0, 0, 0, 0, 0, -1, 0, 0, 0)', 28), ('(0, 0, 0, 0, 0, 1, 0, 0, 0, 0)', 28), ('(0, 0, 0, 0, -1, 0, 0, 0, 0, 0)', 24), ('(-1, 0, 0, 0, 0, 0, 0, 0, 0, 0)', 23), ('(0, 0, 0, 0, 0, 0, 0, 0, -1, 0)', 20), ('(0, 0, 0, 0, 0, 0, -1, 0, -1, 0)', 14), ('(-1, 0, 0, 0, 0, 0, -1, 0, 0, 0)', 12), ('(0, 0, 0, 0, -1, 0, -1, 0, 0, 0)', 10)]",5
7,10,17,28,"[0, 1, 0, 1, 0, -1, 1]","[0, 1, 0, 1, 0, 16, 1]","[0, 0, 0, 0, 0, 0, -1, 0, 1, 0]","[-5, 8, 2, 8, -2, 1, 4, -2, -5, 6]","[0, 0, 0, 0, 0, 0, -1, 0, 1, 0]",2.0,"[0, 1, 0, 1, 0, 16, 1]",True,"[0, 0, 0, 0, 0, 0, 0, 0, 0, 0]",2.0,"[-5, 8, 2, 8, -2, 1, 4, -2, -5, 6]","[0, 1, 0, 1, 0, 16, 1]",True,"[0, 0, 0, 0, 0, 0, 0, 0, 0, 0]",2.0,0,"[-5, 8, 2, 8, -2, 1, 4, -2, -5, 6]","[0, 1, 0, 1, 0, 16, 1]",True,"[0, 0, 0, 0, 0, 0, 0, 0, 0, 0]",2.0,"[-5, 8, 2, 8, -2, 1, 4, -2, -5, 6]","[0, 1, 0, 1, 0, 16, 1]",True,"[0, 0, 0, 0, 0, 0, 0, 0, 0, 0]",2.0,70,0.14285714285714285,1.6737320122958685,0,0,4,2,"[-5, 8, 2, 8, -2, 1, 4, -2, -5, 6]","[0, 1, 0, 1, 0, 16, 1]",True,20,20,True,False,True,True,0,False,False,False,False,False,False,False,True,True,True,True,True,True,False,False,False,"[-5, 8, 2, 8, -2, 1, 4, -2, -5, 6]",0,0,0,0,0,136.010220458993,7.416700827889144e-05,135.71486495799036,0.007525708992034197,20,20,"[('(0, 0, 0, 0, 0, 0, 0, 0, 0, 0)', 70), ('(-1, 0, 0, 0, 0, 0, 0, 0, 0, 0)', 20), ('(0, 0, 0, 0, 0, 0, 0, 0, 0, 1)', 19), ('(0, 0, 0, 0, 0, 0, 0, 0, -1, 0)', 18), ('(0, 0, 0, 0, 0, 1, 0, 0, 0, 0)', 18), ('(0, 0, 0, 0, 1, 0, 0, 0, 0, 0)', 18), ('(0, 0, 0, 0, 0, 0, 0, -1, 0, 0)', 17), ('(0, 0, 0, 0, 0, 0, 1, 0, 0, 0)', 14), ('(0, 1, 0, 0, 0, 0, 0, 0, 0, 0)', 14), ('(0, 0, 0, 0, 1, 0, 1, 0, 0, 0)', 10)]",5
7,10,17,29,"[1, -1, 0, -1, 1, -1, 0]","[1, 16, 0, 16, 1, 16, 0]","[0, 1, 0, 0, 0, 0, 0, 0, -1, 0]","[2, 7, 8, -5, 7, 1, -5, 6, -6, -7]","[0, 1, 0, 0, 0, 0, 0, 0, -1, 0]",2.0,"[1, 16, 0, 16, 1, 16, 0]",True,"[0, 0, 0, 0, 0, 0, 0, 0, 0, 0]",2.0,"[2, 7, 8, -5, 7, 1, -5, 6, -6, -7]","[1, 16, 0, 16, 1, 16, 0]",True,"[0, 0, 0, 0, 0, 0, 0, 0, 0, 0]",2.0,0,"[2, 7, 8, -5, 7, 1, -5, 6, -6, -7]","[1, 16, 0, 16, 1, 16, 0]",True,"[0, 0, 0, 0, 0, 0, 0, 0, 0, 0]",2.0,"[2, 7, 8, -5, 7, 1, -5, 6, -6, -7]","[1, 16, 0, 16, 1, 16, 0]",True,"[0, 0, 0, 0, 0, 0, 0, 0, 0, 0]",2.0,124,0.25,21.61716862626977,0,0,5,2,"[2, 7, 8, -5, 7, 1, -5, 6, -6, -7]","[1, 16, 0, 16, 1, 16, 0]",True,20,20,True,False,True,True,0,False,False,False,False,False,False,False,True,True,True,True,True,True,False,False,False,"[2, 7, 8, -5, 7, 1, -5, 6, -6, -7]",0,0,0,0,0,136.04436699999496,7.487498805858195e-05,135.743324125011,0.008599916007369757,20,20,"[('(0, 0, 0, 0, 0, 0, 0, 0, 0, 0)', 124), ('(0, 0, 0, 0, 0, 0, 0, -1, 0, 0)', 23), ('(0, 0, 0, 0, 0, 0, 0, 0, 0, 1)', 19), ('(0, 0, 0, 0, 0, -1, 0, 0, 0, 0)', 18), ('(0, 0, 0, 0, -1, 0, 0, 0, 0, 0)', 18), ('(0, 0, -1, 0, 0, 0, 0, 0, 0, 0)', 18), ('(-1, 0, 0, 0, 0, 0, 0, 0, 0, 0)', 18), ('(0, -1, 0, 0, 0, 0, 0, 0, 0, 0)', 16), ('(0, 0, 0, 0, 0, 0, 0, 0, 1, 0)', 16), ('(0, 0, 0, 0, 0, 0, -1, 0, 0, 0)', 15)]",5
7,10,17,31,"[0, 0, 0, 0, 0, -1, 0]","[0, 0, 0, 0, 0, 16, 0]","[0, -1, 1, -1, 1, 0, 0, 0, 0, 0]","[6, -4, -5, -1, -3, 1, 8, -7, 3, -6]","[0, 0, 1, -1, 0, 0, -1, 1, 0, 0]",4.0,"[11, 1, 9, 14, 7, 2, 10]",False,"[0, 0, 0, 0, 0, 0, 0, 0, 0, 0]",4.0,"[6, -4, -5, -1, -3, 1, 8, -7, 3, -6]","[11, 1, 9, 14, 7, 2, 10]",False,"[0, 0, 0, 0, 0, 0, 0, 0, 0, 0]",4.0,0,"[6, -4, -5, -1, -3, 1, 8, -7, 3, -6]","[11, 1, 9, 14, 7, 2, 10]",False,"[0, 0, 0, 0, 0, 0, 0, 0, 0, 0]",4.0,"[6, -4, -5, -1, -3, 1, 8, -7, 3, -6]","[11, 1, 9, 14, 7, 2, 10]",False,"[1, 0, 0, 0, 0, 0, 0, 0, 0, 0]",4.0,37,0.07459677419354839,83.83624138402736,0,0,1,4,"[6, -3, -5, -1, -4, 1, 7, -6, 3, -6]","[0, 0, 0, 0, 0, 16, 0]",True,20,20,True,True,True,True,0,False,False,False,False,False,True,True,True,True,True,True,False,True,False,False,True,"[6, -3, -5, -1, -4, 1, 7, -6, 3, -6]",4,4,4,4,0,138.2824962080049,9.233399759978056e-05,137.9981244999799,0.023239375004777685,20,20,"[('(0, 0, 0, 0, 0, 0, 0, 0, 0, 0)', 104), ('(1, 0, 0, 0, 0, 0, 0, 0, 0, 0)', 37), ('(0, 0, 1, 0, 0, 0, 0, 0, 0, 0)', 26), ('(0, 0, 0, 0, 0, 0, 1, 0, 0, 0)', 26), ('(0, 0, 0, 0, -1, 0, 0, 0, 0, 0)', 23), ('(0, 0, 0, -1, 0, 0, 0, 0, 0, 0)', 21), ('(0, 0, 0, 0, 0, 0, 0, 0, 0, -1)', 20), ('(0, 0, 0, 0, 0, 0, 0, 0, -1, 0)', 18), ('(0, 0, 1, 0, -1, 0, 0, 0, 0, 0)', 12), ('(0, 0, 0, 0, -1, 0, 0, 0, 0, -1)', 8)]",5
7,10,17,30,"[0, -1, -1, 1, -1, 1, 1]","[0, 16, 16, 1, 16, 1, 1]","[0, 0, 0, 0, 1, 0, 1, 0, 1, 0]","[-4, -6, 3, -1, 0, -2, -5, 4, 6, 0]","[0, 0, 0, 0, 1, 0, 1, 0, 1, 0]",3.0,"[0, 16, 16, 1, 16, 1, 1]",True,"[0, 0, 0, 0, 0, 0, 0, 0, 0, 0]",3.0,"[-4, -6, 3, -1, 0, -2, -5, 4, 6, 0]","[0, 16, 16, 1, 16, 1, 1]",True,"[0, 0, 0, 0, 0, 0, 0, 0, 0, 0]",3.0,0,"[-4, -6, 3, -1, 0, -2, -5, 4, 6, 0]","[0, 16, 16, 1, 16, 1, 1]",True,"[0, 0, 0, 0, 0, 0, 0, 0, 0, 0]",3.0,"[-4, -6, 3, -1, 0, -2, -5, 4, 6, 0]","[0, 16, 16, 1, 16, 1, 1]",True,"[0, 0, 0, 0, 0, 0, 0, 0, 0, 0]",3.0,121,0.24493927125506074,52.66959789552667,0,0,6,3,"[-4, -6, 3, -1, 0, -2, -5, 4, 6, 0]","[0, 16, 16, 1, 16, 1, 1]",True,20,20,True,False,True,True,0,False,False,False,False,False,False,False,True,True,True,True,True,True,False,False,False,"[-4, -6, 3, -1, 0, -2, -5, 4, 6, 0]",0,0,0,0,0,139.3835307499976,9.408299229107797e-05,139.1130687079858,0.010299791989382356,20,20,"[('(0, 0, 0, 0, 0, 0, 0, 0, 0, 0)', 121), ('(0, 0, 0, 0, 0, 0, -1, 0, 0, 0)', 32), ('(0, 0, 0, 0, 0, 0, 0, 1, 0, 0)', 27), ('(0, 0, 0, 0, 0, 0, 0, 0, -1, 0)', 25), ('(0, 0, 1, 0, 0, 0, 0, 0, 0, 0)', 23), ('(0, 0, 0, 0, 1, 0, 0, 0, 0, 0)', 17), ('(-1, 0, 0, 0, 0, 0, 0, 0, 0, 0)', 13), ('(0, 0, 0, 0, 0, 0, 0, 0, 0, -1)', 11), ('(0, 0, 0, 0, 1, 0, 0, 1, 0, 0)', 9), ('(0, 0, 1, 0, 0, 0, 0, 0, -1, 0)', 8)]",5
7,10,17,32,"[0, 1, 0, 0, 0, 1, 0]","[0, 1, 0, 0, 0, 1, 0]","[0, -1, 1, 0, 0, 0, 0, 1, 0, 1]","[8, 7, 1, 1, -5, -2, 5, 0, 8, 3]","[0, -1, 1, 0, 0, 0, 0, 1, 0, 1]",4.0,"[0, 1, 0, 0, 0, 1, 0]",True,"[0, 0, 0, 0, 0, 0, 0, 0, 0, 0]",4.0,"[8, 7, 1, 1, -5, -2, 5, 0, 8, 3]","[0, 1, 0, 0, 0, 1, 0]",True,"[0, 0, 0, 0, 0, 0, 0, 0, 0, 0]",4.0,0,"[8, 7, 1, 1, -5, -2, 5, 0, 8, 3]","[0, 1, 0, 0, 0, 1, 0]",True,"[0, 0, 0, 0, 0, 0, 0, 0, 0, 0]",4.0,"[8, 7, 1, 1, -5, -2, 5, 0, 8, 3]","[0, 1, 0, 0, 0, 1, 0]",True,"[0, 0, 0, 0, 0, 0, 0, 0, 0, 0]",4.0,144,0.2938775510204082,63.70232662575795,0,0,2,4,"[8, 7, 1, 1, -5, -2, 5, 0, 8, 3]","[0, 1, 0, 0, 0, 1, 0]",True,20,20,True,False,True,True,0,False,False,False,False,False,False,False,True,True,True,True,True,True,False,False,False,"[8, 7, 1, 1, -5, -2, 5, 0, 8, 3]",0,0,0,0,0,139.36721470800694,0.00010512498556636274,139.0724909589917,0.041430000012042,20,20,"[('(0, 0, 0, 0, 0, 0, 0, 0, 0, 0)', 144), ('(0, 0, 0, 0, 0, 0, 0, 0, 0, -1)', 30), ('(1, 0, 0, 0, 0, 0, 0, 0, 0, 0)', 24), ('(0, 0, 0, 0, 0, 0, 1, 0, 0, 0)', 22), ('(0, 0, 0, 0, 0, 0, 0, -1, 0, 0)', 20), ('(0, 0, 1, 0, 0, 0, 0, 0, 0, 0)', 19), ('(0, 0, 0, 1, 0, 0, 0, 0, 0, 0)', 16), ('(0, 0, 0, 0, 0, 1, 0, 0, 0, 0)', 15), ('(0, 1, 0, 0, 0, 0, 0, 0, 0, 0)', 11), ('(0, 0, 0, 0, 1, 0, 0, 0, 0, 0)', 10)]",5
7,10,17,34,"[0, 0, -1, 0, 1, -1, 0]","[0, 0, 16, 0, 1, 16, 0]","[1, 0, 0, 0, 0, -1, 0, 0, 1, 0]","[-5, 4, 3, -2, -3, -6, 0, -5, -8, -3]","[1, 0, 0, 0, 0, -1, 0, 0, 1, 0]",3.0,"[0, 0, 16, 0, 1, 16, 0]",True,"[0, 0, 0, 0, 0, 0, 0, 0, 0, 0]",3.0,"[-5, 4, 3, -2, -3, -6, 0, -5, -8, -3]","[0, 0, 16, 0, 1, 16, 0]",True,"[0, 0, 0, 0, 0, 0, 0, 0, 0, 0]",3.0,0,"[-5, 4, 3, -2, -3, -6, 0, -5, -8, -3]","[0, 0, 16, 0, 1, 16, 0]",True,"[0, 0, 0, 0, 0, 0, 0, 0, 0, 0]",3.0,"[-5, 4, 3, -2, -3, -6, 0, -5, -8, -3]","[0, 0, 16, 0, 1, 16, 0]",True,"[0, 0, 0, 0, 0, 0, 0, 0, 0, 0]",3.0,111,0.22699386503067484,32.67815011287049,0,0,3,3,"[-5, 4, 3, -2, -3, -6, 0, -5, -8, -3]","[0, 0, 16, 0, 1, 16, 0]",True,20,20,True,False,True,True,0,False,False,False,False,False,False,False,True,True,True,True,True,True,False,False,False,"[-5, 4, 3, -2, -3, -6, 0, -5, -8, -3]",0,0,0,0,0,140.8657611249946,0.00014520902186632156,140.5951294999977,0.01150641599087976,20,20,"[('(0, 0, 0, 0, 0, 0, 0, 0, 0, 0)', 111), ('(0, 0, 0, 0, 0, 0, 0, 0, 0, -1)', 30), ('(0, 1, 0, 0, 0, 0, 0, 0, 0, 0)', 28), ('(0, 0, 0, 0, 0, 0, 0, 0, 1, 0)', 27), ('(0, 0, 0, 0, 0, -1, 0, 0, 0, 0)', 22), ('(0, 0, 0, 0, 1, 0, 0, 0, 0, 0)', 21), ('(0, 0, 0, 0, 0, 0, 1, 0, 0, 0)', 18), ('(0, 0, 0, -1, 0, 0, 0, 0, 0, 0)', 8), ('(-1, 0, 0, 0, 0, 0, 0, 0, 0, 0)', 8), ('(0, 0, 0, 0, 0, 0, 0, 0, 1, -1)', 7)]",5
7,10,17,33,"[0, 0, 1, 1, 0, 0, 1]","[0, 0, 1, 1, 0, 0, 1]","[0, 1, 0, 0, 0, 0, -1, -1, 0, 0]","[3, -9, -1, 5, 3, 9, -8, -7, -6, 0]","[0, 2, 0, 0, 1, -1, 1, 0, -1, 0]",8.0,"[14, 4, 9, 15, 5, 16, 9]",False,"[1, 0, 0, 0, -1, 0, 0, 0, 0, 0]",3.0,"[3, -8, -1, 5, 4, 8, -6, -6, -7, 0]","[0, 0, 1, 1, 0, 0, 1]",True,"[1, 0, 0, 0, -1, 0, 0, 0, 0, 0]",3.0,2,"[3, -8, -1, 5, 4, 8, -6, -6, -7, 0]","[0, 0, 1, 1, 0, 0, 1]",True,"[1, 0, 0, 0, -1, 0, 0, 0, 0, 0]",3.0,"[3, -8, -1, 5, 4, 8, -6, -6, -7, 0]","[0, 0, 1, 1, 0, 0, 1]",True,"[0, 0, 0, 1, 0, 0, 0, 1, 0, 0]",17.0,5,0.010101010101010102,5117.670824053078,2,3,6,8,"[4, -8, 0, 3, 6, 9, -7, -7, -6, 2]","[1, 0, 1, 1, 10, 16, 4]",False,20,20,False,True,False,False,5,True,True,True,True,True,False,False,True,True,True,True,False,False,True,True,False,"[3, -8, -1, 5, 4, 8, -6, -6, -7, 0]",9,0,0,0,18,141.1531416249927,0.00022587500279769301,140.8961441249994,0.009191290999297053,20,20,"[('(0, 0, 0, 0, 0, 0, 0, 0, 0, 0)', 105), ('(0, 0, 0, 1, 0, 0, 0, 0, 0, 0)', 30), ('(0, 0, 0, 0, -1, 0, 0, 0, 0, 0)', 27), ('(0, 0, 0, 0, 0, 1, 0, 0, 0, 0)', 19), ('(0, 0, 1, 0, 0, 0, 0, 0, 0, 0)', 18), ('(1, 0, 0, 0, 0, 0, 0, 0, 0, 0)', 12), ('(0, 1, 0, 0, 0, 0, 0, 0, 0, 0)', 11), ('(0, 1, 1, 0, 0, 0, 0, 0, 0, 0)', 11), ('(0, 0, 0, 0, 0, 0, 0, 1, 0, 0)', 10), ('(0, 0, 0, 0, 0, 0, 0, 0, 0, 1)', 7)]",5
7,10,17,36,"[1, 1, 1, 0, 0, -1, -1]","[1, 1, 1, 0, 0, 16, 16]","[0, 0, 1, 0, 0, 0, 0, 0, 0, 0]","[3, 8, -7, 1, -5, -8, 8, 3, 2, -2]","[0, 0, 1, 0, 0, 0, 0, 0, 0, 0]",1.0,"[1, 1, 1, 0, 0, 16, 16]",True,"[0, 0, 0, 0, 0, 0, 0, 0, 0, 0]",1.0,"[3, 8, -7, 1, -5, -8, 8, 3, 2, -2]","[1, 1, 1, 0, 0, 16, 16]",True,"[0, 0, 0, 0, 0, 0, 0, 0, 0, 0]",1.0,0,"[3, 8, -7, 1, -5, -8, 8, 3, 2, -2]","[1, 1, 1, 0, 0, 16, 16]",True,"[0, 0, 0, 0, 0, 0, 0, 0, 0, 0]",1.0,"[3, 8, -7, 1, -5, -8, 8, 3, 2, -2]","[1, 1, 1, 0, 0, 16, 16]",True,"[0, 0, 0, 0, 0, 0, 0, 0, 0, 0]",1.0,202,0.40973630831643004,30.51867940209582,0,0,5,1,"[3, 8, -7, 1, -5, -8, 8, 3, 2, -2]","[1, 1, 1, 0, 0, 16, 16]",True,20,20,True,False,True,True,0,False,False,False,False,False,False,False,True,True,True,True,True,True,False,False,False,"[3, 8, -7, 1, -5, -8, 8, 3, 2, -2]",0,0,0,0,0,130.098218500003,0.00011491699842736125,129.49997845798498,0.007459666987415403,20,20,"[('(0, 0, 0, 0, 0, 0, 0, 0, 0, 0)', 202), ('(0, 0, 0, 0, 0, 1, 0, 0, 0, 0)', 46), ('(0, 0, 0, 0, 0, 0, -1, 0, 0, 0)', 36), ('(0, 0, -1, 0, 0, 0, 0, 0, 0, 0)', 36), ('(1, 0, 0, 0, 0, 0, 0, 0, 0, 0)', 35), ('(0, 0, 0, 0, 0, 1, -1, 0, 0, 0)', 11), ('(0, 0, -1, 0, 0, 1, 0, 0, 0, 0)', 7), ('(1, 0, -1, 0, 0, 0, 0, 0, 0, 0)', 7), ('(1, 0, 0, 0, 0, 1, 0, 0, 0, 0)', 6), ('(0, 1, 0, 0, 0, 0, 0, 0, 0, 0)', 6)]",5
7,10,17,35,"[0, 1, 0, -1, -1, 0, 1]","[0, 1, 0, 16, 16, 0, 1]","[0, 0, 0, -1, 0, 0, 0, 0, 0, 0]","[4, -1, 4, -3, 4, -7, -2, 2, -7, -8]","[0, 0, 0, -1, 0, 0, 0, 0, 0, 0]",1.0,"[0, 1, 0, 16, 16, 0, 1]",True,"[0, 0, 0, 0, 0, 0, 0, 0, 0, 0]",1.0,"[4, -1, 4, -3, 4, -7, -2, 2, -7, -8]","[0, 1, 0, 16, 16, 0, 1]",True,"[0, 0, 0, 0, 0, 0, 0, 0, 0, 0]",1.0,0,"[4, -1, 4, -3, 4, -7, -2, 2, -7, -8]","[0, 1, 0, 16, 16, 0, 1]",True,"[0, 0, 0, 0, 0, 0, 0, 0, 0, 0]",1.0,"[4, -1, 4, -3, 4, -7, -2, 2, -7, -8]","[0, 1, 0, 16, 16, 0, 1]",True,"[0, 0, 0, 0, 0, 0, 0, 0, 0, 0]",1.0,103,0.21193415637860083,10.585560910085864,0,0,4,1,"[4, -1, 4, -3, 4, -7, -2, 2, -7, -8]","[0, 1, 0, 16, 16, 0, 1]",True,20,20,True,False,True,True,0,False,False,False,False,False,False,False,True,True,True,True,True,True,False,False,False,"[4, -1, 4, -3, 4, -7, -2, 2, -7, -8]",0,0,0,0,0,131.53568137498223,0.00018820801051333547,130.88132016698364,0.009127792000072077,20,20,"[('(0, 0, 0, 0, 0, 0, 0, 0, 0, 0)', 103), ('(0, 0, 0, 0, 0, 0, 1, 0, 0, 0)', 22), ('(0, 0, 0, 0, 0, 0, 0, 0, 0, 1)', 21), ('(0, 0, -1, 0, 0, 0, 0, 0, 0, 0)', 20), ('(0, 1, 0, 0, 0, 0, 0, 0, 0, 0)', 20), ('(0, 0, 0, 0, 0, 0, 0, 0, -1, 0)', 19), ('(0, 0, 0, 0, 1, 0, 0, 0, 0, 0)', 19), ('(0, 0, 0, -1, 0, 0, 0, 0, 0, 0)', 16), ('(0, 1, -1, 0, 0, 0, 0, 0, 0, 0)', 10), ('(0, 0, 0, -1, 1, 0, 0, 0, 0, 0)', 8)]",5
7,10,17,37,"[0, 0, 1, 0, -1, 1, 0]","[0, 0, 1, 0, 16, 1, 0]","[0, 0, -1, 0, 0, 1, 0, 0, 0, -1]","[7, -3, 9, -3, -8, 0, -1, 1, -2, 8]","[0, 0, -1, 0, 0, 1, 0, 0, 0, -1]",3.0,"[0, 0, 1, 0, 16, 1, 0]",True,"[0, 0, 0, 0, 0, 0, 0, 0, 0, 0]",3.0,"[7, -3, 9, -3, -8, 0, -1, 1, -2, 8]","[0, 0, 1, 0, 16, 1, 0]",True,"[0, 0, 0, 0, 0, 0, 0, 0, 0, 0]",3.0,0,"[7, -3, 9, -3, -8, 0, -1, 1, -2, 8]","[0, 0, 1, 0, 16, 1, 0]",True,"[0, 0, 0, 0, 0, 0, 0, 0, 0, 0]",3.0,"[7, -3, 9, -3, -8, 0, -1, 1, -2, 8]","[0, 0, 1, 0, 16, 1, 0]",True,"[0, 0, 0, 0, 0, 0, 0, 0, 0, 0]",3.0,128,0.26229508196721313,32.66401875956383,0,0,3,3,"[7, -3, 9, -3, -8, 0, -1, 1, -2, 8]","[0, 0, 1, 0, 16, 1, 0]",True,20,20,True,False,True,True,0,False,False,False,False,False,False,False,True,True,True,True,True,True,False,False,False,"[7, -3, 9, -3, -8, 0, -1, 1, -2, 8]",0,0,0,0,0,130.50219354202272,0.00011500000255182385,129.91555166599574,0.00705695801298134,20,20,"[('(0, 0, 0, 0, 0, 0, 0, 0, 0, 0)', 128), ('(0, 0, 0, 0, 0, 0, 0, 0, 0, -1)', 35), ('(0, 0, 0, -1, 0, 0, 0, 0, 0, 0)', 25), ('(0, 0, 1, 0, 0, 0, 0, 0, 0, 0)', 23), ('(0, 0, 0, 0, -1, 0, 0, 0, 0, 0)', 23), ('(0, -1, 0, 0, 0, 0, 0, 0, 0, 0)', 18), ('(0, 0, 0, 0, 0, 0, 1, 0, 0, 0)', 16), ('(0, 0, 0, 0, 0, -1, 0, 0, 0, 0)', 12), ('(-1, 0, 0, 0, 0, 0, 0, 0, 0, 0)', 11), ('(0, 0, 0, 0, 0, 0, 0, 1, 0, 0)', 8)]",5
7,10,17,39,"[0, 1, 0, 1, -1, 1, 0]","[0, 1, 0, 1, 16, 1, 0]","[0, -1, 0, 1, -1, 0, 1, 0, 0, 0]","[6, 5, 6, 4, 1, -3, 5, 6, -3, 5]","[0, -1, 0, 1, -1, 0, 1, 0, 0, 0]",4.0,"[0, 1, 0, 1, 16, 1, 0]",True,"[0, 0, 0, 0, 0, 0, 0, 0, 0, 0]",4.0,"[6, 5, 6, 4, 1, -3, 5, 6, -3, 5]","[0, 1, 0, 1, 16, 1, 0]",True,"[0, 0, 0, 0, 0, 0, 0, 0, 0, 0]",4.0,0,"[6, 5, 6, 4, 1, -3, 5, 6, -3, 5]","[0, 1, 0, 1, 16, 1, 0]",True,"[0, 0, 0, 0, 0, 0, 0, 0, 0, 0]",4.0,"[6, 5, 6, 4, 1, -3, 5, 6, -3, 5]","[0, 1, 0, 1, 16, 1, 0]",True,"[0, 0, 0, 0, 0, 0, 0, 0, 0, 0]",4.0,119,0.24285714285714285,23.721250825721796,0,0,4,4,"[6, 5, 6, 4, 1, -3, 5, 6, -3, 5]","[0, 1, 0, 1, 16, 1, 0]",True,20,20,True,False,True,True,0,False,False,False,False,False,False,False,True,True,True,True,True,True,False,False,False,"[6, 5, 6, 4, 1, -3, 5, 6, -3, 5]",0,0,0,0,0,128.63167904198053,0.00010462498175911605,128.31647770901327,0.008776791975833476,20,20,"[('(0, 0, 0, 0, 0, 0, 0, 0, 0, 0)', 119), ('(0, 0, 1, 0, 0, 0, 0, 0, 0, 0)', 30), ('(0, 0, 0, 0, -1, 0, 0, 0, 0, 0)', 29), ('(0, 0, 0, 0, 0, 1, 0, 0, 0, 0)', 28), ('(0, 0, 0, 0, 0, 0, 0, 0, 0, -1)', 24), ('(0, 0, 0, 0, 0, 0, 0, 0, 1, 0)', 24), ('(0, 1, 0, 0, 0, 0, 0, 0, 0, 0)', 18), ('(0, 0, 0, 0, -1, 0, 0, 0, 0, -1)', 10), ('(0, 0, 1, 0, -1, 0, 0, 0, 0, 0)', 10), ('(0, 0, 1, 0, 0, 0, 0, 0, 1, 0)', 9)]",5
7,10,17,38,"[0, 1, 1, 0, 1, 0, 0]","[0, 1, 1, 0, 1, 0, 0]","[0, 1, 0, 0, 0, 0, -1, 0, -1, 0]","[2, -1, 0, -2, 8, -2, 3, 7, 4, 4]","[0, 1, 0, 0, 0, 0, -1, 0, -1, 0]",3.0,"[0, 1, 1, 0, 1, 0, 0]",True,"[0, 0, 0, 0, 0, 0, 0, 0, 0, 0]",3.0,"[2, -1, 0, -2, 8, -2, 3, 7, 4, 4]","[0, 1, 1, 0, 1, 0, 0]",True,"[0, 0, 0, 0, 0, 0, 0, 0, 0, 0]",3.0,0,"[2, -1, 0, -2, 8, -2, 3, 7, 4, 4]","[0, 1, 1, 0, 1, 0, 0]",True,"[0, 0, 0, 0, 0, 0, 0, 0, 0, 0]",3.0,"[2, -1, 0, -2, 8, -2, 3, 7, 4, 4]","[0, 1, 1, 0, 1, 0, 0]",True,"[0, 0, 0, 0, 0, 0, 0, 0, 0, 0]",3.0,84,0.17177914110429449,32.705734874350966,0,0,3,3,"[2, -1, 0, -2, 8, -2, 3, 7, 4, 4]","[0, 1, 1, 0, 1, 0, 0]",True,20,20,True,False,True,True,0,False,False,False,False,False,False,False,True,True,True,True,True,True,False,False,False,"[2, -1, 0, -2, 8, -2, 3, 7, 4, 4]",0,0,0,0,0,129.1721330420114,9.766599396243691e-05,128.83679854200454,0.007334499998250976,20,20,"[('(0, 0, 0, 0, 0, 0, 0, 0, 0, 0)', 84), ('(0, 0, 1, 0, 0, 0, 0, 0, 0, 0)', 35), ('(0, 0, 0, 0, 0, 0, 1, 0, 0, 0)', 22), ('(0, 0, 0, 0, 0, 0, 0, 1, 0, 0)', 22), ('(0, 0, 0, 0, 1, 0, 0, 0, 0, 0)', 19), ('(0, 0, 0, 0, 0, 0, 0, 0, 0, -1)', 16), ('(-1, 0, 0, 0, 0, 0, 0, 0, 0, 0)', 15), ('(0, 0, 0, 0, 0, 0, 0, 0, 1, 0)', 14), ('(0, 0, 0, -1, 0, 0, 0, 0, 0, 0)', 14), ('(0, 0, 0, 0, 0, -1, 0, 0, 0, 0)', 10)]",5
7,10,17,40,"[0, -1, 0, 0, -1, 0, 0]","[0, 16, 0, 0, 16, 0, 0]","[0, 0, 0, 0, -1, 0, 0, 0, -1, 0]","[-2, -5, 0, 8, 6, -4, 3, -2, -5, -2]","[0, 0, 0, 0, -1, 0, 0, 0, -1, 0]",2.0,"[0, 16, 0, 0, 16, 0, 0]",True,"[0, 0, 0, 0, 0, 0, 0, 0, 0, 0]",2.0,"[-2, -5, 0, 8, 6, -4, 3, -2, -5, -2]","[0, 16, 0, 0, 16, 0, 0]",True,"[0, 0, 0, 0, 0, 0, 0, 0, 0, 0]",2.0,0,"[-2, -5, 0, 8, 6, -4, 3, -2, -5, -2]","[0, 16, 0, 0, 16, 0, 0]",True,"[0, 0, 0, 0, 0, 0, 0, 0, 0, 0]",2.0,"[-2, -5, 0, 8, 6, -4, 3, -2, -5, -2]","[0, 16, 0, 0, 16, 0, 0]",True,"[0, 0, 0, 0, 0, 0, 0, 0, 0, 0]",2.0,81,0.16735537190082644,41.65932807527358,0,0,2,2,"[-2, -5, 0, 8, 6, -4, 3, -2, -5, -2]","[0, 16, 0, 0, 16, 0, 0]",True,20,20,True,False,True,True,0,False,False,False,False,False,False,False,True,True,True,True,True,True,False,False,False,"[-2, -5, 0, 8, 6, -4, 3, -2, -5, -2]",0,0,0,0,0,120.78868891601451,9.054099791683257e-05,120.54716720801662,0.00639900000533089,20,20,"[('(0, 0, 0, 0, 0, 0, 0, 0, 0, 0)', 81), ('(0, 0, 0, 0, 0, 1, 0, 0, 0, 0)', 25), ('(-1, 0, 0, 0, 0, 0, 0, 0, 0, 0)', 22), ('(0, 0, 0, 0, 0, 0, 0, 0, -1, 0)', 21), ('(0, 0, 0, 0, -1, 0, 0, 0, 0, 0)', 21), ('(0, -1, 0, 0, 0, 0, 0, 0, 0, 0)', 18), ('(0, 0, 0, 0, 0, 0, -1, 0, 0, 0)', 16), ('(0, 0, -1, 0, 0, 0, 0, 0, 0, 0)', 14), ('(0, 0, 0, -1, -1, 0, 0, 0, 0, 0)', 11), ('(0, 0, 0, -1, 0, 0, 0, 0, 0, 0)', 11)]",5
7,10,17,42,"[-1, -1, 0, -1, 0, 0, 1]","[16, 16, 0, 16, 0, 0, 1]","[0, 0, 0, 0, 0, 0, 0, 0, 0, -1]","[-3, 7, -2, 8, -4, -7, -5, 3, 1, 4]","[0, 0, 0, 0, 0, 0, 0, 0, 0, -1]",1.0,"[16, 16, 0, 16, 0, 0, 1]",True,"[0, 0, 0, 0, 0, 0, 0, 0, 0, 0]",1.0,"[-3, 7, -2, 8, -4, -7, -5, 3, 1, 4]","[16, 16, 0, 16, 0, 0, 1]",True,"[0, 0, 0, 0, 0, 0, 0, 0, 0, 0]",1.0,0,"[-3, 7, -2, 8, -4, -7, -5, 3, 1, 4]","[16, 16, 0, 16, 0, 0, 1]",True,"[0, 0, 0, 0, 0, 0, 0, 0, 0, 0]",1.0,"[-3, 7, -2, 8, -4, -7, -5, 3, 1, 4]","[16, 16, 0, 16, 0, 0, 1]",True,"[0, 0, 0, 0, 0, 0, 0, 0, 0, 0]",1.0,170,0.34552845528455284,10.535833644349735,0,0,4,1,"[-3, 7, -2, 8, -4, -7, -5, 3, 1, 4]","[16, 16, 0, 16, 0, 0, 1]",True,20,20,True,False,True,True,0,False,False,False,False,False,False,False,True,True,True,True,True,True,False,False,False,"[-3, 7, -2, 8, -4, -7, -5, 3, 1, 4]",0,0,0,0,0,120.20195191699895,9.56250005401671e-05,119.97926666599233,0.007278416014742106,20,20,"[('(0, 0, 0, 0, 0, 0, 0, 0, 0, 0)', 170), ('(0, 0, 0, 0, 0, 0, 1, 0, 0, 0)', 44), ('(0, 0, 0, 0, 0, -1, 0, 0, 0, 0)', 41), ('(0, 0, 0, 0, 0, 0, 0, -1, 0, 0)', 32), ('(0, 0, 0, 0, 0, 0, 0, 0, -1, 0)', 21), ('(0, 0, 0, 0, 0, 0, 1, -1, 0, 0)', 12), ('(0, 0, 0, 0, 0, -1, 1, 0, 0, 0)', 9), ('(0, 0, -1, 0, 0, 0, 0, 0, 0, 0)', 9), ('(0, 0, 0, 0, 0, -1, 0, 0, -1, 0)', 8), ('(0, 0, 0, 0, 0, -1, 0, -1, 0, 0)', 8)]",5
7,10,17,41,"[0, 0, 0, 1, 0, 0, 0]","[0, 0, 0, 1, 0, 0, 0]","[0, 0, 0, 0, 1, 0, 1, 0, 0, 0]","[-4, 2, 5, 7, -1, -5, -4, 2, 2, -4]","[0, 0, 0, 0, 1, 0, 1, 0, 0, 0]",2.0,"[0, 0, 0, 1, 0, 0, 0]",True,"[0, 0, 0, 0, 0, 0, 0, 0, 0, 0]",2.0,"[-4, 2, 5, 7, -1, -5, -4, 2, 2, -4]","[0, 0, 0, 1, 0, 0, 0]",True,"[0, 0, 0, 0, 0, 0, 0, 0, 0, 0]",2.0,0,"[-4, 2, 5, 7, -1, -5, -4, 2, 2, -4]","[0, 0, 0, 1, 0, 0, 0]",True,"[0, 0, 0, 0, 0, 0, 0, 0, 0, 0]",2.0,"[-4, 2, 5, 7, -1, -5, -4, 2, 2, -4]","[0, 0, 0, 1, 0, 0, 0]",True,"[0, 0, 0, 0, 0, 0, 0, 0, 0, 0]",2.0,112,0.22903885480572597,61.627261218128766,0,0,1,2,"[-4, 2, 5, 7, -1, -5, -4, 2, 2, -4]","[0, 0, 0, 1, 0, 0, 0]",True,20,20,True,False,True,True,0,False,False,False,False,False,False,False,True,True,True,True,True,True,False,False,False,"[-4, 2, 5, 7, -1, -5, -4, 2, 2, -4]",0,0,0,0,0,120.64778683299664,7.979199290275574e-05,120.39565441699233,0.006230375001905486,20,20,"[('(0, 0, 0, 0, 0, 0, 0, 0, 0, 0)', 112), ('(0, 0, 0, 0, -1, 0, 0, 0, 0, 0)', 34), ('(-1, 0, 0, 0, 0, 0, 0, 0, 0, 0)', 25), ('(0, 0, -1, 0, 0, 0, 0, 0, 0, 0)', 23), ('(0, 0, 0, 0, 0, 0, 0, 0, 0, -1)', 22), ('(0, 0, 0, 0, 0, 0, -1, 0, 0, 0)', 17), ('(0, 0, 0, 0, 0, 0, 0, 0, 1, 0)', 14), ('(0, 0, 0, 1, 0, 0, 0, 0, 0, 0)', 14), ('(0, 0, 0, 0, 0, 0, 0, 1, 0, 0)', 13), ('(0, 0, 0, 1, -1, 0, 0, 0, 0, 0)', 9)]",5
7,10,17,43,"[-1, 0, 0, 0, 0, 0, -1]","[16, 0, 0, 0, 0, 0, 16]","[0, -1, 0, -1, 0, 0, 0, -1, 0, 0]","[5, 8, -8, -3, -7, -7, 5, 6, 4, -1]","[0, -1, 0, -1, 0, 0, 0, -1, 0, 0]",3.0,"[16, 0, 0, 0, 0, 0, 16]",True,"[0, 0, 0, 0, 0, 0, 0, 0, 0, 0]",3.0,"[5, 8, -8, -3, -7, -7, 5, 6, 4, -1]","[16, 0, 0, 0, 0, 0, 16]",True,"[0, 0, 0, 0, 0, 0, 0, 0, 0, 0]",3.0,0,"[5, 8, -8, -3, -7, -7, 5, 6, 4, -1]","[16, 0, 0, 0, 0, 0, 16]",True,"[0, 0, 0, 0, 0, 0, 0, 0, 0, 0]",3.0,"[5, 8, -8, -3, -7, -7, 5, 6, 4, -1]","[16, 0, 0, 0, 0, 0, 16]",True,"[0, 0, 0, 0, 0, 0, 0, 0, 0, 0]",3.0,133,0.2703252032520325,52.66021602000491,0,0,2,3,"[5, 8, -8, -3, -7, -7, 5, 6, 4, -1]","[16, 0, 0, 0, 0, 0, 16]",True,20,20,True,False,True,True,0,False,False,False,False,False,False,False,True,True,True,True,True,True,False,False,False,"[5, 8, -8, -3, -7, -7, 5, 6, 4, -1]",0,0,0,0,0,120.4661388329987,9.366701124235988e-05,120.22172795800725,0.00613637498463504,20,20,"[('(0, 0, 0, 0, 0, 0, 0, 0, 0, 0)', 133), ('(0, 0, 0, 1, 0, 0, 0, 0, 0, 0)', 37), ('(0, 0, 0, 0, 0, 0, 0, 1, 0, 0)', 25), ('(0, 0, -1, 0, 0, 0, 0, 0, 0, 0)', 18), ('(0, -1, 0, 0, 0, 0, 0, 0, 0, 0)', 17), ('(0, 0, 0, 0, 0, 0, 0, 0, 0, 1)', 16), ('(0, 0, 0, 0, 0, 1, 0, 0, 0, 0)', 15), ('(0, 0, 0, 0, 1, 0, 0, 0, 0, 0)', 15), ('(0, 0, 0, 1, 0, 0, 0, 1, 0, 0)', 10), ('(0, 0, 0, 1, 0, 0, 0, 0, 0, 1)', 9)]",5
7,10,17,44,"[-1, 1, 0, 0, -1, 1, 0]","[16, 1, 0, 0, 16, 1, 0]","[0, 1, 0, 1, 1, 0, 0, 0, 0, 0]","[3, -4, 2, -9, 6, 7, 0, 0, -8, -6]","[0, 1, 0, 1, 1, 0, 0, 0, 0, 0]",3.0,"[16, 1, 0, 0, 16, 1, 0]",True,"[0, 0, 0, 0, 0, 0, 0, 0, 0, 0]",3.0,"[3, -4, 2, -9, 6, 7, 0, 0, -8, -6]","[16, 1, 0, 0, 16, 1, 0]",True,"[0, 0, 0, 0, 0, 0, 0, 0, 0, 0]",3.0,0,"[3, -4, 2, -9, 6, 7, 0, 0, -8, -6]","[16, 1, 0, 0, 16, 1, 0]",True,"[0, 0, 0, 0, 0, 0, 0, 0, 0, 0]",3.0,"[3, -4, 2, -9, 6, 7, 0, 0, -8, -6]","[16, 1, 0, 0, 16, 1, 0]",True,"[0, 0, 0, 0, 0, 0, 0, 0, 0, 0]",3.0,104,0.21311475409836064,12.684603964984248,0,0,4,3,"[3, -4, 2, -9, 6, 7, 0, 0, -8, -6]","[16, 1, 0, 0, 16, 1, 0]",True,20,20,True,False,True,True,0,False,False,False,False,False,False,False,True,True,True,True,True,True,False,False,False,"[3, -4, 2, -9, 6, 7, 0, 0, -8, -6]",0,0,0,0,0,121.02049404202262,0.00011058300151489675,120.771900791995,0.007999416993698105,20,20,"[('(0, 0, 0, 0, 0, 0, 0, 0, 0, 0)', 104), ('(0, 0, 0, 0, 0, 0, -1, 0, 0, 0)', 25), ('(0, 0, 0, 0, 0, 0, 0, 0, 1, 0)', 21), ('(0, 0, 0, 1, 0, 0, 0, 0, 0, 0)', 21), ('(0, 0, 1, 0, 0, 0, 0, 0, 0, 0)', 20), ('(0, 0, 0, 0, 0, 1, 0, 0, 0, 0)', 20), ('(0, 1, 0, 0, 0, 0, 0, 0, 0, 0)', 17), ('(0, 0, 0, 0, 0, 0, 0, 0, 0, 1)', 16), ('(0, 0, 0, 0, 0, 0, 0, 1, 0, 0)', 15), ('(0, 0, 0, 0, 0, 0, -1, 1, 0, 0)', 8)]",5
7,10,17,46,"[0, -1, 0, -1, 0, 0, -1]","[0, 16, 0, 16, 0, 0, 16]","[0, 0, 0, 1, 0, 0, 0, 0, 0, 0]","[-3, -8, 1, 0, -6, 5, -2, -4, -6, -3]","[0, 0, 0, 1, 0, 0, 0, 0, 0, 0]",1.0,"[0, 16, 0, 16, 0, 0, 16]",True,"[0, 0, 0, 0, 0, 0, 0, 0, 0, 0]",1.0,"[-3, -8, 1, 0, -6, 5, -2, -4, -6, -3]","[0, 16, 0, 16, 0, 0, 16]",True,"[0, 0, 0, 0, 0, 0, 0, 0, 0, 0]",1.0,0,"[-3, -8, 1, 0, -6, 5, -2, -4, -6, -3]","[0, 16, 0, 16, 0, 0, 16]",True,"[0, 0, 0, 0, 0, 0, 0, 0, 0, 0]",1.0,"[-3, -8, 1, 0, -6, 5, -2, -4, -6, -3]","[0, 16, 0, 16, 0, 0, 16]",True,"[0, 0, 0, 0, 0, 0, 0, 0, 0, 0]",1.0,197,0.39478957915831664,30.52117329693055,0,0,3,1,"[-3, -8, 1, 0, -6, 5, -2, -4, -6, -3]","[0, 16, 0, 16, 0, 0, 16]",True,20,20,True,False,True,True,0,False,False,False,False,False,False,False,True,True,True,True,True,True,False,False,False,"[-3, -8, 1, 0, -6, 5, -2, -4, -6, -3]",0,0,0,0,0,125.39474329198129,9.41669859457761e-05,125.1511761249858,0.0069658329884987324,20,20,"[('(0, 0, 0, 0, 0, 0, 0, 0, 0, 0)', 197), ('(0, 0, 0, 0, 0, 0, 0, -1, 0, 0)', 47), ('(0, 1, 0, 0, 0, 0, 0, 0, 0, 0)', 36), ('(-1, 0, 0, 0, 0, 0, 0, 0, 0, 0)', 34), ('(0, 0, 1, 0, 0, 0, 0, 0, 0, 0)', 33), ('(-1, 1, 0, 0, 0, 0, 0, 0, 0, 0)', 8), ('(0, 0, 0, 0, 0, 0, 0, 0, -1, 0)', 7), ('(-1, 0, 0, 0, 0, 0, 0, -1, 0, 0)', 7), ('(-1, 0, 1, 0, 0, 0, 0, 0, 0, 0)', 7), ('(0, 0, 0, 0, 0, 0, 0, 1, 0, 0)', 6)]",5
7,10,17,45,"[1, 0, -1, 0, -1, -1, 1]","[1, 0, 16, 0, 16, 16, 1]","[0, 0, 0, -1, 1, 0, 0, 0, 0, 0]","[-6, -4, -3, -6, -6, -3, -4, -1, 2, -3]","[0, 0, 0, -1, 1, 0, 0, 0, 0, 0]",2.0,"[1, 0, 16, 0, 16, 16, 1]",True,"[-1, 0, 0, 0, 0, 0, 0, 0, 0, 0]",2.0,"[-7, -4, -3, -7, -5, -3, -5, -1, 2, -3]","[14, 9, 7, 5, 6, 7, 10]",False,"[0, 0, 0, 0, 0, 0, 0, 0, 0, 0]",2.0,0,"[-6, -4, -3, -6, -6, -3, -4, -1, 2, -3]","[1, 0, 16, 0, 16, 16, 1]",True,"[0, 0, 0, 0, 0, 0, 0, 0, 0, 0]",2.0,"[-6, -4, -3, -6, -6, -3, -4, -1, 2, -3]","[1, 0, 16, 0, 16, 16, 1]",True,"[0, 0, 0, 0, 0, 0, 0, 0, 0, 0]",2.0,154,0.31237322515212984,21.595657488308078,0,0,5,2,"[-6, -4, -3, -6, -6, -3, -4, -1, 2, -3]","[1, 0, 16, 0, 16, 16, 1]",True,20,20,True,False,True,True,0,False,True,False,False,False,False,False,False,True,False,True,False,True,False,False,False,"[-6, -4, -3, -6, -6, -3, -4, -1, 2, -3]",0,4,0,0,0,125.59207204199629,7.599999662488699e-05,125.35298287498881,0.007371500018052757,20,20,"[('(0, 0, 0, 0, 0, 0, 0, 0, 0, 0)', 154), ('(0, 0, 0, 0, 0, 0, -1, 0, 0, 0)', 38), ('(-1, 0, 0, 0, 0, 0, 0, 0, 0, 0)', 33), ('(0, 0, 0, 0, 0, 0, 0, 0, 0, -1)', 32), ('(0, 0, 0, 0, 0, 0, 0, 0, -1, 0)', 29), ('(0, 0, 0, -1, 0, 0, 0, 0, 0, 0)', 23), ('(-1, 0, 0, -1, 0, 0, 0, 0, 0, 0)', 12), ('(-1, 0, 0, 0, 0, 0, 0, 0, -1, 0)', 10), ('(-1, 0, 0, 0, 0, 0, -1, 0, 0, 0)', 9), ('(-1, 0, 0, 0, 0, 0, 0, 0, 0, -1)', 8)]",5
7,10,17,47,"[1, 0, 0, 0, 1, 1, 1]","[1, 0, 0, 0, 1, 1, 1]","[-1, 0, 0, -1, -1, 0, 0, -1, 1, 0]","[-2, 6, 5, -4, 1, -7, 5, 7, -8, -2]","[0, 0, -1, 0, -1, 0, 1, 0, 0, 0]",3.0,"[15, 15, 15, 2, 8, 7, 15]",False,"[0, 0, 0, 0, 0, 0, 0, 0, 0, 0]",3.0,"[-2, 6, 5, -4, 1, -7, 5, 7, -8, -2]","[15, 15, 15, 2, 8, 7, 15]",False,"[0, 0, 0, 0, 0, 0, 0, 0, 0, 0]",3.0,0,"[-2, 6, 5, -4, 1, -7, 5, 7, -8, -2]","[15, 15, 15, 2, 8, 7, 15]",False,"[0, 0, 0, 0, 0, 0, 0, 0, 0, 0]",3.0,"[-2, 6, 5, -4, 1, -7, 5, 7, -8, -2]","[15, 15, 15, 2, 8, 7, 15]",False,"[0, 0, -1, 0, 0, 0, 0, 0, 0, 0]",5.0,20,0.04106776180698152,34.945547756227654,0,0,4,5,"[-1, 6, 4, -3, 1, -7, 6, 8, -9, -2]","[1, 0, 0, 0, 1, 1, 1]",True,20,20,True,True,True,True,0,False,False,False,False,False,True,True,True,True,True,True,False,False,False,False,True,"[-1, 6, 4, -3, 1, -7, 6, 8, -9, -2]",6,6,6,6,0,126.56043054201291,7.662500138394535e-05,126.31644729198888,0.010137958015548065,20,20,"[('(0, 0, 0, 0, 0, 0, 0, 0, 0, 0)', 72), ('(0, 0, 0, 0, 0, 0, 0, 0, 0, 1)', 23), ('(0, 0, -1, 0, 0, 0, 0, 0, 0, 0)', 20), ('(0, 0, 0, 0, 1, 0, 0, 0, 0, 0)', 18), ('(0, 0, 0, -1, 0, 0, 0, 0, 0, 0)', 18), ('(0, 0, 0, 0, 0, 0, 0, 0, 1, 0)', 15), ('(0, -1, 0, 0, 0, 0, 0, 0, 0, 0)', 14), ('(0, 0, 0, 0, 0, 0, -1, 0, 0, 0)', 14), ('(0, 0, 0, 0, 0, -1, 0, 0, 0, 0)', 12), ('(0, 0, 0, 0, 0, 0, 0, 1, 0, 0)', 11)]",5
7,10,17,48,"[1, 1, 0, -1, 0, 0, 0]","[1, 1, 0, 16, 0, 0, 0]","[-1, 0, -1, 1, -1, 0, 0, 0, 0, 1]","[-2, -5, -3, 1, -3, 3, -7, -3, 6, -1]","[-1, 0, -1, 1, -1, 0, 0, 0, 0, 1]",5.0,"[1, 1, 0, 16, 0, 0, 0]",True,"[0, 0, 0, 0, 0, 0, 0, 0, 0, 0]",5.0,"[-2, -5, -3, 1, -3, 3, -7, -3, 6, -1]","[1, 1, 0, 16, 0, 0, 0]",True,"[0, 0, 0, 0, 0, 0, 0, 0, 0, 0]",5.0,0,"[-2, -5, -3, 1, -3, 3, -7, -3, 6, -1]","[1, 1, 0, 16, 0, 0, 0]",True,"[0, 0, 0, 0, 0, 0, 0, 0, 0, 0]",5.0,"[-2, -5, -3, 1, -3, 3, -7, -3, 6, -1]","[1, 1, 0, 16, 0, 0, 0]",True,"[0, 0, 0, 0, 0, 0, 0, 0, 0, 0]",5.0,138,0.2804878048780488,54.75655260668693,0,0,3,5,"[-2, -5, -3, 1, -3, 3, -7, -3, 6, -1]","[1, 1, 0, 16, 0, 0, 0]",True,20,20,True,False,True,True,0,False,False,False,False,False,False,False,True,True,True,True,True,True,False,False,False,"[-2, -5, -3, 1, -3, 3, -7, -3, 6, -1]",0,0,0,0,0,125.978018875001,7.633300265297294e-05,125.74097020798945,0.007524791988544166,20,20,"[('(0, 0, 0, 0, 0, 0, 0, 0, 0, 0)', 138), ('(0, 0, 0, 0, -1, 0, 0, 0, 0, 0)', 44), ('(0, 0, 0, 0, 0, 0, 0, 0, 0, 1)', 30), ('(0, 0, 1, 0, 0, 0, 0, 0, 0, 0)', 29), ('(0, 0, 0, 0, 0, 0, 0, 1, 0, 0)', 20), ('(0, 0, 0, 0, 0, 1, 0, 0, 0, 0)', 17), ('(0, 0, 0, 1, 0, 0, 0, 0, 0, 0)', 15), ('(0, 0, 0, 0, 0, 0, 1, 0, 0, 0)', 13), ('(0, 0, 1, 0, -1, 0, 0, 0, 0, 0)', 13), ('(0, 0, 1, 0, 0, 0, 0, 0, 0, 1)', 11)]",5
7,10,17,49,"[0, 1, 0, 0, 0, 0, 0]","[0, 1, 0, 0, 0, 0, 0]","[0, 1, 0, 0, 0, 1, 0, 0, 1, 0]","[6, -2, -1, 1, -2, -6, 6, 6, -3, 7]","[0, 1, 0, 0, 0, 1, 0, 0, 1, 0]",3.0,"[0, 1, 0, 0, 0, 0, 0]",True,"[0, 0, 0, 0, 0, 0, 0, 0, 0, 0]",3.0,"[6, -2, -1, 1, -2, -6, 6, 6, -3, 7]","[0, 1, 0, 0, 0, 0, 0]",True,"[0, 0, 0, 0, 0, 0, 0, 0, 0, 0]",3.0,0,"[6, -2, -1, 1, -2, -6, 6, 6, -3, 7]","[0, 1, 0, 0, 0, 0, 0]",True,"[0, 0, 0, 0, 0, 0, 0, 0, 0, 0]",3.0,"[6, -2, -1, 1, -2, -6, 6, 6, -3, 7]","[0, 1, 0, 0, 0, 0, 0]",True,"[0, 0, 0, 0, 0, 0, 0, 0, 0, 0]",3.0,104,0.2101010101010101,72.68460396498425,0,0,1,3,"[6, -2, -1, 1, -2, -6, 6, 6, -3, 7]","[0, 1, 0, 0, 0, 0, 0]",True,20,20,True,False,True,True,0,False,False,False,False,False,False,False,True,True,True,True,True,True,False,False,False,"[6, -2, -1, 1, -2, -6, 6, 6, -3, 7]",0,0,0,0,0,126.27915399998892,6.808299804106355e-05,126.03634016701835,0.0076709579734597355,20,20,"[('(0, 0, 0, 0, 0, 0, 0, 0, 0, 0)', 104), ('(0, -1, 0, 0, 0, 0, 0, 0, 0, 0)', 27), ('(0, 0, 0, 0, 1, 0, 0, 0, 0, 0)', 21), ('(1, 0, 0, 0, 0, 0, 0, 0, 0, 0)', 20), ('(0, 0, 0, 0, 0, 0, 0, 0, 1, 0)', 18), ('(0, 0, 0, 0, 0, 0, 0, -1, 0, 0)', 18), ('(0, 0, 0, 0, 0, 1, 0, 0, 0, 0)', 14), ('(0, 0, 1, 0, 0, 0, 0, 0, 0, 0)', 14), ('(0, 0, 0, 0, 0, 0, -1, 0, 0, 0)', 13), ('(0, -1, 0, 0, 1, 0, 0, 0, 0, 0)', 8)]",5
7,10,17,51,"[-1, 1, 0, -1, -1, 0, 0]","[16, 1, 0, 16, 16, 0, 0]","[1, 0, 1, 0, 1, -1, -1, 0, -1, 0]","[2, -8, -3, 8, 8, -2, -6, -5, 1, 3]","[-1, 0, 0, 0, -1, 1, 0, 1, 0, 0]",4.0,"[4, 10, 11, 13, 16, 15, 12]",False,"[0, 0, 0, 0, 0, 0, 0, 0, 0, 0]",4.0,"[2, -8, -3, 8, 8, -2, -6, -5, 1, 3]","[4, 10, 11, 13, 16, 15, 12]",False,"[0, 0, 0, 0, 0, 0, 0, 0, 0, 0]",4.0,0,"[2, -8, -3, 8, 8, -2, -6, -5, 1, 3]","[4, 10, 11, 13, 16, 15, 12]",False,"[0, 0, 0, 0, 0, 0, 0, 0, 0, 0]",4.0,"[2, -8, -3, 8, 8, -2, -6, -5, 1, 3]","[4, 10, 11, 13, 16, 15, 12]",False,"[0, 0, 0, 0, 0, -1, 0, 0, 0, 0]",8.0,27,0.05510204081632653,5108.066779548982,5,0,6,8,"[1, -7, -2, 7, 8, 0, -6, -5, 2, 2]","[3, 3, 0, 4, 13, 2, 16]",False,20,20,False,True,True,True,10,False,False,False,False,False,False,False,True,True,True,True,False,False,False,False,True,"[0, -8, -4, 8, 6, 0, -5, -4, 2, 3]",16,16,16,16,14,127.71510775000206,9.854199015535414e-05,127.45880574997864,0.009133792016655207,20,20,"[('(0, 0, 0, 0, 0, 0, 0, 0, 0, 0)', 116), ('(0, 0, -1, 0, 0, 0, 0, 0, 0, 0)', 30), ('(0, 0, 0, 0, 0, 0, 1, 0, 0, 0)', 28), ('(0, 0, 0, 0, 0, -1, 0, 0, 0, 0)', 27), ('(0, 0, 0, 0, 0, 0, 0, -1, 0, 0)', 17), ('(0, 1, 0, 0, 0, 0, 0, 0, 0, 0)', 16), ('(0, 0, 0, 1, 0, 0, 0, 0, 0, 0)', 15), ('(0, 0, 0, 0, -1, 0, 0, 0, 0, 0)', 15), ('(-1, 0, 0, 0, 0, 0, 0, 0, 0, 0)', 14), ('(0, 0, 0, 0, 0, 0, 0, 0, 0, 1)', 11)]",5
7,10,17,50,"[-1, -1, 0, 0, 0, 1, 1]","[16, 16, 0, 0, 0, 1, 1]","[-1, 0, 1, 0, 0, 0, 0, 0, 1, 0]","[2, -1, 8, 5, -1, 2, -5, 6, 2, -5]","[1, 0, 0, -1, 0, 0, 0, 0, 0, 1]",3.0,"[9, 9, 15, 11, 16, 10, 1]",False,"[0, 0, 0, 0, 0, 0, 0, 0, -1, 0]",3.0,"[4, -1, 7, 4, -1, 2, -5, 6, 1, -4]","[16, 16, 0, 0, 0, 1, 1]",True,"[0, 0, 0, 0, 0, 0, 0, 0, 0, 0]",3.0,0,"[2, -1, 8, 5, -1, 2, -5, 6, 2, -5]","[9, 9, 15, 11, 16, 10, 1]",False,"[0, 0, 0, 0, 0, 0, 0, 0, 0, 0]",3.0,"[2, -1, 8, 5, -1, 2, -5, 6, 2, -5]","[9, 9, 15, 11, 16, 10, 1]",False,"[0, 0, 0, 0, 0, 0, 0, 0, -1, 0]",3.0,25,0.05112474437627812,12.824190346197852,0,0,4,3,"[4, -1, 7, 4, -1, 2, -5, 6, 1, -4]","[16, 16, 0, 0, 0, 1, 1]",True,20,20,True,True,True,True,0,False,True,True,False,False,True,True,False,True,False,True,True,True,False,False,True,"[4, -1, 7, 4, -1, 2, -5, 6, 1, -4]",8,0,8,8,0,127.96262262499658,8.800000068731606e-05,127.69277437499841,0.008203250006772578,20,20,"[('(0, 0, 0, 0, 0, 0, 0, 0, 0, 0)', 123), ('(0, 0, 0, 0, 0, 0, 0, 0, -1, 0)', 25), ('(0, 1, 0, 0, 0, 0, 0, 0, 0, 0)', 25), ('(-1, 0, 0, 0, 0, 0, 0, 0, 0, 0)', 24), ('(0, 0, 0, 0, 1, 0, 0, 0, 0, 0)', 21), ('(0, 0, 0, 0, 0, 0, 0, 0, 0, -1)', 17), ('(0, 0, 0, 0, 0, 0, -1, 0, 0, 0)', 17), ('(0, 0, 0, 0, 0, 1, 0, 0, 0, 0)', 15), ('(0, 0, 0, -1, 0, 0, 0, 0, 0, 0)', 15), ('(0, 0, 0, 0, 0, 0, 0, -1, 0, 0)', 11)]",5
7,10,17,52,"[0, 0, 0, -1, -1, 0, 1]","[0, 0, 0, 16, 16, 0, 1]","[0, 0, 0, 0, 0, 1, 0, 0, 0, 0]","[-3, 3, 7, -4, -8, 2, -7, -6, 8, 2]","[0, 0, 0, 0, 0, 1, 0, 0, 0, 0]",1.0,"[0, 0, 0, 16, 16, 0, 1]",True,"[0, 0, 0, 0, 0, 0, 0, 0, 0, 0]",1.0,"[-3, 3, 7, -4, -8, 2, -7, -6, 8, 2]","[0, 0, 0, 16, 16, 0, 1]",True,"[0, 0, 0, 0, 0, 0, 0, 0, 0, 0]",1.0,0,"[-3, 3, 7, -4, -8, 2, -7, -6, 8, 2]","[0, 0, 0, 16, 16, 0, 1]",True,"[0, 0, 0, 0, 0, 0, 0, 0, 0, 0]",1.0,"[-3, 3, 7, -4, -8, 2, -7, -6, 8, 2]","[0, 0, 0, 16, 16, 0, 1]",True,"[0, 0, 0, 0, 0, 0, 0, 0, 0, 0]",1.0,91,0.1868583162217659,30.597821142295096,0,0,3,1,"[-3, 3, 7, -4, -8, 2, -7, -6, 8, 2]","[0, 0, 0, 16, 16, 0, 1]",True,20,20,True,False,True,True,0,False,False,False,False,False,False,False,True,True,True,True,True,True,False,False,False,"[-3, 3, 7, -4, -8, 2, -7, -6, 8, 2]",0,0,0,0,0,128.29775829199934,9.774998761713505e-05,128.03652525000507,0.00750220799818635,20,20,"[('(0, 0, 0, 0, 0, 0, 0, 0, 0, 0)', 91), ('(0, 0, 0, 0, 0, 0, 0, 0, 0, -1)', 24), ('(0, 0, 0, 1, 0, 0, 0, 0, 0, 0)', 23), ('(0, 1, 0, 0, 0, 0, 0, 0, 0, 0)', 23), ('(0, 0, 0, 0, 0, 0, 0, -1, 0, 0)', 22), ('(0, 0, 0, 0, 0, 0, 0, 0, 1, 0)', 19), ('(0, 0, -1, 0, 0, 0, 0, 0, 0, 0)', 15), ('(0, 0, 0, 0, 0, 0, 1, 0, 0, 0)', 11), ('(-1, 0, 0, 0, 0, 0, 0, 0, 0, 0)', 11), ('(0, 0, 0, 1, 0, 0, 0, -1, 0, 0)', 9)]",5
7,10,17,53,"[-1, 1, 0, 0, 0, 0, 0]","[16, 1, 0, 0, 0, 0, 0]","[0, -1, -1, 1, 0, 0, 0, 0, 0, 0]","[5, 8, 8, -5, -3, 8, -3, -5, -1, -5]","[0, -1, -1, 1, 0, 0, 0, 0, 0, 0]",3.0,"[16, 1, 0, 0, 0, 0, 0]",True,"[0, 0, 0, 0, 0, 0, 0, 0, 0, 0]",3.0,"[5, 8, 8, -5, -3, 8, -3, -5, -1, -5]","[16, 1, 0, 0, 0, 0, 0]",True,"[0, 0, 0, 0, 0, 0, 0, 0, 0, 0]",3.0,0,"[5, 8, 8, -5, -3, 8, -3, -5, -1, -5]","[16, 1, 0, 0, 0, 0, 0]",True,"[0, 0, 0, 0, 0, 0, 0, 0, 0, 0]",3.0,"[5, 8, 8, -5, -3, 8, -3, -5, -1, -5]","[16, 1, 0, 0, 0, 0, 0]",True,"[0, 0, 0, 0, 0, 0, 0, 0, 0, 0]",3.0,122,0.24796747967479674,52.668781564462755,0,0,2,3,"[5, 8, 8, -5, -3, 8, -3, -5, -1, -5]","[16, 1, 0, 0, 0, 0, 0]",True,20,20,True,False,True,True,0,False,False,False,False,False,False,False,True,True,True,True,True,True,False,False,False,"[5, 8, 8, -5, -3, 8, -3, -5, -1, -5]",0,0,0,0,0,128.06517583300592,9.704101830720901e-05,127.80562029199791,0.009125416981987655,20,20,"[('(0, 0, 0, 0, 0, 0, 0, 0, 0, 0)', 122), ('(-1, 0, 0, 0, 0, 0, 0, 0, 0, 0)', 38), ('(0, 0, 0, 0, 0, 0, 0, 0, 0, 1)', 28), ('(0, 0, 0, 0, 0, 0, 0, 0, -1, 0)', 24), ('(0, 0, 0, 0, 0, 1, 0, 0, 0, 0)', 19), ('(0, 0, 0, 0, 0, 0, 0, 1, 0, 0)', 19), ('(0, 1, 0, 0, 0, 0, 0, 0, 0, 0)', 17), ('(0, 0, 0, 0, 0, 0, -1, 0, 0, 0)', 15), ('(0, 0, 0, 0, 1, 0, 0, 0, 0, 0)', 9), ('(-1, 0, 0, 0, 0, 1, 0, 0, 0, 0)', 8)]",5
7,10,17,54,"[-1, -1, 0, 1, -1, 0, 1]","[16, 16, 0, 1, 16, 0, 1]","[0, 0, 0, 0, 0, 0, 0, 0, 0, 0]","[6, -7, -8, 2, 6, 2, 8, 6, 3, 1]","[0, 0, 0, 0, 0, 0, 0, 0, 0, 0]",0.0,"[16, 16, 0, 1, 16, 0, 1]",True,"[0, 0, 0, 0, 0, 0, 0, 0, 0, 0]",0.0,"[6, -7, -8, 2, 6, 2, 8, 6, 3, 1]","[16, 16, 0, 1, 16, 0, 1]",True,"[0, 0, 0, 0, 0, 0, 0, 0, 0, 0]",0.0,0,"[6, -7, -8, 2, 6, 2, 8, 6, 3, 1]","[16, 16, 0, 1, 16, 0, 1]",True,"[0, 0, 0, 0, 0, 0, 0, 0, 0, 0]",0.0,"[6, -7, -8, 2, 6, 2, 8, 6, 3, 1]","[16, 16, 0, 1, 16, 0, 1]",True,"[0, 0, 0, 0, 0, 0, 0, 0, 0, 0]",0.0,358,0.7188755020080321,39.41166776115117,0,0,5,0,"[6, -7, -8, 2, 6, 2, 8, 6, 3, 1]","[16, 16, 0, 1, 16, 0, 1]",True,20,20,True,False,True,True,0,False,False,False,False,False,False,False,True,True,True,True,True,True,False,False,False,"[6, -7, -8, 2, 6, 2, 8, 6, 3, 1]",0,0,0,0,0,126.93495395799982,8.858399814926088e-05,126.67025495899725,0.0073730419971980155,20,20,"[('(0, 0, 0, 0, 0, 0, 0, 0, 0, 0)', 358), ('(1, 0, 0, 0, 0, 0, 0, 0, 0, 0)', 15), ('(0, 0, 0, 0, 0, 0, 0, 1, 0, 0)', 9), ('(0, 0, 0, 0, 0, 0, 0, 0, 0, 1)', 8), ('(0, -1, 0, 0, 0, 0, 0, 0, 0, 0)', 8), ('(-1, 0, 0, 0, 0, 0, 0, 0, 0, 0)', 8), ('(0, 0, 0, 0, 0, -1, 0, 0, 0, 0)', 7), ('(0, 0, 0, 1, 0, 0, 0, 0, 0, 0)', 7), ('(0, 0, 0, 0, 0, 0, 0, -1, 0, 0)', 6), ('(0, 0, 0, 0, 0, 0, 1, 0, 0, 0)', 6)]",5
7,10,17,55,"[0, 0, 1, 0, -1, 0, 1]","[0, 0, 1, 0, 16, 0, 1]","[0, 0, 0, 1, 0, 0, -1, 0, 0, 0]","[5, 7, 8, -2, -4, 0, -2, 3, -3, -4]","[0, 0, 0, 1, 0, 0, -1, 0, 0, 0]",2.0,"[0, 0, 1, 0, 16, 0, 1]",True,"[0, 0, 0, 0, 0, 0, 0, 0, 0, 0]",2.0,"[5, 7, 8, -2, -4, 0, -2, 3, -3, -4]","[0, 0, 1, 0, 16, 0, 1]",True,"[0, 0, 0, 0, 0, 0, 0, 0, 0, 0]",2.0,0,"[5, 7, 8, -2, -4, 0, -2, 3, -3, -4]","[0, 0, 1, 0, 16, 0, 1]",True,"[0, 0, 0, 0, 0, 0, 0, 0, 0, 0]",2.0,"[5, 7, 8, -2, -4, 0, -2, 3, -3, -4]","[0, 0, 1, 0, 16, 0, 1]",True,"[0, 0, 0, 0, 0, 0, 0, 0, 0, 0]",2.0,114,0.23076923076923078,21.625506787163676,0,0,3,2,"[5, 7, 8, -2, -4, 0, -2, 3, -3, -4]","[0, 0, 1, 0, 16, 0, 1]",True,20,20,True,False,True,True,0,False,False,False,False,False,False,False,True,True,True,True,True,True,False,False,False,"[5, 7, 8, -2, -4, 0, -2, 3, -3, -4]",0,0,0,0,0,141.28673350001918,9.941699681803584e-05,141.0230640830123,0.007822332991054282,20,20,"[('(0, 0, 0, 0, 0, 0, 0, 0, 0, 0)', 114), ('(0, 1, 0, 0, 0, 0, 0, 0, 0, 0)', 36), ('(0, 0, 0, 0, 0, 0, 0, 1, 0, 0)', 24), ('(0, 0, 0, 1, 0, 0, 0, 0, 0, 0)', 24), ('(0, 0, 0, 0, -1, 0, 0, 0, 0, 0)', 23), ('(0, 0, 0, 0, 0, 0, 0, 0, 0, -1)', 19), ('(-1, 0, 0, 0, 0, 0, 0, 0, 0, 0)', 17), ('(0, 0, 0, 0, 0, 0, 0, 0, -1, 0)', 14), ('(0, 0, -1, 0, 0, 0, 0, 0, 0, 0)', 11), ('(0, 0, 0, 0, -1, 0, 0, 1, 0, 0)', 10)]",5
7,10,17,56,"[0, 1, 0, 0, 0, 0, 0]","[0, 1, 0, 0, 0, 0, 0]","[0, 0, 0, 0, 0, 0, 0, 0, 0, 1]","[-5, 0, 6, 5, -3, -8, -8, 1, -3, 0]","[0, 0, 0, 0, 0, 0, 0, 0, 0, 1]",1.0,"[0, 1, 0, 0, 0, 0, 0]",True,"[0, 0, 0, 0, 0, 0, 0, 0, 0, 0]",1.0,"[-5, 0, 6, 5, -3, -8, -8, 1, -3, 0]","[0, 1, 0, 0, 0, 0, 0]",True,"[0, 0, 0, 0, 0, 0, 0, 0, 0, 0]",1.0,0,"[-5, 0, 6, 5, -3, -8, -8, 1, -3, 0]","[0, 1, 0, 0, 0, 0, 0]",True,"[0, 0, 0, 0, 0, 0, 0, 0, 0, 0]",1.0,"[-5, 0, 6, 5, -3, -8, -8, 1, -3, 0]","[0, 1, 0, 0, 0, 0, 0]",True,"[0, 0, 0, 0, 0, 0, 0, 0, 0, 0]",1.0,124,0.2515212981744422,70.56716862626976,0,0,1,1,"[-5, 0, 6, 5, -3, -8, -8, 1, -3, 0]","[0, 1, 0, 0, 0, 0, 0]",True,20,20,True,False,True,True,0,False,False,False,False,False,False,False,True,True,True,True,True,True,False,False,False,"[-5, 0, 6, 5, -3, -8, -8, 1, -3, 0]",0,0,0,0,0,141.49234191598953,0.00010891599231399596,141.22344741699635,0.007869041000958532,20,20,"[('(0, 0, 0, 0, 0, 0, 0, 0, 0, 0)', 124), ('(0, 1, 0, 0, 0, 0, 0, 0, 0, 0)', 28), ('(0, 0, 0, 0, 0, 0, 0, 0, 0, 1)', 26), ('(0, 0, -1, 0, 0, 0, 0, 0, 0, 0)', 25), ('(0, 0, 0, 0, -1, 0, 0, 0, 0, 0)', 24), ('(0, 0, 0, 0, 0, 0, 0, 0, -1, 0)', 19), ('(0, 0, 0, 0, 0, 0, 1, 0, 0, 0)', 19), ('(0, 0, 0, 0, 0, 1, 0, 0, 0, 0)', 18), ('(0, 1, 0, 0, 0, 0, 0, 0, 0, 1)', 7), ('(0, 0, 0, 0, 0, 0, 1, 0, 0, 1)', 6)]",5
7,10,17,58,"[1, 0, -1, 0, 0, -1, 0]","[1, 0, 16, 0, 0, 16, 0]","[0, 0, 0, 0, 0, 0, 0, 0, 1, 1]","[-5, 2, -5, -7, 4, 8, -4, -1, -2, -5]","[0, 0, 0, 0, 0, 0, 0, 0, 1, 1]",2.0,"[1, 0, 16, 0, 0, 16, 0]",True,"[0, 0, 0, 0, 0, 0, 0, 0, 0, 0]",2.0,"[-5, 2, -5, -7, 4, 8, -4, -1, -2, -5]","[1, 0, 16, 0, 0, 16, 0]",True,"[0, 0, 0, 0, 0, 0, 0, 0, 0, 0]",2.0,0,"[-5, 2, -5, -7, 4, 8, -4, -1, -2, -5]","[1, 0, 16, 0, 0, 16, 0]",True,"[0, 0, 0, 0, 0, 0, 0, 0, 0, 0]",2.0,"[-5, 2, -5, -7, 4, 8, -4, -1, -2, -5]","[1, 0, 16, 0, 0, 16, 0]",True,"[0, 0, 0, 0, 0, 0, 0, 0, 0, 0]",2.0,202,0.4080808080808081,21.56867940209582,0,0,3,2,"[-5, 2, -5, -7, 4, 8, -4, -1, -2, -5]","[1, 0, 16, 0, 0, 16, 0]",True,20,20,True,False,True,True,0,False,False,False,False,False,False,False,True,True,True,True,True,True,False,False,False,"[-5, 2, -5, -7, 4, 8, -4, -1, -2, -5]",0,0,0,0,0,141.1645024169993,9.416701504960656e-05,140.89271345801535,0.008446082996670157,20,20,"[('(0, 0, 0, 0, 0, 0, 0, 0, 0, 0)', 202), ('(0, 0, 0, 0, 0, 0, 0, 0, 0, -1)', 41), ('(0, 0, 0, 0, 0, 0, -1, 0, 0, 0)', 27), ('(0, 0, 0, 0, -1, 0, 0, 0, 0, 0)', 22), ('(0, 0, 0, 0, 0, 1, 0, 0, 0, 0)', 20), ('(0, 0, 0, 0, 0, 0, 0, 0, 1, 0)', 17), ('(0, 0, 0, 1, 0, 0, 0, 0, 0, 0)', 17), ('(0, 0, 0, 0, 0, 0, -1, 0, 0, -1)', 12), ('(0, 0, 0, 1, 0, 0, 0, 0, 0, -1)', 7), ('(0, 0, 0, 0, 0, 0, 0, 0, 0, 1)', 6)]",5
7,10,17,59,"[-1, 0, 1, 0, 0, -1, 0]","[16, 0, 1, 0, 0, 16, 0]","[0, -1, 0, 0, 0, 0, 0, -1, 0, 0]","[-2, -1, 3, 1, -3, -4, 2, 9, -3, 4]","[0, -1, 0, 0, 0, 0, 0, -1, 0, 0]",2.0,"[16, 0, 1, 0, 0, 16, 0]",True,"[0, 0, 0, 0, 0, 0, 0, 0, 0, 0]",2.0,"[-2, -1, 3, 1, -3, -4, 2, 9, -3, 4]","[16, 0, 1, 0, 0, 16, 0]",True,"[0, 0, 0, 0, 0, 0, 0, 0, 0, 0]",2.0,0,"[-2, -1, 3, 1, -3, -4, 2, 9, -3, 4]","[16, 0, 1, 0, 0, 16, 0]",True,"[0, 0, 0, 0, 0, 0, 0, 0, 0, 0]",2.0,"[-2, -1, 3, 1, -3, -4, 2, 9, -3, 4]","[16, 0, 1, 0, 0, 16, 0]",True,"[0, 0, 0, 0, 0, 0, 0, 0, 0, 0]",2.0,148,0.3014256619144603,21.599605369405456,0,0,3,2,"[-2, -1, 3, 1, -3, -4, 2, 9, -3, 4]","[16, 0, 1, 0, 0, 16, 0]",True,20,20,True,False,True,True,0,False,False,False,False,False,False,False,True,True,True,True,True,True,False,False,False,"[-2, -1, 3, 1, -3, -4, 2, 9, -3, 4]",0,0,0,0,0,141.07385375001468,0.00012245899415574968,140.7992852909956,0.006975000025704503,20,20,"[('(0, 0, 0, 0, 0, 0, 0, 0, 0, 0)', 148), ('(0, 0, 0, 0, 0, -1, 0, 0, 0, 0)', 46), ('(0, 0, 0, 0, 0, 0, 0, 0, 0, -1)', 15), ('(0, 0, 0, 0, 0, 0, 1, 0, 0, 0)', 15), ('(0, 0, 0, 0, 0, 0, 0, 1, 0, 0)', 14), ('(0, 0, 1, 0, 0, 0, 0, 0, 0, 0)', 13), ('(0, 0, 0, 0, 0, 0, 0, 0, -1, 0)', 13), ('(1, 0, 0, 0, 0, 0, 0, 0, 0, 0)', 13), ('(0, -1, 0, 0, 0, 0, 0, 0, 0, 0)', 10), ('(0, 0, 0, 0, -1, 0, 0, 0, 0, 0)', 9)]",5
7,10,17,57,"[0, 0, -1, 1, 0, 0, -1]","[0, 0, 16, 1, 0, 0, 16]","[0, -1, 0, 0, 0, 0, 0, 0, 0, 0]","[-4, -3, 5, 2, 8, -4, 8, 2, 8, 4]","[0, -1, 0, 0, 0, 0, 0, 0, 0, 0]",1.0,"[0, 0, 16, 1, 0, 0, 16]",True,"[0, 0, 0, 0, 0, 0, 0, 0, 0, 0]",1.0,"[-4, -3, 5, 2, 8, -4, 8, 2, 8, 4]","[0, 0, 16, 1, 0, 0, 16]",True,"[0, 0, 0, 0, 0, 0, 0, 0, 0, 0]",1.0,0,"[-4, -3, 5, 2, 8, -4, 8, 2, 8, 4]","[0, 0, 16, 1, 0, 0, 16]",True,"[0, 0, 0, 0, 0, 0, 0, 0, 0, 0]",1.0,"[-4, -3, 5, 2, 8, -4, 8, 2, 8, 4]","[0, 0, 16, 1, 0, 0, 16]",True,"[0, 0, 0, 0, 0, 0, 0, 0, 0, 0]",1.0,85,0.17418032786885246,30.60456527037465,0,0,3,1,"[-4, -3, 5, 2, 8, -4, 8, 2, 8, 4]","[0, 0, 16, 1, 0, 0, 16]",True,20,20,True,False,True,True,0,False,False,False,False,False,False,False,True,True,True,True,True,True,False,False,False,"[-4, -3, 5, 2, 8, -4, 8, 2, 8, 4]",0,0,0,0,0,141.64845812501153,9.979098103940487e-05,141.38949974998832,0.007001874997513369,20,20,"[('(0, 0, 0, 0, 0, 0, 0, 0, 0, 0)', 85), ('(1, 0, 0, 0, 0, 0, 0, 0, 0, 0)', 30), ('(0, -1, 0, 0, 0, 0, 0, 0, 0, 0)', 27), ('(0, 0, 0, 0, 0, 0, 1, 0, 0, 0)', 25), ('(0, 0, 0, 0, 0, 0, 0, 1, 0, 0)', 24), ('(0, 0, 0, 0, 1, 0, 0, 0, 0, 0)', 22), ('(0, 0, 0, 0, 0, 1, 0, 0, 0, 0)', 20), ('(0, 0, 0, -1, 0, 0, 0, 0, 0, 0)', 20), ('(1, 0, 0, 0, 1, 0, 0, 0, 0, 0)', 10), ('(0, 0, 0, -1, 0, 0, 0, 1, 0, 0)', 9)]",5
7,10,17,60,"[0, -1, 0, -1, 0, 1, 0]","[0, 16, 0, 16, 0, 1, 0]","[1, 0, 1, 1, 0, 0, -1, -1, 0, 0]","[-3, 5, 0, -8, 6, -1, 1, -7, 1, 2]","[-1, 0, 1, 0, 0, 1, -1, -1, 0, 0]",5.0,"[11, 2, 9, 3, 10, 1, 11]",False,"[-1, 0, 0, 0, 0, 0, 0, 0, 0, 0]",5.0,"[-3, 4, 0, -8, 7, 0, 0, -7, 1, 2]","[12, 16, 16, 3, 4, 14, 12]",False,"[0, 0, 0, 0, 0, 0, 0, 0, 0, 0]",5.0,0,"[-3, 5, 0, -8, 6, -1, 1, -7, 1, 2]","[11, 2, 9, 3, 10, 1, 11]",False,"[0, 0, 0, 0, 0, 0, 0, 0, 0, 0]",5.0,"[-3, 5, 0, -8, 6, -1, 1, -7, 1, 2]","[11, 2, 9, 3, 10, 1, 11]",False,"[0, 0, 1, 0, 0, 0, 0, 0, 0, 0]",5.0,19,0.038696537678207736,54.9504267726446,0,0,3,5,"[-5, 5, 0, -9, 6, 0, 1, -7, 1, 2]","[0, 16, 0, 16, 0, 1, 0]",True,20,20,True,True,True,True,0,False,True,False,False,False,True,True,False,True,False,True,False,True,False,False,True,"[-5, 5, 0, -9, 6, 0, 1, -7, 1, 2]",6,8,6,6,0,122.56541091701365,0.00010391601244919002,122.3190947920084,0.006160583987366408,20,20,"[('(0, 0, 0, 0, 0, 0, 0, 0, 0, 0)', 161), ('(0, 0, 0, 0, 0, 0, 0, 0, 0, 1)', 51), ('(0, 0, 0, 0, 0, 0, 0, 1, 0, 0)', 33), ('(0, 0, 0, 0, 0, 0, 0, 0, -1, 0)', 28), ('(0, 0, 1, 0, 0, 0, 0, 0, 0, 0)', 19), ('(-1, 0, 0, 0, 0, 0, 0, 0, 0, 0)', 13), ('(0, -1, 0, 0, 0, 0, 0, 0, 0, 0)', 10), ('(0, 0, 0, 1, 0, 0, 0, 0, 0, 0)', 7), ('(0, 0, 0, 0, 1, 0, 0, 0, 0, 0)', 6), ('(0, 0, 0, 0, 0, 0, 0, 1, 0, 1)', 5)]",5
7,10,17,61,"[0, -1, -1, 0, 0, 0, 1]","[0, 16, 16, 0, 0, 0, 1]","[0, 0, 0, 0, 1, 0, 0, 0, -1, 0]","[-6, 6, 0, -8, 3, 0, -8, -2, -9, -7]","[0, 1, 0, 0, 0, 0, 0, -1, 1, 1]",4.0,"[3, 2, 2, 9, 14, 16, 12]",False,"[-1, 0, 0, -1, 0, 0, 0, 0, -1, 0]",2.0,"[-6, 7, 0, -8, 2, 0, -8, -3, -7, -6]","[0, 16, 16, 0, 0, 0, 1]",True,"[0, 0, 0, 0, 0, 0, 0, 0, 0, 0]",4.0,0,"[-6, 6, 0, -8, 3, 0, -8, -2, -9, -7]","[3, 2, 2, 9, 14, 16, 12]",False,"[0, 0, 0, 0, 0, 0, 0, 0, 0, 0]",4.0,"[-6, 6, 0, -8, 3, 0, -8, -2, -9, -7]","[3, 2, 2, 9, 14, 16, 12]",False,"[0, 0, 0, 0, 0, 0, 0, 0, 0, -1]",13.0,6,0.012145748987854251,6083.455408985094,5,1,6,5,"[-5, 6, 0, -8, 3, 1, -7, -3, -8, -9]","[1, 0, 14, 2, 12, 13, 4]",False,20,20,False,False,False,False,8,True,True,True,False,False,False,False,False,False,False,False,False,False,False,False,False,"[-6, 7, 0, -8, 2, 0, -8, -3, -7, -6]",8,0,8,8,15,122.71315420800238,9.808302274905145e-05,122.4619641249883,0.006437167001422495,20,20,"[('(0, 0, 0, 0, 0, 0, 0, 0, 0, 0)', 121), ('(0, 0, 0, -1, 0, 0, 0, 0, 0, 0)', 39), ('(0, 0, 0, 0, 0, 0, 0, 1, 0, 0)', 32), ('(0, 0, 0, 0, 0, 1, 0, 0, 0, 0)', 28), ('(0, 1, 0, 0, 0, 0, 0, 0, 0, 0)', 24), ('(-1, 0, 0, 0, 0, 0, 0, 0, 0, 0)', 21), ('(0, 0, 0, 0, 0, 0, 1, 0, 0, 0)', 19), ('(0, 0, 0, 0, 0, 0, 0, 0, -1, 0)', 16), ('(-1, 0, 0, 0, 0, 1, 0, 0, 0, 0)', 11), ('(0, 0, 0, 0, 0, 1, 0, 1, 0, 0)', 8)]",5
7,10,17,62,"[1, 0, 0, -1, -1, 1, 0]","[1, 0, 0, 16, 16, 1, 0]","[0, 0, 1, -1, 0, 0, 1, 0, 0, 0]","[-5, 0, -3, -6, 5, -5, -7, 7, 0, -5]","[0, 0, 1, -1, 0, 0, 1, 0, 0, 0]",3.0,"[1, 0, 0, 16, 16, 1, 0]",True,"[0, 0, 0, 0, 0, 0, 0, 0, 0, 0]",3.0,"[-5, 0, -3, -6, 5, -5, -7, 7, 0, -5]","[1, 0, 0, 16, 16, 1, 0]",True,"[0, 0, 0, 0, 0, 0, 0, 0, 0, 0]",3.0,0,"[-5, 0, -3, -6, 5, -5, -7, 7, 0, -5]","[1, 0, 0, 16, 16, 1, 0]",True,"[0, 0, 0, 0, 0, 0, 0, 0, 0, 0]",3.0,"[-5, 0, -3, -6, 5, -5, -7, 7, 0, -5]","[1, 0, 0, 16, 16, 1, 0]",True,"[0, 0, 0, 0, 0, 0, 0, 0, 0, 0]",3.0,120,0.24390243902439024,12.670420945440327,0,0,4,3,"[-5, 0, -3, -6, 5, -5, -7, 7, 0, -5]","[1, 0, 0, 16, 16, 1, 0]",True,20,20,True,False,True,True,0,False,False,False,False,False,False,False,True,True,True,True,True,True,False,False,False,"[-5, 0, -3, -6, 5, -5, -7, 7, 0, -5]",0,0,0,0,0,122.59199820901267,8.299999171867967e-05,122.33717154199257,0.006232250016182661,20,20,"[('(0, 0, 0, 0, 0, 0, 0, 0, 0, 0)', 120), ('(0, 0, 0, 0, 0, 0, 0, 0, -1, 0)', 33), ('(0, 0, 0, 0, 0, 0, 1, 0, 0, 0)', 28), ('(0, 0, 0, 0, 1, 0, 0, 0, 0, 0)', 27), ('(-1, 0, 0, 0, 0, 0, 0, 0, 0, 0)', 24), ('(0, 0, 0, 0, 0, -1, 0, 0, 0, 0)', 23), ('(0, 0, 0, 1, 0, 0, 0, 0, 0, 0)', 15), ('(0, -1, 0, 0, 0, 0, 0, 0, 0, 0)', 10), ('(-1, 0, 0, 0, 0, 0, 0, 0, -1, 0)', 9), ('(0, 0, 0, 0, 1, 0, 0, 0, -1, 0)', 7)]",5
7,10,17,63,"[0, -1, 1, 0, 0, 0, 0]","[0, 16, 1, 0, 0, 0, 0]","[0, 1, 1, -1, -1, 0, 0, -1, -1, 0]","[6, 1, 2, 3, -5, -5, -6, 0, 0, -7]","[0, 0, 0, 1, 1, -1, 0, 0, 1, 1]",5.0,"[5, 11, 1, 4, 11, 13, 11]",False,"[0, 0, 0, -1, 0, 0, 1, 0, 0, 0]",5.0,"[7, 2, 2, 4, -4, -6, -7, -1, 0, -6]","[9, 2, 11, 12, 0, 6, 3]",False,"[0, 0, 0, 0, 0, 0, 0, 0, 0, 0]",5.0,0,"[6, 1, 2, 3, -5, -5, -6, 0, 0, -7]","[5, 11, 1, 4, 11, 13, 11]",False,"[0, 0, 0, 0, 0, 0, 0, 0, 0, 0]",5.0,"[6, 1, 2, 3, -5, -5, -6, 0, 0, -7]","[5, 11, 1, 4, 11, 13, 11]",False,"[0, 0, 0, -1, 0, 0, 1, 0, 0, 0]",5.0,6,0.012170385395537525,6075.055408985095,6,0,6,5,"[7, 2, 2, 4, -4, -6, -7, -1, 0, -6]","[9, 2, 11, 12, 0, 6, 3]",False,20,20,False,True,True,True,13,False,True,False,False,False,False,False,False,True,False,True,True,True,False,False,False,"[6, 0, 1, 5, -3, -6, -6, 1, 2, -6]",17,17,17,17,17,122.77897879199008,8.012499893084168e-05,122.52923883398762,0.006456500006606802,20,20,"[('(0, 0, 0, 0, 0, 0, 0, 0, 0, 0)', 116), ('(0, 0, 0, 0, 0, 0, 0, -1, 0, 0)', 39), ('(0, 0, 0, 0, 0, 0, 1, 0, 0, 0)', 29), ('(0, 0, -1, 0, 0, 0, 0, 0, 0, 0)', 28), ('(0, 1, 0, 0, 0, 0, 0, 0, 0, 0)', 25), ('(0, 0, 0, -1, 0, 0, 0, 0, 0, 0)', 22), ('(0, 0, 0, 0, 0, 0, 0, 0, -1, 0)', 16), ('(0, 0, 0, 0, 0, 0, 0, 0, 0, 1)', 15), ('(0, 0, 0, -1, 0, 0, 0, -1, 0, 0)', 9), ('(0, 0, -1, 0, 0, 0, 1, 0, 0, 0)', 9)]",5
7,10,17,64,"[0, -1, 0, 1, 1, 0, 1]","[0, 16, 0, 1, 1, 0, 1]","[-1, 0, 0, -1, 1, 0, 0, 0, 0, 0]","[-5, 6, -6, -1, -1, -4, 0, -7, 3, -5]","[0, 0, 1, 0, 0, -1, -1, 0, 1, 1]",5.0,"[4, 13, 15, 3, 12, 0, 7]",False,"[1, 0, 0, 0, 0, 0, 1, 0, 0, 0]",3.0,"[-4, 6, -5, 0, -2, -5, -1, -7, 4, -4]","[0, 16, 0, 1, 1, 0, 1]",True,"[0, 0, 0, 0, 0, 0, 0, 0, 0, 0]",5.0,0,"[-5, 6, -6, -1, -1, -4, 0, -7, 3, -5]","[4, 13, 15, 3, 12, 0, 7]",False,"[1, 0, 0, 0, 0, 0, 1, 0, 0, 0]",3.0,"[-4, 6, -5, 0, -2, -5, -1, -7, 4, -4]","[0, 16, 0, 1, 1, 0, 1]",True,"[1, 0, 0, 0, 0, 0, 1, 0, 0, 0]",3.0,5,0.010080645161290322,12.970824053077195,0,0,4,3,"[-4, 6, -5, 0, -2, -5, -1, -7, 4, -4]","[0, 16, 0, 1, 1, 0, 1]",True,20,20,True,True,True,True,0,True,True,True,False,True,True,True,False,False,True,True,True,True,False,True,True,"[-4, 6, -5, 0, -2, -5, -1, -7, 4, -4]",8,0,8,0,0,122.75294770800974,9.17089928407222e-05,122.49896141601494,0.006377749989042059,20,20,"[('(0, 0, 0, 0, 0, 0, 0, 0, 0, 0)', 149), ('(0, 0, 0, 0, 0, 0, 1, 0, 0, 0)', 42), ('(0, 1, 0, 0, 0, 0, 0, 0, 0, 0)', 35), ('(0, 0, 0, 0, 0, 1, 0, 0, 0, 0)', 21), ('(0, 0, 0, 0, 0, 0, 0, 0, 0, 1)', 17), ('(0, 0, 0, 1, 0, 0, 0, 0, 0, 0)', 17), ('(1, 0, 0, 0, 0, 0, 0, 0, 0, 0)', 17), ('(0, 0, 0, 1, 0, 0, 1, 0, 0, 0)', 8), ('(0, 0, 0, 0, 0, 0, 1, 0, 0, 1)', 6), ('(0, 1, 0, 0, 0, 0, 0, 0, 0, 1)', 6)]",5
7,10,17,65,"[0, -1, -1, 1, 0, 0, 1]","[0, 16, 16, 1, 0, 0, 1]","[0, 0, -1, 0, -1, 0, 0, 0, 0, 1]","[-4, -4, 7, 0, -7, 5, 0, 1, -7, -2]","[0, 0, -1, 0, -1, 0, 0, 0, 0, 1]",3.0,"[0, 16, 16, 1, 0, 0, 1]",True,"[0, 0, 0, 0, 0, 0, 0, 0, 0, 0]",3.0,"[-4, -4, 7, 0, -7, 5, 0, 1, -7, -2]","[0, 16, 16, 1, 0, 0, 1]",True,"[0, 0, 0, 0, 0, 0, 0, 0, 0, 0]",3.0,0,"[-4, -4, 7, 0, -7, 5, 0, 1, -7, -2]","[0, 16, 16, 1, 0, 0, 1]",True,"[0, 0, 0, 0, 0, 0, 0, 0, 0, 0]",3.0,"[-4, -4, 7, 0, -7, 5, 0, 1, -7, -2]","[0, 16, 16, 1, 0, 0, 1]",True,"[0, 0, 0, 0, 0, 0, 0, 0, 0, 0]",3.0,122,0.24897959183673468,12.668781564462758,0,0,4,3,"[-4, -4, 7, 0, -7, 5, 0, 1, -7, -2]","[0, 16, 16, 1, 0, 0, 1]",True,20,20,True,False,True,True,0,False,False,False,False,False,False,False,True,True,True,True,True,True,False,False,False,"[-4, -4, 7, 0, -7, 5, 0, 1, -7, -2]",0,0,0,0,0,128.24222437501885,8.670901297591627e-05,127.9881808749924,0.0076680420024786144,20,20,"[('(0, 0, 0, 0, 0, 0, 0, 0, 0, 0)', 122), ('(0, -1, 0, 0, 0, 0, 0, 0, 0, 0)', 34), ('(0, 0, 0, 0, -1, 0, 0, 0, 0, 0)', 26), ('(0, 0, 0, -1, 0, 0, 0, 0, 0, 0)', 25), ('(0, 0, 0, 0, 0, 0, 0, 1, 0, 0)', 20), ('(0, 0, 0, 0, 0, 0, 0, 0, -1, 0)', 18), ('(0, 0, 0, 0, 0, 0, 0, 0, 0, 1)', 16), ('(0, 0, -1, 0, 0, 0, 0, 0, 0, 0)', 12), ('(0, 0, 0, 0, 0, 0, -1, 0, 0, 0)', 12), ('(0, -1, 0, 0, 0, 0, 0, 1, 0, 0)', 9)]",5
7,10,17,66,"[0, 0, 1, 1, 0, -1, -1]","[0, 0, 1, 1, 0, 16, 16]","[0, 1, 0, -1, 0, -1, 0, -1, 0, 0]","[2, -5, 7, 3, 1, 3, 5, -5, -8, -1]","[0, 1, 0, -1, 0, -1, 0, -1, 0, 0]",4.0,"[0, 0, 1, 1, 0, 16, 16]",True,"[0, 0, 0, 0, 0, 0, 0, 0, 0, 0]",4.0,"[2, -5, 7, 3, 1, 3, 5, -5, -8, -1]","[0, 0, 1, 1, 0, 16, 16]",True,"[0, 0, 0, 0, 0, 0, 0, 0, 0, 0]",4.0,0,"[2, -5, 7, 3, 1, 3, 5, -5, -8, -1]","[0, 0, 1, 1, 0, 16, 16]",True,"[0, 0, 0, 0, 0, 0, 0, 0, 0, 0]",4.0,"[2, -5, 7, 3, 1, 3, 5, -5, -8, -1]","[0, 0, 1, 1, 0, 16, 16]",True,"[0, 0, 0, 0, 0, 0, 0, 0, 0, 0]",4.0,119,0.24236252545824846,23.721250825721796,0,0,4,4,"[2, -5, 7, 3, 1, 3, 5, -5, -8, -1]","[0, 0, 1, 1, 0, 16, 16]",True,20,20,True,False,True,True,0,False,False,False,False,False,False,False,True,True,True,True,True,True,False,False,False,"[2, -5, 7, 3, 1, 3, 5, -5, -8, -1]",0,0,0,0,0,128.15997204199084,9.066599886864424e-05,127.912327500002,0.007661999989068136,20,20,"[('(0, 0, 0, 0, 0, 0, 0, 0, 0, 0)', 119), ('(0, 0, 0, 0, 1, 0, 0, 0, 0, 0)', 34), ('(0, 0, 0, 0, 0, 0, 0, 0, 0, -1)', 29), ('(0, 0, 0, 0, 0, 0, 0, 0, -1, 0)', 27), ('(0, 0, 0, 0, 0, -1, 0, 0, 0, 0)', 22), ('(0, 0, 0, 0, 0, 0, 1, 0, 0, 0)', 21), ('(0, 0, 0, -1, 0, 0, 0, 0, 0, 0)', 19), ('(0, 0, 0, 0, 1, 0, 0, 0, 0, -1)', 10), ('(0, 0, 0, 0, 1, 0, 0, 0, -1, 0)', 10), ('(1, 0, 0, 0, 0, 0, 0, 0, 0, 0)', 9)]",5
7,10,17,69,"[0, 0, 1, 0, -1, 0, -1]","[0, 0, 1, 0, 16, 0, 16]","[0, 0, 0, 0, 0, 0, 0, 0, 0, 0]","[8, 3, -6, 1, -2, -6, -2, -7, 6, 0]","[0, 0, 0, 0, 0, 0, 0, 0, 0, 0]",0.0,"[0, 0, 1, 0, 16, 0, 16]",True,"[0, 0, 0, 0, 0, 0, 0, 0, 0, 0]",0.0,"[8, 3, -6, 1, -2, -6, -2, -7, 6, 0]","[0, 0, 1, 0, 16, 0, 16]",True,"[0, 0, 0, 0, 0, 0, 0, 0, 0, 0]",0.0,0,"[8, 3, -6, 1, -2, -6, -2, -7, 6, 0]","[0, 0, 1, 0, 16, 0, 16]",True,"[0, 0, 0, 0, 0, 0, 0, 0, 0, 0]",0.0,"[8, 3, -6, 1, -2, -6, -2, -7, 6, 0]","[0, 0, 1, 0, 16, 0, 16]",True,"[0, 0, 0, 0, 0, 0, 0, 0, 0, 0]",0.0,340,0.6841046277665996,39.41681175227165,0,0,3,0,"[8, 3, -6, 1, -2, -6, -2, -7, 6, 0]","[0, 0, 1, 0, 16, 0, 16]",True,20,20,True,False,True,True,0,False,False,False,False,False,False,False,True,True,True,True,True,True,False,False,False,"[8, 3, -6, 1, -2, -6, -2, -7, 6, 0]",0,0,0,0,0,127.53866266697878,8.912498014979064e-05,127.29813529198873,0.008149333007168025,20,20,"[('(0, 0, 0, 0, 0, 0, 0, 0, 0, 0)', 340), ('(0, 1, 0, 0, 0, 0, 0, 0, 0, 0)', 13), ('(0, 0, 0, 0, -1, 0, 0, 0, 0, 0)', 12), ('(0, 0, 0, 1, 0, 0, 0, 0, 0, 0)', 12), ('(0, 0, 0, 0, 0, 0, 0, 0, 1, 0)', 9), ('(0, 0, 0, 0, 0, 0, -1, 0, 0, 0)', 9), ('(0, 0, 0, 0, 0, 0, 0, 0, 0, 1)', 8), ('(0, -1, 0, 0, 0, 0, 0, 0, 0, 0)', 8), ('(-1, 0, 0, 0, 0, 0, 0, 0, 0, 0)', 8), ('(0, 0, 0, 0, 0, 0, 0, 1, 0, 0)', 7)]",5
7,10,17,67,"[0, 0, 0, 0, -1, 0, 0]","[0, 0, 0, 0, 16, 0, 0]","[0, 1, 0, 0, 0, 0, -1, -1, 0, -1]","[-8, -5, -2, 4, -7, -5, 3, 4, -4, -4]","[1, -1, 0, 0, 0, 0, 1, -1, 0, 0]",4.0,"[10, 5, 16, 3, 1, 2, 13]",False,"[0, 0, -1, 1, 0, 0, 0, 0, 0, 0]",4.0,"[-7, -7, -2, 4, -7, -5, 5, 4, -4, -3]","[0, 0, 0, 0, 16, 0, 0]",True,"[0, 0, 0, 0, 0, 0, 0, 0, 0, 0]",4.0,0,"[-8, -5, -2, 4, -7, -5, 3, 4, -4, -4]","[10, 5, 16, 3, 1, 2, 13]",False,"[0, 0, 0, 0, 0, 0, 0, 0, 0, 0]",4.0,"[-8, -5, -2, 4, -7, -5, 3, 4, -4, -4]","[10, 5, 16, 3, 1, 2, 13]",False,"[0, 0, -1, 1, 0, 0, 0, 0, 0, 0]",4.0,8,0.016293279022403257,83.98027754226638,0,0,1,4,"[-7, -7, -2, 4, -7, -5, 5, 4, -4, -3]","[0, 0, 0, 0, 16, 0, 0]",True,20,20,True,True,True,True,0,False,True,True,False,False,True,True,False,True,False,True,True,True,False,False,True,"[-7, -7, -2, 4, -7, -5, 5, 4, -4, -3]",10,0,10,10,0,128.18847416699282,9.824999142438173e-05,127.94586550001986,0.007693082996411249,20,20,"[('(0, 0, 0, 0, 0, 0, 0, 0, 0, 0)', 122), ('(0, 0, 0, 0, 0, 0, 0, 1, 0, 0)', 41), ('(0, 0, -1, 0, 0, 0, 0, 0, 0, 0)', 32), ('(0, 0, 0, 0, -1, 0, 0, 0, 0, 0)', 31), ('(0, 0, 0, 1, 0, 0, 0, 0, 0, 0)', 28), ('(0, 0, 0, 0, 0, 0, 0, 0, -1, 0)', 22), ('(0, 0, 0, 0, 0, 0, 0, 0, 0, -1)', 16), ('(0, 0, 0, 0, 0, -1, 0, 0, 0, 0)', 13), ('(0, 0, -1, 0, -1, 0, 0, 0, 0, 0)', 9), ('(0, 0, -1, 1, 0, 0, 0, 0, 0, 0)', 8)]",5
7,10,17,68,"[-1, 0, 0, 0, 1, 0, 0]","[16, 0, 0, 0, 1, 0, 0]","[0, 0, 0, 0, 0, -1, 0, 1, 0, 1]","[-3, 1, -4, -3, 7, 6, -8, -6, -5, 4]","[0, 0, 0, 0, 0, -1, 0, 1, 0, 1]",3.0,"[16, 0, 0, 0, 1, 0, 0]",True,"[0, 0, 0, 0, 0, 0, 0, 0, 0, 0]",3.0,"[-3, 1, -4, -3, 7, 6, -8, -6, -5, 4]","[16, 0, 0, 0, 1, 0, 0]",True,"[0, 0, 0, 0, 0, 0, 0, 0, 0, 0]",3.0,0,"[-3, 1, -4, -3, 7, 6, -8, -6, -5, 4]","[16, 0, 0, 0, 1, 0, 0]",True,"[0, 0, 0, 0, 0, 0, 0, 0, 0, 0]",3.0,"[-3, 1, -4, -3, 7, 6, -8, -6, -5, 4]","[16, 0, 0, 0, 1, 0, 0]",True,"[0, 0, 0, 0, 0, 0, 0, 0, 0, 0]",3.0,128,0.25963488843813387,52.66401875956383,0,0,2,3,"[-3, 1, -4, -3, 7, 6, -8, -6, -5, 4]","[16, 0, 0, 0, 1, 0, 0]",True,20,20,True,False,True,True,0,False,False,False,False,False,False,False,True,True,True,True,True,True,False,False,False,"[-3, 1, -4, -3, 7, 6, -8, -6, -5, 4]",0,0,0,0,0,128.91623962498852,0.00010154099436476827,128.66197129100328,0.009063790988875553,20,20,"[('(0, 0, 0, 0, 0, 0, 0, 0, 0, 0)', 128), ('(0, 0, 0, 0, 0, 0, 1, 0, 0, 0)', 31), ('(0, 0, 1, 0, 0, 0, 0, 0, 0, 0)', 29), ('(0, 0, 0, 0, 0, 0, 0, 0, 0, 1)', 22), ('(0, 0, 0, 0, 0, 0, 0, 0, 1, 0)', 19), ('(0, 0, 0, 0, -1, 0, 0, 0, 0, 0)', 19), ('(0, 0, 0, 1, 0, 0, 0, 0, 0, 0)', 16), ('(0, 1, 0, 0, 0, 0, 0, 0, 0, 0)', 16), ('(0, 0, 1, 0, -1, 0, 0, 0, 0, 0)', 10), ('(0, 0, 0, 1, 0, 0, 0, 0, 0, 1)', 8)]",5
7,10,17,70,"[1, 0, 0, 1, 0, -1, 0]","[1, 0, 0, 1, 0, 16, 0]","[-1, 0, 0, 0, 0, 1, 0, 0, 0, -1]","[0, 3, 3, 5, 4, 1, -8, -6, -2, 3]","[-1, -1, 0, 0, -1, 0, 0, 0, -1, 1]",5.0,"[8, 11, 0, 9, 9, 15, 8]",False,"[-1, 1, 1, 0, 0, 0, -1, 1, 0, 0]",3.0,"[0, 2, 3, 5, 3, 0, -8, -6, -3, 5]","[1, 0, 0, 1, 0, 16, 0]",True,"[0, 0, 0, 0, 0, 0, 0, 0, 0, 0]",5.0,0,"[0, 3, 3, 5, 4, 1, -8, -6, -2, 3]","[8, 11, 0, 9, 9, 15, 8]",False,"[0, 0, 0, 0, 0, 0, 0, 0, 0, 0]",5.0,"[0, 3, 3, 5, 4, 1, -8, -6, -2, 3]","[8, 11, 0, 9, 9, 15, 8]",False,"[-1, 0, 0, 0, 0, 0, 0, 0, 0, 0]",9.0,6,0.012170385395537525,5099.255408985095,5,0,5,9,"[0, 2, 2, 6, 4, 2, -9, -7, -2, 3]","[3, 0, 11, 3, 3, 0, 3]",False,20,20,False,False,False,False,8,True,True,True,False,False,False,False,False,False,False,False,False,False,False,False,False,"[0, 2, 3, 5, 3, 0, -8, -6, -3, 5]",8,0,8,8,14,136.0691020829836,0.00010350000229664147,135.80631733400514,0.00848133399267681,20,20,"[('(0, 0, 0, 0, 0, 0, 0, 0, 0, 0)', 128), ('(0, 0, 0, 1, 0, 0, 0, 0, 0, 0)', 34), ('(0, 1, 0, 0, 0, 0, 0, 0, 0, 0)', 28), ('(0, 0, 0, 0, 0, -1, 0, 0, 0, 0)', 28), ('(0, 0, 1, 0, 0, 0, 0, 0, 0, 0)', 23), ('(0, 0, 0, 0, 0, 0, 0, 0, -1, 0)', 14), ('(0, 0, 0, 0, -1, 0, 0, 0, 0, 0)', 14), ('(0, 0, 0, 0, 0, 0, 0, -1, 0, 0)', 11), ('(0, 1, 0, 0, 0, -1, 0, 0, 0, 0)', 9), ('(0, 0, 0, 1, 0, -1, 0, 0, 0, 0)', 7)]",5
7,10,17,71,"[1, 0, 1, 1, -1, 1, -1]","[1, 0, 1, 1, 16, 1, 16]","[0, 0, 0, 1, 0, 0, -1, 0, 0, 1]","[-4, 4, 7, -2, 0, -6, -8, 0, -5, 8]","[0, -1, 0, 0, -1, 0, 1, -1, 0, 0]",4.0,"[8, 15, 12, 13, 6, 4, 15]",False,"[0, 0, 0, 0, 1, -1, 0, 0, 0, 0]",3.0,"[-4, 3, 7, -3, -1, -6, -6, -1, -5, 7]","[1, 0, 1, 1, 16, 1, 16]",True,"[0, 0, 0, 0, 0, 0, 0, 0, 0, 0]",4.0,0,"[-4, 4, 7, -2, 0, -6, -8, 0, -5, 8]","[8, 15, 12, 13, 6, 4, 15]",False,"[0, 0, 0, 0, 1, -1, 0, 0, 0, 0]",3.0,"[-4, 3, 7, -3, -1, -6, -6, -1, -5, 7]","[1, 0, 1, 1, 16, 1, 16]",True,"[0, 0, 0, 0, 1, -1, 0, 0, 0, 0]",3.0,6,0.012096774193548387,52.955408985094465,0,0,6,3,"[-4, 3, 7, -3, -1, -6, -6, -1, -5, 7]","[1, 0, 1, 1, 16, 1, 16]",True,20,20,True,True,True,True,0,True,True,True,False,True,True,True,False,False,True,True,True,True,False,True,True,"[-4, 3, 7, -3, -1, -6, -6, -1, -5, 7]",9,0,9,0,0,135.80920829199022,0.00010158400982618332,135.5410622920026,0.006667208013823256,20,20,"[('(0, 0, 0, 0, 0, 0, 0, 0, 0, 0)', 137), ('(0, 0, 1, 0, 0, 0, 0, 0, 0, 0)', 44), ('(0, 0, 0, 0, 1, 0, 0, 0, 0, 0)', 32), ('(1, 0, 0, 0, 0, 0, 0, 0, 0, 0)', 29), ('(0, 0, 0, 0, 0, -1, 0, 0, 0, 0)', 23), ('(0, 0, 0, 0, 0, 0, 1, 0, 0, 0)', 18), ('(0, 0, 0, 1, 0, 0, 0, 0, 0, 0)', 15), ('(0, 0, 0, 0, 0, 0, 0, -1, 0, 0)', 12), ('(0, 0, 1, 0, 0, -1, 0, 0, 0, 0)', 8), ('(0, 0, 1, 0, 1, 0, 0, 0, 0, 0)', 7)]",5
7,10,17,72,"[-1, 0, 1, -1, 0, -1, 0]","[16, 0, 1, 16, 0, 16, 0]","[0, 0, 0, 0, 0, 0, 0, 0, 0, 0]","[8, -5, -7, 5, 8, 8, 4, -3, -1, -8]","[0, 0, 0, 0, 0, 0, 0, 0, 0, 0]",0.0,"[16, 0, 1, 16, 0, 16, 0]",True,"[0, 0, 0, 0, 0, 0, 0, 0, 0, 0]",0.0,"[8, -5, -7, 5, 8, 8, 4, -3, -1, -8]","[16, 0, 1, 16, 0, 16, 0]",True,"[0, 0, 0, 0, 0, 0, 0, 0, 0, 0]",0.0,0,"[8, -5, -7, 5, 8, 8, 4, -3, -1, -8]","[16, 0, 1, 16, 0, 16, 0]",True,"[0, 0, 0, 0, 0, 0, 0, 0, 0, 0]",0.0,"[8, -5, -7, 5, 8, 8, 4, -3, -1, -8]","[16, 0, 1, 16, 0, 16, 0]",True,"[0, 0, 0, 0, 0, 0, 0, 0, 0, 0]",0.0,363,0.7289156626506024,19.410284613236325,0,0,4,0,"[8, -5, -7, 5, 8, 8, 4, -3, -1, -8]","[16, 0, 1, 16, 0, 16, 0]",True,20,20,True,False,True,True,0,False,False,False,False,False,False,False,True,True,True,True,True,True,False,False,False,"[8, -5, -7, 5, 8, 8, 4, -3, -1, -8]",0,0,0,0,0,135.46861350000836,9.508401853963733e-05,135.2085238750151,0.0075217919948045164,20,20,"[('(0, 0, 0, 0, 0, 0, 0, 0, 0, 0)', 363), ('(0, -1, 0, 0, 0, 0, 0, 0, 0, 0)', 9), ('(0, 0, 0, 0, 0, 0, 0, 0, 1, 0)', 8), ('(0, 0, 0, 0, 0, 1, 0, 0, 0, 0)', 8), ('(0, 0, 0, 0, 0, 0, -1, 0, 0, 0)', 8), ('(0, 0, 0, 0, 0, 0, 1, 0, 0, 0)', 7), ('(1, 0, 0, 0, 0, 0, 0, 0, 0, 0)', 7), ('(0, 0, 0, 0, -1, 0, 0, 0, 0, 0)', 6), ('(0, 0, 1, 0, 0, 0, 0, 0, 0, 0)', 6), ('(0, 0, 0, 0, 1, 0, 0, 0, 0, 0)', 6)]",5
7,10,17,74,"[1, 1, 1, 0, 1, 0, 1]","[1, 1, 1, 0, 1, 0, 1]","[0, 0, 0, 0, -1, 0, 0, 0, 0, 0]","[0, -5, -8, -6, 4, -4, -4, 5, 5, 6]","[0, 0, 0, 0, -1, 0, 0, 0, 0, 0]",1.0,"[1, 1, 1, 0, 1, 0, 1]",True,"[0, 0, 0, 0, 0, 0, 0, 0, 0, 0]",1.0,"[0, -5, -8, -6, 4, -4, -4, 5, 5, 6]","[1, 1, 1, 0, 1, 0, 1]",True,"[0, 0, 0, 0, 0, 0, 0, 0, 0, 0]",1.0,0,"[0, -5, -8, -6, 4, -4, -4, 5, 5, 6]","[1, 1, 1, 0, 1, 0, 1]",True,"[0, 0, 0, 0, 0, 0, 0, 0, 0, 0]",1.0,"[0, -5, -8, -6, 4, -4, -4, 5, 5, 6]","[1, 1, 1, 0, 1, 0, 1]",True,"[0, 0, 0, 0, 0, 0, 0, 0, 0, 0]",1.0,222,0.4530612244897959,30.50928282285399,0,0,5,1,"[0, -5, -8, -6, 4, -4, -4, 5, 5, 6]","[1, 1, 1, 0, 1, 0, 1]",True,20,20,True,False,True,True,0,False,False,False,False,False,False,False,True,True,True,True,True,True,False,False,False,"[0, -5, -8, -6, 4, -4, -4, 5, 5, 6]",0,0,0,0,0,135.49765262499568,0.0001025829988066107,135.2176974590111,0.00831883298815228,20,20,"[('(0, 0, 0, 0, 0, 0, 0, 0, 0, 0)', 222), ('(0, -1, 0, 0, 0, 0, 0, 0, 0, 0)', 55), ('(0, 0, 0, -1, 0, 0, 0, 0, 0, 0)', 42), ('(0, 0, 0, 0, 0, 0, -1, 0, 0, 0)', 33), ('(0, 0, 0, -1, 0, 0, -1, 0, 0, 0)', 10), ('(0, -1, 0, -1, 0, 0, 0, 0, 0, 0)', 10), ('(0, 0, 0, 0, 0, 0, 0, 1, 0, 0)', 8), ('(0, -1, 0, 0, 0, 0, -1, 0, 0, 0)', 8), ('(0, 0, 0, 1, 0, 0, 0, 0, 0, 0)', 6), ('(0, 0, 0, 0, 1, 0, 0, 0, 0, 0)', 5)]",5
7,10,17,73,"[1, -1, 0, 0, 0, 1, 0]","[1, 16, 0, 0, 0, 1, 0]","[0, 0, 0, -1, 1, 0, 0, 0, 0, 1]","[-8, 8, 4, 5, 4, 3, -3, -2, -1, -4]","[0, 0, 0, -1, 1, 0, 0, 0, 0, 1]",3.0,"[1, 16, 0, 0, 0, 1, 0]",True,"[0, 0, 0, 0, 0, 0, 0, 0, 0, 0]",3.0,"[-8, 8, 4, 5, 4, 3, -3, -2, -1, -4]","[1, 16, 0, 0, 0, 1, 0]",True,"[0, 0, 0, 0, 0, 0, 0, 0, 0, 0]",3.0,0,"[-8, 8, 4, 5, 4, 3, -3, -2, -1, -4]","[1, 16, 0, 0, 0, 1, 0]",True,"[0, 0, 0, 0, 0, 0, 0, 0, 0, 0]",3.0,"[-8, 8, 4, 5, 4, 3, -3, -2, -1, -4]","[1, 16, 0, 0, 0, 1, 0]",True,"[0, 0, 0, 0, 0, 0, 0, 0, 0, 0]",3.0,153,0.3090909090909091,32.646304739758634,0,0,3,3,"[-8, 8, 4, 5, 4, 3, -3, -2, -1, -4]","[1, 16, 0, 0, 0, 1, 0]",True,20,20,True,False,True,True,0,False,False,False,False,False,False,False,True,True,True,True,True,True,False,False,False,"[-8, 8, 4, 5, 4, 3, -3, -2, -1, -4]",0,0,0,0,0,136.42934358300408,0.00014304200885817409,136.09496808299446,0.0075598749972414225,20,20,"[('(0, 0, 0, 0, 0, 0, 0, 0, 0, 0)', 153), ('(0, 0, 0, 0, 0, -1, 0, 0, 0, 0)', 35), ('(0, 0, 0, 0, 1, 0, 0, 0, 0, 0)', 29), ('(0, 0, 0, 0, 0, 0, 0, 0, 0, 1)', 27), ('(0, 0, 0, 1, 0, 0, 0, 0, 0, 0)', 21), ('(0, -1, 0, 0, 0, 0, 0, 0, 0, 0)', 19), ('(0, 0, 0, 0, 0, 0, 0, -1, 0, 0)', 15), ('(0, 0, 0, 0, 0, 0, 0, 0, -1, 0)', 12), ('(0, 0, 0, 1, 1, 0, 0, 0, 0, 0)', 9), ('(-1, 0, 0, 0, 0, 0, 0, 0, 0, 0)', 9)]",5
7,10,17,75,"[0, 1, 1, 0, -1, 0, 0]","[0, 1, 1, 0, 16, 0, 0]","[0, 0, 0, 0, 0, 0, 0, 0, 0, 0]","[7, -2, -7, -1, 8, 2, -6, 4, -2, 3]","[0, 0, 0, 0, 0, 0, 0, 0, 0, 0]",0.0,"[0, 1, 1, 0, 16, 0, 0]",True,"[0, 0, 0, 0, 0, 0, 0, 0, 0, 0]",0.0,"[7, -2, -7, -1, 8, 2, -6, 4, -2, 3]","[0, 1, 1, 0, 16, 0, 0]",True,"[0, 0, 0, 0, 0, 0, 0, 0, 0, 0]",0.0,0,"[7, -2, -7, -1, 8, 2, -6, 4, -2, 3]","[0, 1, 1, 0, 16, 0, 0]",True,"[0, 0, 0, 0, 0, 0, 0, 0, 0, 0]",0.0,"[7, -2, -7, -1, 8, 2, -6, 4, -2, 3]","[0, 1, 1, 0, 16, 0, 0]",True,"[0, 0, 0, 0, 0, 0, 0, 0, 0, 0]",0.0,365,0.7314629258517034,39.40973666665986,0,0,3,0,"[7, -2, -7, -1, 8, 2, -6, 4, -2, 3]","[0, 1, 1, 0, 16, 0, 0]",True,20,20,True,False,True,True,0,False,False,False,False,False,False,False,True,True,True,True,True,True,False,False,False,"[7, -2, -7, -1, 8, 2, -6, 4, -2, 3]",0,0,0,0,0,125.00686975001008,9.683298412710428e-05,124.74992012500297,0.0081461250083521,20,20,"[('(0, 0, 0, 0, 0, 0, 0, 0, 0, 0)', 365), ('(0, 0, 0, 0, 0, 1, 0, 0, 0, 0)', 10), ('(0, 0, -1, 0, 0, 0, 0, 0, 0, 0)', 10), ('(0, -1, 0, 0, 0, 0, 0, 0, 0, 0)', 9), ('(0, 0, 0, 0, 0, 0, 0, 1, 0, 0)', 8), ('(0, 0, 0, 0, -1, 0, 0, 0, 0, 0)', 7), ('(0, 0, 0, 0, 1, 0, 0, 0, 0, 0)', 7), ('(0, 1, 0, 0, 0, 0, 0, 0, 0, 0)', 6), ('(0, 0, 0, 0, 0, 0, 0, 0, 0, -1)', 6), ('(0, 0, 0, 0, 0, 0, 0, 0, 0, 1)', 5)]",5
7,10,17,76,"[0, -1, 0, 0, -1, 0, -1]","[0, 16, 0, 0, 16, 0, 16]","[0, 0, 0, 1, 0, 0, 0, 0, 0, 0]","[-1, 4, 8, 0, -2, -1, 4, -7, 7, -8]","[0, 0, 0, 1, 0, 0, 0, 0, 0, 0]",1.0,"[0, 16, 0, 0, 16, 0, 16]",True,"[0, 0, 0, 0, 0, 0, 0, 0, 0, 0]",1.0,"[-1, 4, 8, 0, -2, -1, 4, -7, 7, -8]","[0, 16, 0, 0, 16, 0, 16]",True,"[0, 0, 0, 0, 0, 0, 0, 0, 0, 0]",1.0,0,"[-1, 4, 8, 0, -2, -1, 4, -7, 7, -8]","[0, 16, 0, 0, 16, 0, 16]",True,"[0, 0, 0, 0, 0, 0, 0, 0, 0, 0]",1.0,"[-1, 4, 8, 0, -2, -1, 4, -7, 7, -8]","[0, 16, 0, 0, 16, 0, 16]",True,"[0, 0, 0, 0, 0, 0, 0, 0, 0, 0]",1.0,184,0.3724696356275304,30.527964417492168,0,0,3,1,"[-1, 4, 8, 0, -2, -1, 4, -7, 7, -8]","[0, 16, 0, 0, 16, 0, 16]",True,20,20,True,False,True,True,0,False,False,False,False,False,False,False,True,True,True,True,True,True,False,False,False,"[-1, 4, 8, 0, -2, -1, 4, -7, 7, -8]",0,0,0,0,0,125.45317233301466,8.541700663045049e-05,125.1884014160023,0.006461041019065306,20,20,"[('(0, 0, 0, 0, 0, 0, 0, 0, 0, 0)', 184), ('(0, 0, 1, 0, 0, 0, 0, 0, 0, 0)', 51), ('(0, 0, 0, 0, 0, 0, 1, 0, 0, 0)', 48), ('(0, 0, 0, 1, 0, 0, 0, 0, 0, 0)', 45), ('(0, 0, 0, 1, 0, 0, 1, 0, 0, 0)', 20), ('(0, 0, 1, 0, 0, 0, 1, 0, 0, 0)', 12), ('(0, 0, 1, 1, 0, 0, 0, 0, 0, 0)', 12), ('(0, 0, 0, 0, 0, 0, 0, 0, 1, 0)', 6), ('(0, 0, 0, 0, -1, 0, 0, 0, 0, 0)', 6), ('(0, 0, 1, 1, 0, 0, 1, 0, 0, 0)', 5)]",5
7,10,17,77,"[0, 1, 0, 0, 1, -1, 0]","[0, 1, 0, 0, 1, 16, 0]","[-1, 0, 0, 0, -1, 0, -1, 0, 1, 0]","[5, 0, 8, 1, 5, -5, -2, -6, -6, -3]","[-1, 0, 0, 0, -1, 0, -1, 0, 1, 0]",4.0,"[0, 1, 0, 0, 1, 16, 0]",True,"[0, 0, 0, 0, 0, 0, 0, 0, 0, 0]",4.0,"[5, 0, 8, 1, 5, -5, -2, -6, -6, -3]","[0, 1, 0, 0, 1, 16, 0]",True,"[0, 0, 0, 0, 0, 0, 0, 0, 0, 0]",4.0,0,"[5, 0, 8, 1, 5, -5, -2, -6, -6, -3]","[0, 1, 0, 0, 1, 16, 0]",True,"[0, 0, 0, 0, 0, 0, 0, 0, 0, 0]",4.0,"[5, 0, 8, 1, 5, -5, -2, -6, -6, -3]","[0, 1, 0, 0, 1, 16, 0]",True,"[0, 0, 0, 0, 0, 0, 0, 0, 0, 0]",4.0,96,0.19672131147540983,43.742528902149665,0,0,3,4,"[5, 0, 8, 1, 5, -5, -2, -6, -6, -3]","[0, 1, 0, 0, 1, 16, 0]",True,20,20,True,False,True,True,0,False,False,False,False,False,False,False,True,True,True,True,True,True,False,False,False,"[5, 0, 8, 1, 5, -5, -2, -6, -6, -3]",0,0,0,0,0,126.71341075000237,0.00010391700197942555,126.46052258301643,0.007876749994466081,20,20,"[('(0, 0, 0, 0, 0, 0, 0, 0, 0, 0)', 96), ('(0, 0, 1, 0, 0, 0, 0, 0, 0, 0)', 27), ('(-1, 0, 0, 0, 0, 0, 0, 0, 0, 0)', 25), ('(0, 0, 0, 0, 0, 0, 0, 0, 0, 1)', 24), ('(0, 0, 0, 0, 1, 0, 0, 0, 0, 0)', 20), ('(0, 0, 0, 0, 0, 0, -1, 0, 0, 0)', 15), ('(0, 0, 0, 0, 0, -1, 0, 0, 0, 0)', 14), ('(0, 0, 0, 0, 0, 0, 0, 1, 0, 0)', 13), ('(0, 0, 0, -1, 0, 0, 0, 0, 0, 0)', 9), ('(-1, 0, 0, 0, 0, 0, 0, 0, 0, 1)', 7)]",5
7,10,17,78,"[1, 1, -1, 0, 0, 0, 0]","[1, 1, 16, 0, 0, 0, 0]","[0, 0, 0, 0, 1, -1, 0, 0, 0, 0]","[-1, 8, -4, 7, 2, -4, -8, 7, -3, -3]","[0, 0, 0, 0, 1, -1, 0, 0, 0, 0]",2.0,"[1, 1, 16, 0, 0, 0, 0]",True,"[0, 0, 0, 0, 0, 0, 0, 0, 0, 0]",2.0,"[-1, 8, -4, 7, 2, -4, -8, 7, -3, -3]","[1, 1, 16, 0, 0, 0, 0]",True,"[0, 0, 0, 0, 0, 0, 0, 0, 0, 0]",2.0,0,"[-1, 8, -4, 7, 2, -4, -8, 7, -3, -3]","[1, 1, 16, 0, 0, 0, 0]",True,"[0, 0, 0, 0, 0, 0, 0, 0, 0, 0]",2.0,"[-1, 8, -4, 7, 2, -4, -8, 7, -3, -3]","[1, 1, 16, 0, 0, 0, 0]",True,"[0, 0, 0, 0, 0, 0, 0, 0, 0, 0]",2.0,198,0.4008097165991903,21.570669517527552,0,0,3,2,"[-1, 8, -4, 7, 2, -4, -8, 7, -3, -3]","[1, 1, 16, 0, 0, 0, 0]",True,20,20,True,False,True,True,0,False,False,False,False,False,False,False,True,True,True,True,True,True,False,False,False,"[-1, 8, -4, 7, 2, -4, -8, 7, -3, -3]",0,0,0,0,0,125.85747608399834,9.629101259633899e-05,125.59252254202147,0.007554291980341077,20,20,"[('(0, 0, 0, 0, 0, 0, 0, 0, 0, 0)', 198), ('(0, 0, 0, 0, 0, 0, 0, 0, 0, 1)', 48), ('(0, 0, 0, 0, 0, 1, 0, 0, 0, 0)', 35), ('(0, 0, 0, 0, 0, 0, -1, 0, 0, 0)', 24), ('(0, 0, 0, 0, 0, 0, 0, 1, 0, 0)', 23), ('(0, 0, 1, 0, 0, 0, 0, 0, 0, 0)', 21), ('(0, 0, 0, 0, 0, 1, 0, 0, 0, 1)', 9), ('(1, 0, 0, 0, 0, 0, 0, 0, 0, 0)', 9), ('(0, 0, 0, 0, 0, -1, 0, 0, 0, 0)', 8), ('(0, 0, 0, 0, 0, 0, -1, 0, 0, 1)', 6)]",5
7,10,17,79,"[0, -1, 0, -1, 0, 1, 0]","[0, 16, 0, 16, 0, 1, 0]","[1, 1, -1, 0, 0, 0, 0, 0, 0, 0]","[-1, -5, 3, 1, -2, 8, 4, -2, 4, 2]","[1, 1, -1, 0, 0, 0, 0, 0, 0, 0]",3.0,"[0, 16, 0, 16, 0, 1, 0]",True,"[0, 0, 0, 0, 0, 0, 0, 0, 0, 0]",3.0,"[-1, -5, 3, 1, -2, 8, 4, -2, 4, 2]","[0, 16, 0, 16, 0, 1, 0]",True,"[0, 0, 0, 0, 0, 0, 0, 0, 0, 0]",3.0,0,"[-1, -5, 3, 1, -2, 8, 4, -2, 4, 2]","[0, 16, 0, 16, 0, 1, 0]",True,"[0, 0, 0, 0, 0, 0, 0, 0, 0, 0]",3.0,"[-1, -5, 3, 1, -2, 8, 4, -2, 4, 2]","[0, 16, 0, 16, 0, 1, 0]",True,"[0, 0, 0, 0, 0, 0, 0, 0, 0, 0]",3.0,99,0.20121951219512196,32.68948298140119,0,0,3,3,"[-1, -5, 3, 1, -2, 8, 4, -2, 4, 2]","[0, 16, 0, 16, 0, 1, 0]",True,20,20,True,False,True,True,0,False,False,False,False,False,False,False,True,True,True,True,True,True,False,False,False,"[-1, -5, 3, 1, -2, 8, 4, -2, 4, 2]",0,0,0,0,0,126.35209775000112,8.670802344568074e-05,126.08492658400792,0.007397459005005658,20,20,"[('(0, 0, 0, 0, 0, 0, 0, 0, 0, 0)', 99), ('(0, 0, 1, 0, 0, 0, 0, 0, 0, 0)', 32), ('(0, 0, 0, 1, 0, 0, 0, 0, 0, 0)', 30), ('(0, 0, 0, 0, 0, 0, 0, 0, -1, 0)', 23), ('(0, 0, 0, 0, 0, -1, 0, 0, 0, 0)', 21), ('(0, 0, 0, 0, -1, 0, 0, 0, 0, 0)', 14), ('(0, 0, 0, 0, 0, 0, 0, 0, 0, 1)', 13), ('(0, 1, 0, 0, 0, 0, 0, 0, 0, 0)', 12), ('(0, 0, 0, 0, 0, 0, 1, 0, 0, 0)', 12), ('(0, 0, 1, 0, 0, 0, 0, 0, -1, 0)', 9)]",5
7,10,17,80,"[0, 1, -1, 1, 0, 0, 0]","[0, 1, 16, 1, 0, 0, 0]","[1, 0, 0, 1, 1, 0, 0, 1, 0, 0]","[-5, 0, 5, -7, 1, -3, -8, -2, 2, -7]","[1, 0, 0, 1, 1, 0, 0, 1, 0, 0]",4.0,"[0, 1, 16, 1, 0, 0, 0]",True,"[0, 0, 0, 0, 0, 0, 0, 0, 0, 0]",4.0,"[-5, 0, 5, -7, 1, -3, -8, -2, 2, -7]","[0, 1, 16, 1, 0, 0, 0]",True,"[0, 0, 0, 0, 0, 0, 0, 0, 0, 0]",4.0,0,"[-5, 0, 5, -7, 1, -3, -8, -2, 2, -7]","[0, 1, 16, 1, 0, 0, 0]",True,"[0, 0, 0, 0, 0, 0, 0, 0, 0, 0]",4.0,"[-5, 0, 5, -7, 1, -3, -8, -2, 2, -7]","[0, 1, 16, 1, 0, 0, 0]",True,"[0, 0, 0, 0, 0, 0, 0, 0, 0, 0]",4.0,149,0.30284552845528456,43.698936470590375,0,0,3,4,"[-5, 0, 5, -7, 1, -3, -8, -2, 2, -7]","[0, 1, 16, 1, 0, 0, 0]",True,20,20,True,False,True,True,0,False,False,False,False,False,False,False,True,True,True,True,True,True,False,False,False,"[-5, 0, 5, -7, 1, -3, -8, -2, 2, -7]",0,0,0,0,0,123.0103371659934,9.108299855142832e-05,122.75331333299982,0.007285792002221569,20,20,"[('(0, 0, 0, 0, 0, 0, 0, 0, 0, 0)', 149), ('(0, 0, 1, 0, 0, 0, 0, 0, 0, 0)', 52), ('(0, 0, 0, -1, 0, 0, 0, 0, 0, 0)', 34), ('(0, 1, 0, 0, 0, 0, 0, 0, 0, 0)', 34), ('(0, 0, 0, 0, 0, 0, 0, 0, 0, -1)', 23), ('(0, 0, 0, 0, 0, 0, 1, 0, 0, 0)', 17), ('(0, 0, 0, 0, 0, -1, 0, 0, 0, 0)', 15), ('(0, 0, 1, -1, 0, 0, 0, 0, 0, 0)', 10), ('(0, 1, 1, 0, 0, 0, 0, 0, 0, 0)', 8), ('(0, 1, 0, -1, 0, 0, 0, 0, 0, 0)', 5)]",5
7,10,17,81,"[0, 1, -1, -1, 0, -1, 1]","[0, 1, 16, 16, 0, 16, 1]","[1, 0, 1, 0, 0, 0, 0, 0, 0, -1]","[-5, 8, 6, 5, 1, 3, 4, 8, -3, 8]","[1, 0, 1, 0, 0, 0, 0, 0, 0, -1]",3.0,"[0, 1, 16, 16, 0, 16, 1]",True,"[0, 0, 0, 0, 0, 0, 0, 0, 0, 0]",3.0,"[-5, 8, 6, 5, 1, 3, 4, 8, -3, 8]","[0, 1, 16, 16, 0, 16, 1]",True,"[0, 0, 0, 0, 0, 0, 0, 0, 0, 0]",3.0,0,"[-5, 8, 6, 5, 1, 3, 4, 8, -3, 8]","[0, 1, 16, 16, 0, 16, 1]",True,"[0, 0, 0, 0, 0, 0, 0, 0, 0, 0]",3.0,"[-5, 8, 6, 5, 1, 3, 4, 8, -3, 8]","[0, 1, 16, 16, 0, 16, 1]",True,"[0, 0, 0, 0, 0, 0, 0, 0, 0, 0]",3.0,126,0.25661914460285135,32.66558129135414,0,0,5,3,"[-5, 8, 6, 5, 1, 3, 4, 8, -3, 8]","[0, 1, 16, 16, 0, 16, 1]",True,20,20,True,False,True,True,0,False,False,False,False,False,False,False,True,True,True,True,True,True,False,False,False,"[-5, 8, 6, 5, 1, 3, 4, 8, -3, 8]",0,0,0,0,0,123.19191787499585,0.00012066599447280169,122.93596066598548,0.00684275000821799,20,20,"[('(0, 0, 0, 0, 0, 0, 0, 0, 0, 0)', 126), ('(0, 0, 0, 0, -1, 0, 0, 0, 0, 0)', 31), ('(0, 0, 0, 0, 0, 0, 1, 0, 0, 0)', 29), ('(0, 0, 0, 0, 0, 0, 0, 0, -1, 0)', 26), ('(0, 0, 0, 0, 0, -1, 0, 0, 0, 0)', 25), ('(0, 0, 0, 0, 0, 0, 0, 1, 0, 0)', 16), ('(0, 0, 0, 0, 0, 0, 0, 0, 0, 1)', 14), ('(0, 1, 0, 0, 0, 0, 0, 0, 0, 0)', 14), ('(0, 0, 0, 0, 0, 0, 1, 1, 0, 0)', 10), ('(0, 0, 0, 0, -1, 0, 1, 0, 0, 0)', 9)]",5
7,10,17,82,"[-1, -1, 1, 0, -1, 0, 0]","[16, 16, 1, 0, 16, 0, 0]","[0, 0, -1, 0, 0, 1, -1, 0, 0, -1]","[2, -2, 7, 6, 7, -2, 0, -8, 0, 4]","[0, 0, -1, 0, 0, 1, -1, 0, 0, -1]",4.0,"[16, 16, 1, 0, 16, 0, 0]",True,"[0, 0, 0, 0, 0, 0, 0, 0, 0, 0]",4.0,"[2, -2, 7, 6, 7, -2, 0, -8, 0, 4]","[16, 16, 1, 0, 16, 0, 0]",True,"[0, 0, 0, 0, 0, 0, 0, 0, 0, 0]",4.0,0,"[2, -2, 7, 6, 7, -2, 0, -8, 0, 4]","[16, 16, 1, 0, 16, 0, 0]",True,"[0, 0, 0, 0, 0, 0, 0, 0, 0, 0]",4.0,"[2, -2, 7, 6, 7, -2, 0, -8, 0, 4]","[16, 16, 1, 0, 16, 0, 0]",True,"[0, 0, 0, 0, 0, 0, 0, 0, 0, 0]",4.0,110,0.22587268993839835,23.729046979868766,0,0,4,4,"[2, -2, 7, 6, 7, -2, 0, -8, 0, 4]","[16, 16, 1, 0, 16, 0, 0]",True,20,20,True,False,True,True,0,False,False,False,False,False,False,False,True,True,True,True,True,True,False,False,False,"[2, -2, 7, 6, 7, -2, 0, -8, 0, 4]",0,0,0,0,0,123.76762470899848,9.445898467674851e-05,123.51850887501496,0.007147750002332032,20,20,"[('(0, 0, 0, 0, 0, 0, 0, 0, 0, 0)', 110), ('(0, 0, 0, 0, 0, -1, 0, 0, 0, 0)', 25), ('(0, 0, 0, 0, 1, 0, 0, 0, 0, 0)', 21), ('(0, 0, 0, -1, 0, 0, 0, 0, 0, 0)', 18), ('(0, -1, 0, 0, 0, 0, 0, 0, 0, 0)', 17), ('(0, 0, 0, 0, 0, 0, 1, 0, 0, 0)', 15), ('(-1, 0, 0, 0, 0, 0, 0, 0, 0, 0)', 14), ('(0, 0, 0, 0, 0, 0, 0, 0, 0, 1)', 12), ('(0, 0, 0, 0, 0, 0, 0, 0, -1, 0)', 12), ('(0, 0, 0, 0, 0, -1, 1, 0, 0, 0)', 10)]",5
7,10,17,83,"[-1, -1, 0, -1, -1, 1, 1]","[16, 16, 0, 16, 16, 1, 1]","[0, 0, 0, 0, 0, 0, 0, -1, 0, 0]","[-6, -7, -3, -2, -2, 8, -2, 9, 0, -7]","[0, 0, 0, 0, 0, 0, 0, -1, 0, 0]",1.0,"[16, 16, 0, 16, 16, 1, 1]",True,"[0, 0, 0, 0, 0, 0, 0, 0, 0, 0]",1.0,"[-6, -7, -3, -2, -2, 8, -2, 9, 0, -7]","[16, 16, 0, 16, 16, 1, 1]",True,"[0, 0, 0, 0, 0, 0, 0, 0, 0, 0]",1.0,0,"[-6, -7, -3, -2, -2, 8, -2, 9, 0, -7]","[16, 16, 0, 16, 16, 1, 1]",True,"[0, 0, 0, 0, 0, 0, 0, 0, 0, 0]",1.0,"[-6, -7, -3, -2, -2, 8, -2, 9, 0, -7]","[16, 16, 0, 16, 16, 1, 1]",True,"[0, 0, 0, 0, 0, 0, 0, 0, 0, 0]",1.0,108,0.21862348178137653,50.58086521177708,0,0,6,1,"[-6, -7, -3, -2, -2, 8, -2, 9, 0, -7]","[16, 16, 0, 16, 16, 1, 1]",True,20,20,True,False,True,True,0,False,False,False,False,False,False,False,True,True,True,True,True,True,False,False,False,"[-6, -7, -3, -2, -2, 8, -2, 9, 0, -7]",0,0,0,0,0,123.47224483301397,9.366602171212435e-05,123.21463833301095,0.00724054200691171,20,20,"[('(0, 0, 0, 0, 0, 0, 0, 0, 0, 0)', 108), ('(0, 0, 0, -1, 0, 0, 0, 0, 0, 0)', 28), ('(0, 0, 0, 0, 0, 0, 0, 0, 0, 1)', 27), ('(0, 0, 0, 0, 0, 0, 0, -1, 0, 0)', 25), ('(0, -1, 0, 0, 0, 0, 0, 0, 0, 0)', 25), ('(0, 0, 0, 0, 0, 0, 1, 0, 0, 0)', 23), ('(0, 0, 1, 0, 0, 0, 0, 0, 0, 0)', 23), ('(0, 0, 0, 0, 1, 0, 0, 0, 0, 0)', 23), ('(0, -1, 0, 0, 1, 0, 0, 0, 0, 0)', 11), ('(0, 0, 0, 0, 1, 0, 1, 0, 0, 0)', 8)]",5
7,10,17,84,"[1, 0, 0, 0, 1, 0, 1]","[1, 0, 0, 0, 1, 0, 1]","[0, 0, 0, 0, 0, 0, 0, 0, -1, 0]","[-5, 4, 2, -2, 4, -5, 5, 4, 0, -4]","[0, 0, 0, 0, 0, 0, 0, 0, -1, 0]",1.0,"[1, 0, 0, 0, 1, 0, 1]",True,"[0, 0, 0, 0, 0, 0, 0, 0, 0, 0]",1.0,"[-5, 4, 2, -2, 4, -5, 5, 4, 0, -4]","[1, 0, 0, 0, 1, 0, 1]",True,"[0, 0, 0, 0, 0, 0, 0, 0, 0, 0]",1.0,0,"[-5, 4, 2, -2, 4, -5, 5, 4, 0, -4]","[1, 0, 0, 0, 1, 0, 1]",True,"[0, 0, 0, 0, 0, 0, 0, 0, 0, 0]",1.0,"[-5, 4, 2, -2, 4, -5, 5, 4, 0, -4]","[1, 0, 0, 0, 1, 0, 1]",True,"[0, 0, 0, 0, 0, 0, 0, 0, 0, 0]",1.0,78,0.15918367346938775,30.6130552147533,0,0,3,1,"[-5, 4, 2, -2, 4, -5, 5, 4, 0, -4]","[1, 0, 0, 0, 1, 0, 1]",True,20,20,True,False,True,True,0,False,False,False,False,False,False,False,True,True,True,True,True,True,False,False,False,"[-5, 4, 2, -2, 4, -5, 5, 4, 0, -4]",0,0,0,0,0,123.50747187499655,9.787501767277718e-05,123.26115766598377,0.008203500008676201,20,20,"[('(0, 0, 0, 0, 0, 0, 0, 0, 0, 0)', 78), ('(0, 0, -1, 0, 0, 0, 0, 0, 0, 0)', 32), ('(0, 0, 0, 0, 0, 0, 1, 0, 0, 0)', 31), ('(0, 0, 0, -1, 0, 0, 0, 0, 0, 0)', 25), ('(0, 0, 0, 0, 0, 0, 0, 0, 1, 0)', 22), ('(0, 0, 0, 0, 0, 0, 0, 0, 0, 1)', 18), ('(0, 0, 0, 0, 0, 0, 0, -1, 0, 0)', 18), ('(0, 0, 0, 0, 0, -1, 0, 0, 0, 0)', 12), ('(0, 0, -1, 0, 0, 0, 0, -1, 0, 0)', 10), ('(0, 0, 0, -1, 0, 0, 1, 0, 0, 0)', 10)]",5
7,10,17,85,"[0, 0, 0, 0, -1, -1, 1]","[0, 0, 0, 0, 16, 16, 1]","[0, 0, 0, 0, 0, 0, 0, 0, 0, 0]","[-5, 7, -4, -2, 4, 4, -1, 2, 3, 5]","[0, 0, 0, 0, 0, 0, 0, 0, 0, 0]",0.0,"[0, 0, 0, 0, 16, 16, 1]",True,"[0, 0, 0, 0, 0, 0, 0, 0, 0, 0]",0.0,"[-5, 7, -4, -2, 4, 4, -1, 2, 3, 5]","[0, 0, 0, 0, 16, 16, 1]",True,"[0, 0, 0, 0, 0, 0, 0, 0, 0, 0]",0.0,0,"[-5, 7, -4, -2, 4, 4, -1, 2, 3, 5]","[0, 0, 0, 0, 16, 16, 1]",True,"[0, 0, 0, 0, 0, 0, 0, 0, 0, 0]",0.0,"[-5, 7, -4, -2, 4, 4, -1, 2, 3, 5]","[0, 0, 0, 0, 16, 16, 1]",True,"[0, 0, 0, 0, 0, 0, 0, 0, 0, 0]",0.0,399,0.8012048192771084,39.4008535452892,0,0,3,0,"[-5, 7, -4, -2, 4, 4, -1, 2, 3, 5]","[0, 0, 0, 0, 16, 16, 1]",True,20,20,True,False,True,True,0,False,False,False,False,False,False,False,True,True,True,True,True,True,False,False,False,"[-5, 7, -4, -2, 4, 4, -1, 2, 3, 5]",0,0,0,0,0,122.9281793750124,7.033400470390916e-05,122.68344945900026,0.007990167010575533,20,20,"[('(0, 0, 0, 0, 0, 0, 0, 0, 0, 0)', 399), ('(0, 0, 0, -1, 0, 0, 0, 0, 0, 0)', 10), ('(0, 0, 0, 0, 1, 0, 0, 0, 0, 0)', 8), ('(0, 0, 0, 1, 0, 0, 0, 0, 0, 0)', 8), ('(0, 0, 0, 0, 0, 0, 0, 0, 0, 1)', 7), ('(0, 0, 0, 0, 0, 1, 0, 0, 0, 0)', 7), ('(0, 0, 0, 0, -1, 0, 0, 0, 0, 0)', 7), ('(1, 0, 0, 0, 0, 0, 0, 0, 0, 0)', 7), ('(0, 0, 0, 0, 0, -1, 0, 0, 0, 0)', 5), ('(0, 0, -1, 0, 0, 0, 0, 0, 0, 0)', 5)]",5
7,10,17,86,"[0, 1, -1, 1, -1, -1, 0]","[0, 1, 16, 1, 16, 16, 0]","[1, 0, 0, 1, 0, 0, 0, 0, 0, 0]","[-3, 5, -8, 3, -6, -4, -1, -2, 5, 1]","[1, 0, 0, 1, 0, 0, 0, 0, 0, 0]",2.0,"[0, 1, 16, 1, 16, 16, 0]",True,"[0, 0, 0, 0, 0, 0, 0, 0, 0, 0]",2.0,"[-3, 5, -8, 3, -6, -4, -1, -2, 5, 1]","[0, 1, 16, 1, 16, 16, 0]",True,"[0, 0, 0, 0, 0, 0, 0, 0, 0, 0]",2.0,0,"[-3, 5, -8, 3, -6, -4, -1, -2, 5, 1]","[0, 1, 16, 1, 16, 16, 0]",True,"[0, 0, 0, 0, 0, 0, 0, 0, 0, 0]",2.0,"[-3, 5, -8, 3, -6, -4, -1, -2, 5, 1]","[0, 1, 16, 1, 16, 16, 0]",True,"[0, 0, 0, 0, 0, 0, 0, 0, 0, 0]",2.0,183,0.3719512195121951,21.5785064242391,0,0,5,2,"[-3, 5, -8, 3, -6, -4, -1, -2, 5, 1]","[0, 1, 16, 1, 16, 16, 0]",True,20,20,True,False,True,True,0,False,False,False,False,False,False,False,True,True,True,True,True,True,False,False,False,"[-3, 5, -8, 3, -6, -4, -1, -2, 5, 1]",0,0,0,0,0,123.64055866701528,8.845899719744921e-05,123.38013008298003,0.007887499989010394,20,20,"[('(0, 0, 0, 0, 0, 0, 0, 0, 0, 0)', 183), ('(0, 0, 0, 0, 0, 0, 0, 1, 0, 0)', 34), ('(0, 0, 0, 0, 1, 0, 0, 0, 0, 0)', 29), ('(0, 0, 0, 0, 0, -1, 0, 0, 0, 0)', 22), ('(0, 0, 0, 0, 0, 0, 0, 0, 0, 1)', 21), ('(0, 0, 1, 0, 0, 0, 0, 0, 0, 0)', 18), ('(0, 0, 0, 0, 0, 0, 0, 0, 1, 0)', 17), ('(0, 0, 0, 0, 1, 0, 0, 1, 0, 0)', 9), ('(0, 0, 0, 0, 1, 0, 0, 0, 1, 0)', 7), ('(0, 0, 0, 0, 0, 0, 0, 0, -1, 0)', 6)]",5
7,10,17,87,"[0, -1, -1, 0, -1, -1, 0]","[0, 16, 16, 0, 16, 16, 0]","[0, 0, -1, 1, 0, 0, -1, 0, 0, 0]","[-4, 7, -2, 0, 5, 6, -4, -2, 5, -5]","[0, 0, -1, 1, 0, 0, -1, 0, 0, 0]",3.0,"[0, 16, 16, 0, 16, 16, 0]",True,"[0, 0, 0, 0, 0, 0, 0, 0, 0, 0]",3.0,"[-4, 7, -2, 0, 5, 6, -4, -2, 5, -5]","[0, 16, 16, 0, 16, 16, 0]",True,"[0, 0, 0, 0, 0, 0, 0, 0, 0, 0]",3.0,0,"[-4, 7, -2, 0, 5, 6, -4, -2, 5, -5]","[0, 16, 16, 0, 16, 16, 0]",True,"[0, 0, 0, 0, 0, 0, 0, 0, 0, 0]",3.0,"[-4, 7, -2, 0, 5, 6, -4, -2, 5, -5]","[0, 16, 16, 0, 16, 16, 0]",True,"[0, 0, 0, 0, 0, 0, 0, 0, 0, 0]",3.0,87,0.17791411042944785,12.70226631855218,0,0,4,3,"[-4, 7, -2, 0, 5, 6, -4, -2, 5, -5]","[0, 16, 16, 0, 16, 16, 0]",True,20,20,True,False,True,True,0,False,False,False,False,False,False,False,True,True,True,True,True,True,False,False,False,"[-4, 7, -2, 0, 5, 6, -4, -2, 5, -5]",0,0,0,0,0,123.6582275830151,7.616699440404773e-05,123.4086850839958,0.00713174999691546,20,20,"[('(0, 0, 0, 0, 0, 0, 0, 0, 0, 0)', 87), ('(0, 0, 0, -1, 0, 0, 0, 0, 0, 0)', 37), ('(0, 0, 0, 0, 0, 0, 0, 0, 0, -1)', 22), ('(0, 0, 0, 0, -1, 0, 0, 0, 0, 0)', 21), ('(0, 0, 0, 0, 0, 0, 0, 1, 0, 0)', 21), ('(0, 0, 0, 0, 0, 0, 0, 0, 1, 0)', 20), ('(0, 0, 0, 0, 0, 0, -1, 0, 0, 0)', 19), ('(0, -1, 0, 0, 0, 0, 0, 0, 0, 0)', 17), ('(0, 0, 0, 0, 0, 1, 0, 0, 0, 0)', 15), ('(0, -1, 0, 0, 0, 1, 0, 0, 0, 0)', 7)]",5
7,10,17,88,"[0, -1, 0, 1, 0, -1, 0]","[0, 16, 0, 1, 0, 16, 0]","[0, 0, -1, 0, 0, 0, 0, -1, 0, 0]","[-3, 6, -3, -3, -8, -2, 4, -6, 2, -7]","[0, 0, -1, 0, 0, 0, 0, -1, 0, 0]",2.0,"[0, 16, 0, 1, 0, 16, 0]",True,"[0, 0, 0, 0, 0, 0, 0, 0, 0, 0]",2.0,"[-3, 6, -3, -3, -8, -2, 4, -6, 2, -7]","[0, 16, 0, 1, 0, 16, 0]",True,"[0, 0, 0, 0, 0, 0, 0, 0, 0, 0]",2.0,0,"[-3, 6, -3, -3, -8, -2, 4, -6, 2, -7]","[0, 16, 0, 1, 0, 16, 0]",True,"[0, 0, 0, 0, 0, 0, 0, 0, 0, 0]",2.0,"[-3, 6, -3, -3, -8, -2, 4, -6, 2, -7]","[0, 16, 0, 1, 0, 16, 0]",True,"[0, 0, 0, 0, 0, 0, 0, 0, 0, 0]",2.0,98,0.19797979797979798,21.64048801498654,0,0,3,2,"[-3, 6, -3, -3, -8, -2, 4, -6, 2, -7]","[0, 16, 0, 1, 0, 16, 0]",True,20,20,True,False,True,True,0,False,False,False,False,False,False,False,True,True,True,True,True,True,False,False,False,"[-3, 6, -3, -3, -8, -2, 4, -6, 2, -7]",0,0,0,0,0,124.08740099999704,8.604198228567839e-05,123.82839933401556,0.008699541998794302,20,20,"[('(0, 0, 0, 0, 0, 0, 0, 0, 0, 0)', 98), ('(0, 0, 0, 0, 0, 0, 0, 0, 0, 1)', 26), ('(0, 0, 0, 0, -1, 0, 0, 0, 0, 0)', 24), ('(0, 0, 0, 0, 0, 0, 0, 0, 1, 0)', 23), ('(0, 0, 0, 0, 0, 0, 1, 0, 0, 0)', 23), ('(1, 0, 0, 0, 0, 0, 0, 0, 0, 0)', 17), ('(0, 0, 0, 1, 0, 0, 0, 0, 0, 0)', 16), ('(0, -1, 0, 0, 0, 0, 0, 0, 0, 0)', 16), ('(0, 0, -1, 0, 0, 0, 0, 0, 0, 0)', 15), ('(1, 0, 0, 0, 0, 0, 0, 0, 1, 0)', 9)]",5
7,10,17,89,"[1, 0, 0, 1, 1, 0, 1]","[1, 0, 0, 1, 1, 0, 1]","[0, 0, 0, 0, 1, 0, 0, 1, 1, 0]","[-5, -1, -7, -1, -2, -3, 0, 2, -3, 3]","[0, -1, 0, 0, 0, 0, -1, 0, -1, 1]",4.0,"[4, 15, 2, 9, 0, 14, 2]",False,"[0, 0, 1, 0, 1, 1, 1, -1, 0, 0]",3.0,"[-5, -2, -7, -1, -3, -3, -1, 1, -5, 4]","[1, 0, 0, 1, 1, 0, 1]",True,"[0, 0, 0, 0, 0, 0, 0, 0, 0, 0]",4.0,0,"[-5, -1, -7, -1, -2, -3, 0, 2, -3, 3]","[4, 15, 2, 9, 0, 14, 2]",False,"[0, 0, 0, 0, 0, 0, 0, 0, 0, 0]",4.0,"[-5, -1, -7, -1, -2, -3, 0, 2, -3, 3]","[4, 15, 2, 9, 0, 14, 2]",False,"[-1, 0, 0, 0, 0, 0, 0, 0, 0, 0]",8.0,18,0.03643724696356275,4108.105556102083,4,0,6,8,"[-4, -1, -8, -2, -3, -3, -1, 1, -3, 3]","[9, 16, 1, 0, 3, 9, 11]",False,20,20,False,True,False,False,7,True,True,True,False,False,False,False,False,False,False,False,False,False,False,False,False,"[-5, -2, -7, -1, -3, -3, -1, 1, -5, 4]",9,0,9,9,9,123.84423700001207,0.00010150001617148519,123.58600237502833,0.006954875017981976,20,20,"[('(0, 0, 0, 0, 0, 0, 0, 0, 0, 0)', 128), ('(0, 0, 0, 0, 0, 1, 0, 0, 0, 0)', 34), ('(0, 0, 0, 0, 0, 0, 0, 0, -1, 0)', 27), ('(0, 0, 0, 1, 0, 0, 0, 0, 0, 0)', 26), ('(0, -1, 0, 0, 0, 0, 0, 0, 0, 0)', 20), ('(-1, 0, 0, 0, 0, 0, 0, 0, 0, 0)', 18), ('(0, 0, 0, 0, 0, 0, 1, 0, 0, 0)', 16), ('(0, 0, 0, 0, 0, 0, 0, 0, 0, 1)', 12), ('(0, 0, 0, 1, 0, 0, 1, 0, 0, 0)', 10), ('(0, 0, 0, 1, 0, 1, 0, 0, 0, 0)', 10)]",5
7,10,17,90,"[-1, 1, 0, 1, 0, -1, -1]","[16, 1, 0, 1, 0, 16, 16]","[0, 1, 0, 0, 0, 1, 0, -1, 0, -1]","[-6, -9, 6, 7, 2, -5, 8, -1, 5, -2]","[-1, 1, 1, 0, 0, 0, 0, 1, 0, -1]",5.0,"[15, 9, 11, 6, 15, 3, 4]",False,"[1, 0, 1, -1, 0, 0, 0, 0, 0, 0]",3.0,"[-7, -8, 7, 7, 2, -4, 8, 1, 4, -3]","[14, 8, 12, 16, 4, 12, 1]",False,"[0, 0, 1, 0, 0, 0, 0, 0, 0, 0]",4.0,1,"[-7, -9, 7, 7, 2, -6, 8, 1, 5, -2]","[16, 1, 0, 1, 0, 16, 16]",True,"[0, 0, 1, 0, 0, 0, 0, 0, 0, 0]",4.0,"[-7, -9, 7, 7, 2, -6, 8, 1, 5, -2]","[16, 1, 0, 1, 0, 16, 16]",True,"[0, 0, 1, 0, 0, 0, 0, 0, 0, 0]",4.0,39,0.07894736842105263,43.83111205458861,0,0,5,4,"[-7, -9, 7, 7, 2, -6, 8, 1, 5, -2]","[16, 1, 0, 1, 0, 16, 16]",True,20,20,True,True,False,False,0,True,True,False,True,True,True,True,False,False,False,False,False,False,True,True,True,"[-7, -9, 7, 7, 2, -6, 8, 1, 5, -2]",7,7,0,0,0,123.3997717500024,0.00016541601507924497,123.1501402920112,0.006313707999652252,20,20,"[('(0, 0, 0, 0, 0, 0, 0, 0, 0, 0)', 149), ('(0, 0, 1, 0, 0, 0, 0, 0, 0, 0)', 39), ('(0, 1, 0, 0, 0, 0, 0, 0, 0, 0)', 32), ('(0, 0, 0, 0, 0, 0, 0, 0, 0, -1)', 30), ('(0, 0, 0, 0, 0, 0, 0, 0, -1, 0)', 28), ('(0, 0, 0, -1, 0, 0, 0, 0, 0, 0)', 14), ('(0, 0, 0, 0, 0, -1, 0, 0, 0, 0)', 13), ('(0, 1, 0, 0, 0, 0, 0, 0, -1, 0)', 9), ('(1, 0, 0, 0, 0, 0, 0, 0, 0, 0)', 9), ('(0, 1, 0, 0, 0, 0, 0, 0, 0, -1)', 9)]",5
7,10,17,91,"[1, 0, 1, 0, -1, 0, 0]","[1, 0, 1, 0, 16, 0, 0]","[0, 0, 1, 1, 0, 1, 0, 0, 0, -1]","[-1, 2, 4, 3, 1, -7, -8, -2, -9, 0]","[1, 1, 0, 0, 0, 1, 0, 0, 1, 0]",4.0,"[4, 0, 5, 7, 6, 3, 2]",False,"[0, 0, 0, 0, 0, 0, 0, 0, 0, 0]",4.0,"[-1, 2, 4, 3, 1, -7, -8, -2, -9, 0]","[4, 0, 5, 7, 6, 3, 2]",False,"[0, 0, 0, 0, 0, 0, 0, 0, 0, 0]",4.0,0,"[-1, 2, 4, 3, 1, -7, -8, -2, -9, 0]","[4, 0, 5, 7, 6, 3, 2]",False,"[0, 0, 0, 0, 0, 0, 0, 0, 0, 0]",4.0,"[-1, 2, 4, 3, 1, -7, -8, -2, -9, 0]","[4, 0, 5, 7, 6, 3, 2]",False,"[0, -1, 0, 0, -1, 0, 0, 0, 0, 0]",9.0,10,0.02040816326530612,4139.21021047272,4,0,7,9,"[1, 4, 3, 4, 0, -7, -9, -1, -9, 0]","[15, 1, 1, 7, 11, 5, 16]",False,20,20,False,False,True,True,6,False,False,False,False,False,False,False,True,True,True,True,False,False,False,False,False,"[0, 3, 3, 2, 1, -7, -8, -2, -8, 1]",6,6,6,6,11,123.71900195800117,8.291599806398153e-05,123.46349966601701,0.007306207990041003,20,20,"[('(0, 0, 0, 0, 0, 0, 0, 0, 0, 0)', 98), ('(0, 0, 0, 0, 0, 0, -1, 0, 0, 0)', 24), ('(0, -1, 0, 0, 0, 0, 0, 0, 0, 0)', 24), ('(0, 0, 0, 0, -1, 0, 0, 0, 0, 0)', 24), ('(0, 0, 0, 0, 0, 0, 0, 0, -1, 0)', 19), ('(0, 0, 0, 0, 0, -1, 0, 0, 0, 0)', 17), ('(0, 0, 1, 0, 0, 0, 0, 0, 0, 0)', 14), ('(0, 0, 0, 0, 0, 0, 0, 0, 0, 1)', 13), ('(0, 0, 0, 0, 0, 0, 0, -1, 0, 0)', 11), ('(0, -1, 0, 0, -1, 0, 0, 0, 0, 0)', 10)]",5
7,10,17,92,"[-1, 0, 1, 1, -1, 1, 1]","[16, 0, 1, 1, 16, 1, 1]","[0, 0, -1, -1, 0, -1, 0, 0, 0, -1]","[-4, -4, -5, 5, -3, 8, 2, -7, 8, -3]","[0, 0, -1, -1, 0, -1, 0, 0, 0, -1]",4.0,"[16, 0, 1, 1, 16, 1, 1]",True,"[0, 0, 0, 0, 0, 0, 0, 0, 0, 0]",4.0,"[-4, -4, -5, 5, -3, 8, 2, -7, 8, -3]","[16, 0, 1, 1, 16, 1, 1]",True,"[0, 0, 0, 0, 0, 0, 0, 0, 0, 0]",4.0,0,"[-4, -4, -5, 5, -3, 8, 2, -7, 8, -3]","[16, 0, 1, 1, 16, 1, 1]",True,"[0, 0, 0, 0, 0, 0, 0, 0, 0, 0]",4.0,"[-4, -4, -5, 5, -3, 8, 2, -7, 8, -3]","[16, 0, 1, 1, 16, 1, 1]",True,"[0, 0, 0, 0, 0, 0, 0, 0, 0, 0]",4.0,159,0.3231707317073171,63.69248261847662,0,0,6,4,"[-4, -4, -5, 5, -3, 8, 2, -7, 8, -3]","[16, 0, 1, 1, 16, 1, 1]",True,20,20,True,False,True,True,0,False,False,False,False,False,False,False,True,True,True,True,True,True,False,False,False,"[-4, -4, -5, 5, -3, 8, 2, -7, 8, -3]",0,0,0,0,0,123.44760000001406,8.587498450651765e-05,123.20874704100424,0.007042499986710027,20,20,"[('(0, 0, 0, 0, 0, 0, 0, 0, 0, 0)', 159), ('(0, 0, 0, 0, 0, 0, 0, 0, 0, -1)', 40), ('(1, 0, 0, 0, 0, 0, 0, 0, 0, 0)', 29), ('(0, 0, 0, -1, 0, 0, 0, 0, 0, 0)', 20), ('(0, 0, 0, 0, 0, 0, 0, -1, 0, 0)', 20), ('(0, 0, 0, 0, 0, 0, 0, 0, 1, 0)', 19), ('(0, 0, 0, 0, 0, -1, 0, 0, 0, 0)', 16), ('(0, 0, 0, 0, 0, 0, 1, 0, 0, 0)', 10), ('(0, 0, -1, 0, 0, 0, 0, 0, 0, 0)', 10), ('(1, 0, 0, 0, 0, 0, 0, 0, 0, -1)', 8)]",5
7,10,17,93,"[0, 1, 0, 1, 0, 1, -1]","[0, 1, 0, 1, 0, 1, 16]","[-1, 0, -1, 0, 0, 0, -1, 0, -1, 0]","[-7, 2, 0, 6, -5, 4, -1, -7, -1, 2]","[0, -1, 0, 0, 0, -1, 1, 1, 0, 0]",4.0,"[7, 2, 9, 4, 12, 1, 2]",False,"[0, 0, 0, 0, 0, 0, 0, 0, 0, 0]",4.0,"[-7, 2, 0, 6, -5, 4, -1, -7, -1, 2]","[7, 2, 9, 4, 12, 1, 2]",False,"[0, 0, 0, 0, 0, 0, 0, 0, 0, 0]",4.0,0,"[-7, 2, 0, 6, -5, 4, -1, -7, -1, 2]","[7, 2, 9, 4, 12, 1, 2]",False,"[0, 0, 0, 0, 0, 0, 0, 0, 0, 0]",4.0,"[-7, 2, 0, 6, -5, 4, -1, -7, -1, 2]","[7, 2, 9, 4, 12, 1, 2]",False,"[0, 0, 0, 0, 0, 1, 0, 1, 0, 0]",4.0,7,0.014256619144602852,23.992055845832017,0,0,4,4,"[-6, 1, 1, 6, -5, 3, 1, -6, 0, 2]","[0, 1, 0, 1, 0, 1, 16]",True,20,20,True,True,True,True,0,False,False,False,False,False,True,True,True,True,True,True,False,True,False,False,True,"[-6, 1, 1, 6, -5, 3, 1, -6, 0, 2]",10,10,10,10,0,123.83724091600743,8.437500218860805e-05,123.58032558299601,0.007133500010240823,20,20,"[('(0, 0, 0, 0, 0, 0, 0, 0, 0, 0)', 90), ('(0, 0, 0, 0, 0, 0, 0, 0, 0, 1)', 28), ('(0, 0, 0, 0, 0, 1, 0, 0, 0, 0)', 27), ('(0, 0, 0, 0, 0, 0, 0, 1, 0, 0)', 26), ('(0, 0, 0, 0, -1, 0, 0, 0, 0, 0)', 23), ('(0, 0, 0, -1, 0, 0, 0, 0, 0, 0)', 18), ('(1, 0, 0, 0, 0, 0, 0, 0, 0, 0)', 16), ('(0, 0, 0, -1, 0, 0, 0, 1, 0, 0)', 11), ('(0, 0, 0, 0, 0, 0, 0, 1, 0, 1)', 10), ('(0, 0, 0, 0, 0, 0, 1, 0, 0, 0)', 9)]",5
7,10,17,94,"[0, 0, 0, 0, 1, 1, -1]","[0, 0, 0, 0, 1, 1, 16]","[0, 0, 1, 0, 0, 0, 0, 1, 0, 0]","[-8, 7, 7, 7, 3, -4, 0, 2, -3, -8]","[0, 0, 1, 0, 0, 0, 0, 1, 0, 0]",2.0,"[0, 0, 0, 0, 1, 1, 16]",True,"[0, 0, 0, 0, 0, 0, 0, 0, 0, 0]",2.0,"[-8, 7, 7, 7, 3, -4, 0, 2, -3, -8]","[0, 0, 0, 0, 1, 1, 16]",True,"[0, 0, 0, 0, 0, 0, 0, 0, 0, 0]",2.0,0,"[-8, 7, 7, 7, 3, -4, 0, 2, -3, -8]","[0, 0, 0, 0, 1, 1, 16]",True,"[0, 0, 0, 0, 0, 0, 0, 0, 0, 0]",2.0,"[-8, 7, 7, 7, 3, -4, 0, 2, -3, -8]","[0, 0, 0, 0, 1, 1, 16]",True,"[0, 0, 0, 0, 0, 0, 0, 0, 0, 0]",2.0,95,0.1934826883910387,21.64356518085322,0,0,3,2,"[-8, 7, 7, 7, 3, -4, 0, 2, -3, -8]","[0, 0, 0, 0, 1, 1, 16]",True,20,20,True,False,True,True,0,False,False,False,False,False,False,False,True,True,True,True,True,True,False,False,False,"[-8, 7, 7, 7, 3, -4, 0, 2, -3, -8]",0,0,0,0,0,123.71249629199156,8.516601519659162e-05,123.46558991700294,0.006639332976192236,20,20,"[('(0, 0, 0, 0, 0, 0, 0, 0, 0, 0)', 95), ('(0, 0, 0, 0, 0, 1, 0, 0, 0, 0)', 24), ('(0, 0, 0, 0, 0, 0, 1, 0, 0, 0)', 23), ('(0, 0, -1, 0, 0, 0, 0, 0, 0, 0)', 20), ('(0, 0, 0, 0, 0, 0, 0, 0, 1, 0)', 18), ('(0, 0, 0, 0, 0, 0, 0, 0, 0, -1)', 17), ('(-1, 0, 0, 0, 0, 0, 0, 0, 0, 0)', 15), ('(0, 0, 0, 0, -1, 0, 0, 0, 0, 0)', 14), ('(0, -1, 0, 0, 0, 0, 0, 0, 0, 0)', 13), ('(0, 0, 0, 0, 0, 0, 0, -1, 0, 0)', 8)]",5
7,10,17,95,"[0, 0, 0, 1, -1, 1, 0]","[0, 0, 0, 1, 16, 1, 0]","[0, 0, -1, 0, 0, 0, 1, 0, -1, -1]","[-7, -1, -5, -2, -6, 5, 8, -8, 9, -7]","[0, 1, 1, -1, 0, 0, 0, 0, -1, 0]",4.0,"[16, 15, 12, 10, 4, 13, 15]",False,"[0, 0, -1, 0, 0, 0, 0, 0, 0, 0]",4.0,"[-6, 0, -5, -3, -6, 5, 8, -8, 9, -8]","[2, 1, 10, 6, 12, 14, 4]",False,"[0, 0, 0, 0, 0, 0, 0, 0, 0, 0]",4.0,0,"[-7, -1, -5, -2, -6, 5, 8, -8, 9, -7]","[16, 15, 12, 10, 4, 13, 15]",False,"[0, 0, 0, 0, 0, 0, 0, 0, 0, 0]",4.0,"[-7, -1, -5, -2, -6, 5, 8, -8, 9, -7]","[16, 15, 12, 10, 4, 13, 15]",False,"[0, 0, 0, 0, 0, 0, 0, 1, 0, 0]",4.0,29,0.05894308943089431,43.85988026183379,0,0,3,4,"[-7, 0, -3, -3, -6, 5, 7, -8, 9, -6]","[0, 0, 0, 1, 16, 1, 0]",True,20,20,True,True,True,True,0,False,True,False,False,False,True,True,False,True,False,True,False,True,False,False,True,"[-7, 0, -3, -3, -6, 5, 7, -8, 9, -6]",8,10,8,8,0,124.0350377499999,9.549999958835542e-05,123.77703337499406,0.008075457997620106,20,20,"[('(0, 0, 0, 0, 0, 0, 0, 0, 0, 0)', 105), ('(0, 0, 0, 0, 0, 0, 0, 1, 0, 0)', 29), ('(0, 0, -1, 0, 0, 0, 0, 0, 0, 0)', 29), ('(0, 0, 0, 0, 0, 0, 0, 0, 1, 0)', 26), ('(0, 0, 0, 0, 0, 1, 0, 0, 0, 0)', 19), ('(1, 0, 0, 0, 0, 0, 0, 0, 0, 0)', 16), ('(0, 0, 0, 0, -1, 0, 0, 0, 0, 0)', 14), ('(0, 0, 0, 0, 0, 0, 0, 0, 0, 1)', 12), ('(0, 0, 0, 0, 0, 1, 0, 1, 0, 0)', 10), ('(0, 0, -1, 0, -1, 0, 0, 0, 0, 0)', 8)]",5
7,10,17,96,"[1, 0, 0, 0, 0, 1, 1]","[1, 0, 0, 0, 0, 1, 1]","[0, 0, 0, 0, 0, 0, 0, 0, 0, 0]","[4, -8, -6, 2, 7, -8, -6, 0, 3, 8]","[0, 0, 0, 0, 0, 0, 0, 0, 0, 0]",0.0,"[1, 0, 0, 0, 0, 1, 1]",True,"[0, 0, 0, 0, 0, 0, 0, 0, 0, 0]",0.0,"[4, -8, -6, 2, 7, -8, -6, 0, 3, 8]","[1, 0, 0, 0, 0, 1, 1]",True,"[0, 0, 0, 0, 0, 0, 0, 0, 0, 0]",0.0,0,"[4, -8, -6, 2, 7, -8, -6, 0, 3, 8]","[1, 0, 0, 0, 0, 1, 1]",True,"[0, 0, 0, 0, 0, 0, 0, 0, 0, 0]",0.0,"[4, -8, -6, 2, 7, -8, -6, 0, 3, 8]","[1, 0, 0, 0, 0, 1, 1]",True,"[0, 0, 0, 0, 0, 0, 0, 0, 0, 0]",0.0,363,0.7274549098196392,39.41028461323633,0,0,3,0,"[4, -8, -6, 2, 7, -8, -6, 0, 3, 8]","[1, 0, 0, 0, 0, 1, 1]",True,20,20,True,False,True,True,0,False,False,False,False,False,False,False,True,True,True,True,True,True,False,False,False,"[4, -8, -6, 2, 7, -8, -6, 0, 3, 8]",0,0,0,0,0,122.98696837501484,8.641701424494386e-05,122.73228787499829,0.006658500002231449,20,20,"[('(0, 0, 0, 0, 0, 0, 0, 0, 0, 0)', 363), ('(0, 0, 0, 0, -1, 0, 0, 0, 0, 0)', 11), ('(1, 0, 0, 0, 0, 0, 0, 0, 0, 0)', 10), ('(0, 0, 1, 0, 0, 0, 0, 0, 0, 0)', 8), ('(0, 0, 0, 0, 1, 0, 0, 0, 0, 0)', 8), ('(0, 0, -1, 0, 0, 0, 0, 0, 0, 0)', 8), ('(0, 0, 0, 1, 0, 0, 0, 0, 0, 0)', 8), ('(0, 0, 0, 0, 0, 0, 0, -1, 0, 0)', 7), ('(0, 0, 0, 0, 0, 0, 0, 0, -1, 0)', 6), ('(0, 0, 0, 0, 0, 0, 0, 0, 1, 0)', 6)]",5
7,10,17,97,"[0, 0, 0, 1, 0, 1, -1]","[0, 0, 0, 1, 0, 1, 16]","[0, 0, 0, 0, 0, 0, 0, 0, -1, 1]","[5, -5, -7, -3, -8, -5, -3, -5, -1, 6]","[2, 0, 0, 0, 0, 0, 1, 0, 0, 0]",5.0,"[11, 9, 4, 0, 12, 2, 12]",False,"[-1, 0, 0, 0, 0, 0, -1, 0, 0, 0]",2.0,"[7, -5, -7, -3, -8, -5, -2, -5, 0, 5]","[0, 0, 0, 1, 0, 1, 16]",True,"[0, 0, 0, 0, 0, 0, 0, 0, 0, 0]",5.0,0,"[5, -5, -7, -3, -8, -5, -3, -5, -1, 6]","[11, 9, 4, 0, 12, 2, 12]",False,"[0, 0, 0, 0, 0, 0, 0, 0, 0, 0]",5.0,"[5, -5, -7, -3, -8, -5, -3, -5, -1, 6]","[11, 9, 4, 0, 12, 2, 12]",False,"[0, 0, 0, -1, 0, 0, 0, 0, 0, 0]",5.0,28,0.05761316872427984,5074.9132704170015,5,0,6,5,"[7, -5, -7, -2, -9, -4, -3, -4, -1, 6]","[8, 9, 16, 12, 13, 0, 4]",False,20,20,False,True,False,False,6,True,True,True,False,False,False,False,False,False,False,False,False,False,False,False,False,"[7, -5, -7, -3, -8, -5, -2, -5, 0, 5]",7,0,7,7,7,123.28151012500166,7.179201929830015e-05,123.02899554200121,0.0053898749756626785,20,20,"[('(0, 0, 0, 0, 0, 0, 0, 0, 0, 0)', 111), ('(0, 0, 0, -1, 0, 0, 0, 0, 0, 0)', 28), ('(0, 0, 0, 0, 0, 0, 0, 0, 0, 1)', 23), ('(0, 0, 0, 0, 0, 0, -1, 0, 0, 0)', 21), ('(0, 0, 0, 0, 0, 0, 0, 0, -1, 0)', 21), ('(0, -1, 0, 0, 0, 0, 0, 0, 0, 0)', 21), ('(0, 0, -1, 0, 0, 0, 0, 0, 0, 0)', 16), ('(0, 0, 0, 0, 0, 0, 0, -1, 0, 0)', 11), ('(0, 0, 0, -1, 0, 0, -1, 0, 0, 0)', 10), ('(0, 0, 0, 0, 1, 0, 0, 0, 0, 0)', 8)]",5
7,10,17,99,"[0, 0, 0, 1, 1, 0, -1]","[0, 0, 0, 1, 1, 0, 16]","[0, 0, 0, 0, 0, 1, 0, 0, 0, 0]","[-4, -7, 3, -8, 7, 7, 2, -4, 5, 4]","[0, 0, 0, 0, 0, 1, 0, 0, 0, 0]",1.0,"[0, 0, 0, 1, 1, 0, 16]",True,"[0, 0, 0, 0, 0, 0, 0, 0, 0, 0]",1.0,"[-4, -7, 3, -8, 7, 7, 2, -4, 5, 4]","[0, 0, 0, 1, 1, 0, 16]",True,"[0, 0, 0, 0, 0, 0, 0, 0, 0, 0]",1.0,0,"[-4, -7, 3, -8, 7, 7, 2, -4, 5, 4]","[0, 0, 0, 1, 1, 0, 16]",True,"[0, 0, 0, 0, 0, 0, 0, 0, 0, 0]",1.0,"[-4, -7, 3, -8, 7, 7, 2, -4, 5, 4]","[0, 0, 0, 1, 1, 0, 16]",True,"[0, 0, 0, 0, 0, 0, 0, 0, 0, 0]",1.0,189,0.3810483870967742,30.525297592783954,0,0,3,1,"[-4, -7, 3, -8, 7, 7, 2, -4, 5, 4]","[0, 0, 0, 1, 1, 0, 16]",True,20,20,True,False,True,True,0,False,False,False,False,False,False,False,True,True,True,True,True,True,False,False,False,"[-4, -7, 3, -8, 7, 7, 2, -4, 5, 4]",0,0,0,0,0,122.5191242909932,8.708401583135128e-05,122.27217037498485,0.0048032079939730465,20,20,"[('(0, 0, 0, 0, 0, 0, 0, 0, 0, 0)', 189), ('(0, 0, 0, 0, 1, 0, 0, 0, 0, 0)', 50), ('(0, -1, 0, 0, 0, 0, 0, 0, 0, 0)', 34), ('(0, 0, 0, 0, 0, 0, 0, 1, 0, 0)', 32), ('(0, 0, 0, 0, 0, 0, 0, 0, 0, 1)', 28), ('(0, 0, 0, 0, 1, 0, 0, 1, 0, 0)', 13), ('(0, -1, 0, 0, 0, 0, 0, 1, 0, 0)', 10), ('(0, 0, 0, 0, 0, 0, 0, 1, 0, 1)', 9), ('(0, 0, 0, 0, 1, 0, 0, 0, 0, 1)', 7), ('(0, -1, 0, 0, 1, 0, 0, 0, 0, 0)', 6)]",5
7,10,17,98,"[0, -1, -1, 1, 0, 0, 0]","[0, 16, 16, 1, 0, 0, 0]","[1, 0, 0, -1, 0, 0, -1, 0, 1, 0]","[5, 6, 8, -4, 8, 3, -2, -3, -2, 2]","[-1, -1, 0, 0, 0, 0, 0, 0, 0, 1]",3.0,"[3, 0, 11, 1, 6, 4, 15]",False,"[0, 0, 0, 0, 0, 0, 0, 0, 0, 0]",3.0,"[5, 6, 8, -4, 8, 3, -2, -3, -2, 2]","[3, 0, 11, 1, 6, 4, 15]",False,"[0, 0, 0, 0, 0, 0, 0, 0, 0, 0]",3.0,0,"[5, 6, 8, -4, 8, 3, -2, -3, -2, 2]","[3, 0, 11, 1, 6, 4, 15]",False,"[0, 0, 0, 0, 0, 0, 0, 0, 0, 0]",3.0,"[5, 6, 8, -4, 8, 3, -2, -3, -2, 2]","[3, 0, 11, 1, 6, 4, 15]",False,"[0, 0, 0, 1, 0, 0, 1, 0, 0, 0]",15.0,5,0.010101010101010102,3065.570824053077,2,1,4,7,"[3, 4, 5, -4, 8, 2, -3, -4, -1, 3]","[0, 9, 12, 16, 0, 1, 0]",False,20,20,False,True,True,True,7,False,False,False,False,False,False,False,True,True,True,True,False,False,False,False,False,"[3, 5, 8, -3, 8, 3, -1, -3, -3, 3]",9,9,9,9,21,122.95393241601414,7.199999527074397e-05,122.70983391700429,0.0037991669960319996,20,20,"[('(0, 0, 0, 0, 0, 0, 0, 0, 0, 0)', 103), ('(0, 0, 0, 0, 0, 0, 1, 0, 0, 0)', 26), ('(0, 0, 0, 0, 1, 0, 0, 0, 0, 0)', 24), ('(0, -1, 0, 0, 0, 0, 0, 0, 0, 0)', 24), ('(0, 0, 0, 1, 0, 0, 0, 0, 0, 0)', 23), ('(0, 0, -1, 0, 0, 0, 0, 0, 0, 0)', 22), ('(0, 0, 0, 0, 0, 1, 0, 0, 0, 0)', 15), ('(1, 0, 0, 0, 0, 0, 0, 0, 0, 0)', 13), ('(0, 0, 0, 0, 0, 0, 0, -1, 0, 0)', 11), ('(0, 0, 0, 0, 0, 0, 0, 0, 0, 1)', 10)]",5
8,11,17,3,"[0, 1, 1, -1, 1, 0, 0, -1]","[0, 1, 1, 16, 1, 0, 0, 16]","[0, 0, 0, 0, 0, 0, 0, 0, 0, 0, 0]","[-6, 7, -7, -5, 5, -4, 8, -1, -8, 2, 4]","[0, 0, 0, 0, 0, 0, 0, 0, 0, 0, 0]",0.0,"[0, 1, 1, 16, 1, 0, 0, 16]",True,"[0, 0, 0, 0, 0, 0, 0, 0, 0, 0, 0]",0.0,"[-6, 7, -7, -5, 5, -4, 8, -1, -8, 2, 4]","[0, 1, 1, 16, 1, 0, 0, 16]",True,"[0, 0, 0, 0, 0, 0, 0, 0, 0, 0, 0]",0.0,0,"[-6, 7, -7, -5, 5, -4, 8, -1, -8, 2, 4]","[0, 1, 1, 16, 1, 0, 0, 16]",True,"[0, 0, 0, 0, 0, 0, 0, 0, 0, 0, 0]",0.0,"[-6, 7, -7, -5, 5, -4, 8, -1, -8, 2, 4]","[0, 1, 1, 16, 1, 0, 0, 16]",True,"[0, 0, 0, 0, 0, 0, 0, 0, 0, 0, 0]",0.0,354,0.7094188376753507,49.41278822105246,0,0,5,0,"[-6, 7, -7, -5, 5, -4, 8, -1, -8, 2, 4]","[0, 1, 1, 16, 1, 0, 0, 16]",True,20,20,True,False,True,True,0,False,False,False,False,False,False,False,True,True,True,True,True,True,False,False,False,"[-6, 7, -7, -5, 5, -4, 8, -1, -8, 2, 4]",0,0,0,0,0,728.0512602080125,7.591600297018886e-05,727.4560441249923,0.005944292002823204,22,22,"[('(0, 0, 0, 0, 0, 0, 0, 0, 0, 0, 0)', 354), ('(0, 0, 0, 0, -1, 0, 0, 0, 0, 0, 0)', 11), ('(0, 0, 0, 1, 0, 0, 0, 0, 0, 0, 0)', 9), ('(0, 0, 0, 0, 0, 0, -1, 0, 0, 0, 0)', 8), ('(0, 0, 0, 0, 0, 1, 0, 0, 0, 0, 0)', 8), ('(0, 0, 0, -1, 0, 0, 0, 0, 0, 0, 0)', 8), ('(0, 0, 1, 0, 0, 0, 0, 0, 0, 0, 0)', 8), ('(-1, 0, 0, 0, 0, 0, 0, 0, 0, 0, 0)', 7), ('(0, 0, 0, 0, 0, 0, 0, 0, 1, 0, 0)', 6), ('(0, 0, 0, 0, 0, 0, 0, 0, -1, 0, 0)', 6)]",5
8,11,17,2,"[0, 0, 0, -1, -1, -1, 0, 0]","[0, 0, 0, 16, 16, 16, 0, 0]","[1, 0, 0, 1, 0, 0, 0, 0, 0, 0, 0]","[-8, 3, -8, 0, -6, 0, 8, -3, 0, 2, -8]","[1, 0, 0, 1, 0, 0, 0, 0, 0, 0, 0]",2.0,"[0, 0, 0, 16, 16, 16, 0, 0]",True,"[0, 0, 0, 0, 0, 0, 0, 0, 0, 0, 0]",2.0,"[-8, 3, -8, 0, -6, 0, 8, -3, 0, 2, -8]","[0, 0, 0, 16, 16, 16, 0, 0]",True,"[0, 0, 0, 0, 0, 0, 0, 0, 0, 0, 0]",2.0,0,"[-8, 3, -8, 0, -6, 0, 8, -3, 0, 2, -8]","[0, 0, 0, 16, 16, 16, 0, 0]",True,"[0, 0, 0, 0, 0, 0, 0, 0, 0, 0, 0]",2.0,"[-8, 3, -8, 0, -6, 0, 8, -3, 0, 2, -8]","[0, 0, 0, 16, 16, 16, 0, 0]",True,"[0, 0, 0, 0, 0, 0, 0, 0, 0, 0, 0]",2.0,102,0.20901639344262296,31.636527101177037,0,0,3,2,"[-8, 3, -8, 0, -6, 0, 8, -3, 0, 2, -8]","[0, 0, 0, 16, 16, 16, 0, 0]",True,20,20,True,False,True,True,0,False,False,False,False,False,False,False,True,True,True,True,True,True,False,False,False,"[-8, 3, -8, 0, -6, 0, 8, -3, 0, 2, -8]",0,0,0,0,0,729.0206944590027,7.687500328756869e-05,728.4435479590029,0.005780750012490898,22,22,"[('(0, 0, 0, 0, 0, 0, 0, 0, 0, 0, 0)', 102), ('(0, 0, 0, 0, 0, 0, 0, 0, 1, 0, 0)', 28), ('(0, 0, 0, 0, 0, 0, 0, 0, 0, -1, 0)', 28), ('(0, 0, 0, 0, 0, 1, 0, 0, 0, 0, 0)', 25), ('(0, 1, 0, 0, 0, 0, 0, 0, 0, 0, 0)', 19), ('(0, 0, 1, 0, 0, 0, 0, 0, 0, 0, 0)', 18), ('(0, 0, 0, 0, 0, 0, 0, 1, 0, 0, 0)', 15), ('(0, 0, 0, 0, 0, 0, 0, 0, 0, 0, -1)', 14), ('(0, 0, 0, 1, 0, 0, 0, 0, 0, 0, 0)', 10), ('(0, 0, 0, 0, 0, 1, 0, 1, 0, 0, 0)', 8)]",5
8,11,17,0,"[0, 1, -1, 0, -1, 1, 1, -1]","[0, 1, 16, 0, 16, 1, 1, 16]","[1, -1, 0, 0, 0, 0, 0, -1, 0, 0, -1]","[-2, 8, 3, -1, 2, 8, 4, -3, 5, -4, 6]","[1, -1, 0, 0, 0, 0, 0, -1, 0, 0, -1]",4.0,"[0, 1, 16, 0, 16, 1, 1, 16]",True,"[0, 0, 0, -1, 0, 0, 0, -1, 0, 0, 0]",3.0,"[-1, 7, 3, -1, 2, 9, 3, -4, 6, -4, 5]","[3, 4, 10, 15, 16, 4, 3, 15]",False,"[0, 0, 0, 0, 0, 0, 0, 0, 0, 0, 0]",4.0,0,"[-2, 8, 3, -1, 2, 8, 4, -3, 5, -4, 6]","[0, 1, 16, 0, 16, 1, 1, 16]",True,"[0, 0, 0, -1, 0, 0, 0, -1, 0, 0, 0]",3.0,"[-1, 7, 3, -1, 2, 9, 3, -4, 6, -4, 5]","[3, 4, 10, 15, 16, 4, 3, 15]",False,"[0, 0, 0, 0, 0, 0, 0, 0, 0, 0, 0]",4.0,154,0.3111111111111111,53.69565748830808,0,0,6,4,"[-2, 8, 3, -1, 2, 8, 4, -3, 5, -4, 6]","[0, 1, 16, 0, 16, 1, 1, 16]",True,20,20,True,False,True,True,0,True,True,False,False,False,False,False,False,False,True,True,False,False,False,False,False,"[-2, 8, 3, -1, 2, 8, 4, -3, 5, -4, 6]",0,7,0,7,0,729.283244374994,7.658300455659628e-05,728.6950712919934,0.005430249992059544,22,22,"[('(0, 0, 0, 0, 0, 0, 0, 0, 0, 0, 0)', 154), ('(0, 0, 0, -1, 0, 0, 0, 0, 0, 0, 0)', 50), ('(0, 0, 0, 0, 0, 0, 0, 0, 0, -1, 0)', 31), ('(0, -1, 0, 0, 0, 0, 0, 0, 0, 0, 0)', 29), ('(0, 0, 0, 0, 0, 0, 0, -1, 0, 0, 0)', 21), ('(0, 0, -1, 0, 0, 0, 0, 0, 0, 0, 0)', 15), ('(0, 0, 0, 0, 1, 0, 0, 0, 0, 0, 0)', 12), ('(0, 0, 0, -1, 1, 0, 0, 0, 0, 0, 0)', 9), ('(0, 0, 0, -1, 0, 0, 0, -1, 0, 0, 0)', 8), ('(0, -1, 0, -1, 0, 0, 0, 0, 0, 0, 0)', 7)]",5
8,11,17,1,"[1, 0, 0, 1, -1, 1, 0, 1]","[1, 0, 0, 1, 16, 1, 0, 1]","[0, 0, 0, -1, 0, 0, 1, 0, 0, -1, 0]","[8, -7, 0, 2, -3, 3, -1, -4, 5, 9, -2]","[0, 0, 0, -1, 0, 0, 1, 0, 0, -1, 0]",3.0,"[1, 0, 0, 1, 16, 1, 0, 1]",True,"[0, 0, -1, 0, -1, 0, -1, 0, 0, 0, 0]",3.0,"[8, -6, 0, 1, -3, 3, 0, -4, 5, 7, -1]","[16, 9, 12, 15, 6, 16, 0, 13]",False,"[0, 0, 0, 0, 0, 0, 0, 0, 0, 0, 0]",3.0,0,"[8, -7, 0, 2, -3, 3, -1, -4, 5, 9, -2]","[1, 0, 0, 1, 16, 1, 0, 1]",True,"[0, 0, 0, 0, 0, 0, 0, 0, 0, 0, 0]",3.0,"[8, -7, 0, 2, -3, 3, -1, -4, 5, 9, -2]","[1, 0, 0, 1, 16, 1, 0, 1]",True,"[0, 0, 0, 0, 0, 0, 0, 0, 0, 0, 0]",3.0,89,0.18200408997955012,22.70001903296697,0,0,5,3,"[8, -7, 0, 2, -3, 3, -1, -4, 5, 9, -2]","[1, 0, 0, 1, 16, 1, 0, 1]",True,20,20,True,False,False,True,0,False,True,False,False,False,False,False,False,True,False,True,False,True,False,False,False,"[8, -7, 0, 2, -3, 3, -1, -4, 5, 9, -2]",0,8,0,0,0,729.7647587500105,8.258299203589559e-05,729.1768829579814,0.006482041993876919,22,22,"[('(0, 0, 0, 0, 0, 0, 0, 0, 0, 0, 0)', 89), ('(0, 0, 0, 0, -1, 0, 0, 0, 0, 0, 0)', 25), ('(0, 0, 0, 0, 0, -1, 0, 0, 0, 0, 0)', 24), ('(0, 0, 0, 0, 0, 0, 0, -1, 0, 0, 0)', 22), ('(0, 0, 0, -1, 0, 0, 0, 0, 0, 0, 0)', 20), ('(0, 0, 0, 0, 0, 0, 0, 0, 0, 0, -1)', 17), ('(0, -1, 0, 0, 0, 0, 0, 0, 0, 0, 0)', 17), ('(0, 0, 0, 0, 0, 0, 0, 0, 0, -1, 0)', 16), ('(0, 0, 0, 0, 0, 0, -1, 0, 0, 0, 0)', 15), ('(0, 0, -1, 0, 0, 0, 0, 0, 0, 0, 0)', 7)]",5
8,11,17,4,"[0, -1, -1, 1, 1, 0, 0, -1]","[0, 16, 16, 1, 1, 0, 0, 16]","[1, 0, 0, 0, 0, 0, 1, 0, 0, 1, 1]","[-7, 0, 6, -3, 7, 1, 9, 5, 5, -5, 2]","[0, 0, 0, 0, 0, -1, -1, -1, 0, -1, 0]",4.0,"[11, 4, 2, 14, 8, 8, 13, 0]",False,"[0, 0, 0, 0, 0, 0, 0, 0, 0, 0, 0]",4.0,"[-7, 0, 6, -3, 7, 1, 9, 5, 5, -5, 2]","[11, 4, 2, 14, 8, 8, 13, 0]",False,"[0, 0, 0, 0, 0, 0, 0, 0, 0, 0, 0]",4.0,0,"[-7, 0, 6, -3, 7, 1, 9, 5, 5, -5, 2]","[11, 4, 2, 14, 8, 8, 13, 0]",False,"[0, 0, 0, 0, 0, 0, 0, 0, 0, 0, 0]",4.0,"[-7, 0, 6, -3, 7, 1, 9, 5, 5, -5, 2]","[11, 4, 2, 14, 8, 8, 13, 0]",False,"[0, 0, 0, 0, 0, 0, -1, 0, 0, 0, 0]",7.0,25,0.05091649694501019,5107.024190346198,5,0,7,7,"[-6, 1, 6, -2, 8, 0, 8, 5, 5, -5, 1]","[1, 0, 7, 3, 16, 2, 10, 6]",False,20,20,False,True,True,True,9,False,False,False,False,False,False,False,True,True,True,True,False,False,False,False,False,"[-8, 0, 6, -3, 7, 0, 7, 4, 5, -7, 1]",12,12,12,12,13,730.0003198330232,8.066699956543744e-05,729.407335707976,0.006881290988530964,22,22,"[('(0, 0, 0, 0, 0, 0, 0, 0, 0, 0, 0)', 117), ('(0, 0, 0, 0, 0, 0, 0, 0, 1, 0, 0)', 36), ('(-1, 0, 0, 0, 0, 0, 0, 0, 0, 0, 0)', 29), ('(0, 0, 0, 0, 0, 0, -1, 0, 0, 0, 0)', 25), ('(0, 0, 0, 0, 0, 0, 0, 1, 0, 0, 0)', 18), ('(0, 0, -1, 0, 0, 0, 0, 0, 0, 0, 0)', 15), ('(0, 0, 0, 0, 0, 0, 0, 0, 0, 0, -1)', 15), ('(0, -1, 0, 0, 0, 0, 0, 0, 0, 0, 0)', 13), ('(0, 0, 0, 0, 1, 0, 0, 0, 0, 0, 0)', 9), ('(0, 0, 0, 0, 0, 0, 0, 0, 1, 0, -1)', 8)]",5
8,11,17,5,"[1, 0, 0, -1, -1, 1, -1, 1]","[1, 0, 0, 16, 16, 1, 16, 1]","[0, 1, 0, 1, 0, 0, 0, 0, 0, 0, 0]","[-7, 5, 0, 1, 0, 1, -4, 1, -5, 7, 8]","[0, 1, 0, 1, 0, 0, 0, 0, 0, 0, 0]",2.0,"[1, 0, 0, 16, 16, 1, 16, 1]",True,"[0, 0, 0, 0, 0, 0, 0, 0, 0, 0, 0]",2.0,"[-7, 5, 0, 1, 0, 1, -4, 1, -5, 7, 8]","[1, 0, 0, 16, 16, 1, 16, 1]",True,"[0, 0, 0, 0, 0, 0, 0, 0, 0, 0, 0]",2.0,0,"[-7, 5, 0, 1, 0, 1, -4, 1, -5, 7, 8]","[1, 0, 0, 16, 16, 1, 16, 1]",True,"[0, 0, 0, 0, 0, 0, 0, 0, 0, 0, 0]",2.0,"[-7, 5, 0, 1, 0, 1, -4, 1, -5, 7, 8]","[1, 0, 0, 16, 16, 1, 16, 1]",True,"[0, 0, 0, 0, 0, 0, 0, 0, 0, 0, 0]",2.0,113,0.22920892494929007,51.626380155160554,0,0,6,2,"[-7, 5, 0, 1, 0, 1, -4, 1, -5, 7, 8]","[1, 0, 0, 16, 16, 1, 16, 1]",True,20,20,True,False,True,True,0,False,False,False,False,False,False,False,True,True,True,True,True,True,False,False,False,"[-7, 5, 0, 1, 0, 1, -4, 1, -5, 7, 8]",0,0,0,0,0,512.0600748329889,8.366699330508709e-05,511.56887000001734,0.006514999986393377,22,22,"[('(0, 0, 0, 0, 0, 0, 0, 0, 0, 0, 0)', 113), ('(0, 0, 0, 0, -1, 0, 0, 0, 0, 0, 0)', 34), ('(0, 0, 0, 0, 0, 0, 0, 0, -1, 0, 0)', 30), ('(0, 0, 0, 0, 0, 0, -1, 0, 0, 0, 0)', 25), ('(0, 0, 0, 0, 0, 0, 0, 1, 0, 0, 0)', 20), ('(0, 0, 1, 0, 0, 0, 0, 0, 0, 0, 0)', 14), ('(0, 0, 0, 0, 0, -1, 0, 0, 0, 0, 0)', 14), ('(0, 1, 0, 0, 0, 0, 0, 0, 0, 0, 0)', 14), ('(0, 0, 0, 0, 0, 0, 0, 0, 0, 1, 0)', 13), ('(1, 0, 0, 0, 0, 0, 0, 0, 0, 0, 0)', 11)]",5
8,11,17,6,"[1, 1, -1, -1, 1, 0, -1, 0]","[1, 1, 16, 16, 1, 0, 16, 0]","[0, 1, 0, 0, 0, -1, 0, 0, 0, 0, 0]","[8, 5, 8, -5, -8, 8, 7, -4, -4, 6, -6]","[0, 1, 0, 0, 0, -1, 0, 0, 0, 0, 0]",2.0,"[1, 1, 16, 16, 1, 0, 16, 0]",True,"[0, 0, 0, 0, 0, 0, 0, 0, 0, 0, 0]",2.0,"[8, 5, 8, -5, -8, 8, 7, -4, -4, 6, -6]","[1, 1, 16, 16, 1, 0, 16, 0]",True,"[0, 0, 0, 0, 0, 0, 0, 0, 0, 0, 0]",2.0,0,"[8, 5, 8, -5, -8, 8, 7, -4, -4, 6, -6]","[1, 1, 16, 16, 1, 0, 16, 0]",True,"[0, 0, 0, 0, 0, 0, 0, 0, 0, 0, 0]",2.0,"[8, 5, 8, -5, -8, 8, 7, -4, -4, 6, -6]","[1, 1, 16, 16, 1, 0, 16, 0]",True,"[0, 0, 0, 0, 0, 0, 0, 0, 0, 0, 0]",2.0,123,0.24848484848484848,51.6179718434395,0,0,6,2,"[8, 5, 8, -5, -8, 8, 7, -4, -4, 6, -6]","[1, 1, 16, 16, 1, 0, 16, 0]",True,20,20,True,False,True,True,0,False,False,False,False,False,False,False,True,True,True,True,True,True,False,False,False,"[8, 5, 8, -5, -8, 8, 7, -4, -4, 6, -6]",0,0,0,0,0,512.2770730000047,7.54169886931777e-05,511.79021795798326,0.006701333011733368,22,22,"[('(0, 0, 0, 0, 0, 0, 0, 0, 0, 0, 0)', 123), ('(0, 0, 0, -1, 0, 0, 0, 0, 0, 0, 0)', 37), ('(0, 0, 0, 0, 0, 0, -1, 0, 0, 0, 0)', 31), ('(0, 0, 0, 0, -1, 0, 0, 0, 0, 0, 0)', 27), ('(0, 1, 0, 0, 0, 0, 0, 0, 0, 0, 0)', 21), ('(0, 0, -1, 0, 0, 0, 0, 0, 0, 0, 0)', 21), ('(0, 0, 0, 0, 0, 0, 0, 0, 1, 0, 0)', 18), ('(0, 0, 0, -1, 0, 0, -1, 0, 0, 0, 0)', 10), ('(0, 0, 0, -1, 0, 0, 0, 0, 1, 0, 0)', 9), ('(0, 0, -1, 0, 0, 0, -1, 0, 0, 0, 0)', 8)]",5
8,11,17,8,"[0, 0, -1, 0, -1, 0, 0, -1]","[0, 0, 16, 0, 16, 0, 0, 16]","[0, -1, 0, 0, 0, -1, 0, 0, 0, 1, 0]","[-1, 2, 5, 6, -7, 8, -3, 7, -1, -4, 7]","[0, -1, 0, 0, 0, -1, 0, 0, 0, 1, 0]",3.0,"[0, 0, 16, 0, 16, 0, 0, 16]",True,"[0, 0, 0, 0, 0, 0, 0, 0, 0, 0, 0]",3.0,"[-1, 2, 5, 6, -7, 8, -3, 7, -1, -4, 7]","[0, 0, 16, 0, 16, 0, 0, 16]",True,"[0, 0, 0, 0, 0, 0, 0, 0, 0, 0, 0]",3.0,0,"[-1, 2, 5, 6, -7, 8, -3, 7, -1, -4, 7]","[0, 0, 16, 0, 16, 0, 0, 16]",True,"[0, 0, 0, 0, 0, 0, 0, 0, 0, 0, 0]",3.0,"[-1, 2, 5, 6, -7, 8, -3, 7, -1, -4, 7]","[0, 0, 16, 0, 16, 0, 0, 16]",True,"[0, 0, 0, 0, 0, 0, 0, 0, 0, 0, 0]",3.0,166,0.3367139959432049,22.638200618758322,0,0,3,3,"[-1, 2, 5, 6, -7, 8, -3, 7, -1, -4, 7]","[0, 0, 16, 0, 16, 0, 0, 16]",True,20,20,True,False,True,True,0,False,False,False,False,False,False,False,True,True,True,True,True,True,False,False,False,"[-1, 2, 5, 6, -7, 8, -3, 7, -1, -4, 7]",0,0,0,0,0,512.8483822080016,8.020899258553982e-05,512.3459207089909,0.006679790996713564,22,22,"[('(0, 0, 0, 0, 0, 0, 0, 0, 0, 0, 0)', 166), ('(0, 0, 0, 0, 0, 0, -1, 0, 0, 0, 0)', 32), ('(0, 0, 0, 0, 0, 0, 0, 0, 0, 0, 1)', 21), ('(0, 0, 0, 0, 0, 0, 0, 0, -1, 0, 0)', 20), ('(0, 0, 0, 1, 0, 0, 0, 0, 0, 0, 0)', 20), ('(0, -1, 0, 0, 0, 0, 0, 0, 0, 0, 0)', 15), ('(-1, 0, 0, 0, 0, 0, 0, 0, 0, 0, 0)', 12), ('(0, 0, -1, 0, 0, 0, 0, 0, 0, 0, 0)', 10), ('(0, 0, 0, 0, 0, 0, 0, 0, -1, 0, 1)', 8), ('(0, 0, 0, 0, 0, 0, -1, 0, -1, 0, 0)', 8)]",5
8,11,17,7,"[0, 0, -1, 0, 0, 1, 0, 0]","[0, 0, 16, 0, 0, 1, 0, 0]","[-1, 0, 0, 0, 0, 0, 1, 0, 0, 0, 0]","[2, -4, 3, -8, -3, -4, 5, 1, -7, 6, -8]","[-1, 0, 0, 0, 0, 0, 1, 0, 0, 0, 0]",2.0,"[0, 0, 16, 0, 0, 1, 0, 0]",True,"[0, 0, 0, 0, 0, 0, 0, 0, 0, 0, 0]",2.0,"[2, -4, 3, -8, -3, -4, 5, 1, -7, 6, -8]","[0, 0, 16, 0, 0, 1, 0, 0]",True,"[0, 0, 0, 0, 0, 0, 0, 0, 0, 0, 0]",2.0,0,"[2, -4, 3, -8, -3, -4, 5, 1, -7, 6, -8]","[0, 0, 16, 0, 0, 1, 0, 0]",True,"[0, 0, 0, 0, 0, 0, 0, 0, 0, 0, 0]",2.0,"[2, -4, 3, -8, -3, -4, 5, 1, -7, 6, -8]","[0, 0, 16, 0, 0, 1, 0, 0]",True,"[0, 0, 0, 0, 0, 0, 0, 0, 0, 0, 0]",2.0,152,0.3076923076923077,51.59695620786076,0,0,2,2,"[2, -4, 3, -8, -3, -4, 5, 1, -7, 6, -8]","[0, 0, 16, 0, 0, 1, 0, 0]",True,20,20,True,False,True,True,0,False,False,False,False,False,False,False,True,True,True,True,True,True,False,False,False,"[2, -4, 3, -8, -3, -4, 5, 1, -7, 6, -8]",0,0,0,0,0,513.5068701250129,0.00011591601651161909,513.0102563749824,0.006917916995007545,22,22,"[('(0, 0, 0, 0, 0, 0, 0, 0, 0, 0, 0)', 152), ('(0, 0, 0, 0, 0, 0, 0, 0, 0, 0, 1)', 33), ('(0, 0, 0, 0, 0, 0, 1, 0, 0, 0, 0)', 26), ('(0, 0, 0, 0, 0, 0, 0, 0, 1, 0, 0)', 24), ('(0, 0, 0, 1, 0, 0, 0, 0, 0, 0, 0)', 23), ('(0, 0, 0, 0, 0, 0, 0, 0, 0, -1, 0)', 21), ('(0, 0, 0, 0, 0, 0, 0, -1, 0, 0, 0)', 21), ('(0, 0, 0, 0, 0, 0, 0, 0, 0, -1, 1)', 13), ('(0, 0, 0, 0, 0, 0, 1, -1, 0, 0, 0)', 10), ('(0, 0, 0, 0, 0, 0, 0, 0, 1, -1, 0)', 9)]",5
8,11,17,9,"[1, 1, 0, -1, 0, 0, 0, -1]","[1, 1, 0, 16, 0, 0, 0, 16]","[0, 0, 0, 0, 0, -1, -1, 0, 0, 0, 0]","[4, -8, -8, 1, -2, 8, 9, 5, 3, 7, -5]","[0, 0, 0, 0, 0, -1, -1, 0, 0, 0, 0]",2.0,"[1, 1, 0, 16, 0, 0, 0, 16]",True,"[0, 0, 0, 0, 0, 0, 0, 0, 0, 0, 0]",2.0,"[4, -8, -8, 1, -2, 8, 9, 5, 3, 7, -5]","[1, 1, 0, 16, 0, 0, 0, 16]",True,"[0, 0, 0, 0, 0, 0, 0, 0, 0, 0, 0]",2.0,0,"[4, -8, -8, 1, -2, 8, 9, 5, 3, 7, -5]","[1, 1, 0, 16, 0, 0, 0, 16]",True,"[0, 0, 0, 0, 0, 0, 0, 0, 0, 0, 0]",2.0,"[4, -8, -8, 1, -2, 8, 9, 5, 3, 7, -5]","[1, 1, 0, 16, 0, 0, 0, 16]",True,"[0, 0, 0, 0, 0, 0, 0, 0, 0, 0, 0]",2.0,113,0.22782258064516128,11.62638015516055,0,0,4,2,"[4, -8, -8, 1, -2, 8, 9, 5, 3, 7, -5]","[1, 1, 0, 16, 0, 0, 0, 16]",True,20,20,True,False,True,True,0,False,False,False,False,False,False,False,True,True,True,True,True,True,False,False,False,"[4, -8, -8, 1, -2, 8, 9, 5, 3, 7, -5]",0,0,0,0,0,512.9088364579948,7.420900510624051e-05,512.4125527909782,0.006174375012051314,22,22,"[('(0, 0, 0, 0, 0, 0, 0, 0, 0, 0, 0)', 113), ('(0, 0, 0, 0, 0, 0, 0, 0, 0, 1, 0)', 41), ('(0, 0, 0, 0, 0, -1, 0, 0, 0, 0, 0)', 25), ('(0, 0, 0, -1, 0, 0, 0, 0, 0, 0, 0)', 20), ('(0, 1, 0, 0, 0, 0, 0, 0, 0, 0, 0)', 19), ('(1, 0, 0, 0, 0, 0, 0, 0, 0, 0, 0)', 19), ('(0, 0, 0, 0, 0, 0, 0, 1, 0, 0, 0)', 14), ('(0, 0, 0, 0, 0, 0, 0, 0, 0, 0, -1)', 13), ('(0, 1, 0, 0, 0, 0, 0, 0, 0, 1, 0)', 11), ('(1, 0, 0, 0, 0, 0, 0, 1, 0, 0, 0)', 8)]",5
8,11,17,10,"[0, 0, 0, 0, 0, -1, -1, 1]","[0, 0, 0, 0, 0, 16, 16, 1]","[1, 0, 0, 0, 0, 0, 0, 0, 0, 0, -1]","[-2, -3, 7, -2, 8, -6, -8, 0, 6, -7, -5]","[0, 0, 0, 1, -1, -1, 0, 0, 0, 0, 0]",3.0,"[9, 15, 16, 15, 13, 1, 9, 4]",False,"[0, -1, 0, 0, 0, 1, 0, 1, 1, 0, 0]",2.0,"[-3, -3, 7, -1, 7, -7, -8, 0, 6, -7, -4]","[0, 0, 0, 0, 0, 16, 16, 1]",True,"[0, 0, 0, 0, 0, 0, 0, 0, 0, 0, 0]",3.0,0,"[-2, -3, 7, -2, 8, -6, -8, 0, 6, -7, -5]","[9, 15, 16, 15, 13, 1, 9, 4]",False,"[0, 0, 0, 0, 0, 0, 0, 0, 0, 0, 0]",3.0,"[-2, -3, 7, -2, 8, -6, -8, 0, 6, -7, -5]","[9, 15, 16, 15, 13, 1, 9, 4]",False,"[1, 0, 0, 0, 0, 0, 0, 0, 0, 0, 0]",4.0,16,0.032586558044806514,6053.916678665594,6,0,6,4,"[-1, -3, 8, -1, 7, -6, -8, 0, 7, -7, -5]","[10, 5, 3, 0, 13, 0, 12, 11]",False,20,20,False,False,False,False,5,True,True,True,False,False,False,False,False,False,False,False,False,False,False,False,False,"[-3, -3, 7, -1, 7, -7, -8, 0, 6, -7, -4]",5,0,5,5,8,534.2830970419745,9.541699546389282e-05,533.7109671249927,0.006647041998803616,22,22,"[('(0, 0, 0, 0, 0, 0, 0, 0, 0, 0, 0)', 83), ('(0, 0, 0, 0, 0, 0, 0, 0, 0, 1, 0)', 20), ('(0, -1, 0, 0, 0, 0, 0, 0, 0, 0, 0)', 18), ('(1, 0, 0, 0, 0, 0, 0, 0, 0, 0, 0)', 16), ('(0, 0, 0, 0, 0, 0, 0, 1, 0, 0, 0)', 15), ('(0, 0, 0, 0, 0, 0, 0, 0, -1, 0, 0)', 14), ('(0, 0, 0, 1, 0, 0, 0, 0, 0, 0, 0)', 13), ('(0, 0, 0, 0, 0, 0, 0, 0, 0, 0, -1)', 13), ('(0, 0, 0, 0, 0, 0, 1, 0, 0, 0, 0)', 9), ('(0, 0, 0, 0, -1, 0, 0, 0, 0, 0, 0)', 7)]",5
8,11,17,11,"[1, 0, 0, -1, -1, 1, 0, 0]","[1, 0, 0, 16, 16, 1, 0, 0]","[-1, -1, 0, 0, 0, 0, -1, 0, -1, 0, 0]","[-9, 2, -6, 8, -7, 0, -3, 8, 2, 0, 5]","[2, -1, 0, 0, 0, 0, 0, -1, 1, 0, 0]",7.0,"[4, 0, 11, 12, 2, 8, 10, 8]",False,"[0, -1, 0, 0, 1, 1, 0, 1, 0, 1, 0]",4.0,"[-6, 2, -6, 8, -7, 0, -2, 7, 4, 0, 5]","[1, 0, 0, 16, 16, 1, 0, 0]",True,"[0, 0, 0, 0, 0, 0, 0, 0, 0, 0, 0]",7.0,0,"[-9, 2, -6, 8, -7, 0, -3, 8, 2, 0, 5]","[4, 0, 11, 12, 2, 8, 10, 8]",False,"[0, -1, 1, 0, 0, 0, -1, 1, 0, 0, 0]",6.0,"[-7, 1, -5, 9, -7, 0, -4, 7, 4, 1, 6]","[11, 4, 4, 0, 9, 9, 13, 7]",False,"[0, 0, 0, 0, 0, 1, 0, 0, 0, 0, 0]",9.0,24,0.049079754601226995,7099.128112417513,6,1,7,6,"[-8, 1, -5, 6, -8, 0, -4, 8, 3, 0, 5]","[0, 3, 2, 6, 1, 8, 5, 9]",False,20,20,False,True,False,False,12,True,True,True,False,False,False,False,False,False,False,False,False,False,False,True,False,"[-6, 2, -6, 8, -7, 0, -2, 7, 4, 0, 5]",15,0,15,10,17,534.1003315830021,7.749997894279659e-05,533.5227636249911,0.0071769169881008565,22,22,"[('(0, 0, 0, 0, 0, 0, 0, 0, 0, 0, 0)', 71), ('(0, 0, 0, 0, 0, 1, 0, 0, 0, 0, 0)', 24), ('(0, 0, 0, 0, 0, 0, -1, 0, 0, 0, 0)', 23), ('(-1, 0, 0, 0, 0, 0, 0, 0, 0, 0, 0)', 22), ('(0, 0, 0, 0, 0, 0, 0, 1, 0, 0, 0)', 21), ('(0, -1, 0, 0, 0, 0, 0, 0, 0, 0, 0)', 18), ('(0, 0, 0, 0, 1, 0, 0, 0, 0, 0, 0)', 14), ('(0, 0, 1, 0, 0, 0, 0, 0, 0, 0, 0)', 13), ('(0, 0, 0, 0, 0, 0, 0, 0, 0, 0, 1)', 12), ('(0, 0, 0, 1, 0, 0, 0, 0, 0, 0, 0)', 11)]",5
8,11,17,14,"[0, 0, 0, 0, 0, 1, 1, 0]","[0, 0, 0, 0, 0, 1, 1, 0]","[-1, 0, -1, 0, 0, 0, 1, 0, 0, 0, 1]","[-3, -4, -8, 3, -6, -4, 3, 0, 2, 4, 5]","[1, 0, 0, 0, 1, -1, 0, 0, 0, 0, 0]",3.0,"[14, 8, 11, 9, 5, 16, 1, 15]",False,"[0, 0, 0, 0, 0, 0, 0, 0, 0, 0, 0]",3.0,"[-3, -4, -8, 3, -6, -4, 3, 0, 2, 4, 5]","[14, 8, 11, 9, 5, 16, 1, 15]",False,"[0, 0, 0, 0, 0, 0, 0, 0, 0, 0, 0]",3.0,0,"[-3, -4, -8, 3, -6, -4, 3, 0, 2, 4, 5]","[14, 8, 11, 9, 5, 16, 1, 15]",False,"[0, 0, 0, 0, 0, 0, 0, 0, 0, 0, 0]",3.0,"[-3, -4, -8, 3, -6, -4, 3, 0, 2, 4, 5]","[14, 8, 11, 9, 5, 16, 1, 15]",False,"[0, -1, 0, 0, 0, 0, 0, 0, 0, 0, -1]",10.0,9,0.018255578093306288,5130.269741490701,4,1,8,7,"[-1, -3, -8, 3, -5, -7, 4, 1, 1, 3, 5]","[16, 1, 5, 13, 5, 4, 16, 1]",False,20,20,False,True,True,True,7,False,False,False,False,False,False,False,True,True,True,True,False,False,False,False,False,"[-1, -4, -7, 3, -5, -5, 2, 0, 2, 4, 4]",9,9,9,9,14,533.321716165985,9.062502067536116e-05,532.7559405420034,0.006530541984830052,22,22,"[('(0, 0, 0, 0, 0, 0, 0, 0, 0, 0, 0)', 118), ('(0, 0, 0, 0, 0, 0, 0, 0, 0, 0, -1)', 34), ('(0, -1, 0, 0, 0, 0, 0, 0, 0, 0, 0)', 27), ('(0, 0, 0, 1, 0, 0, 0, 0, 0, 0, 0)', 22), ('(0, 0, 0, 0, 0, 1, 0, 0, 0, 0, 0)', 21), ('(0, 0, 0, 0, -1, 0, 0, 0, 0, 0, 0)', 14), ('(0, 0, 0, 0, 0, 0, 0, -1, 0, 0, 0)', 12), ('(0, 0, 0, 0, 0, 0, 1, 0, 0, 0, 0)', 11), ('(0, 0, 0, 0, 0, 0, 0, 0, 0, -1, 0)', 10), ('(0, -1, 0, 0, 0, 0, 0, 0, 0, 0, -1)', 9)]",5
8,11,17,13,"[-1, 0, 0, 0, 0, 1, 1, 1]","[16, 0, 0, 0, 0, 1, 1, 1]","[0, 0, 0, 0, 0, 0, 0, -1, 0, 0, 1]","[1, 4, -6, -2, -1, -8, 3, 1, 1, 1, -3]","[0, 0, 0, 0, 0, 0, 0, -1, 0, 0, 1]",2.0,"[16, 0, 0, 0, 0, 1, 1, 1]",True,"[0, 0, 0, 0, 0, 0, 0, 0, 0, 0, 0]",2.0,"[1, 4, -6, -2, -1, -8, 3, 1, 1, 1, -3]","[16, 0, 0, 0, 0, 1, 1, 1]",True,"[0, 0, 0, 0, 0, 0, 0, 0, 0, 0, 0]",2.0,0,"[1, 4, -6, -2, -1, -8, 3, 1, 1, 1, -3]","[16, 0, 0, 0, 0, 1, 1, 1]",True,"[0, 0, 0, 0, 0, 0, 0, 0, 0, 0, 0]",2.0,"[1, 4, -6, -2, -1, -8, 3, 1, 1, 1, -3]","[16, 0, 0, 0, 0, 1, 1, 1]",True,"[0, 0, 0, 0, 0, 0, 0, 0, 0, 0, 0]",2.0,103,0.20892494929006086,11.635560910085863,0,0,4,2,"[1, 4, -6, -2, -1, -8, 3, 1, 1, 1, -3]","[16, 0, 0, 0, 0, 1, 1, 1]",True,20,20,True,False,True,True,0,False,False,False,False,False,False,False,True,True,True,True,True,True,False,False,False,"[1, 4, -6, -2, -1, -8, 3, 1, 1, 1, -3]",0,0,0,0,0,533.986817625002,0.0001134999911300838,533.4267666249943,0.009449665987631306,22,22,"[('(0, 0, 0, 0, 0, 0, 0, 0, 0, 0, 0)', 103), ('(0, 0, -1, 0, 0, 0, 0, 0, 0, 0, 0)', 37), ('(0, -1, 0, 0, 0, 0, 0, 0, 0, 0, 0)', 29), ('(0, 0, 0, 0, 1, 0, 0, 0, 0, 0, 0)', 24), ('(0, 0, 0, 0, 0, 0, 0, 1, 0, 0, 0)', 23), ('(0, 0, 0, 0, 0, 1, 0, 0, 0, 0, 0)', 22), ('(0, 0, 0, 0, 0, 0, 0, 0, 0, 0, 1)', 17), ('(-1, 0, 0, 0, 0, 0, 0, 0, 0, 0, 0)', 17), ('(-1, -1, 0, 0, 0, 0, 0, 0, 0, 0, 0)', 9), ('(0, -1, 0, 0, 0, 0, 0, 1, 0, 0, 0)', 6)]",5
8,11,17,12,"[1, 0, 0, 0, 0, 0, 1, 0]","[1, 0, 0, 0, 0, 0, 1, 0]","[0, 1, 1, 0, 0, 0, 1, -1, 1, 0, 0]","[-4, 3, -7, -5, 6, -7, 7, -7, 6, 1, -2]","[0, 1, 1, 0, 0, 0, 1, -1, 1, 0, 0]",5.0,"[1, 0, 0, 0, 0, 0, 1, 0]",True,"[0, 1, 0, 0, 0, 0, 0, 0, 0, 0, 0]",4.0,"[-3, 3, -7, -5, 6, -7, 7, -8, 7, 1, -2]","[13, 1, 15, 7, 14, 9, 3, 13]",False,"[0, 1, 0, 0, 0, 0, 0, 0, 0, 0, 0]",4.0,1,"[-3, 3, -7, -5, 6, -7, 7, -8, 7, 1, -2]","[13, 1, 15, 7, 14, 9, 3, 13]",False,"[0, 1, 0, 0, 0, 0, 0, 0, 0, 0, 0]",4.0,"[-3, 3, -7, -5, 6, -7, 7, -8, 7, 1, -2]","[13, 1, 15, 7, 14, 9, 3, 13]",False,"[0, 0, 0, 0, 0, 0, 0, 0, 0, 0, 0]",5.0,80,0.1646090534979424,64.81055508453275,0,0,2,5,"[-4, 3, -7, -5, 6, -7, 7, -7, 6, 1, -2]","[1, 0, 0, 0, 0, 0, 1, 0]",True,20,20,True,False,True,True,0,True,True,False,False,False,False,False,True,True,True,True,False,False,False,False,False,"[-4, 3, -7, -5, 6, -7, 7, -7, 6, 1, -2]",0,3,3,3,0,534.3250633749994,0.00013104200479574502,533.7492432919971,0.008835750020807609,22,22,"[('(0, 0, 0, 0, 0, 0, 0, 0, 0, 0, 0)', 80), ('(0, 0, 0, 0, 0, 0, 0, 0, 0, 0, 1)', 23), ('(0, 0, 0, 0, 0, 0, 1, 0, 0, 0, 0)', 21), ('(0, 0, 0, 0, 0, 0, 0, 0, -1, 0, 0)', 20), ('(0, 1, 0, 0, 0, 0, 0, 0, 0, 0, 0)', 19), ('(-1, 0, 0, 0, 0, 0, 0, 0, 0, 0, 0)', 18), ('(0, 0, 0, 0, 0, 0, 0, 1, 0, 0, 0)', 17), ('(0, 0, 0, 1, 0, 0, 0, 0, 0, 0, 0)', 17), ('(0, 0, 0, 0, 0, 1, 0, 0, 0, 0, 0)', 16), ('(0, 0, 0, 0, 0, 0, 0, 0, 0, 1, 0)', 13)]",5
8,11,17,16,"[0, -1, 1, 0, -1, 1, 0, 0]","[0, 16, 1, 0, 16, 1, 0, 0]","[0, 0, 0, 0, 0, 0, 0, 0, 0, 0, 0]","[-7, 6, 5, -4, 0, -6, 4, 5, 6, 0, -4]","[0, 0, 0, 0, 0, 0, 0, 0, 0, 0, 0]",0.0,"[0, 16, 1, 0, 16, 1, 0, 0]",True,"[0, 0, 0, 0, 0, 0, 0, 0, 0, 0, 0]",0.0,"[-7, 6, 5, -4, 0, -6, 4, 5, 6, 0, -4]","[0, 16, 1, 0, 16, 1, 0, 0]",True,"[0, 0, 0, 0, 0, 0, 0, 0, 0, 0, 0]",0.0,0,"[-7, 6, 5, -4, 0, -6, 4, 5, 6, 0, -4]","[0, 16, 1, 0, 16, 1, 0, 0]",True,"[0, 0, 0, 0, 0, 0, 0, 0, 0, 0, 0]",0.0,"[-7, 6, 5, -4, 0, -6, 4, 5, 6, 0, -4]","[0, 16, 1, 0, 16, 1, 0, 0]",True,"[0, 0, 0, 0, 0, 0, 0, 0, 0, 0, 0]",0.0,320,0.642570281124498,29.422855887687,0,0,4,0,"[-7, 6, 5, -4, 0, -6, 4, 5, 6, 0, -4]","[0, 16, 1, 0, 16, 1, 0, 0]",True,20,20,True,False,True,True,0,False,False,False,False,False,False,False,True,True,True,True,True,True,False,False,False,"[-7, 6, 5, -4, 0, -6, 4, 5, 6, 0, -4]",0,0,0,0,0,541.4016333330073,8.15410166978836e-05,540.8136123339937,0.006322625005850568,22,22,"[('(0, 0, 0, 0, 0, 0, 0, 0, 0, 0, 0)', 320), ('(0, 1, 0, 0, 0, 0, 0, 0, 0, 0, 0)', 13), ('(0, 0, 0, 0, 1, 0, 0, 0, 0, 0, 0)', 13), ('(0, 0, 0, -1, 0, 0, 0, 0, 0, 0, 0)', 12), ('(0, 0, 0, 0, 0, 0, 1, 0, 0, 0, 0)', 10), ('(0, 0, 0, 0, 0, 0, 0, -1, 0, 0, 0)', 9), ('(0, 0, 1, 0, 0, 0, 0, 0, 0, 0, 0)', 9), ('(0, 0, 0, 0, 0, 0, 0, 0, 0, -1, 0)', 8), ('(0, 0, 0, 0, 0, 0, 0, 0, -1, 0, 0)', 8), ('(0, 0, 0, 0, 0, 0, 0, 0, 0, 0, -1)', 7)]",5
8,11,17,15,"[0, 0, -1, 1, 0, 1, 1, 1]","[0, 0, 16, 1, 0, 1, 1, 1]","[0, 0, 0, 0, 0, 1, 0, 0, 0, 1, 0]","[-7, -7, 6, 4, -2, -6, -5, -6, 1, 2, -6]","[0, 0, 0, 0, 0, 1, 0, 0, 0, 1, 0]",2.0,"[0, 0, 16, 1, 0, 1, 1, 1]",True,"[0, 0, 0, 0, 0, 0, 0, 0, 0, 0, 0]",2.0,"[-7, -7, 6, 4, -2, -6, -5, -6, 1, 2, -6]","[0, 0, 16, 1, 0, 1, 1, 1]",True,"[0, 0, 0, 0, 0, 0, 0, 0, 0, 0, 0]",2.0,0,"[-7, -7, 6, 4, -2, -6, -5, -6, 1, 2, -6]","[0, 0, 16, 1, 0, 1, 1, 1]",True,"[0, 0, 0, 0, 0, 0, 0, 0, 0, 0, 0]",2.0,"[-7, -7, 6, 4, -2, -6, -5, -6, 1, 2, -6]","[0, 0, 16, 1, 0, 1, 1, 1]",True,"[0, 0, 0, 0, 0, 0, 0, 0, 0, 0, 0]",2.0,151,0.30628803245436104,31.597611947915375,0,0,5,2,"[-7, -7, 6, 4, -2, -6, -5, -6, 1, 2, -6]","[0, 0, 16, 1, 0, 1, 1, 1]",True,20,20,True,False,True,True,0,False,False,False,False,False,False,False,True,True,True,True,True,True,False,False,False,"[-7, -7, 6, 4, -2, -6, -5, -6, 1, 2, -6]",0,0,0,0,0,543.6937232500059,0.00015783397248014808,543.0979702500044,0.009462207992328331,22,22,"[('(0, 0, 0, 0, 0, 0, 0, 0, 0, 0, 0)', 151), ('(0, 0, 0, 0, 0, 0, 0, 0, 0, -1, 0)', 27), ('(0, 0, 0, 0, 0, 0, 1, 0, 0, 0, 0)', 25), ('(0, 0, 0, 0, 0, 0, 0, 0, 0, 0, -1)', 22), ('(0, 0, 0, 0, -1, 0, 0, 0, 0, 0, 0)', 21), ('(0, 0, 1, 0, 0, 0, 0, 0, 0, 0, 0)', 20), ('(0, 0, 0, 0, 0, 0, 0, 0, -1, 0, 0)', 14), ('(0, 0, 0, 0, 0, 0, 0, 1, 0, 0, 0)', 12), ('(0, 0, 1, 0, 0, 0, 0, 0, 0, 0, -1)', 11), ('(0, 0, 1, 0, 0, 0, 1, 0, 0, 0, 0)', 10)]",5
8,11,17,17,"[-1, 0, -1, 0, 0, 0, 0, 0]","[16, 0, 16, 0, 0, 0, 0, 0]","[0, 0, 0, 0, -1, 0, -1, 0, -1, 0, 0]","[4, -7, -1, 4, -6, 0, 2, 3, 8, 1, -6]","[0, 0, 0, 0, -1, 0, -1, 0, -1, 0, 0]",3.0,"[16, 0, 16, 0, 0, 0, 0, 0]",True,"[0, 0, 0, 0, 0, 0, 0, 0, 0, 0, 0]",3.0,"[4, -7, -1, 4, -6, 0, 2, 3, 8, 1, -6]","[16, 0, 16, 0, 0, 0, 0, 0]",True,"[0, 0, 0, 0, 0, 0, 0, 0, 0, 0, 0]",3.0,0,"[4, -7, -1, 4, -6, 0, 2, 3, 8, 1, -6]","[16, 0, 16, 0, 0, 0, 0, 0]",True,"[0, 0, 0, 0, 0, 0, 0, 0, 0, 0, 0]",3.0,"[4, -7, -1, 4, -6, 0, 2, 3, 8, 1, -6]","[16, 0, 16, 0, 0, 0, 0, 0]",True,"[0, 0, 0, 0, 0, 0, 0, 0, 0, 0, 0]",3.0,125,0.2545824847250509,42.66637180930485,0,0,2,3,"[4, -7, -1, 4, -6, 0, 2, 3, 8, 1, -6]","[16, 0, 16, 0, 0, 0, 0, 0]",True,20,20,True,False,True,True,0,False,False,False,False,False,False,False,True,True,True,True,True,True,False,False,False,"[4, -7, -1, 4, -6, 0, 2, 3, 8, 1, -6]",0,0,0,0,0,543.6259774159989,0.00011687498772516847,543.0342179159925,0.009206207992974669,22,22,"[('(0, 0, 0, 0, 0, 0, 0, 0, 0, 0, 0)', 125), ('(0, 0, 0, 0, 0, 0, 0, 0, 0, 0, 1)', 29), ('(0, 0, 0, 0, 0, 0, 1, 0, 0, 0, 0)', 28), ('(0, 0, 0, 0, 0, 1, 0, 0, 0, 0, 0)', 26), ('(0, 0, 0, 0, 0, 0, 0, 0, 1, 0, 0)', 25), ('(0, 0, 1, 0, 0, 0, 0, 0, 0, 0, 0)', 24), ('(0, 0, 0, 0, 0, 0, 0, 0, 0, -1, 0)', 16), ('(1, 0, 0, 0, 0, 0, 0, 0, 0, 0, 0)', 11), ('(0, 0, 0, 0, 0, 1, 1, 0, 0, 0, 0)', 10), ('(0, 0, 0, 0, 0, 0, 0, 0, 1, 0, 1)', 7)]",5
8,11,17,19,"[0, -1, 0, -1, -1, 1, -1, 0]","[0, 16, 0, 16, 16, 1, 16, 0]","[0, 0, 0, 0, -1, 0, -1, -1, -1, 0, 1]","[-4, -8, -3, 4, -4, 0, -7, 7, -6, 6, -2]","[0, 0, 1, 0, 0, 0, -1, 0, 0, 0, 1]",3.0,"[13, 14, 7, 15, 10, 9, 7, 4]",False,"[0, 0, 0, 0, 0, 0, 0, 0, 0, 0, 0]",3.0,"[-4, -8, -3, 4, -4, 0, -7, 7, -6, 6, -2]","[13, 14, 7, 15, 10, 9, 7, 4]",False,"[0, 0, 0, 0, 0, 0, 0, 0, 0, 0, 0]",3.0,0,"[-4, -8, -3, 4, -4, 0, -7, 7, -6, 6, -2]","[13, 14, 7, 15, 10, 9, 7, 4]",False,"[0, 0, 0, 0, 0, 0, 0, 0, 0, 0, 0]",3.0,"[-4, -8, -3, 4, -4, 0, -7, 7, -6, 6, -2]","[13, 14, 7, 15, 10, 9, 7, 4]",False,"[1, 0, 0, 0, 0, 0, 0, 0, 0, 0, 0]",5.0,18,0.03711340206185567,44.95555610208336,0,0,5,5,"[-4, -8, -2, 4, -3, 0, -7, 8, -5, 6, -2]","[0, 16, 0, 16, 16, 1, 16, 0]",True,20,20,True,True,True,True,0,False,False,False,False,False,True,True,True,True,True,True,False,False,False,False,True,"[-4, -8, -2, 4, -3, 0, -7, 8, -5, 6, -2]",4,4,4,4,0,543.6655516659957,9.587500244379044e-05,543.0801297500147,0.006517125002574176,22,22,"[('(0, 0, 0, 0, 0, 0, 0, 0, 0, 0, 0)', 77), ('(0, 0, 0, 0, 0, 0, 0, 0, 0, -1, 0)', 32), ('(0, -1, 0, 0, 0, 0, 0, 0, 0, 0, 0)', 23), ('(0, 0, 0, 0, 0, 0, 0, 0, 0, 0, -1)', 19), ('(0, 0, 0, 0, 0, 0, 1, 0, 0, 0, 0)', 19), ('(1, 0, 0, 0, 0, 0, 0, 0, 0, 0, 0)', 18), ('(0, 0, 0, 0, 0, 1, 0, 0, 0, 0, 0)', 17), ('(0, 0, 0, 0, 1, 0, 0, 0, 0, 0, 0)', 16), ('(0, 0, -1, 0, 0, 0, 0, 0, 0, 0, 0)', 15), ('(0, 0, 0, 0, 0, 0, 0, -1, 0, 0, 0)', 11)]",5
8,11,17,18,"[0, 0, -1, -1, -1, -1, -1, 1]","[0, 0, 16, 16, 16, 16, 16, 1]","[0, 0, 0, 0, 1, 1, 1, 0, 0, 0, 0]","[-4, -8, -7, 7, 7, 7, 5, -6, -5, -8, -3]","[0, 0, -1, -1, 0, 0, -1, 0, -1, 0, 0]",4.0,"[16, 8, 7, 6, 10, 0, 13, 9]",False,"[0, 0, 0, 0, 0, 1, -1, 0, 0, 0, 0]",3.0,"[-4, -8, -8, 6, 6, 6, 3, -6, -6, -8, -3]","[0, 0, 16, 16, 16, 16, 16, 1]",True,"[0, 0, 0, 0, 0, 0, 0, 0, 0, 0, 0]",4.0,0,"[-4, -8, -7, 7, 7, 7, 5, -6, -5, -8, -3]","[16, 8, 7, 6, 10, 0, 13, 9]",False,"[0, 0, 0, 0, 0, 1, -1, 0, 0, 0, 0]",3.0,"[-4, -8, -8, 6, 6, 6, 3, -6, -6, -8, -3]","[0, 0, 16, 16, 16, 16, 16, 1]",True,"[0, 0, 0, 0, 0, 0, 0, 0, 0, 0, 0]",4.0,122,0.25051334702258726,6073.718781564463,6,0,7,4,"[-4, -8, -7, 7, 7, 7, 5, -6, -5, -8, -3]","[16, 8, 7, 6, 10, 0, 13, 9]",False,20,20,False,True,False,False,7,True,True,True,False,True,False,False,False,False,True,True,False,False,False,True,False,"[-4, -8, -8, 6, 6, 6, 3, -6, -6, -8, -3]",9,0,9,0,9,543.8951863749826,0.00012316598440520465,543.2987499169831,0.006809625017922372,22,22,"[('(0, 0, 0, 0, 0, 0, 0, 0, 0, 0, 0)', 122), ('(0, 0, 0, 0, 0, 0, 0, 0, 0, -1, 0)', 25), ('(0, 0, 0, 0, 0, 0, -1, 0, 0, 0, 0)', 22), ('(0, 0, 0, -1, 0, 0, 0, 0, 0, 0, 0)', 22), ('(0, -1, 0, 0, 0, 0, 0, 0, 0, 0, 0)', 19), ('(0, 0, 0, 0, 0, 0, 0, 0, 0, 0, -1)', 15), ('(0, 0, 0, 0, 0, 1, 0, 0, 0, 0, 0)', 12), ('(0, 0, 0, 0, 0, 0, 0, 1, 0, 0, 0)', 9), ('(0, 0, 1, 0, 0, 0, 0, 0, 0, 0, 0)', 9), ('(0, -1, 0, 0, 0, 0, -1, 0, 0, 0, 0)', 9)]",5
8,11,17,20,"[0, 0, 0, -1, 1, 0, 0, 0]","[0, 0, 0, 16, 1, 0, 0, 0]","[-1, 0, 0, 0, -1, 1, 0, 0, 0, 0, 1]","[8, -1, 2, 2, -4, 5, -4, 3, 4, -2, -1]","[-1, 0, 0, 0, -1, 1, 0, 0, 0, 0, 1]",4.0,"[0, 0, 0, 16, 1, 0, 0, 0]",True,"[-1, 0, 0, 0, 0, 0, 0, 0, 0, 0, 0]",4.0,"[7, -1, 1, 2, -4, 7, -4, 3, 4, -2, -1]","[5, 10, 14, 8, 5, 6, 8, 15]",False,"[0, 0, 0, 0, 0, 0, 0, 0, 0, 0, 0]",4.0,0,"[8, -1, 2, 2, -4, 5, -4, 3, 4, -2, -1]","[0, 0, 0, 16, 1, 0, 0, 0]",True,"[0, 0, 0, 0, 0, 0, 0, 0, 0, 0, 0]",4.0,"[8, -1, 2, 2, -4, 5, -4, 3, 4, -2, -1]","[0, 0, 0, 16, 1, 0, 0, 0]",True,"[0, 0, 0, 0, 0, 0, 0, 0, 0, 0, 0]",4.0,91,0.18571428571428572,53.7478211422951,0,0,2,4,"[8, -1, 2, 2, -4, 5, -4, 3, 4, -2, -1]","[0, 0, 0, 16, 1, 0, 0, 0]",True,20,20,True,False,True,True,0,False,True,False,False,False,False,False,False,True,False,True,False,True,False,False,False,"[8, -1, 2, 2, -4, 5, -4, 3, 4, -2, -1]",0,6,0,0,0,577.5314595829987,7.887498941272497e-05,576.926403541991,0.006708291999530047,22,22,"[('(0, 0, 0, 0, 0, 0, 0, 0, 0, 0, 0)', 91), ('(0, 0, 0, 0, 0, 0, 0, 0, -1, 0, 0)', 20), ('(-1, 0, 0, 0, 0, 0, 0, 0, 0, 0, 0)', 19), ('(0, 0, 0, 0, 0, 0, 0, 0, 0, -1, 0)', 17), ('(0, 0, 0, 0, 0, 0, 0, -1, 0, 0, 0)', 15), ('(0, 1, 0, 0, 0, 0, 0, 0, 0, 0, 0)', 14), ('(0, 0, 0, 0, -1, 0, 0, 0, 0, 0, 0)', 12), ('(0, 0, 0, 0, 0, 0, 1, 0, 0, 0, 0)', 10), ('(0, 0, 0, 0, 0, -1, 0, 0, 0, 0, 0)', 9), ('(0, 0, 0, 0, 0, 0, 0, 0, 0, 0, -1)', 9)]",5
8,11,17,21,"[0, 0, 1, 0, 0, -1, 0, 1]","[0, 0, 1, 0, 0, 16, 0, 1]","[0, -1, 0, 0, 1, -1, -1, -1, 0, 1, 0]","[-4, 3, 7, -7, -7, -7, -7, 6, 3, 7, 1]","[-1, 0, -1, 1, 1, 0, 0, 0, -1, 1, 0]",6.0,"[1, 12, 14, 6, 10, 8, 5, 10]",False,"[0, 0, 0, 0, 0, 0, -1, 0, 0, 0, 0]",5.0,"[-5, 3, 7, -6, -6, -8, -7, 5, 1, 7, 1]","[3, 15, 1, 1, 3, 16, 12, 6]",False,"[0, 0, 0, 0, 0, 0, -1, 0, 0, 0, 0]",5.0,1,"[-5, 3, 7, -6, -6, -8, -7, 5, 1, 7, 1]","[3, 15, 1, 1, 3, 16, 12, 6]",False,"[0, 0, 0, 0, 0, 0, -1, 0, 0, 0, 0]",5.0,"[-5, 3, 7, -6, -6, -8, -7, 5, 1, 7, 1]","[3, 15, 1, 1, 3, 16, 12, 6]",False,"[0, 0, 0, 0, 0, -1, 0, 0, 0, 0, 0]",6.0,21,0.04242424242424243,55.990895754664166,0,0,3,6,"[-5, 4, 6, -6, -7, -6, -6, 7, 2, 7, 1]","[0, 0, 1, 0, 0, 16, 0, 1]",True,20,20,True,True,True,True,0,True,True,False,False,False,True,True,True,True,True,True,False,False,False,False,True,"[-5, 4, 6, -6, -7, -6, -6, 7, 2, 7, 1]",8,13,13,13,0,578.6650424170075,0.0001220419944729656,578.0720341249835,0.007459500018740073,22,22,"[('(0, 0, 0, 0, 0, 0, 0, 0, 0, 0, 0)', 142), ('(0, 0, -1, 0, 0, 0, 0, 0, 0, 0, 0)', 28), ('(0, 0, 0, 0, 0, 0, 0, 0, 0, 0, 1)', 27), ('(0, 0, 0, 0, 0, -1, 0, 0, 0, 0, 0)', 21), ('(0, 0, 0, 0, 0, 0, -1, 0, 0, 0, 0)', 17), ('(0, 0, 0, 0, 1, 0, 0, 0, 0, 0, 0)', 16), ('(0, 0, 0, 0, 0, 0, 0, 0, 1, 0, 0)', 11), ('(0, 0, 0, 0, 0, 0, 0, 0, 0, 1, 0)', 10), ('(-1, 0, 0, 0, 0, 0, 0, 0, 0, 0, 0)', 9), ('(0, 0, -1, 0, 0, -1, 0, 0, 0, 0, 0)', 8)]",5
8,11,17,24,"[0, -1, 1, 1, 0, 0, -1, -1]","[0, 16, 1, 1, 0, 0, 16, 16]","[0, 0, 0, 0, 0, 0, 0, 0, 0, 0, 0]","[3, 3, 8, -6, 4, -6, 5, -6, -5, -4, 4]","[0, 0, 0, 0, 0, 0, 0, 0, 0, 0, 0]",0.0,"[0, 16, 1, 1, 0, 0, 16, 16]",True,"[0, 0, 0, 0, 0, 0, 0, 0, 0, 0, 0]",0.0,"[3, 3, 8, -6, 4, -6, 5, -6, -5, -4, 4]","[0, 16, 1, 1, 0, 0, 16, 16]",True,"[0, 0, 0, 0, 0, 0, 0, 0, 0, 0, 0]",0.0,0,"[3, 3, 8, -6, 4, -6, 5, -6, -5, -4, 4]","[0, 16, 1, 1, 0, 0, 16, 16]",True,"[0, 0, 0, 0, 0, 0, 0, 0, 0, 0, 0]",0.0,"[3, 3, 8, -6, 4, -6, 5, -6, -5, -4, 4]","[0, 16, 1, 1, 0, 0, 16, 16]",True,"[0, 0, 0, 0, 0, 0, 0, 0, 0, 0, 0]",0.0,345,0.69,49.41535612249423,0,0,5,0,"[3, 3, 8, -6, 4, -6, 5, -6, -5, -4, 4]","[0, 16, 1, 1, 0, 0, 16, 16]",True,20,20,True,False,True,True,0,False,False,False,False,False,False,False,True,True,True,True,True,True,False,False,False,"[3, 3, 8, -6, 4, -6, 5, -6, -5, -4, 4]",0,0,0,0,0,576.4505281670135,8.087500464171171e-05,575.8560983329953,0.006442334008170292,22,22,"[('(0, 0, 0, 0, 0, 0, 0, 0, 0, 0, 0)', 345), ('(0, 0, 0, 1, 0, 0, 0, 0, 0, 0, 0)', 13), ('(0, 1, 0, 0, 0, 0, 0, 0, 0, 0, 0)', 10), ('(0, -1, 0, 0, 0, 0, 0, 0, 0, 0, 0)', 9), ('(0, 0, 0, 0, 0, -1, 0, 0, 0, 0, 0)', 9), ('(0, 0, 0, 0, 0, 0, 0, 0, 0, 1, 0)', 8), ('(0, 0, 0, 0, 0, 0, 0, 0, 0, -1, 0)', 7), ('(0, 0, 0, 0, 0, 1, 0, 0, 0, 0, 0)', 7), ('(0, 0, 0, 0, 0, 0, 0, 0, 0, 0, -1)', 7), ('(-1, 0, 0, 0, 0, 0, 0, 0, 0, 0, 0)', 7)]",5
8,11,17,22,"[0, 1, 0, 0, -1, 0, 0, 1]","[0, 1, 0, 0, 16, 0, 0, 1]","[1, 0, 0, 1, 0, 0, 0, 0, 0, 0, 0]","[1, -1, -2, -1, -4, 8, 3, 6, -4, -2, -1]","[1, 0, 0, 1, 0, 0, 0, 0, 0, 0, 0]",2.0,"[0, 1, 0, 0, 16, 0, 0, 1]",True,"[0, 0, 0, 0, 0, 0, 0, 0, 0, 0, 0]",2.0,"[1, -1, -2, -1, -4, 8, 3, 6, -4, -2, -1]","[0, 1, 0, 0, 16, 0, 0, 1]",True,"[0, 0, 0, 0, 0, 0, 0, 0, 0, 0, 0]",2.0,0,"[1, -1, -2, -1, -4, 8, 3, 6, -4, -2, -1]","[0, 1, 0, 0, 16, 0, 0, 1]",True,"[0, 0, 0, 0, 0, 0, 0, 0, 0, 0, 0]",2.0,"[1, -1, -2, -1, -4, 8, 3, 6, -4, -2, -1]","[0, 1, 0, 0, 16, 0, 0, 1]",True,"[0, 0, 0, 0, 0, 0, 0, 0, 0, 0, 0]",2.0,89,0.18237704918032788,31.650019032966973,0,0,3,2,"[1, -1, -2, -1, -4, 8, 3, 6, -4, -2, -1]","[0, 1, 0, 0, 16, 0, 0, 1]",True,20,20,True,False,True,True,0,False,False,False,False,False,False,False,True,True,True,True,True,True,False,False,False,"[1, -1, -2, -1, -4, 8, 3, 6, -4, -2, -1]",0,0,0,0,0,577.9635504999897,7.516599725931883e-05,577.3488186670002,0.006970290996832773,22,22,"[('(0, 0, 0, 0, 0, 0, 0, 0, 0, 0, 0)', 89), ('(0, 0, 0, 0, 0, 0, 1, 0, 0, 0, 0)', 23), ('(0, 0, 0, 0, 0, -1, 0, 0, 0, 0, 0)', 15), ('(0, 0, 0, 0, 1, 0, 0, 0, 0, 0, 0)', 14), ('(0, 0, 0, 0, 0, 0, 0, -1, 0, 0, 0)', 14), ('(0, 1, 0, 0, 0, 0, 0, 0, 0, 0, 0)', 14), ('(0, 0, 0, -1, 0, 0, 0, 0, 0, 0, 0)', 13), ('(0, 0, -1, 0, 0, 0, 0, 0, 0, 0, 0)', 11), ('(0, 0, 0, 0, 0, 0, 0, 0, -1, 0, 0)', 10), ('(0, 0, 0, 0, 1, 0, 0, -1, 0, 0, 0)', 8)]",5
8,11,17,23,"[1, 0, 1, 0, -1, 0, 0, 0]","[1, 0, 1, 0, 16, 0, 0, 0]","[1, 0, 0, 0, 0, 0, 0, 0, 1, 0, 0]","[3, 6, 2, -8, 6, 4, 5, -8, 4, 5, 5]","[1, 0, 0, 0, 0, 0, 0, 0, 1, 0, 0]",2.0,"[1, 0, 1, 0, 16, 0, 0, 0]",True,"[0, 0, 0, 0, 0, 0, 0, 0, 0, 0, 0]",2.0,"[3, 6, 2, -8, 6, 4, 5, -8, 4, 5, 5]","[1, 0, 1, 0, 16, 0, 0, 0]",True,"[0, 0, 0, 0, 0, 0, 0, 0, 0, 0, 0]",2.0,0,"[3, 6, 2, -8, 6, 4, 5, -8, 4, 5, 5]","[1, 0, 1, 0, 16, 0, 0, 0]",True,"[0, 0, 0, 0, 0, 0, 0, 0, 0, 0, 0]",2.0,"[3, 6, 2, -8, 6, 4, 5, -8, 4, 5, 5]","[1, 0, 1, 0, 16, 0, 0, 0]",True,"[0, 0, 0, 0, 0, 0, 0, 0, 0, 0, 0]",2.0,125,0.250501002004008,31.616371809304855,0,0,3,2,"[3, 6, 2, -8, 6, 4, 5, -8, 4, 5, 5]","[1, 0, 1, 0, 16, 0, 0, 0]",True,20,20,True,False,True,True,0,False,False,False,False,False,False,False,True,True,True,True,True,True,False,False,False,"[3, 6, 2, -8, 6, 4, 5, -8, 4, 5, 5]",0,0,0,0,0,578.4053850830242,7.39170063752681e-05,577.8075821670063,0.006956291006645188,22,22,"[('(0, 0, 0, 0, 0, 0, 0, 0, 0, 0, 0)', 125), ('(0, 0, 0, 0, 0, 0, 0, 0, 0, 0, 1)', 34), ('(0, 0, 0, 0, 0, 0, 0, 0, 0, -1, 0)', 28), ('(0, 0, 0, 0, 0, 1, 0, 0, 0, 0, 0)', 25), ('(0, 0, 0, -1, 0, 0, 0, 0, 0, 0, 0)', 24), ('(0, 1, 0, 0, 0, 0, 0, 0, 0, 0, 0)', 20), ('(-1, 0, 0, 0, 0, 0, 0, 0, 0, 0, 0)', 20), ('(0, 0, 0, 0, 0, 0, 0, 0, -1, 0, 0)', 12), ('(0, 0, 0, 0, 0, 1, 0, 0, 0, 0, 1)', 10), ('(0, 0, 0, -1, 0, 0, 0, 0, 0, 0, 1)', 10)]",5
8,11,17,25,"[0, 1, 0, -1, 0, -1, -1, 1]","[0, 1, 0, 16, 0, 16, 16, 1]","[0, 0, 0, 1, -1, 0, 0, 1, 0, 0, -1]","[-5, 2, 0, 6, 2, 5, 4, 4, -1, 8, -5]","[1, 0, 1, 1, 1, -1, 0, 1, 0, 0, 0]",6.0,"[7, 11, 12, 6, 6, 11, 15, 15]",False,"[0, -1, 1, 0, 1, 0, 1, 1, 0, 0, 0]",5.0,"[-4, 2, 0, 7, 3, 4, 3, 6, 0, 9, -5]","[16, 4, 7, 0, 6, 3, 10, 6]",False,"[0, 0, 0, 0, 0, 0, 0, 0, 0, 0, 0]",6.0,0,"[-5, 2, 0, 6, 2, 5, 4, 4, -1, 8, -5]","[7, 11, 12, 6, 6, 11, 15, 15]",False,"[0, 0, 0, 0, 0, 0, 0, 0, 0, 0, 0]",6.0,"[-5, 2, 0, 6, 2, 5, 4, 4, -1, 8, -5]","[7, 11, 12, 6, 6, 11, 15, 15]",False,"[0, -1, 0, 0, 0, 0, 0, 0, 0, 1, 0]",11.0,6,0.012219959266802444,5121.355408985095,4,1,7,8,"[-4, 3, 2, 7, 3, 3, 3, 3, 0, 7, -6]","[14, 16, 1, 6, 2, 14, 0, 16]",False,20,20,False,False,False,False,8,True,True,False,False,False,False,False,False,False,False,False,False,False,False,False,False,"[-4, 2, 1, 6, 4, 4, 4, 4, -1, 8, -4]",8,11,8,8,13,569.4348418749869,9.774998761713505e-05,568.8294807080238,0.007724499999312684,22,22,"[('(0, 0, 0, 0, 0, 0, 0, 0, 0, 0, 0)', 84), ('(0, 0, 0, 0, 0, 0, 0, 0, -1, 0, 0)', 26), ('(0, 0, 0, 0, 0, -1, 0, 0, 0, 0, 0)', 21), ('(0, 0, 0, 0, 0, 0, 1, 0, 0, 0, 0)', 19), ('(0, -1, 0, 0, 0, 0, 0, 0, 0, 0, 0)', 18), ('(0, 0, 0, 0, 0, 0, 0, 0, 0, 1, 0)', 15), ('(0, 0, 0, 0, 0, 0, 0, 0, 0, 0, 1)', 14), ('(0, 0, 0, 1, 0, 0, 0, 0, 0, 0, 0)', 14), ('(0, 0, 1, 0, 0, 0, 0, 0, 0, 0, 0)', 11), ('(0, 0, 0, 0, -1, 0, 0, 0, 0, 0, 0)', 10)]",5
8,11,17,26,"[0, 0, 1, 0, -1, 0, 0, 0]","[0, 0, 1, 0, 16, 0, 0, 0]","[0, 1, 0, 1, 0, 0, 0, 0, 0, -1, 0]","[3, -8, 3, -5, -7, -6, 8, 6, -7, -7, 3]","[0, 1, 0, 1, 0, 0, 0, 0, 0, -1, 0]",3.0,"[0, 0, 1, 0, 16, 0, 0, 0]",True,"[0, 0, 0, 0, 0, 0, 0, 0, 0, 0, 0]",3.0,"[3, -8, 3, -5, -7, -6, 8, 6, -7, -7, 3]","[0, 0, 1, 0, 16, 0, 0, 0]",True,"[0, 0, 0, 0, 0, 0, 0, 0, 0, 0, 0]",3.0,0,"[3, -8, 3, -5, -7, -6, 8, 6, -7, -7, 3]","[0, 0, 1, 0, 16, 0, 0, 0]",True,"[0, 0, 0, 0, 0, 0, 0, 0, 0, 0, 0]",3.0,"[3, -8, 3, -5, -7, -6, 8, 6, -7, -7, 3]","[0, 0, 1, 0, 16, 0, 0, 0]",True,"[0, 0, 0, 0, 0, 0, 0, 0, 0, 0, 0]",3.0,84,0.17248459958932238,42.705734874350966,0,0,2,3,"[3, -8, 3, -5, -7, -6, 8, 6, -7, -7, 3]","[0, 0, 1, 0, 16, 0, 0, 0]",True,20,20,True,False,True,True,0,False,False,False,False,False,False,False,True,True,True,True,True,True,False,False,False,"[3, -8, 3, -5, -7, -6, 8, 6, -7, -7, 3]",0,0,0,0,0,569.1366515000118,8.712499402463436e-05,568.5264665829891,0.009287458000471815,22,22,"[('(0, 0, 0, 0, 0, 0, 0, 0, 0, 0, 0)', 84), ('(0, 0, 0, 0, 1, 0, 0, 0, 0, 0, 0)', 32), ('(0, 0, 0, 0, 0, 0, 0, 0, 1, 0, 0)', 31), ('(-1, 0, 0, 0, 0, 0, 0, 0, 0, 0, 0)', 23), ('(0, 0, 0, 0, 0, 0, 0, 0, 0, -1, 0)', 18), ('(0, 0, 0, 0, 0, 0, 0, 0, 0, 0, 1)', 15), ('(0, 0, 0, 0, 0, 0, 0, 1, 0, 0, 0)', 13), ('(0, 1, 0, 0, 0, 0, 0, 0, 0, 0, 0)', 11), ('(0, 0, 0, 0, 0, 0, 1, 0, 0, 0, 0)', 10), ('(0, 0, 0, 0, 1, 0, 0, 0, 1, 0, 0)', 8)]",5
8,11,17,28,"[-1, 1, 1, 1, -1, 0, 1, 0]","[16, 1, 1, 1, 16, 0, 1, 0]","[0, 1, 1, 0, 1, 0, 0, 0, 0, 1, 0]","[2, 0, 5, -3, 1, -5, 5, 0, 6, 0, -6]","[1, 0, 1, -1, 0, 0, 1, 0, 0, 0, 0]",4.0,"[9, 12, 16, 3, 3, 8, 7, 4]",False,"[0, 0, 0, 0, -1, -1, 0, 0, 0, 0, 0]",4.0,"[3, 0, 5, -4, 1, -5, 6, 1, 5, 0, -7]","[3, 12, 4, 9, 10, 10, 5, 11]",False,"[0, 0, 0, 0, 0, 0, 0, 0, 0, 0, 0]",4.0,0,"[2, 0, 5, -3, 1, -5, 5, 0, 6, 0, -6]","[9, 12, 16, 3, 3, 8, 7, 4]",False,"[0, 0, 0, 0, 0, 0, 0, 0, 0, 0, 0]",4.0,"[2, 0, 5, -3, 1, -5, 5, 0, 6, 0, -6]","[9, 12, 16, 3, 3, 8, 7, 4]",False,"[0, 0, 0, 0, -1, 0, 0, 0, 0, 0, 0]",4.0,28,0.056910569105691054,53.86327041700135,0,0,6,4,"[3, -1, 5, -4, 0, -5, 6, 0, 6, -1, -6]","[16, 1, 1, 1, 16, 0, 1, 0]",True,20,20,True,True,False,True,0,False,True,False,False,False,True,True,False,True,False,True,False,True,False,False,True,"[3, -1, 5, -4, 0, -5, 6, 0, 6, -1, -6]",6,6,6,6,0,568.4019088329806,0.00010083400411531329,567.7905086670071,0.008365832996787503,22,22,"[('(0, 0, 0, 0, 0, 0, 0, 0, 0, 0, 0)', 100), ('(0, 0, 0, 0, -1, 0, 0, 0, 0, 0, 0)', 28), ('(0, 0, 0, 0, 0, 0, 0, 0, -1, 0, 0)', 20), ('(0, 0, 0, 0, 0, 0, 0, 0, 0, 0, -1)', 19), ('(0, 0, 0, -1, 0, 0, 0, 0, 0, 0, 0)', 19), ('(0, -1, 0, 0, 0, 0, 0, 0, 0, 0, 0)', 12), ('(0, 0, 0, 0, 0, 0, 0, 0, -1, 0, -1)', 11), ('(0, 0, 0, 0, 0, 0, 1, 0, 0, 0, 0)', 11), ('(-1, 0, 0, 0, 0, 0, 0, 0, 0, 0, 0)', 11), ('(0, 0, 0, 0, 0, 0, 0, 0, 0, -1, 0)', 9)]",5
8,11,17,27,"[0, 1, 1, 1, 0, -1, -1, -1]","[0, 1, 1, 1, 0, 16, 16, 16]","[0, 1, -1, 0, 1, 0, -1, 0, 1, 0, 0]","[2, -3, 0, -5, -7, 8, 0, 6, 8, -5, -1]","[0, 0, -1, 1, -1, 0, 0, -1, 0, 0, 0]",4.0,"[14, 4, 5, 9, 15, 1, 4, 15]",False,"[0, 0, 0, 0, -1, -1, 1, 1, 0, 0, 0]",4.0,"[2, -4, -1, -4, -8, 8, 0, 4, 7, -5, 0]","[10, 16, 5, 14, 8, 5, 7, 12]",False,"[0, 0, 0, 0, 0, 0, 0, 0, 0, 0, 0]",4.0,0,"[2, -3, 0, -5, -7, 8, 0, 6, 8, -5, -1]","[14, 4, 5, 9, 15, 1, 4, 15]",False,"[0, 0, 0, 0, 0, 0, 0, 0, 0, 0, 0]",4.0,"[2, -3, 0, -5, -7, 8, 0, 6, 8, -5, -1]","[14, 4, 5, 9, 15, 1, 4, 15]",False,"[0, 1, 0, 0, 0, 0, 0, 0, 0, 0, 0]",7.0,13,0.026262626262626262,4087.0860942670383,4,0,6,7,"[2, -2, -1, -4, -7, 7, 1, 6, 9, -4, -1]","[16, 0, 12, 0, 16, 7, 14, 3]",False,20,20,False,False,False,True,9,False,True,False,False,False,False,False,False,True,False,True,False,False,False,False,False,"[2, -4, 0, -4, -9, 8, 1, 5, 7, -5, -1]",9,5,9,9,16,569.1860219580121,8.358299965038896e-05,568.5768420000095,0.010556833003647625,22,22,"[('(0, 0, 0, 0, 0, 0, 0, 0, 0, 0, 0)', 109), ('(1, 0, 0, 0, 0, 0, 0, 0, 0, 0, 0)', 40), ('(0, 0, 1, 0, 0, 0, 0, 0, 0, 0, 0)', 20), ('(0, 0, 0, 0, 0, 0, 0, 0, 1, 0, 0)', 19), ('(0, 0, 0, -1, 0, 0, 0, 0, 0, 0, 0)', 17), ('(0, 0, 0, 0, -1, 0, 0, 0, 0, 0, 0)', 17), ('(0, 0, 0, 0, 0, 0, 0, 0, 0, 0, 1)', 15), ('(0, 1, 0, 0, 0, 0, 0, 0, 0, 0, 0)', 13), ('(0, 0, 0, 0, 0, -1, 0, 0, 0, 0, 0)', 11), ('(0, 0, 0, 0, 0, 0, 1, 0, 0, 0, 0)', 10)]",5
8,11,17,29,"[1, 0, 0, 1, -1, -1, -1, 0]","[1, 0, 0, 1, 16, 16, 16, 0]","[0, 0, 1, 1, 1, 0, 0, 0, 0, -1, -1]","[1, -4, -2, -4, -7, 2, -5, 0, -3, 6, -7]","[0, -1, 0, 0, 1, 1, 0, 0, 1, 0, -1]",5.0,"[2, 10, 4, 12, 12, 6, 16, 0]",False,"[0, 0, 0, 0, 0, 0, 0, 0, 0, 0, 0]",5.0,"[1, -4, -2, -4, -7, 2, -5, 0, -3, 6, -7]","[2, 10, 4, 12, 12, 6, 16, 0]",False,"[0, 0, 0, 0, 0, 0, 0, 0, 0, 0, 0]",5.0,0,"[1, -4, -2, -4, -7, 2, -5, 0, -3, 6, -7]","[2, 10, 4, 12, 12, 6, 16, 0]",False,"[0, 0, 0, 0, 0, 0, 0, 0, 0, 0, 0]",5.0,"[1, -4, -2, -4, -7, 2, -5, 0, -3, 6, -7]","[2, 10, 4, 12, 12, 6, 16, 0]",False,"[0, 0, 0, 1, 0, 0, 0, 0, 0, 0, 0]",5.0,28,0.057494866529774126,44.91327041700135,0,0,5,5,"[1, -5, -3, -5, -7, 3, -5, 0, -2, 7, -7]","[1, 0, 0, 1, 16, 16, 16, 0]",True,20,20,True,True,True,True,0,False,False,False,False,False,True,True,True,True,True,True,False,True,False,False,True,"[1, -5, -3, -5, -7, 3, -5, 0, -2, 7, -7]",6,6,6,6,0,568.4412861250166,0.00012974999845027924,567.7721797909762,0.009636833012336865,22,22,"[('(0, 0, 0, 0, 0, 0, 0, 0, 0, 0, 0)', 131), ('(0, 0, 0, 1, 0, 0, 0, 0, 0, 0, 0)', 28), ('(0, 0, 0, 0, 0, 0, 0, 0, 0, -1, 0)', 24), ('(0, 0, 0, 0, 0, 0, 0, 0, 0, 0, -1)', 22), ('(0, 0, 0, 0, 0, 0, 1, 0, 0, 0, 0)', 19), ('(0, 0, -1, 0, 0, 0, 0, 0, 0, 0, 0)', 16), ('(0, 0, 0, 0, 0, 1, 0, 0, 0, 0, 0)', 16), ('(1, 0, 0, 0, 0, 0, 0, 0, 0, 0, 0)', 14), ('(0, 0, 0, 0, 0, 0, 0, 0, -1, 0, 0)', 8), ('(0, 0, 0, 0, 1, 0, 0, 0, 0, 0, 0)', 8)]",5
8,11,17,30,"[0, -1, 1, 0, 1, 1, 1, 0]","[0, 16, 1, 0, 1, 1, 1, 0]","[0, 0, 0, 0, -1, 0, 0, 0, 0, 0, 0]","[8, 8, -1, -3, 0, 5, -1, 6, 2, -8, -3]","[0, 0, 0, 0, -1, 0, 0, 0, 0, 0, 0]",1.0,"[0, 16, 1, 0, 1, 1, 1, 0]",True,"[0, 0, 0, 0, 0, 0, 0, 0, 0, 0, 0]",1.0,"[8, 8, -1, -3, 0, 5, -1, 6, 2, -8, -3]","[0, 16, 1, 0, 1, 1, 1, 0]",True,"[0, 0, 0, 0, 0, 0, 0, 0, 0, 0, 0]",1.0,0,"[8, 8, -1, -3, 0, 5, -1, 6, 2, -8, -3]","[0, 16, 1, 0, 1, 1, 1, 0]",True,"[0, 0, 0, 0, 0, 0, 0, 0, 0, 0, 0]",1.0,"[8, 8, -1, -3, 0, 5, -1, 6, 2, -8, -3]","[0, 16, 1, 0, 1, 1, 1, 0]",True,"[0, 0, 0, 0, 0, 0, 0, 0, 0, 0, 0]",1.0,97,0.19917864476386038,40.59150325213294,0,0,5,1,"[8, 8, -1, -3, 0, 5, -1, 6, 2, -8, -3]","[0, 16, 1, 0, 1, 1, 1, 0]",True,20,20,True,False,True,True,0,False,False,False,False,False,False,False,True,True,True,True,True,True,False,False,False,"[8, 8, -1, -3, 0, 5, -1, 6, 2, -8, -3]",0,0,0,0,0,571.8805283329857,0.00010870900587178767,571.2446647499746,0.0066151250211987644,22,22,"[('(0, 0, 0, 0, 0, 0, 0, 0, 0, 0, 0)', 97), ('(0, 0, 0, 0, 1, 0, 0, 0, 0, 0, 0)', 37), ('(0, 0, 0, 0, 0, 0, -1, 0, 0, 0, 0)', 29), ('(0, 0, 0, 0, 0, 0, 0, 0, 0, -1, 0)', 26), ('(0, 1, 0, 0, 0, 0, 0, 0, 0, 0, 0)', 22), ('(0, 0, 1, 0, 0, 0, 0, 0, 0, 0, 0)', 19), ('(0, 0, 0, 0, 0, -1, 0, 0, 0, 0, 0)', 15), ('(0, 0, 1, 0, 0, 0, -1, 0, 0, 0, 0)', 10), ('(0, 1, 0, 0, 1, 0, 0, 0, 0, 0, 0)', 9), ('(0, 1, 0, 0, 0, 0, 0, 0, 0, -1, 0)', 9)]",5
8,11,17,33,"[0, 0, 0, 0, -1, -1, 0, -1]","[0, 0, 0, 0, 16, 16, 0, 16]","[0, 0, 0, 0, 0, 0, 0, 0, 0, 0, 0]","[1, -2, 6, 2, 0, 4, -8, -1, -7, -8, -2]","[0, 0, 0, 0, 0, 0, 0, 0, 0, 0, 0]",0.0,"[0, 0, 0, 0, 16, 16, 0, 16]",True,"[0, 0, 0, 0, 0, 0, 0, 0, 0, 0, 0]",0.0,"[1, -2, 6, 2, 0, 4, -8, -1, -7, -8, -2]","[0, 0, 0, 0, 16, 16, 0, 16]",True,"[0, 0, 0, 0, 0, 0, 0, 0, 0, 0, 0]",0.0,0,"[1, -2, 6, 2, 0, 4, -8, -1, -7, -8, -2]","[0, 0, 0, 0, 16, 16, 0, 16]",True,"[0, 0, 0, 0, 0, 0, 0, 0, 0, 0, 0]",0.0,"[1, -2, 6, 2, 0, 4, -8, -1, -7, -8, -2]","[0, 0, 0, 0, 16, 16, 0, 16]",True,"[0, 0, 0, 0, 0, 0, 0, 0, 0, 0, 0]",0.0,330,0.6707317073170732,49.4197881624623,0,0,3,0,"[1, -2, 6, 2, 0, 4, -8, -1, -7, -8, -2]","[0, 0, 0, 0, 16, 16, 0, 16]",True,20,20,True,False,True,True,0,False,False,False,False,False,False,False,True,True,True,True,True,True,False,False,False,"[1, -2, 6, 2, 0, 4, -8, -1, -7, -8, -2]",0,0,0,0,0,571.0277230420033,8.462500409223139e-05,570.4172969580104,0.006823000003350899,22,22,"[('(0, 0, 0, 0, 0, 0, 0, 0, 0, 0, 0)', 330), ('(0, 0, 0, 0, 0, 0, 0, 1, 0, 0, 0)', 11), ('(0, 0, 0, 0, 0, 0, 0, 0, -1, 0, 0)', 10), ('(0, 0, 0, 0, 0, 0, 0, 0, 0, -1, 0)', 9), ('(0, 0, 0, -1, 0, 0, 0, 0, 0, 0, 0)', 9), ('(0, 0, 0, 0, 0, 0, 0, -1, 0, 0, 0)', 9), ('(0, 1, 0, 0, 0, 0, 0, 0, 0, 0, 0)', 9), ('(0, 0, 0, 0, 0, 0, 0, 0, 0, 1, 0)', 8), ('(0, 0, 0, 0, 0, 0, 0, 0, 1, 0, 0)', 8), ('(0, 0, -1, 0, 0, 0, 0, 0, 0, 0, 0)', 8)]",5
8,11,17,31,"[1, -1, 1, 1, -1, 0, -1, 0]","[1, 16, 1, 1, 16, 0, 16, 0]","[-1, 0, 0, 0, 0, 0, 0, 0, 0, 1, 0]","[-7, 8, -4, -4, 7, 1, 2, -4, 1, -1, -1]","[-1, 0, 0, 0, 0, 0, 0, 0, 0, 1, 0]",2.0,"[1, 16, 1, 1, 16, 0, 16, 0]",True,"[0, 0, 0, 0, 0, 0, 0, 0, 0, 0, 0]",2.0,"[-7, 8, -4, -4, 7, 1, 2, -4, 1, -1, -1]","[1, 16, 1, 1, 16, 0, 16, 0]",True,"[0, 0, 0, 0, 0, 0, 0, 0, 0, 0, 0]",2.0,0,"[-7, 8, -4, -4, 7, 1, 2, -4, 1, -1, -1]","[1, 16, 1, 1, 16, 0, 16, 0]",True,"[0, 0, 0, 0, 0, 0, 0, 0, 0, 0, 0]",2.0,"[-7, 8, -4, -4, 7, 1, 2, -4, 1, -1, -1]","[1, 16, 1, 1, 16, 0, 16, 0]",True,"[0, 0, 0, 0, 0, 0, 0, 0, 0, 0, 0]",2.0,57,0.11632653061224489,51.69395569894536,0,0,6,2,"[-7, 8, -4, -4, 7, 1, 2, -4, 1, -1, -1]","[1, 16, 1, 1, 16, 0, 16, 0]",True,20,20,True,False,True,True,0,False,False,False,False,False,False,False,True,True,True,True,True,True,False,False,False,"[-7, 8, -4, -4, 7, 1, 2, -4, 1, -1, -1]",0,0,0,0,0,572.6646193329943,9.175000013783574e-05,572.0201687079971,0.009465292008826509,22,22,"[('(0, 0, 0, 0, 0, 0, 0, 0, 0, 0, 0)', 57), ('(0, 0, 1, 0, 0, 0, 0, 0, 0, 0, 0)', 25), ('(0, 0, 0, 0, 0, 0, 0, 0, -1, 0, 0)', 20), ('(0, 0, 0, 0, -1, 0, 0, 0, 0, 0, 0)', 19), ('(-1, 0, 0, 0, 0, 0, 0, 0, 0, 0, 0)', 19), ('(0, 0, 0, 0, 0, 1, 0, 0, 0, 0, 0)', 16), ('(0, 0, 0, 1, 0, 0, 0, 0, 0, 0, 0)', 15), ('(0, 0, 0, 0, 0, 0, 0, 0, 0, 1, 0)', 14), ('(0, 0, 1, 0, 0, 1, 0, 0, 0, 0, 0)', 10), ('(0, 0, 0, 0, 0, 0, 0, -1, 0, 0, 0)', 9)]",5
8,11,17,32,"[1, 0, 0, 0, 0, 1, 0, 1]","[1, 0, 0, 0, 0, 1, 0, 1]","[0, 1, 0, 0, 0, 0, 0, 0, 0, 0, 0]","[8, 4, 6, 7, -4, -7, -4, 0, 5, 7, 8]","[0, 1, 0, 0, 0, 0, 0, 0, 0, 0, 0]",1.0,"[1, 0, 0, 0, 0, 1, 0, 1]",True,"[0, 0, 0, 0, 0, 0, 0, 0, 0, 0, 0]",1.0,"[8, 4, 6, 7, -4, -7, -4, 0, 5, 7, 8]","[1, 0, 0, 0, 0, 1, 0, 1]",True,"[0, 0, 0, 0, 0, 0, 0, 0, 0, 0, 0]",1.0,0,"[8, 4, 6, 7, -4, -7, -4, 0, 5, 7, 8]","[1, 0, 0, 0, 0, 1, 0, 1]",True,"[0, 0, 0, 0, 0, 0, 0, 0, 0, 0, 0]",1.0,"[8, 4, 6, 7, -4, -7, -4, 0, 5, 7, 8]","[1, 0, 0, 0, 0, 1, 0, 1]",True,"[0, 0, 0, 0, 0, 0, 0, 0, 0, 0, 0]",1.0,122,0.24796747967479674,40.56878156446275,0,0,3,1,"[8, 4, 6, 7, -4, -7, -4, 0, 5, 7, 8]","[1, 0, 0, 0, 0, 1, 0, 1]",True,20,20,True,False,True,True,0,False,False,False,False,False,False,False,True,True,True,True,True,True,False,False,False,"[8, 4, 6, 7, -4, -7, -4, 0, 5, 7, 8]",0,0,0,0,0,572.4025264579977,8.045899448916316e-05,571.7769154160051,0.0067791250185109675,22,22,"[('(0, 0, 0, 0, 0, 0, 0, 0, 0, 0, 0)', 122), ('(0, 0, 0, 0, 1, 0, 0, 0, 0, 0, 0)', 28), ('(0, 1, 0, 0, 0, 0, 0, 0, 0, 0, 0)', 25), ('(0, 0, 0, 0, 0, 0, 0, 0, 0, 0, -1)', 22), ('(0, 0, 0, 0, 0, 0, 0, 0, 0, -1, 0)', 20), ('(0, 0, 0, 0, 0, 0, 0, 0, 1, 0, 0)', 20), ('(0, 0, 0, 0, 0, 0, -1, 0, 0, 0, 0)', 16), ('(0, 0, 0, 0, 0, 0, 0, 1, 0, 0, 0)', 14), ('(0, 0, 0, 0, 0, 0, 0, 0, 0, -1, -1)', 8), ('(0, 0, 0, 0, 0, 0, -1, 0, 0, 0, -1)', 7)]",5
8,11,17,34,"[0, 0, -1, -1, 1, 0, 1, 0]","[0, 0, 16, 16, 1, 0, 1, 0]","[0, 0, 0, 0, 0, 0, 0, 1, 0, -1, 0]","[2, 7, 5, -6, -3, -6, -7, 0, -5, 9, 0]","[0, 0, 0, 0, 0, 0, 0, 1, 0, -1, 0]",2.0,"[0, 0, 16, 16, 1, 0, 1, 0]",True,"[0, 0, 0, 0, 0, 0, 0, 0, 0, 0, 0]",2.0,"[2, 7, 5, -6, -3, -6, -7, 0, -5, 9, 0]","[0, 0, 16, 16, 1, 0, 1, 0]",True,"[0, 0, 0, 0, 0, 0, 0, 0, 0, 0, 0]",2.0,0,"[2, 7, 5, -6, -3, -6, -7, 0, -5, 9, 0]","[0, 0, 16, 16, 1, 0, 1, 0]",True,"[0, 0, 0, 0, 0, 0, 0, 0, 0, 0, 0]",2.0,"[2, 7, 5, -6, -3, -6, -7, 0, -5, 9, 0]","[0, 0, 16, 16, 1, 0, 1, 0]",True,"[0, 0, 0, 0, 0, 0, 0, 0, 0, 0, 0]",2.0,89,0.18126272912423624,11.650019032966973,0,0,4,2,"[2, 7, 5, -6, -3, -6, -7, 0, -5, 9, 0]","[0, 0, 16, 16, 1, 0, 1, 0]",True,20,20,True,False,True,True,0,False,False,False,False,False,False,False,True,True,True,True,True,True,False,False,False,"[2, 7, 5, -6, -3, -6, -7, 0, -5, 9, 0]",0,0,0,0,0,572.961889416998,8.929101750254631e-05,572.3094508750073,0.00668125000083819,22,22,"[('(0, 0, 0, 0, 0, 0, 0, 0, 0, 0, 0)', 89), ('(0, 0, 0, 0, 0, 0, 0, 0, 0, 0, -1)', 21), ('(0, 0, 1, 0, 0, 0, 0, 0, 0, 0, 0)', 19), ('(0, 0, 0, -1, 0, 0, 0, 0, 0, 0, 0)', 19), ('(0, 0, 0, 0, 0, -1, 0, 0, 0, 0, 0)', 16), ('(0, 0, 0, 0, -1, 0, 0, 0, 0, 0, 0)', 15), ('(0, 0, 0, 0, 0, 0, 0, 0, 0, 1, 0)', 14), ('(0, 0, 0, 0, 0, 0, 0, 0, -1, 0, 0)', 14), ('(0, 0, 0, 0, 0, 0, -1, 0, 0, 0, 0)', 13), ('(0, 0, 0, 0, 0, 0, 0, 1, 0, 0, 0)', 12)]",5
8,11,17,35,"[0, -1, 0, 0, 1, -1, 0, -1]","[0, 16, 0, 0, 1, 16, 0, 16]","[0, 0, 0, 0, 0, 1, -1, 0, 0, 0, 0]","[-4, -1, 0, -5, -4, 0, -2, 6, 5, 6, -3]","[0, 0, 0, 0, 0, 1, -1, 0, 0, 0, 0]",2.0,"[0, 16, 0, 0, 1, 16, 0, 16]",True,"[0, 0, 0, 0, 0, 0, 0, 0, 0, 0, 0]",2.0,"[-4, -1, 0, -5, -4, 0, -2, 6, 5, 6, -3]","[0, 16, 0, 0, 1, 16, 0, 16]",True,"[0, 0, 0, 0, 0, 0, 0, 0, 0, 0, 0]",2.0,0,"[-4, -1, 0, -5, -4, 0, -2, 6, 5, 6, -3]","[0, 16, 0, 0, 1, 16, 0, 16]",True,"[0, 0, 0, 0, 0, 0, 0, 0, 0, 0, 0]",2.0,"[-4, -1, 0, -5, -4, 0, -2, 6, 5, 6, -3]","[0, 16, 0, 0, 1, 16, 0, 16]",True,"[0, 0, 0, 0, 0, 0, 0, 0, 0, 0, 0]",2.0,99,0.2032854209445585,11.63948298140119,0,0,4,2,"[-4, -1, 0, -5, -4, 0, -2, 6, 5, 6, -3]","[0, 16, 0, 0, 1, 16, 0, 16]",True,20,20,True,False,True,True,0,False,False,False,False,False,False,False,True,True,True,True,True,True,False,False,False,"[-4, -1, 0, -5, -4, 0, -2, 6, 5, 6, -3]",0,0,0,0,0,577.6686053750163,9.933399269357324e-05,577.0480185000051,0.007656875008251518,22,22,"[('(0, 0, 0, 0, 0, 0, 0, 0, 0, 0, 0)', 99), ('(0, 0, 0, 0, 0, 0, 0, 0, 1, 0, 0)', 25), ('(0, 0, -1, 0, 0, 0, 0, 0, 0, 0, 0)', 22), ('(0, 0, 0, 0, 0, 0, 0, 0, 0, 0, -1)', 20), ('(0, -1, 0, 0, 0, 0, 0, 0, 0, 0, 0)', 18), ('(0, 0, 0, 0, 0, 0, 0, 0, 0, 1, 0)', 17), ('(0, 0, 0, 0, 0, -1, 0, 0, 0, 0, 0)', 17), ('(0, 0, 0, 0, 0, 0, -1, 0, 0, 0, 0)', 10), ('(0, 0, 0, 0, 0, 0, 0, -1, 0, 0, 0)', 10), ('(0, 0, -1, 0, 0, 0, 0, 0, 0, 0, -1)', 9)]",5
8,11,17,37,"[-1, 0, 1, 1, 0, 1, 0, -1]","[16, 0, 1, 1, 0, 1, 0, 16]","[0, -1, 0, -1, 0, 0, 1, 0, 0, 0, 0]","[-8, -3, -4, 4, 4, -2, 1, -8, -8, -2, -8]","[0, -1, 0, -1, 0, 0, 1, 0, 0, 0, 0]",3.0,"[16, 0, 1, 1, 0, 1, 0, 16]",True,"[0, 0, 0, 0, 0, 0, 0, 0, 0, 0, 0]",3.0,"[-8, -3, -4, 4, 4, -2, 1, -8, -8, -2, -8]","[16, 0, 1, 1, 0, 1, 0, 16]",True,"[0, 0, 0, 0, 0, 0, 0, 0, 0, 0, 0]",3.0,0,"[-8, -3, -4, 4, 4, -2, 1, -8, -8, -2, -8]","[16, 0, 1, 1, 0, 1, 0, 16]",True,"[0, 0, 0, 0, 0, 0, 0, 0, 0, 0, 0]",3.0,"[-8, -3, -4, 4, 4, -2, 1, -8, -8, -2, -8]","[16, 0, 1, 1, 0, 1, 0, 16]",True,"[0, 0, 0, 0, 0, 0, 0, 0, 0, 0, 0]",3.0,135,0.27439024390243905,22.658734511426392,0,0,5,3,"[-8, -3, -4, 4, 4, -2, 1, -8, -8, -2, -8]","[16, 0, 1, 1, 0, 1, 0, 16]",True,20,20,True,False,True,True,0,False,False,False,False,False,False,False,True,True,True,True,True,True,False,False,False,"[-8, -3, -4, 4, 4, -2, 1, -8, -8, -2, -8]",0,0,0,0,0,576.9124559169868,9.204100933857262e-05,576.2935140420159,0.007456874998752028,22,22,"[('(0, 0, 0, 0, 0, 0, 0, 0, 0, 0, 0)', 135), ('(0, 0, 0, 1, 0, 0, 0, 0, 0, 0, 0)', 37), ('(0, 1, 0, 0, 0, 0, 0, 0, 0, 0, 0)', 25), ('(0, 0, 0, 0, 0, 0, 0, 0, 0, 0, -1)', 20), ('(0, 0, 0, 0, 0, 0, 1, 0, 0, 0, 0)', 19), ('(0, 0, 0, 0, 0, 0, 0, 1, 0, 0, 0)', 17), ('(0, 0, 0, 0, 0, 0, 0, 0, 0, 1, 0)', 14), ('(1, 0, 0, 0, 0, 0, 0, 0, 0, 0, 0)', 14), ('(0, 0, 0, 0, 0, 0, 0, 0, 1, 0, 0)', 12), ('(0, 0, -1, 0, 0, 0, 0, 0, 0, 0, 0)', 10)]",5
8,11,17,36,"[1, 0, -1, 0, 0, 0, 0, 0]","[1, 0, 16, 0, 0, 0, 0, 0]","[0, 0, 0, 0, 0, 0, -1, 0, 0, -1, 0]","[-1, 8, 2, 3, 4, 2, 6, -3, 6, -7, 4]","[0, 0, 0, 0, 0, 0, -1, 0, 0, -1, 0]",2.0,"[1, 0, 16, 0, 0, 0, 0, 0]",True,"[0, 0, 0, 0, 0, 0, 0, 0, 0, 0, 0]",2.0,"[-1, 8, 2, 3, 4, 2, 6, -3, 6, -7, 4]","[1, 0, 16, 0, 0, 0, 0, 0]",True,"[0, 0, 0, 0, 0, 0, 0, 0, 0, 0, 0]",2.0,0,"[-1, 8, 2, 3, 4, 2, 6, -3, 6, -7, 4]","[1, 0, 16, 0, 0, 0, 0, 0]",True,"[0, 0, 0, 0, 0, 0, 0, 0, 0, 0, 0]",2.0,"[-1, 8, 2, 3, 4, 2, 6, -3, 6, -7, 4]","[1, 0, 16, 0, 0, 0, 0, 0]",True,"[0, 0, 0, 0, 0, 0, 0, 0, 0, 0, 0]",2.0,111,0.22515212981744423,51.62815011287049,0,0,2,2,"[-1, 8, 2, 3, 4, 2, 6, -3, 6, -7, 4]","[1, 0, 16, 0, 0, 0, 0, 0]",True,20,20,True,False,True,True,0,False,False,False,False,False,False,False,True,True,True,True,True,True,False,False,False,"[-1, 8, 2, 3, 4, 2, 6, -3, 6, -7, 4]",0,0,0,0,0,578.2004056249862,0.0001232089998666197,577.5596278749872,0.008223334007197991,22,22,"[('(0, 0, 0, 0, 0, 0, 0, 0, 0, 0, 0)', 111), ('(0, 0, 0, 0, -1, 0, 0, 0, 0, 0, 0)', 34), ('(0, 0, 0, -1, 0, 0, 0, 0, 0, 0, 0)', 30), ('(0, 0, 0, 0, 0, 0, 0, 0, 0, 0, 1)', 24), ('(0, 0, 0, 0, 0, 0, 0, -1, 0, 0, 0)', 24), ('(0, -1, 0, 0, 0, 0, 0, 0, 0, 0, 0)', 18), ('(0, 0, 0, 0, 0, 0, 1, 0, 0, 0, 0)', 16), ('(0, 0, 0, 0, 0, 0, 0, 0, 1, 0, 0)', 15), ('(0, 0, 0, -1, 0, 0, 0, 0, 0, 0, 1)', 8), ('(0, 0, 0, 0, -1, 0, 0, 0, 0, 0, 1)', 7)]",5
8,11,17,38,"[-1, 0, -1, 0, -1, -1, -1, -1]","[16, 0, 16, 0, 16, 16, 16, 16]","[0, 0, 0, 0, 0, -1, 0, -1, 0, 1, 0]","[6, 6, -8, 7, 5, -7, -1, 3, -4, -1, 4]","[0, 0, 0, 1, 2, 0, 1, -1, 0, 0, 0]",7.0,"[10, 13, 2, 9, 15, 1, 5, 15]",False,"[1, -1, 0, 0, 0, 0, -1, 1, 0, 0, 0]",3.0,"[6, 6, -8, 8, 7, -6, 0, 3, -4, -2, 4]","[16, 0, 16, 0, 16, 16, 16, 16]",True,"[0, 0, 0, 0, 0, 0, 0, 0, 0, 0, 0]",7.0,0,"[6, 6, -8, 7, 5, -7, -1, 3, -4, -1, 4]","[10, 13, 2, 9, 15, 1, 5, 15]",False,"[0, 0, 0, 0, 0, 0, 0, 0, 0, 0, 0]",7.0,"[6, 6, -8, 7, 5, -7, -1, 3, -4, -1, 4]","[10, 13, 2, 9, 15, 1, 5, 15]",False,"[0, -1, 0, 0, 0, 0, 0, 0, 0, 1, 0]",8.0,5,0.0102880658436214,5138.220824053077,5,0,8,8,"[5, 5, -7, 7, 7, -8, -1, 2, -3, 0, 4]","[16, 12, 8, 4, 13, 1, 4, 16]",False,20,20,False,False,False,False,8,True,True,True,False,False,False,False,False,False,False,False,False,False,False,False,False,"[6, 6, -8, 8, 7, -6, 0, 3, -4, -2, 4]",8,0,8,8,15,578.556359292008,9.579199831932783e-05,577.9384703749965,0.007535124983405694,22,22,"[('(0, 0, 0, 0, 0, 0, 0, 0, 0, 0, 0)', 87), ('(0, 0, 0, 0, 0, 0, 0, 0, 0, 0, 1)', 22), ('(0, 0, 0, 0, 0, 0, 0, 0, 0, 1, 0)', 20), ('(0, -1, 0, 0, 0, 0, 0, 0, 0, 0, 0)', 19), ('(0, 0, 0, 0, 0, 0, 0, 1, 0, 0, 0)', 15), ('(0, 0, 0, 0, 0, 0, 0, 0, -1, 0, 0)', 14), ('(0, 0, 0, 0, -1, 0, 0, 0, 0, 0, 0)', 13), ('(0, 0, 0, 0, 0, 0, 1, 0, 0, 0, 0)', 12), ('(0, 0, -1, 0, 0, 0, 0, 0, 0, 0, 0)', 12), ('(0, 0, 0, 0, 0, 1, 0, 0, 0, 0, 0)', 11)]",5
8,11,17,39,"[0, 1, -1, -1, 1, 0, 0, 0]","[0, 1, 16, 16, 1, 0, 0, 0]","[0, 0, 0, 0, 0, 0, 0, -1, 0, 1, -1]","[-7, 7, 4, -5, -5, 7, -5, 8, 6, -2, 0]","[-1, -1, 0, -1, 0, 0, 0, 0, 0, 0, 0]",3.0,"[12, 10, 5, 7, 3, 16, 4, 9]",False,"[0, 0, 0, 0, 0, 0, 0, 0, 0, 0, 0]",3.0,"[-7, 7, 4, -5, -5, 7, -5, 8, 6, -2, 0]","[12, 10, 5, 7, 3, 16, 4, 9]",False,"[0, 0, 0, 0, 0, 0, 0, 0, 0, 0, 0]",3.0,0,"[-7, 7, 4, -5, -5, 7, -5, 8, 6, -2, 0]","[12, 10, 5, 7, 3, 16, 4, 9]",False,"[0, 0, 0, 0, 0, 0, 0, 0, 0, 0, 0]",3.0,"[-7, 7, 4, -5, -5, 7, -5, 8, 6, -2, 0]","[12, 10, 5, 7, 3, 16, 4, 9]",False,"[1, 0, 0, 0, 0, 0, 0, 0, 0, 0, 0]",5.0,15,0.03054989816700611,6084.972741127776,6,0,7,5,"[-7, 5, 5, -5, -5, 7, -4, 8, 6, -2, 0]","[10, 16, 6, 0, 4, 5, 7, 3]",False,20,20,False,False,True,True,6,False,False,False,False,False,False,False,True,True,True,True,False,False,False,False,False,"[-8, 6, 4, -6, -5, 7, -5, 9, 6, -3, 1]",6,6,6,6,8,578.284373167,0.00010841700714081526,577.6264743339852,0.007550666981842369,22,22,"[('(0, 0, 0, 0, 0, 0, 0, 0, 0, 0, 0)', 162), ('(0, 0, 0, 0, 0, 0, 0, 0, 0, 0, 1)', 29), ('(0, 0, 0, 0, 0, 0, 0, 0, 0, 1, 0)', 28), ('(0, 0, 0, 0, 0, 0, 0, 0, 1, 0, 0)', 24), ('(1, 0, 0, 0, 0, 0, 0, 0, 0, 0, 0)', 15), ('(0, 0, 0, 0, 0, 1, 0, 0, 0, 0, 0)', 12), ('(0, 0, 0, 0, 0, 0, 1, 0, 0, 0, 0)', 11), ('(0, 0, 0, 0, 1, 0, 0, 0, 0, 0, 0)', 10), ('(0, 0, 0, 0, 0, 0, 0, 0, 0, 1, 1)', 9), ('(0, -1, 0, 0, 0, 0, 0, 0, 0, 0, 0)', 8)]",5
8,11,17,40,"[0, 0, -1, 0, 0, -1, -1, 0]","[0, 0, 16, 0, 0, 16, 16, 0]","[0, 0, -1, 1, 0, 0, 0, 1, 0, 0, 0]","[1, 8, 5, 0, -1, -8, 3, 6, -3, -1, -1]","[0, 0, -1, 1, 0, 0, 0, 1, 0, 0, 0]",3.0,"[0, 0, 16, 0, 0, 16, 16, 0]",True,"[0, 0, 0, 0, 0, 0, 0, 0, 0, 0, 0]",3.0,"[1, 8, 5, 0, -1, -8, 3, 6, -3, -1, -1]","[0, 0, 16, 0, 0, 16, 16, 0]",True,"[0, 0, 0, 0, 0, 0, 0, 0, 0, 0, 0]",3.0,0,"[1, 8, 5, 0, -1, -8, 3, 6, -3, -1, -1]","[0, 0, 16, 0, 0, 16, 16, 0]",True,"[0, 0, 0, 0, 0, 0, 0, 0, 0, 0, 0]",3.0,"[1, 8, 5, 0, -1, -8, 3, 6, -3, -1, -1]","[0, 0, 16, 0, 0, 16, 16, 0]",True,"[0, 0, 0, 0, 0, 0, 0, 0, 0, 0, 0]",3.0,108,0.22085889570552147,22.680865211777085,0,0,3,3,"[1, 8, 5, 0, -1, -8, 3, 6, -3, -1, -1]","[0, 0, 16, 0, 0, 16, 16, 0]",True,20,20,True,False,True,True,0,False,False,False,False,False,False,False,True,True,True,True,True,True,False,False,False,"[1, 8, 5, 0, -1, -8, 3, 6, -3, -1, -1]",0,0,0,0,0,599.3274675419962,8.841601083986461e-05,598.7010377080005,0.007647583988728002,22,22,"[('(0, 0, 0, 0, 0, 0, 0, 0, 0, 0, 0)', 108), ('(0, 1, 0, 0, 0, 0, 0, 0, 0, 0, 0)', 26), ('(0, 0, 0, -1, 0, 0, 0, 0, 0, 0, 0)', 25), ('(-1, 0, 0, 0, 0, 0, 0, 0, 0, 0, 0)', 20), ('(0, 0, 0, 0, -1, 0, 0, 0, 0, 0, 0)', 19), ('(0, 0, 0, 0, 0, 0, 0, 0, 1, 0, 0)', 18), ('(0, 0, 0, 0, 0, 0, 0, 0, 0, 0, 1)', 17), ('(0, 0, 0, 0, 0, 0, 1, 0, 0, 0, 0)', 11), ('(0, 0, -1, 0, 0, 0, 0, 0, 0, 0, 0)', 10), ('(0, 0, 0, 0, 0, -1, 0, 0, 0, 0, 0)', 9)]",5
8,11,17,41,"[1, 0, 1, -1, 1, 0, 0, 1]","[1, 0, 1, 16, 1, 0, 0, 1]","[0, -1, 0, 1, -1, 0, 0, 0, 0, 0, -1]","[3, -7, -4, 3, 3, 8, 4, -4, -3, 3, 7]","[1, 0, -1, 0, 0, 0, 1, 0, 0, 1, 1]",5.0,"[13, 5, 3, 14, 15, 10, 10, 7]",False,"[0, 0, 0, 0, 0, 0, 0, 0, 0, 0, -1]",4.0,"[3, -6, -5, 3, 4, 7, 5, -4, -3, 4, 8]","[7, 6, 14, 1, 1, 10, 9, 13]",False,"[0, 0, 0, 0, 0, 0, 0, 0, 0, 0, -1]",4.0,1,"[3, -6, -5, 3, 4, 7, 5, -4, -3, 4, 8]","[7, 6, 14, 1, 1, 10, 9, 13]",False,"[0, 0, 0, 0, 0, 0, 0, 0, 0, 0, -1]",4.0,"[3, -6, -5, 3, 4, 7, 5, -4, -3, 4, 8]","[7, 6, 14, 1, 1, 10, 9, 13]",False,"[0, 1, 0, 0, 0, 0, 0, 0, 0, 0, 0]",5.0,31,0.0625,5084.90342640972,5,0,7,5,"[4, -7, -4, 2, 3, 9, 4, -4, -3, 3, 8]","[7, 16, 7, 12, 15, 0, 1, 12]",False,20,20,False,True,True,True,4,True,True,False,False,False,False,False,True,True,True,True,False,False,True,True,True,"[4, -6, -5, 2, 4, 8, 5, -4, -3, 4, 9]",11,4,4,4,7,598.3674397919967,0.00013633299386128783,597.7222901670029,0.007220333005534485,22,22,"[('(0, 0, 0, 0, 0, 0, 0, 0, 0, 0, 0)', 139), ('(0, 0, 0, 0, 0, 0, 0, 0, 0, 0, -1)', 38), ('(0, 1, 0, 0, 0, 0, 0, 0, 0, 0, 0)', 31), ('(0, 0, 1, 0, 0, 0, 0, 0, 0, 0, 0)', 21), ('(0, 0, 0, 0, 0, 0, 0, 1, 0, 0, 0)', 21), ('(0, 0, 0, 0, 1, 0, 0, 0, 0, 0, 0)', 16), ('(0, 0, 0, 1, 0, 0, 0, 0, 0, 0, 0)', 13), ('(1, 0, 0, 0, 0, 0, 0, 0, 0, 0, 0)', 13), ('(0, 0, 0, 0, 0, 0, 1, 0, 0, 0, 0)', 9), ('(0, 0, 1, 0, 0, 0, 0, 0, 0, 0, -1)', 6)]",5
8,11,17,42,"[1, 1, 0, 0, 0, -1, -1, -1]","[1, 1, 0, 0, 0, 16, 16, 16]","[0, 0, 0, 0, 0, 0, 0, -1, 0, 0, 0]","[5, 1, 3, 6, -1, -7, -8, -6, 5, 3, 5]","[0, 0, 0, 0, 0, 0, 0, -1, 0, 0, 0]",1.0,"[1, 1, 0, 0, 0, 16, 16, 16]",True,"[0, 0, 0, 0, 0, 0, 0, 0, 0, 0, 0]",1.0,"[5, 1, 3, 6, -1, -7, -8, -6, 5, 3, 5]","[1, 1, 0, 0, 0, 16, 16, 16]",True,"[0, 0, 0, 0, 0, 0, 0, 0, 0, 0, 0]",1.0,0,"[5, 1, 3, 6, -1, -7, -8, -6, 5, 3, 5]","[1, 1, 0, 0, 0, 16, 16, 16]",True,"[0, 0, 0, 0, 0, 0, 0, 0, 0, 0, 0]",1.0,"[5, 1, 3, 6, -1, -7, -8, -6, 5, 3, 5]","[1, 1, 0, 0, 0, 16, 16, 16]",True,"[0, 0, 0, 0, 0, 0, 0, 0, 0, 0, 0]",1.0,93,0.18979591836734694,40.595670521772995,0,0,5,1,"[5, 1, 3, 6, -1, -7, -8, -6, 5, 3, 5]","[1, 1, 0, 0, 0, 16, 16, 16]",True,20,20,True,False,True,True,0,False,False,False,False,False,False,False,True,True,True,True,True,True,False,False,False,"[5, 1, 3, 6, -1, -7, -8, -6, 5, 3, 5]",0,0,0,0,0,599.4939186249976,9.625000529922545e-05,598.8448897920025,0.009849333990132436,22,22,"[('(0, 0, 0, 0, 0, 0, 0, 0, 0, 0, 0)', 93), ('(0, 0, 0, 0, 0, 0, 0, 0, 1, 0, 0)', 28), ('(0, 0, 0, 0, 0, 0, 1, 0, 0, 0, 0)', 23), ('(0, 0, 0, 0, 0, 0, 0, 1, 0, 0, 0)', 22), ('(0, 0, 0, 0, 0, 0, 0, 0, 0, -1, 0)', 21), ('(0, 0, 0, 0, 0, 0, 0, 0, 0, 0, 1)', 20), ('(0, 0, 0, -1, 0, 0, 0, 0, 0, 0, 0)', 16), ('(0, 0, 0, 0, 1, 0, 0, 0, 0, 0, 0)', 14), ('(0, 0, 0, 0, 0, 0, 0, 0, 0, -1, 1)', 9), ('(0, 0, 0, 0, 0, 0, 1, 0, 0, -1, 0)', 8)]",5
8,11,17,44,"[-1, 1, 1, 0, 0, 0, 0, 0]","[16, 1, 1, 0, 0, 0, 0, 0]","[0, 0, 0, 0, 0, 0, 0, 0, 0, 0, 0]","[4, -8, 0, 8, 4, -1, 7, 4, -1, 1, 6]","[0, 0, 0, 0, 0, 0, 0, 0, 0, 0, 0]",0.0,"[16, 1, 1, 0, 0, 0, 0, 0]",True,"[0, 0, 0, 0, 0, 0, 0, 0, 0, 0, 0]",0.0,"[4, -8, 0, 8, 4, -1, 7, 4, -1, 1, 6]","[16, 1, 1, 0, 0, 0, 0, 0]",True,"[0, 0, 0, 0, 0, 0, 0, 0, 0, 0, 0]",0.0,0,"[4, -8, 0, 8, 4, -1, 7, 4, -1, 1, 6]","[16, 1, 1, 0, 0, 0, 0, 0]",True,"[0, 0, 0, 0, 0, 0, 0, 0, 0, 0, 0]",0.0,"[4, -8, 0, 8, 4, -1, 7, 4, -1, 1, 6]","[16, 1, 1, 0, 0, 0, 0, 0]",True,"[0, 0, 0, 0, 0, 0, 0, 0, 0, 0, 0]",0.0,352,0.704,49.41335319430667,0,0,3,0,"[4, -8, 0, 8, 4, -1, 7, 4, -1, 1, 6]","[16, 1, 1, 0, 0, 0, 0, 0]",True,20,20,True,False,True,True,0,False,False,False,False,False,False,False,True,True,True,True,True,True,False,False,False,"[4, -8, 0, 8, 4, -1, 7, 4, -1, 1, 6]",0,0,0,0,0,596.5273274169886,9.908300125971437e-05,595.8561168330198,0.009378916001878679,22,22,"[('(0, 0, 0, 0, 0, 0, 0, 0, 0, 0, 0)', 352), ('(0, 0, 0, 0, 0, -1, 0, 0, 0, 0, 0)', 14), ('(0, 0, 0, 0, 0, 0, 0, 0, 0, -1, 0)', 10), ('(-1, 0, 0, 0, 0, 0, 0, 0, 0, 0, 0)', 10), ('(0, 0, 0, 0, 0, 0, -1, 0, 0, 0, 0)', 7), ('(0, 0, 0, 0, 0, 0, 1, 0, 0, 0, 0)', 7), ('(0, 0, -1, 0, 0, 0, 0, 0, 0, 0, 0)', 7), ('(0, 0, 0, 0, 0, 0, 0, 0, -1, 0, 0)', 7), ('(0, 0, 0, 0, 0, 0, 0, 1, 0, 0, 0)', 6), ('(0, 0, 0, 0, 0, 0, 0, 0, 0, 1, 0)', 6)]",5
8,11,17,43,"[0, -1, 0, 1, 0, -1, 0, 0]","[0, 16, 0, 1, 0, 16, 0, 0]","[0, 0, -1, 0, 0, 0, 0, 0, 0, 0, 0]","[6, -1, 1, -7, -3, -2, -1, -2, -2, -2, 2]","[0, 0, -1, 0, 0, 0, 0, 0, 0, 0, 0]",1.0,"[0, 16, 0, 1, 0, 16, 0, 0]",True,"[0, 0, 0, 0, 0, 0, 0, 0, 0, 0, 0]",1.0,"[6, -1, 1, -7, -3, -2, -1, -2, -2, -2, 2]","[0, 16, 0, 1, 0, 16, 0, 0]",True,"[0, 0, 0, 0, 0, 0, 0, 0, 0, 0, 0]",1.0,0,"[6, -1, 1, -7, -3, -2, -1, -2, -2, -2, 2]","[0, 16, 0, 1, 0, 16, 0, 0]",True,"[0, 0, 0, 0, 0, 0, 0, 0, 0, 0, 0]",1.0,"[6, -1, 1, -7, -3, -2, -1, -2, -2, -2, 2]","[0, 16, 0, 1, 0, 16, 0, 0]",True,"[0, 0, 0, 0, 0, 0, 0, 0, 0, 0, 0]",1.0,164,0.33064516129032256,40.53940545260994,0,0,3,1,"[6, -1, 1, -7, -3, -2, -1, -2, -2, -2, 2]","[0, 16, 0, 1, 0, 16, 0, 0]",True,20,20,True,False,True,True,0,False,False,False,False,False,False,False,True,True,True,True,True,True,False,False,False,"[6, -1, 1, -7, -3, -2, -1, -2, -2, -2, 2]",0,0,0,0,0,599.2512511659879,9.275000775232911e-05,598.6231174160202,0.007742874993709847,22,22,"[('(0, 0, 0, 0, 0, 0, 0, 0, 0, 0, 0)', 164), ('(0, 0, 0, -1, 0, 0, 0, 0, 0, 0, 0)', 45), ('(0, 0, 0, 0, 0, 1, 0, 0, 0, 0, 0)', 37), ('(0, 0, 0, 0, 0, 0, 0, 0, -1, 0, 0)', 35), ('(0, 0, 0, 0, 0, 0, 0, 0, 0, 0, 1)', 23), ('(0, 0, 0, 0, 0, 1, 0, 0, 0, 0, 1)', 12), ('(0, 0, 0, -1, 0, 0, 0, 0, -1, 0, 0)', 11), ('(0, 0, 0, 0, 0, 0, 0, 0, -1, 0, 1)', 9), ('(0, 0, 0, 0, 0, 1, 0, 0, -1, 0, 0)', 8), ('(0, 0, 0, -1, 0, 0, 0, 0, 0, 0, 1)', 8)]",5
8,11,17,45,"[-1, -1, 1, 0, 0, 1, 0, 0]","[16, 16, 1, 0, 0, 1, 0, 0]","[0, 0, 0, 0, 0, 0, 0, 0, 0, 1, -1]","[0, 3, -8, 0, 3, -8, 3, 6, -3, -8, 9]","[0, 0, 0, 0, 0, 0, 0, 0, 0, 1, -1]",2.0,"[16, 16, 1, 0, 0, 1, 0, 0]",True,"[0, 0, 0, 0, 0, 0, 0, 0, 0, 0, 0]",2.0,"[0, 3, -8, 0, 3, -8, 3, 6, -3, -8, 9]","[16, 16, 1, 0, 0, 1, 0, 0]",True,"[0, 0, 0, 0, 0, 0, 0, 0, 0, 0, 0]",2.0,0,"[0, 3, -8, 0, 3, -8, 3, 6, -3, -8, 9]","[16, 16, 1, 0, 0, 1, 0, 0]",True,"[0, 0, 0, 0, 0, 0, 0, 0, 0, 0, 0]",2.0,"[0, 3, -8, 0, 3, -8, 3, 6, -3, -8, 9]","[16, 16, 1, 0, 0, 1, 0, 0]",True,"[0, 0, 0, 0, 0, 0, 0, 0, 0, 0, 0]",2.0,67,0.1375770020533881,11.678049229482388,0,0,4,2,"[0, 3, -8, 0, 3, -8, 3, 6, -3, -8, 9]","[16, 16, 1, 0, 0, 1, 0, 0]",True,20,20,True,False,True,True,0,False,False,False,False,False,False,False,True,True,True,True,True,True,False,False,False,"[0, 3, -8, 0, 3, -8, 3, 6, -3, -8, 9]",0,0,0,0,0,587.9304172919947,8.962498395703733e-05,587.2975058750017,0.009542749990941957,22,22,"[('(0, 0, 0, 0, 0, 0, 0, 0, 0, 0, 0)', 67), ('(0, 0, 0, 0, 0, 0, 0, 0, 0, 1, 0)', 28), ('(0, 1, 0, 0, 0, 0, 0, 0, 0, 0, 0)', 26), ('(0, 0, -1, 0, 0, 0, 0, 0, 0, 0, 0)', 23), ('(0, 0, 0, 0, 0, 0, 0, 0, -1, 0, 0)', 22), ('(0, 0, 0, -1, 0, 0, 0, 0, 0, 0, 0)', 19), ('(0, 0, 0, 0, -1, 0, 0, 0, 0, 0, 0)', 19), ('(0, 0, 0, 0, 0, 0, 1, 0, 0, 0, 0)', 18), ('(0, 1, -1, 0, 0, 0, 0, 0, 0, 0, 0)', 13), ('(0, 0, 0, 0, 0, 0, 0, 0, -1, 1, 0)', 10)]",5
8,11,17,47,"[-1, -1, -1, 1, 0, -1, 1, 0]","[16, 16, 16, 1, 0, 16, 1, 0]","[0, 0, 0, 0, 0, 0, 0, 0, 0, 0, 0]","[1, 3, 5, 2, 7, -6, 0, -7, -1, 5, 5]","[0, 0, 0, 0, 0, 0, 0, 0, 0, 0, 0]",0.0,"[16, 16, 16, 1, 0, 16, 1, 0]",True,"[0, 0, 0, 0, 0, 0, 0, 0, 0, 0, 0]",0.0,"[1, 3, 5, 2, 7, -6, 0, -7, -1, 5, 5]","[16, 16, 16, 1, 0, 16, 1, 0]",True,"[0, 0, 0, 0, 0, 0, 0, 0, 0, 0, 0]",0.0,0,"[1, 3, 5, 2, 7, -6, 0, -7, -1, 5, 5]","[16, 16, 16, 1, 0, 16, 1, 0]",True,"[0, 0, 0, 0, 0, 0, 0, 0, 0, 0, 0]",0.0,"[1, 3, 5, 2, 7, -6, 0, -7, -1, 5, 5]","[16, 16, 16, 1, 0, 16, 1, 0]",True,"[0, 0, 0, 0, 0, 0, 0, 0, 0, 0, 0]",0.0,373,0.7474949899799599,69.40757442025854,0,0,6,0,"[1, 3, 5, 2, 7, -6, 0, -7, -1, 5, 5]","[16, 16, 16, 1, 0, 16, 1, 0]",True,20,20,True,False,True,True,0,False,False,False,False,False,False,False,True,True,True,True,True,True,False,False,False,"[1, 3, 5, 2, 7, -6, 0, -7, -1, 5, 5]",0,0,0,0,0,586.3842266669963,9.283400140702724e-05,585.7364090420015,0.007390457991277799,22,22,"[('(0, 0, 0, 0, 0, 0, 0, 0, 0, 0, 0)', 373), ('(0, 0, 0, 0, 0, 0, -1, 0, 0, 0, 0)', 10), ('(0, 0, 0, 1, 0, 0, 0, 0, 0, 0, 0)', 10), ('(0, 0, 1, 0, 0, 0, 0, 0, 0, 0, 0)', 9), ('(0, 0, 0, 0, 1, 0, 0, 0, 0, 0, 0)', 8), ('(0, 1, 0, 0, 0, 0, 0, 0, 0, 0, 0)', 7), ('(0, -1, 0, 0, 0, 0, 0, 0, 0, 0, 0)', 7), ('(0, 0, 0, 0, 0, 0, 0, 0, 0, 0, -1)', 5), ('(0, 0, 0, 0, 0, 0, 1, 0, 0, 0, 0)', 5), ('(0, 0, 0, 0, 0, 1, 0, 0, 0, 0, 0)', 5)]",5
8,11,17,46,"[0, 1, 0, 0, 0, -1, 0, -1]","[0, 1, 0, 0, 0, 16, 0, 16]","[-1, 0, 0, 0, 0, 0, 0, 0, 1, 0, 0]","[1, -8, 3, 5, 7, 1, 8, 8, 7, 6, -2]","[-1, 0, 0, 0, 0, 0, 0, 0, 1, 0, 0]",2.0,"[0, 1, 0, 0, 0, 16, 0, 16]",True,"[0, 0, 0, 0, 0, 0, 0, 0, 0, 0, 0]",2.0,"[1, -8, 3, 5, 7, 1, 8, 8, 7, 6, -2]","[0, 1, 0, 0, 0, 16, 0, 16]",True,"[0, 0, 0, 0, 0, 0, 0, 0, 0, 0, 0]",2.0,0,"[1, -8, 3, 5, 7, 1, 8, 8, 7, 6, -2]","[0, 1, 0, 0, 0, 16, 0, 16]",True,"[0, 0, 0, 0, 0, 0, 0, 0, 0, 0, 0]",2.0,"[1, -8, 3, 5, 7, 1, 8, 8, 7, 6, -2]","[0, 1, 0, 0, 0, 16, 0, 16]",True,"[0, 0, 0, 0, 0, 0, 0, 0, 0, 0, 0]",2.0,55,0.11387163561076605,31.697464830926485,0,0,3,2,"[1, -8, 3, 5, 7, 1, 8, 8, 7, 6, -2]","[0, 1, 0, 0, 0, 16, 0, 16]",True,20,20,True,False,True,True,0,False,False,False,False,False,False,False,True,True,True,True,True,True,False,False,False,"[1, -8, 3, 5, 7, 1, 8, 8, 7, 6, -2]",0,0,0,0,0,588.3319724579924,0.00010400000610388815,587.6868244590005,0.008223957993322983,22,22,"[('(0, 0, 0, 0, 0, 0, 0, 0, 0, 0, 0)', 55), ('(0, 0, 0, 0, 0, 0, 0, -1, 0, 0, 0)', 15), ('(0, 1, 0, 0, 0, 0, 0, 0, 0, 0, 0)', 15), ('(0, 0, 0, 0, 0, 0, -1, 0, 0, 0, 0)', 14), ('(0, 0, 0, 0, 0, 0, 0, 0, 0, -1, 0)', 13), ('(0, 0, 0, -1, 0, 0, 0, 0, 0, 0, 0)', 13), ('(0, 0, 0, 0, 0, 0, 0, 0, 0, 0, -1)', 12), ('(0, 0, 0, 0, 0, 0, 0, 0, -1, 0, 0)', 12), ('(0, 0, 0, 0, 1, 0, 0, 0, 0, 0, 0)', 11), ('(0, 0, 0, 0, 0, 1, 0, 0, 0, 0, 0)', 11)]",5
8,11,17,48,"[-1, 1, -1, 0, 0, -1, 0, 1]","[16, 1, 16, 0, 0, 16, 0, 1]","[0, 1, 1, 0, -1, 0, 0, 0, 1, 0, 0]","[-1, -1, 5, 3, 3, 1, 1, 6, 0, -4, -6]","[0, -1, 0, 1, 0, 0, 1, -1, 0, 0, 0]",4.0,"[8, 14, 15, 6, 14, 6, 16, 4]",False,"[0, 0, 0, 0, 0, 0, 0, 0, 0, 0, 0]",4.0,"[-1, -1, 5, 3, 3, 1, 1, 6, 0, -4, -6]","[8, 14, 15, 6, 14, 6, 16, 4]",False,"[0, 0, 0, 0, 0, 0, 0, 0, 0, 0, 0]",4.0,0,"[-1, -1, 5, 3, 3, 1, 1, 6, 0, -4, -6]","[8, 14, 15, 6, 14, 6, 16, 4]",False,"[0, 0, 0, 0, 0, 0, 0, 0, 0, 0, 0]",4.0,"[-1, -1, 5, 3, 3, 1, 1, 6, 0, -4, -6]","[8, 14, 15, 6, 14, 6, 16, 4]",False,"[0, 0, 1, 0, 0, 0, 0, 0, 0, 0, 0]",4.0,25,0.05112474437627812,33.87419034619786,0,0,5,4,"[-1, -3, 4, 4, 4, 1, 2, 5, -1, -4, -6]","[16, 1, 16, 0, 0, 16, 0, 1]",True,20,20,True,True,True,True,0,False,False,False,False,False,True,True,True,True,True,True,False,True,False,False,True,"[-1, -3, 4, 4, 4, 1, 2, 5, -1, -4, -6]",10,10,10,10,0,588.7611876659794,9.225000394508243e-05,588.113908875006,0.008842167007969692,22,22,"[('(0, 0, 0, 0, 0, 0, 0, 0, 0, 0, 0)', 128), ('(0, 0, 0, 1, 0, 0, 0, 0, 0, 0, 0)', 28), ('(0, 0, 0, 0, 0, 0, 0, 1, 0, 0, 0)', 27), ('(0, 0, 1, 0, 0, 0, 0, 0, 0, 0, 0)', 25), ('(0, 0, 0, 0, 0, 0, 0, 0, 0, 1, 0)', 20), ('(0, -1, 0, 0, 0, 0, 0, 0, 0, 0, 0)', 16), ('(0, 0, 0, 0, 0, 0, 0, 0, 0, 0, 1)', 12), ('(0, 0, 0, 0, 0, -1, 0, 0, 0, 0, 0)', 12), ('(0, 0, 0, 0, 0, 0, -1, 0, 0, 0, 0)', 9), ('(0, 0, 0, 1, 0, 0, 0, 1, 0, 0, 0)', 8)]",5
8,11,17,49,"[-1, 0, 0, 1, 0, -1, 1, 0]","[16, 0, 0, 1, 0, 16, 1, 0]","[0, 0, -1, 1, -1, 1, 0, 0, 0, 0, -1]","[-5, -6, 3, 4, 2, 7, 5, 1, 0, -1, 1]","[0, 0, 0, -1, 0, 0, 0, 0, 0, 0, 0]",1.0,"[3, 4, 16, 15, 12, 8, 2, 6]",False,"[0, 0, 0, 0, 0, 0, 0, 0, 0, 0, 0]",1.0,"[-5, -6, 3, 4, 2, 7, 5, 1, 0, -1, 1]","[3, 4, 16, 15, 12, 8, 2, 6]",False,"[0, 0, 0, 0, 0, 0, 0, 0, 0, 0, 0]",1.0,0,"[-5, -6, 3, 4, 2, 7, 5, 1, 0, -1, 1]","[3, 4, 16, 15, 12, 8, 2, 6]",False,"[0, 0, 0, 0, 0, 0, 0, 0, 0, 0, 0]",1.0,"[-5, -6, 3, 4, 2, 7, 5, 1, 0, -1, 1]","[3, 4, 16, 15, 12, 8, 2, 6]",False,"[0, -1, 0, 0, 1, 0, 0, 0, 0, 0, 0]",11.0,5,0.010121457489878543,7071.370824053078,5,2,6,5,"[-5, -6, 4, 1, 3, 7, 5, 1, 0, 1, 0]","[14, 1, 15, 5, 0, 15, 8, 0]",False,20,20,False,True,True,True,7,False,False,False,False,False,False,False,True,True,True,True,False,False,False,False,False,"[-5, -6, 4, 2, 3, 6, 5, 1, 0, -1, 2]",8,8,8,8,10,588.3528742920025,9.858299745246768e-05,587.6869437090063,0.007610417000250891,22,22,"[('(0, 0, 0, 0, 0, 0, 0, 0, 0, 0, 0)', 98), ('(0, 0, 0, 0, 1, 0, 0, 0, 0, 0, 0)', 34), ('(0, -1, 0, 0, 0, 0, 0, 0, 0, 0, 0)', 21), ('(0, 0, 0, 0, 0, 0, 0, 0, -1, 0, 0)', 21), ('(0, 0, -1, 0, 0, 0, 0, 0, 0, 0, 0)', 19), ('(0, 0, 0, 0, 0, 0, 0, 0, 0, -1, 0)', 19), ('(0, 0, 0, 0, 0, 0, 0, 0, 0, 0, -1)', 17), ('(0, 0, 0, 0, 0, -1, 0, 0, 0, 0, 0)', 13), ('(0, 0, 0, 0, 0, -1, 0, 0, -1, 0, 0)', 9), ('(0, 0, -1, 0, 0, 0, 0, 0, 0, -1, 0)', 7)]",5
8,11,17,50,"[1, 0, 0, 0, 1, 0, 1, -1]","[1, 0, 0, 0, 1, 0, 1, 16]","[0, 0, 0, 0, 0, 0, 0, 0, 0, 1, -1]","[-2, -2, -2, 8, 4, 4, 1, 5, 6, 6, 8]","[0, 0, 0, 0, 0, 0, 0, 0, 0, 1, -1]",2.0,"[1, 0, 0, 0, 1, 0, 1, 16]",True,"[0, 0, 0, 0, 0, 0, 0, 0, 0, 0, 0]",2.0,"[-2, -2, -2, 8, 4, 4, 1, 5, 6, 6, 8]","[1, 0, 0, 0, 1, 0, 1, 16]",True,"[0, 0, 0, 0, 0, 0, 0, 0, 0, 0, 0]",2.0,0,"[-2, -2, -2, 8, 4, 4, 1, 5, 6, 6, 8]","[1, 0, 0, 0, 1, 0, 1, 16]",True,"[0, 0, 0, 0, 0, 0, 0, 0, 0, 0, 0]",2.0,"[-2, -2, -2, 8, 4, 4, 1, 5, 6, 6, 8]","[1, 0, 0, 0, 1, 0, 1, 16]",True,"[0, 0, 0, 0, 0, 0, 0, 0, 0, 0, 0]",2.0,160,0.32454361054766734,11.591859563501554,0,0,4,2,"[-2, -2, -2, 8, 4, 4, 1, 5, 6, 6, 8]","[1, 0, 0, 0, 1, 0, 1, 16]",True,20,20,True,False,True,True,0,False,False,False,False,False,False,False,True,True,True,True,True,True,False,False,False,"[-2, -2, -2, 8, 4, 4, 1, 5, 6, 6, 8]",0,0,0,0,0,588.757482749992,9.279101504944265e-05,588.113506499998,0.007396540982881561,22,22,"[('(0, 0, 0, 0, 0, 0, 0, 0, 0, 0, 0)', 160), ('(0, 0, 0, 0, 0, 0, 0, 0, 0, -1, 0)', 37), ('(0, 0, 0, 0, 0, 0, -1, 0, 0, 0, 0)', 30), ('(0, 0, 0, 0, 0, 0, 0, 1, 0, 0, 0)', 30), ('(0, 0, 0, 0, 0, 0, 0, 0, 1, 0, 0)', 29), ('(0, 0, 0, 0, 0, -1, 0, 0, 0, 0, 0)', 28), ('(0, 0, 0, 0, 0, -1, 0, 0, 1, 0, 0)', 8), ('(0, 0, 0, 0, 0, 0, -1, 0, 0, -1, 0)', 8), ('(0, 0, 0, 0, 0, 0, 0, 1, 0, -1, 0)', 6), ('(0, 0, 0, 0, 0, -1, 0, 0, 0, -1, 0)', 6)]",5
8,11,17,51,"[1, 0, 1, -1, -1, 0, -1, 0]","[1, 0, 1, 16, 16, 0, 16, 0]","[-1, 0, -1, 0, 1, 0, 0, 0, 0, 0, 0]","[6, -4, 1, 1, 7, -7, 6, 7, -8, -4, 2]","[-1, 0, -1, 0, 1, 0, 0, 0, 0, 0, 0]",3.0,"[1, 0, 1, 16, 16, 0, 16, 0]",True,"[0, 0, 0, 0, 0, 0, 0, 0, 0, 0, 0]",3.0,"[6, -4, 1, 1, 7, -7, 6, 7, -8, -4, 2]","[1, 0, 1, 16, 16, 0, 16, 0]",True,"[0, 0, 0, 0, 0, 0, 0, 0, 0, 0, 0]",3.0,0,"[6, -4, 1, 1, 7, -7, 6, 7, -8, -4, 2]","[1, 0, 1, 16, 16, 0, 16, 0]",True,"[0, 0, 0, 0, 0, 0, 0, 0, 0, 0, 0]",3.0,"[6, -4, 1, 1, 7, -7, 6, 7, -8, -4, 2]","[1, 0, 1, 16, 16, 0, 16, 0]",True,"[0, 0, 0, 0, 0, 0, 0, 0, 0, 0, 0]",3.0,107,0.21792260692464357,22.68178687728758,0,0,5,3,"[6, -4, 1, 1, 7, -7, 6, 7, -8, -4, 2]","[1, 0, 1, 16, 16, 0, 16, 0]",True,20,20,True,False,True,True,0,False,False,False,False,False,False,False,True,True,True,True,True,True,False,False,False,"[6, -4, 1, 1, 7, -7, 6, 7, -8, -4, 2]",0,0,0,0,0,590.8430843749957,0.0001250829955097288,590.2260844580014,0.009091374988202006,22,22,"[('(0, 0, 0, 0, 0, 0, 0, 0, 0, 0, 0)', 107), ('(0, 0, 0, 0, 0, 0, 0, -1, 0, 0, 0)', 27), ('(0, -1, 0, 0, 0, 0, 0, 0, 0, 0, 0)', 27), ('(0, 0, -1, 0, 0, 0, 0, 0, 0, 0, 0)', 21), ('(0, 0, 0, 0, 0, 0, 0, 0, 0, 1, 0)', 17), ('(0, 0, 0, 0, 0, 0, 1, 0, 0, 0, 0)', 13), ('(0, 0, -1, 0, 0, 0, 0, 0, 0, 1, 0)', 12), ('(0, 0, 0, 0, 0, 1, 0, 0, 0, 0, 0)', 10), ('(0, 0, 0, 1, 0, 0, 0, 0, 0, 0, 0)', 10), ('(0, 0, 0, 0, 0, 0, 0, 0, 0, 0, 1)', 8)]",5
8,11,17,52,"[0, 0, 0, 1, 0, 0, 0, 0]","[0, 0, 0, 1, 0, 0, 0, 0]","[0, 0, 0, 0, 0, 0, 1, 0, -1, 0, 0]","[-8, -1, -1, 1, 6, -3, 3, 4, 8, 7, -1]","[0, 0, 0, 0, 0, 0, 1, 0, -1, 0, 0]",2.0,"[0, 0, 0, 1, 0, 0, 0, 0]",True,"[0, 0, 0, 0, 0, 0, 0, 0, 0, 0, 0]",2.0,"[-8, -1, -1, 1, 6, -3, 3, 4, 8, 7, -1]","[0, 0, 0, 1, 0, 0, 0, 0]",True,"[0, 0, 0, 0, 0, 0, 0, 0, 0, 0, 0]",2.0,0,"[-8, -1, -1, 1, 6, -3, 3, 4, 8, 7, -1]","[0, 0, 0, 1, 0, 0, 0, 0]",True,"[0, 0, 0, 0, 0, 0, 0, 0, 0, 0, 0]",2.0,"[-8, -1, -1, 1, 6, -3, 3, 4, 8, 7, -1]","[0, 0, 0, 1, 0, 0, 0, 0]",True,"[0, 0, 0, 0, 0, 0, 0, 0, 0, 0, 0]",2.0,112,0.22672064777327935,71.62726121812877,0,0,1,2,"[-8, -1, -1, 1, 6, -3, 3, 4, 8, 7, -1]","[0, 0, 0, 1, 0, 0, 0, 0]",True,20,20,True,False,True,True,0,False,False,False,False,False,False,False,True,True,True,True,True,True,False,False,False,"[-8, -1, -1, 1, 6, -3, 3, 4, 8, 7, -1]",0,0,0,0,0,591.4122830420092,0.00010025000665336847,590.7678553329897,0.007413542014546692,22,22,"[('(0, 0, 0, 0, 0, 0, 0, 0, 0, 0, 0)', 112), ('(0, 0, 0, 0, 0, 1, 0, 0, 0, 0, 0)', 25), ('(0, 0, 0, 0, 1, 0, 0, 0, 0, 0, 0)', 19), ('(0, 0, 0, 0, 0, 0, 0, 1, 0, 0, 0)', 17), ('(0, 0, 0, 0, 0, 0, 0, 0, 1, 0, 0)', 17), ('(0, 1, 0, 0, 0, 0, 0, 0, 0, 0, 0)', 17), ('(0, 0, 0, 0, 0, 0, 0, 0, 0, 1, 0)', 16), ('(0, 0, 0, 0, 0, 0, 0, 0, 0, 0, 1)', 15), ('(0, 0, 0, 0, 0, 0, 1, 0, 0, 0, 0)', 10), ('(0, 0, 0, 0, 1, 0, 0, 1, 0, 0, 0)', 9)]",5
8,11,17,54,"[0, 1, -1, -1, 0, 0, 0, 1]","[0, 1, 16, 16, 0, 0, 0, 1]","[1, -1, -1, 0, 0, 0, 0, 0, 0, -1, 0]","[-1, 3, -3, 1, 4, 7, -7, 2, -5, 5, 3]","[1, -1, -1, 0, 0, 0, 0, 0, 0, -1, 0]",4.0,"[0, 1, 16, 16, 0, 0, 0, 1]",True,"[0, -1, 0, 0, 0, 0, 1, 0, 0, 0, 0]",4.0,"[1, 3, -3, 1, 5, 7, -7, 2, -5, 4, 3]","[12, 2, 2, 13, 6, 12, 13, 8]",False,"[0, 0, 0, 0, 0, 0, 0, 0, 0, 0, 0]",4.0,0,"[-1, 3, -3, 1, 4, 7, -7, 2, -5, 5, 3]","[0, 1, 16, 16, 0, 0, 0, 1]",True,"[0, 0, 0, 0, 0, 0, 0, 0, 0, 0, 0]",4.0,"[-1, 3, -3, 1, 4, 7, -7, 2, -5, 5, 3]","[0, 1, 16, 16, 0, 0, 0, 1]",True,"[0, 0, 0, 0, 0, 0, 0, 0, 0, 0, 0]",4.0,125,0.2535496957403651,13.716371809304851,0,0,4,4,"[-1, 3, -3, 1, 4, 7, -7, 2, -5, 5, 3]","[0, 1, 16, 16, 0, 0, 0, 1]",True,20,20,True,False,False,True,0,False,True,False,False,False,False,False,False,True,False,True,False,True,False,False,False,"[-1, 3, -3, 1, 4, 7, -7, 2, -5, 5, 3]",0,6,0,0,0,589.2403515829938,9.91669949144125e-05,588.5764850419946,0.007546042004832998,22,22,"[('(0, 0, 0, 0, 0, 0, 0, 0, 0, 0, 0)', 125), ('(0, 0, 0, 0, 0, 0, 0, 0, -1, 0, 0)', 36), ('(0, -1, 0, 0, 0, 0, 0, 0, 0, 0, 0)', 27), ('(0, 0, 0, 0, 0, 0, 0, -1, 0, 0, 0)', 21), ('(0, 0, 0, 0, 0, -1, 0, 0, 0, 0, 0)', 20), ('(0, 0, 1, 0, 0, 0, 0, 0, 0, 0, 0)', 16), ('(0, 0, 0, 1, 0, 0, 0, 0, 0, 0, 0)', 14), ('(0, 0, 0, 0, -1, 0, 0, 0, 0, 0, 0)', 13), ('(0, 0, 0, 0, 0, 0, 0, 0, 0, 1, 0)', 11), ('(0, -1, 0, 0, 0, 0, 0, 0, -1, 0, 0)', 6)]",5
8,11,17,53,"[-1, 1, 0, 1, 1, 0, 0, 0]","[16, 1, 0, 1, 1, 0, 0, 0]","[0, 1, 0, 0, 1, 0, 0, 0, 0, 0, 0]","[-4, 1, -6, 7, -4, -4, 4, 8, 3, 8, 8]","[0, 1, 0, 0, 1, 0, 0, 0, 0, 0, 0]",2.0,"[16, 1, 0, 1, 1, 0, 0, 0]",True,"[0, 0, 0, 0, 0, 0, 0, 0, 0, 0, 0]",2.0,"[-4, 1, -6, 7, -4, -4, 4, 8, 3, 8, 8]","[16, 1, 0, 1, 1, 0, 0, 0]",True,"[0, 0, 0, 0, 0, 0, 0, 0, 0, 0, 0]",2.0,0,"[-4, 1, -6, 7, -4, -4, 4, 8, 3, 8, 8]","[16, 1, 0, 1, 1, 0, 0, 0]",True,"[0, 0, 0, 0, 0, 0, 0, 0, 0, 0, 0]",2.0,"[-4, 1, -6, 7, -4, -4, 4, 8, 3, 8, 8]","[16, 1, 0, 1, 1, 0, 0, 0]",True,"[0, 0, 0, 0, 0, 0, 0, 0, 0, 0, 0]",2.0,114,0.22983870967741934,11.625506787163674,0,0,4,2,"[-4, 1, -6, 7, -4, -4, 4, 8, 3, 8, 8]","[16, 1, 0, 1, 1, 0, 0, 0]",True,20,20,True,False,True,True,0,False,False,False,False,False,False,False,True,True,True,True,True,True,False,False,False,"[-4, 1, -6, 7, -4, -4, 4, 8, 3, 8, 8]",0,0,0,0,0,591.2199147500214,9.916600538417697e-05,590.5558064579964,0.006617125007323921,22,22,"[('(0, 0, 0, 0, 0, 0, 0, 0, 0, 0, 0)', 114), ('(0, 0, 0, 0, -1, 0, 0, 0, 0, 0, 0)', 34), ('(0, 0, 0, 0, 0, 0, 0, 0, 0, 1, 0)', 34), ('(0, 0, 0, 0, 0, 0, 0, -1, 0, 0, 0)', 33), ('(0, 0, 1, 0, 0, 0, 0, 0, 0, 0, 0)', 31), ('(0, 0, 0, 0, 0, 0, 0, 0, -1, 0, 0)', 22), ('(0, 0, 0, 0, 0, 0, 0, 0, 0, 0, 1)', 14), ('(0, 0, 0, 0, -1, 0, 0, 0, 0, 1, 0)', 13), ('(0, 0, 0, 0, -1, 0, 0, -1, 0, 0, 0)', 11), ('(0, 0, 0, 0, 0, 0, 0, 0, -1, 1, 0)', 7)]",5
8,11,17,55,"[0, 1, 1, 1, -1, -1, 0, 0]","[0, 1, 1, 1, 16, 16, 0, 0]","[0, 0, 1, 0, 1, 0, 0, -1, 0, 0, 0]","[0, 6, -8, 0, -7, 7, 4, 9, 7, 0, 0]","[0, 0, 1, 0, 1, 0, 0, -1, 0, 0, 0]",3.0,"[0, 1, 1, 1, 16, 16, 0, 0]",True,"[0, 0, 0, 0, 0, 0, 0, 0, 0, 0, 0]",3.0,"[0, 6, -8, 0, -7, 7, 4, 9, 7, 0, 0]","[0, 1, 1, 1, 16, 16, 0, 0]",True,"[0, 0, 0, 0, 0, 0, 0, 0, 0, 0, 0]",3.0,0,"[0, 6, -8, 0, -7, 7, 4, 9, 7, 0, 0]","[0, 1, 1, 1, 16, 16, 0, 0]",True,"[0, 0, 0, 0, 0, 0, 0, 0, 0, 0, 0]",3.0,"[0, 6, -8, 0, -7, 7, 4, 9, 7, 0, 0]","[0, 1, 1, 1, 16, 16, 0, 0]",True,"[0, 0, 0, 0, 0, 0, 0, 0, 0, 0, 0]",3.0,129,0.26272912423625255,22.66324655495444,0,0,5,3,"[0, 6, -8, 0, -7, 7, 4, 9, 7, 0, 0]","[0, 1, 1, 1, 16, 16, 0, 0]",True,20,20,True,False,True,True,0,False,False,False,False,False,False,False,True,True,True,True,True,True,False,False,False,"[0, 6, -8, 0, -7, 7, 4, 9, 7, 0, 0]",0,0,0,0,0,591.0124814580195,8.850000449456275e-05,590.3620529590116,0.007395624998025596,22,22,"[('(0, 0, 0, 0, 0, 0, 0, 0, 0, 0, 0)', 129), ('(0, 0, 0, 0, 1, 0, 0, 0, 0, 0, 0)', 24), ('(0, 0, 0, 0, 0, 0, 0, 0, 0, 0, -1)', 19), ('(0, -1, 0, 0, 0, 0, 0, 0, 0, 0, 0)', 18), ('(0, 0, 0, -1, 0, 0, 0, 0, 0, 0, 0)', 17), ('(0, 0, 1, 0, 0, 0, 0, 0, 0, 0, 0)', 17), ('(0, 0, 0, 0, 0, -1, 0, 0, 0, 0, 0)', 14), ('(0, 0, 0, 0, 0, 0, 0, 0, 0, 1, 0)', 13), ('(0, -1, 0, 0, 0, -1, 0, 0, 0, 0, 0)', 10), ('(0, 0, 0, 0, 0, 0, -1, 0, 0, 0, 0)', 9)]",5
8,11,17,56,"[0, 0, 0, 0, 0, 0, 0, 1]","[0, 0, 0, 0, 0, 0, 0, 1]","[0, 0, 0, 0, 0, 0, 0, 0, 1, 0, 0]","[-5, 6, -7, -1, -5, 3, -5, 6, -8, -7, -4]","[0, 0, 0, 0, 0, 0, 0, 0, 1, 0, 0]",1.0,"[0, 0, 0, 0, 0, 0, 0, 1]",True,"[0, 0, 0, 0, 0, 0, 0, 0, 0, 0, 0]",1.0,"[-5, 6, -7, -1, -5, 3, -5, 6, -8, -7, -4]","[0, 0, 0, 0, 0, 0, 0, 1]",True,"[0, 0, 0, 0, 0, 0, 0, 0, 0, 0, 0]",1.0,0,"[-5, 6, -7, -1, -5, 3, -5, 6, -8, -7, -4]","[0, 0, 0, 0, 0, 0, 0, 1]",True,"[0, 0, 0, 0, 0, 0, 0, 0, 0, 0, 0]",1.0,"[-5, 6, -7, -1, -5, 3, -5, 6, -8, -7, -4]","[0, 0, 0, 0, 0, 0, 0, 1]",True,"[0, 0, 0, 0, 0, 0, 0, 0, 0, 0, 0]",1.0,149,0.3034623217922607,80.54893647059038,0,0,1,1,"[-5, 6, -7, -1, -5, 3, -5, 6, -8, -7, -4]","[0, 0, 0, 0, 0, 0, 0, 1]",True,20,20,True,False,True,True,0,False,False,False,False,False,False,False,True,True,True,True,True,True,False,False,False,"[-5, 6, -7, -1, -5, 3, -5, 6, -8, -7, -4]",0,0,0,0,0,591.2620691249904,9.700001101009548e-05,590.6174739580019,0.009024334023706615,22,22,"[('(0, 0, 0, 0, 0, 0, 0, 0, 0, 0, 0)', 149), ('(0, 0, 0, 0, 0, 0, 0, 0, 1, 0, 0)', 34), ('(0, 0, 0, 0, 0, 0, 0, -1, 0, 0, 0)', 26), ('(0, 0, 0, 0, 0, 0, 1, 0, 0, 0, 0)', 22), ('(0, 0, 0, 1, 0, 0, 0, 0, 0, 0, 0)', 21), ('(0, 0, 0, 0, 0, 0, 0, 0, 0, 0, -1)', 20), ('(0, 0, 0, 0, 1, 0, 0, 0, 0, 0, 0)', 18), ('(0, 0, 0, 0, 0, 0, 0, 0, 1, 0, -1)', 7), ('(0, 0, 0, 1, 0, 0, 0, 0, 1, 0, 0)', 7), ('(0, -1, 0, 0, 0, 0, 0, 0, 0, 0, 0)', 7)]",5
8,11,17,58,"[0, 1, 0, 1, 0, -1, 1, 1]","[0, 1, 0, 1, 0, 16, 1, 1]","[0, -1, 0, 1, 0, -1, 0, 0, -1, 0, 0]","[-5, 1, -5, 6, 3, -5, -6, -1, 2, -8, 5]","[-1, 0, -1, 0, -1, 1, -1, 0, 0, 1, 0]",6.0,"[6, 11, 15, 3, 13, 3, 12, 7]",False,"[-1, 1, -1, 1, 0, 1, 0, 0, 0, 0, 0]",4.0,"[-6, 2, -6, 5, 2, -3, -7, -1, 3, -7, 5]","[0, 1, 0, 1, 0, 16, 1, 1]",True,"[0, 0, 0, 0, 0, 0, 0, 0, 0, 0, 0]",6.0,0,"[-5, 1, -5, 6, 3, -5, -6, -1, 2, -8, 5]","[6, 11, 15, 3, 13, 3, 12, 7]",False,"[0, 0, 0, 0, 0, 0, 0, 0, 0, 0, 0]",6.0,"[-5, 1, -5, 6, 3, -5, -6, -1, 2, -8, 5]","[6, 11, 15, 3, 13, 3, 12, 7]",False,"[0, 0, 0, 0, 1, 0, 0, 0, 0, 0, 0]",9.0,12,0.024489795918367346,6119.193505064253,5,1,8,6,"[-5, 0, -5, 6, 2, -4, -5, -1, 3, -8, 5]","[11, 16, 16, 11, 9, 16, 5, 12]",False,20,20,False,True,False,False,11,True,True,True,False,False,False,False,False,False,False,False,False,False,False,False,False,"[-6, 2, -6, 5, 2, -3, -7, -1, 3, -7, 5]",12,0,12,12,13,591.3702548750152,0.00013520801439881325,590.7242460830021,0.007491333002690226,22,22,"[('(0, 0, 0, 0, 0, 0, 0, 0, 0, 0, 0)', 117), ('(0, 0, 0, 0, 0, 0, 0, 0, 0, 0, -1)', 32), ('(0, 0, 0, 0, 0, 0, 0, 0, 1, 0, 0)', 32), ('(0, 1, 0, 0, 0, 0, 0, 0, 0, 0, 0)', 20), ('(0, 0, 0, 0, 0, 0, 0, 0, 0, 1, 0)', 18), ('(0, 0, -1, 0, 0, 0, 0, 0, 0, 0, 0)', 15), ('(0, 0, 0, 1, 0, 0, 0, 0, 0, 0, 0)', 14), ('(0, 0, 0, 0, 1, 0, 0, 0, 0, 0, 0)', 12), ('(0, 0, 0, 0, 0, 0, -1, 0, 0, 0, 0)', 11), ('(1, 0, 0, 0, 0, 0, 0, 0, 0, 0, 0)', 10)]",5
8,11,17,57,"[0, -1, 0, -1, 0, 0, 0, 1]","[0, 16, 0, 16, 0, 0, 0, 1]","[0, 0, 1, 0, 0, 0, 0, 0, 0, 0, 0]","[4, 4, -1, -5, 3, -8, -4, 4, 4, -4, -7]","[0, 0, 1, 0, 0, 0, 0, 0, 0, 0, 0]",1.0,"[0, 16, 0, 16, 0, 0, 0, 1]",True,"[0, 0, 0, 0, 0, 0, 0, 0, 0, 0, 0]",1.0,"[4, 4, -1, -5, 3, -8, -4, 4, 4, -4, -7]","[0, 16, 0, 16, 0, 0, 0, 1]",True,"[0, 0, 0, 0, 0, 0, 0, 0, 0, 0, 0]",1.0,0,"[4, 4, -1, -5, 3, -8, -4, 4, 4, -4, -7]","[0, 16, 0, 16, 0, 0, 0, 1]",True,"[0, 0, 0, 0, 0, 0, 0, 0, 0, 0, 0]",1.0,"[4, 4, -1, -5, 3, -8, -4, 4, 4, -4, -7]","[0, 16, 0, 16, 0, 0, 0, 1]",True,"[0, 0, 0, 0, 0, 0, 0, 0, 0, 0, 0]",1.0,72,0.14814814814814814,40.62095405588516,0,0,3,1,"[4, 4, -1, -5, 3, -8, -4, 4, 4, -4, -7]","[0, 16, 0, 16, 0, 0, 0, 1]",True,20,20,True,False,True,True,0,False,False,False,False,False,False,False,True,True,True,True,True,True,False,False,False,"[4, 4, -1, -5, 3, -8, -4, 4, 4, -4, -7]",0,0,0,0,0,592.042558666988,9.508398943580687e-05,591.3982872500201,0.0076003339781891555,22,22,"[('(0, 0, 0, 0, 0, 0, 0, 0, 0, 0, 0)', 72), ('(0, 0, 0, 0, 0, 0, 0, 0, 0, 0, -1)', 26), ('(0, 1, 0, 0, 0, 0, 0, 0, 0, 0, 0)', 25), ('(0, 0, 0, -1, 0, 0, 0, 0, 0, 0, 0)', 23), ('(0, 0, 0, 0, 0, 0, 0, 0, 1, 0, 0)', 22), ('(0, 0, 0, 0, 0, 0, -1, 0, 0, 0, 0)', 21), ('(0, 0, 0, 0, 0, 1, 0, 0, 0, 0, 0)', 21), ('(0, 0, 0, 0, 0, 0, 0, 0, 0, -1, 0)', 18), ('(0, 0, 0, 0, 0, 1, -1, 0, 0, 0, 0)', 9), ('(0, 1, 0, 0, 0, 0, 0, 0, 0, -1, 0)', 8)]",5
8,11,17,59,"[-1, 0, 0, 1, 0, -1, 0, -1]","[16, 0, 0, 1, 0, 16, 0, 16]","[0, 0, 0, 0, 0, 0, -1, 0, 0, -1, 0]","[-6, -2, -2, -5, 8, 0, 0, -1, 5, 7, -1]","[0, 0, 0, 0, 0, 0, -1, 0, 0, -1, 0]",2.0,"[16, 0, 0, 1, 0, 16, 0, 16]",True,"[0, 0, 0, 0, 0, 0, 0, 0, 0, 0, 0]",2.0,"[-6, -2, -2, -5, 8, 0, 0, -1, 5, 7, -1]","[16, 0, 0, 1, 0, 16, 0, 16]",True,"[0, 0, 0, 0, 0, 0, 0, 0, 0, 0, 0]",2.0,0,"[-6, -2, -2, -5, 8, 0, 0, -1, 5, 7, -1]","[16, 0, 0, 1, 0, 16, 0, 16]",True,"[0, 0, 0, 0, 0, 0, 0, 0, 0, 0, 0]",2.0,"[-6, -2, -2, -5, 8, 0, 0, -1, 5, 7, -1]","[16, 0, 0, 1, 0, 16, 0, 16]",True,"[0, 0, 0, 0, 0, 0, 0, 0, 0, 0, 0]",2.0,93,0.18864097363083165,11.645670521772999,0,0,4,2,"[-6, -2, -2, -5, 8, 0, 0, -1, 5, 7, -1]","[16, 0, 0, 1, 0, 16, 0, 16]",True,20,20,True,False,True,True,0,False,False,False,False,False,False,False,True,True,True,True,True,True,False,False,False,"[-6, -2, -2, -5, 8, 0, 0, -1, 5, 7, -1]",0,0,0,0,0,592.0394167500199,9.733298793435097e-05,591.3738652920001,0.010343374975491315,22,22,"[('(0, 0, 0, 0, 0, 0, 0, 0, 0, 0, 0)', 93), ('(0, 0, 0, 0, 0, 0, 0, 0, 0, 1, 0)', 22), ('(0, 0, 0, 1, 0, 0, 0, 0, 0, 0, 0)', 22), ('(0, 0, 0, 0, 0, 0, 0, 0, 0, 0, -1)', 17), ('(0, 0, 0, 0, 0, 0, -1, 0, 0, 0, 0)', 17), ('(0, 0, 0, 0, 0, 0, 0, -1, 0, 0, 0)', 12), ('(0, 0, 1, 0, 0, 0, 0, 0, 0, 0, 0)', 12), ('(0, 0, 0, 0, 0, 1, 0, 0, 0, 0, 0)', 12), ('(1, 0, 0, 0, 0, 0, 0, 0, 0, 0, 0)', 12), ('(0, 0, 0, 0, 0, 0, -1, 0, 0, 0, -1)', 9)]",5
8,11,17,60,"[1, 1, 0, 0, -1, -1, 0, 0]","[1, 1, 0, 0, 16, 16, 0, 0]","[0, 0, -1, -1, -1, 0, 0, 0, -1, 0, 0]","[7, -6, -5, -1, 6, -7, 7, -4, 8, 5, -5]","[1, 0, 0, 0, 0, 1, 0, 0, -1, 0, 0]",3.0,"[1, 0, 4, 5, 15, 10, 9, 12]",False,"[0, 0, 0, 0, 0, 0, 0, 0, 0, 0, 0]",3.0,"[7, -6, -5, -1, 6, -7, 7, -4, 8, 5, -5]","[1, 0, 4, 5, 15, 10, 9, 12]",False,"[0, 0, 0, 0, 0, 0, 0, 0, 0, 0, 0]",3.0,0,"[7, -6, -5, -1, 6, -7, 7, -4, 8, 5, -5]","[1, 0, 4, 5, 15, 10, 9, 12]",False,"[0, 0, 0, 0, 0, 0, 0, 0, 0, 0, 0]",3.0,"[7, -6, -5, -1, 6, -7, 7, -4, 8, 5, -5]","[1, 0, 4, 5, 15, 10, 9, 12]",False,"[1, 0, 0, 0, 0, 0, 0, 0, 0, 0, 0]",4.0,19,0.03838383838383838,13.9004267726446,0,0,4,4,"[8, -6, -4, 0, 7, -6, 7, -4, 8, 5, -5]","[1, 1, 0, 0, 16, 16, 0, 0]",True,20,20,True,True,True,True,0,False,False,False,False,False,True,True,True,True,True,True,False,False,False,False,True,"[8, -6, -4, 0, 7, -6, 7, -4, 8, 5, -5]",5,5,5,5,0,592.6416654999775,8.733299910090864e-05,592.0044733330142,0.009147083008429036,22,22,"[('(0, 0, 0, 0, 0, 0, 0, 0, 0, 0, 0)', 102), ('(0, 0, 0, 0, 0, 0, 0, 0, 0, 1, 0)', 24), ('(0, 0, 0, 0, 0, 0, 0, 0, 0, 0, 1)', 22), ('(0, 0, 0, 0, 0, 0, -1, 0, 0, 0, 0)', 22), ('(0, 0, 0, 0, 0, 0, 0, 1, 0, 0, 0)', 21), ('(0, 0, 1, 0, 0, 0, 0, 0, 0, 0, 0)', 20), ('(1, 0, 0, 0, 0, 0, 0, 0, 0, 0, 0)', 19), ('(0, 0, 0, 1, 0, 0, 0, 0, 0, 0, 0)', 14), ('(0, 0, 0, 0, 0, 0, 0, 0, 1, 0, 0)', 13), ('(1, 0, 1, 0, 0, 0, 0, 0, 0, 0, 0)', 10)]",5
8,11,17,61,"[0, 1, 1, 0, 1, 0, -1, 1]","[0, 1, 1, 0, 1, 0, 16, 1]","[0, 0, 0, 1, 1, 0, 1, 1, 0, 0, 0]","[-8, -6, 2, 5, 7, 7, 0, -5, -3, -4, -1]","[0, 0, 0, 1, 0, 0, -1, 0, 0, 0, 0]",2.0,"[1, 12, 0, 4, 0, 2, 11, 11]",False,"[0, 0, 0, 0, 0, 0, 0, 0, 0, 0, 0]",2.0,"[-8, -6, 2, 5, 7, 7, 0, -5, -3, -4, -1]","[1, 12, 0, 4, 0, 2, 11, 11]",False,"[0, 0, 0, 0, 0, 0, 0, 0, 0, 0, 0]",2.0,0,"[-8, -6, 2, 5, 7, 7, 0, -5, -3, -4, -1]","[1, 12, 0, 4, 0, 2, 11, 11]",False,"[0, 0, 0, 0, 0, 0, 0, 0, 0, 0, 0]",2.0,"[-8, -6, 2, 5, 7, 7, 0, -5, -3, -4, -1]","[1, 12, 0, 4, 0, 2, 11, 11]",False,"[0, 0, 0, 0, 0, 0, 0, 0, 0, 0, 0]",2.0,156,0.31451612903225806,5051.594375419466,5,0,6,2,"[-8, -6, 2, 5, 7, 7, 0, -5, -3, -4, -1]","[1, 12, 0, 4, 0, 2, 11, 11]",False,20,20,False,True,True,True,3,False,False,False,False,False,False,False,True,True,True,True,True,True,False,False,False,"[-8, -6, 2, 5, 6, 7, -2, -6, -3, -4, -1]",6,6,6,6,6,590.5416886670282,0.00010279100388288498,589.8942994999816,0.007045250007649884,22,22,"[('(0, 0, 0, 0, 0, 0, 0, 0, 0, 0, 0)', 156), ('(0, 0, 0, 0, 0, 0, 0, 1, 0, 0, 0)', 32), ('(0, 0, 0, 1, 0, 0, 0, 0, 0, 0, 0)', 32), ('(0, -1, 0, 0, 0, 0, 0, 0, 0, 0, 0)', 30), ('(0, 0, 0, 0, 0, 0, 1, 0, 0, 0, 0)', 28), ('(0, 0, 0, 0, 0, 0, 0, 0, 1, 0, 0)', 17), ('(0, -1, 0, 0, 0, 0, 0, 0, 1, 0, 0)', 12), ('(0, 0, 0, 0, 0, 0, 1, 1, 0, 0, 0)', 10), ('(0, 0, 0, 0, 0, 0, 0, 1, 1, 0, 0)', 9), ('(0, 0, 0, 1, 0, 0, 0, 0, 1, 0, 0)', 8)]",5
8,11,17,62,"[1, -1, 0, 0, 1, 0, 1, 0]","[1, 16, 0, 0, 1, 0, 1, 0]","[0, 0, 0, 0, 0, 1, 0, -1, 0, 0, 0]","[-4, 8, 3, 7, -4, 7, 0, 3, -4, -6, -1]","[0, 0, 0, 0, 0, 1, 0, -1, 0, 0, 0]",2.0,"[1, 16, 0, 0, 1, 0, 1, 0]",True,"[0, 0, 0, 0, 0, 0, 0, 0, 0, 0, 0]",2.0,"[-4, 8, 3, 7, -4, 7, 0, 3, -4, -6, -1]","[1, 16, 0, 0, 1, 0, 1, 0]",True,"[0, 0, 0, 0, 0, 0, 0, 0, 0, 0, 0]",2.0,0,"[-4, 8, 3, 7, -4, 7, 0, 3, -4, -6, -1]","[1, 16, 0, 0, 1, 0, 1, 0]",True,"[0, 0, 0, 0, 0, 0, 0, 0, 0, 0, 0]",2.0,"[-4, 8, 3, 7, -4, 7, 0, 3, -4, -6, -1]","[1, 16, 0, 0, 1, 0, 1, 0]",True,"[0, 0, 0, 0, 0, 0, 0, 0, 0, 0, 0]",2.0,140,0.2834008097165992,11.605124010962182,0,0,4,2,"[-4, 8, 3, 7, -4, 7, 0, 3, -4, -6, -1]","[1, 16, 0, 0, 1, 0, 1, 0]",True,20,20,True,False,True,True,0,False,False,False,False,False,False,False,True,True,True,True,True,True,False,False,False,"[-4, 8, 3, 7, -4, 7, 0, 3, -4, -6, -1]",0,0,0,0,0,589.9529683750006,0.00010070801363326609,589.27406604102,0.007536457997048274,22,22,"[('(0, 0, 0, 0, 0, 0, 0, 0, 0, 0, 0)', 140), ('(0, 0, 0, 0, 0, 0, 0, 1, 0, 0, 0)', 38), ('(0, 0, 0, 0, 0, -1, 0, 0, 0, 0, 0)', 37), ('(0, 0, 0, 0, 0, 0, 0, 0, -1, 0, 0)', 31), ('(1, 0, 0, 0, 0, 0, 0, 0, 0, 0, 0)', 31), ('(0, 0, 0, 1, 0, 0, 0, 0, 0, 0, 0)', 21), ('(1, 0, 0, 0, 0, 0, 0, 1, 0, 0, 0)', 9), ('(0, 0, 0, 0, 0, -1, 0, 0, -1, 0, 0)', 8), ('(0, 1, 0, 0, 0, 0, 0, 0, 0, 0, 0)', 8), ('(0, 0, 0, 1, 0, 0, 0, 1, 0, 0, 0)', 6)]",5
8,11,17,63,"[1, -1, -1, 0, 0, -1, -1, 0]","[1, 16, 16, 0, 0, 16, 16, 0]","[0, -1, 0, 0, 0, -1, 0, -1, 0, -1, 0]","[4, -3, 2, 1, -6, 2, 8, -1, -7, 2, -1]","[1, 0, 0, 0, 1, 0, 0, 0, 1, 1, -1]",5.0,"[6, 13, 10, 12, 6, 2, 3, 16]",False,"[-1, 0, -1, 0, 0, 1, -1, 0, 0, 0, -1]",4.0,"[5, -2, 2, 1, -5, 3, 8, 0, -6, 4, -2]","[1, 16, 16, 0, 0, 16, 16, 0]",True,"[0, 0, 0, 0, 0, 0, 0, 0, 0, 0, 0]",5.0,0,"[4, -3, 2, 1, -6, 2, 8, -1, -7, 2, -1]","[6, 13, 10, 12, 6, 2, 3, 16]",False,"[0, 0, 0, 0, 0, 0, 0, 0, 0, 0, 0]",5.0,"[4, -3, 2, 1, -6, 2, 8, -1, -7, 2, -1]","[6, 13, 10, 12, 6, 2, 3, 16]",False,"[0, 0, 0, 0, 0, 0, 0, 0, 1, 0, 0]",11.0,14,0.028513238289205704,5081.27919497989,4,1,5,8,"[4, -1, 2, 2, -6, 1, 8, 0, -6, 2, -1]","[5, 0, 0, 16, 2, 8, 15, 0]",False,20,20,False,True,False,False,9,True,True,True,False,False,False,False,False,False,False,False,False,False,False,False,False,"[5, -2, 2, 1, -5, 3, 8, 0, -6, 4, -2]",11,0,11,11,13,590.8215445000096,0.00010904201189987361,590.1645445829781,0.010232374974293634,22,22,"[('(0, 0, 0, 0, 0, 0, 0, 0, 0, 0, 0)', 124), ('(0, 0, 0, 0, 0, 0, 0, -1, 0, 0, 0)', 40), ('(0, 1, 0, 0, 0, 0, 0, 0, 0, 0, 0)', 21), ('(0, 0, 0, 0, 0, 0, -1, 0, 0, 0, 0)', 19), ('(0, 0, -1, 0, 0, 0, 0, 0, 0, 0, 0)', 15), ('(0, 0, 0, 0, 0, 0, 0, 0, 1, 0, 0)', 14), ('(0, 0, 0, -1, 0, 0, 0, 0, 0, 0, 0)', 13), ('(0, 0, 0, 0, 0, 1, 0, 0, 0, 0, 0)', 12), ('(0, 0, 0, 0, 0, 0, 0, 0, 0, -1, 0)', 11), ('(-1, 0, 0, 0, 0, 0, 0, 0, 0, 0, 0)', 9)]",5
8,11,17,64,"[-1, -1, 1, 0, -1, 0, 0, 1]","[16, 16, 1, 0, 16, 0, 0, 1]","[0, 0, 0, 1, 0, 0, 1, 0, 0, 0, 0]","[8, -5, -5, 1, 1, -7, -2, 6, 7, 7, 6]","[0, 0, 0, 1, 0, 0, 1, 0, 0, 0, 0]",2.0,"[16, 16, 1, 0, 16, 0, 0, 1]",True,"[0, 0, 0, 0, 0, 0, 0, 0, 0, 0, 0]",2.0,"[8, -5, -5, 1, 1, -7, -2, 6, 7, 7, 6]","[16, 16, 1, 0, 16, 0, 0, 1]",True,"[0, 0, 0, 0, 0, 0, 0, 0, 0, 0, 0]",2.0,0,"[8, -5, -5, 1, 1, -7, -2, 6, 7, 7, 6]","[16, 16, 1, 0, 16, 0, 0, 1]",True,"[0, 0, 0, 0, 0, 0, 0, 0, 0, 0, 0]",2.0,"[8, -5, -5, 1, 1, -7, -2, 6, 7, 7, 6]","[16, 16, 1, 0, 16, 0, 0, 1]",True,"[0, 0, 0, 0, 0, 0, 0, 0, 0, 0, 0]",2.0,144,0.2926829268292683,31.602326625757943,0,0,5,2,"[8, -5, -5, 1, 1, -7, -2, 6, 7, 7, 6]","[16, 16, 1, 0, 16, 0, 0, 1]",True,20,20,True,False,True,True,0,False,False,False,False,False,False,False,True,True,True,True,True,True,False,False,False,"[8, -5, -5, 1, 1, -7, -2, 6, 7, 7, 6]",0,0,0,0,0,591.3766744589957,0.00011445902055129409,590.7066737920104,0.007590916997287422,22,22,"[('(0, 0, 0, 0, 0, 0, 0, 0, 0, 0, 0)', 144), ('(0, 0, 0, 0, 0, 0, 0, 0, 1, 0, 0)', 29), ('(0, 0, 0, -1, 0, 0, 0, 0, 0, 0, 0)', 19), ('(0, 0, 0, 0, 0, 0, 0, 1, 0, 0, 0)', 18), ('(0, 0, 0, 0, 0, -1, 0, 0, 0, 0, 0)', 17), ('(0, 0, 0, 0, 1, 0, 0, 0, 0, 0, 0)', 17), ('(0, 0, 0, 0, 0, 0, 0, 0, 0, -1, 0)', 16), ('(0, 0, 1, 0, 0, 0, 0, 0, 0, 0, 0)', 15), ('(0, 0, 0, 0, 0, 0, 0, 0, 0, 0, -1)', 11), ('(0, 0, 1, 0, 1, 0, 0, 0, 0, 0, 0)', 7)]",5
8,11,17,65,"[-1, 0, -1, 0, 0, -1, -1, 1]","[16, 0, 16, 0, 0, 16, 16, 1]","[0, 0, -1, -1, 1, -1, 0, 1, 0, 0, 0]","[4, -1, -6, -1, 8, -7, 2, 8, 2, 8, -8]","[0, 0, 0, 0, 0, 1, 1, 0, 1, 0, 0]",3.0,"[14, 15, 11, 15, 16, 13, 15, 3]",False,"[0, 0, 0, 0, 0, 0, 0, 0, 0, 0, 0]",3.0,"[4, -1, -6, -1, 8, -7, 2, 8, 2, 8, -8]","[14, 15, 11, 15, 16, 13, 15, 3]",False,"[0, 0, 0, 0, 0, 0, 0, 0, 0, 0, 0]",3.0,0,"[4, -1, -6, -1, 8, -7, 2, 8, 2, 8, -8]","[14, 15, 11, 15, 16, 13, 15, 3]",False,"[0, 0, 0, 0, 0, 0, 0, 0, 0, 0, 0]",3.0,"[4, -1, -6, -1, 8, -7, 2, 8, 2, 8, -8]","[14, 15, 11, 15, 16, 13, 15, 3]",False,"[0, 0, 0, 0, 0, 0, 1, 0, 1, 0, 0]",11.0,12,0.024390243902439025,6121.293505064254,5,1,7,8,"[4, 0, -6, 0, 9, -5, 4, 7, 5, 7, -8]","[7, 1, 6, 0, 12, 6, 5, 16]",False,20,20,False,True,True,True,5,False,False,False,False,False,False,False,True,True,True,True,False,False,False,False,False,"[4, -1, -5, 0, 7, -5, 3, 7, 3, 8, -8]",10,10,10,10,12,593.9403907500091,0.0001259580021724105,593.3052539579803,0.0096057920018211,22,22,"[('(0, 0, 0, 0, 0, 0, 0, 0, 0, 0, 0)', 144), ('(0, 0, 0, 0, 0, 0, 0, 0, 1, 0, 0)', 34), ('(0, 0, 0, 0, 0, 0, 0, 0, 0, 1, 0)', 32), ('(0, 0, 0, 0, 0, 0, 1, 0, 0, 0, 0)', 31), ('(0, 0, 0, 0, 0, -1, 0, 0, 0, 0, 0)', 27), ('(0, 0, 0, 1, 0, 0, 0, 0, 0, 0, 0)', 17), ('(0, 0, 0, 0, 0, 0, 1, 0, 1, 0, 0)', 12), ('(0, 0, 0, 0, 0, 0, 0, 1, 0, 0, 0)', 11), ('(0, 0, 0, 0, 0, 0, 1, 0, 0, 1, 0)', 6), ('(0, 0, 0, 0, 0, 0, 0, 0, 0, 0, 1)', 6)]",5
8,11,17,66,"[0, -1, 0, -1, -1, -1, -1, 1]","[0, 16, 0, 16, 16, 16, 16, 1]","[0, 0, 1, 0, -1, 1, 0, 0, 0, 0, 0]","[-5, -6, 4, -1, 4, 2, -2, -6, 3, -1, 3]","[0, 0, 1, 0, -1, 1, 0, 0, 0, 0, 0]",3.0,"[0, 16, 0, 16, 16, 16, 16, 1]",True,"[0, 0, 0, 0, 0, 0, 0, 0, 0, 0, 0]",3.0,"[-5, -6, 4, -1, 4, 2, -2, -6, 3, -1, 3]","[0, 16, 0, 16, 16, 16, 16, 1]",True,"[0, 0, 0, 0, 0, 0, 0, 0, 0, 0, 0]",3.0,0,"[-5, -6, 4, -1, 4, 2, -2, -6, 3, -1, 3]","[0, 16, 0, 16, 16, 16, 16, 1]",True,"[0, 0, 0, 0, 0, 0, 0, 0, 0, 0, 0]",3.0,"[-5, -6, 4, -1, 4, 2, -2, -6, 3, -1, 3]","[0, 16, 0, 16, 16, 16, 16, 1]",True,"[0, 0, 0, 0, 0, 0, 0, 0, 0, 0, 0]",3.0,116,0.23529411764705882,42.67378260652022,0,0,6,3,"[-5, -6, 4, -1, 4, 2, -2, -6, 3, -1, 3]","[0, 16, 0, 16, 16, 16, 16, 1]",True,20,20,True,False,True,True,0,False,False,False,False,False,False,False,True,True,True,True,True,True,False,False,False,"[-5, -6, 4, -1, 4, 2, -2, -6, 3, -1, 3]",0,0,0,0,0,594.6497730839765,0.00010349997319281101,594.0052232920134,0.009322500001871958,22,22,"[('(0, 0, 0, 0, 0, 0, 0, 0, 0, 0, 0)', 116), ('(0, 0, 0, 0, 0, 0, 0, 1, 0, 0, 0)', 29), ('(0, 0, 0, 0, -1, 0, 0, 0, 0, 0, 0)', 27), ('(0, 0, 0, 0, 0, 0, 0, 0, 0, 0, 1)', 24), ('(0, 0, 0, 0, 0, 0, 0, 0, 0, -1, 0)', 20), ('(0, -1, 0, 0, 0, 0, 0, 0, 0, 0, 0)', 17), ('(0, 0, 0, 0, 0, 0, 0, 0, -1, 0, 0)', 17), ('(0, 0, 0, 0, 0, 0, 1, 0, 0, 0, 0)', 17), ('(0, 0, 0, 0, 0, -1, 0, 0, 0, 0, 0)', 11), ('(0, 0, 0, 0, -1, 0, 1, 0, 0, 0, 0)', 10)]",5
8,11,17,68,"[0, -1, 0, -1, 0, 1, 0, 1]","[0, 16, 0, 16, 0, 1, 0, 1]","[0, 0, 0, 0, 0, 0, 0, 0, 0, -1, 0]","[-1, 0, 1, -3, -8, 4, -6, -2, 5, 8, 7]","[0, 0, 0, 0, 0, 0, 0, 0, 0, -1, 0]",1.0,"[0, 16, 0, 16, 0, 1, 0, 1]",True,"[0, 0, 0, 0, 0, 0, 0, 0, 0, 0, 0]",1.0,"[-1, 0, 1, -3, -8, 4, -6, -2, 5, 8, 7]","[0, 16, 0, 16, 0, 1, 0, 1]",True,"[0, 0, 0, 0, 0, 0, 0, 0, 0, 0, 0]",1.0,0,"[-1, 0, 1, -3, -8, 4, -6, -2, 5, 8, 7]","[0, 16, 0, 16, 0, 1, 0, 1]",True,"[0, 0, 0, 0, 0, 0, 0, 0, 0, 0, 0]",1.0,"[-1, 0, 1, -3, -8, 4, -6, -2, 5, 8, 7]","[0, 16, 0, 16, 0, 1, 0, 1]",True,"[0, 0, 0, 0, 0, 0, 0, 0, 0, 0, 0]",1.0,165,0.3353658536585366,20.538801221164345,0,0,4,1,"[-1, 0, 1, -3, -8, 4, -6, -2, 5, 8, 7]","[0, 16, 0, 16, 0, 1, 0, 1]",True,20,20,True,False,True,True,0,False,False,False,False,False,False,False,True,True,True,True,True,True,False,False,False,"[-1, 0, 1, -3, -8, 4, -6, -2, 5, 8, 7]",0,0,0,0,0,593.2023811660183,0.00013108400162309408,592.5588410839846,0.007145540992496535,22,22,"[('(0, 0, 0, 0, 0, 0, 0, 0, 0, 0, 0)', 165), ('(0, 0, 0, 0, 0, -1, 0, 0, 0, 0, 0)', 41), ('(0, 0, 0, 0, 0, 0, -1, 0, 0, 0, 0)', 40), ('(0, 0, 0, 0, 0, 0, 0, 0, 1, 0, 0)', 38), ('(0, 0, 0, 0, 0, 0, 0, 1, 0, 0, 0)', 36), ('(0, 0, 0, 0, 0, 0, -1, 1, 0, 0, 0)', 11), ('(0, 0, 0, 0, 0, -1, -1, 0, 0, 0, 0)', 11), ('(0, 0, 0, 0, 0, 0, -1, 0, 1, 0, 0)', 10), ('(0, 0, 0, 0, 0, 0, 0, 1, 1, 0, 0)', 9), ('(0, 0, 0, 0, 0, -1, 0, 1, 0, 0, 0)', 8)]",5
8,11,17,67,"[0, 0, -1, 1, -1, -1, 0, -1]","[0, 0, 16, 1, 16, 16, 0, 16]","[0, -1, 0, 1, 0, 0, 0, 0, 0, 1, 0]","[7, 5, 1, -3, 5, -2, -1, 6, 2, -5, -5]","[0, -1, 0, 1, 0, 0, 0, 0, 0, 1, 0]",3.0,"[0, 0, 16, 1, 16, 16, 0, 16]",True,"[0, 0, 0, 0, 0, 0, 0, 0, 0, 0, 0]",3.0,"[7, 5, 1, -3, 5, -2, -1, 6, 2, -5, -5]","[0, 0, 16, 1, 16, 16, 0, 16]",True,"[0, 0, 0, 0, 0, 0, 0, 0, 0, 0, 0]",3.0,0,"[7, 5, 1, -3, 5, -2, -1, 6, 2, -5, -5]","[0, 0, 16, 1, 16, 16, 0, 16]",True,"[0, 0, 0, 0, 0, 0, 0, 0, 0, 0, 0]",3.0,"[7, 5, 1, -3, 5, -2, -1, 6, 2, -5, -5]","[0, 0, 16, 1, 16, 16, 0, 16]",True,"[0, 0, 0, 0, 0, 0, 0, 0, 0, 0, 0]",3.0,126,0.25661914460285135,22.66558129135414,0,0,5,3,"[7, 5, 1, -3, 5, -2, -1, 6, 2, -5, -5]","[0, 0, 16, 1, 16, 16, 0, 16]",True,20,20,True,False,True,True,0,False,False,False,False,False,False,False,True,True,True,True,True,True,False,False,False,"[7, 5, 1, -3, 5, -2, -1, 6, 2, -5, -5]",0,0,0,0,0,594.662814832991,9.291700553148985e-05,594.0063217080024,0.009232624986907467,22,22,"[('(0, 0, 0, 0, 0, 0, 0, 0, 0, 0, 0)', 126), ('(0, 0, 0, 0, 0, -1, 0, 0, 0, 0, 0)', 34), ('(0, 0, 1, 0, 0, 0, 0, 0, 0, 0, 0)', 29), ('(0, 0, 0, 1, 0, 0, 0, 0, 0, 0, 0)', 27), ('(0, 0, 0, 0, 0, 0, 0, 0, 1, 0, 0)', 21), ('(1, 0, 0, 0, 0, 0, 0, 0, 0, 0, 0)', 17), ('(0, 0, 0, 0, 0, 0, 0, 1, 0, 0, 0)', 15), ('(0, 0, 0, 0, 0, 0, 0, 0, 0, 0, 1)', 11), ('(1, 0, 0, 0, 0, -1, 0, 0, 0, 0, 0)', 9), ('(0, 0, 0, 0, 0, 0, 0, 0, 0, -1, 0)', 8)]",5
8,11,17,69,"[1, 0, 1, -1, 0, 1, 0, 0]","[1, 0, 1, 16, 0, 1, 0, 0]","[0, 0, -1, 0, 0, 0, 0, 1, 0, 0, 0]","[0, 5, 8, 1, -6, 7, 5, -3, -1, -5, 0]","[0, 0, -1, 0, 0, 0, 0, 1, 0, 0, 0]",2.0,"[1, 0, 1, 16, 0, 1, 0, 0]",True,"[0, 0, 0, 0, 0, 0, 0, 0, 0, 0, 0]",2.0,"[0, 5, 8, 1, -6, 7, 5, -3, -1, -5, 0]","[1, 0, 1, 16, 0, 1, 0, 0]",True,"[0, 0, 0, 0, 0, 0, 0, 0, 0, 0, 0]",2.0,0,"[0, 5, 8, 1, -6, 7, 5, -3, -1, -5, 0]","[1, 0, 1, 16, 0, 1, 0, 0]",True,"[0, 0, 0, 0, 0, 0, 0, 0, 0, 0, 0]",2.0,"[0, 5, 8, 1, -6, 7, 5, -3, -1, -5, 0]","[1, 0, 1, 16, 0, 1, 0, 0]",True,"[0, 0, 0, 0, 0, 0, 0, 0, 0, 0, 0]",2.0,132,0.2655935613682093,11.610965087177824,0,0,4,2,"[0, 5, 8, 1, -6, 7, 5, -3, -1, -5, 0]","[1, 0, 1, 16, 0, 1, 0, 0]",True,20,20,True,False,True,True,0,False,False,False,False,False,False,False,True,True,True,True,True,True,False,False,False,"[0, 5, 8, 1, -6, 7, 5, -3, -1, -5, 0]",0,0,0,0,0,593.8261743329931,9.8459015134722e-05,593.1776602920145,0.009580915997503325,22,22,"[('(0, 0, 0, 0, 0, 0, 0, 0, 0, 0, 0)', 132), ('(0, 0, 0, 0, -1, 0, 0, 0, 0, 0, 0)', 35), ('(0, 0, 0, 0, 0, 0, 0, 0, 0, 1, 0)', 31), ('(-1, 0, 0, 0, 0, 0, 0, 0, 0, 0, 0)', 21), ('(0, 1, 0, 0, 0, 0, 0, 0, 0, 0, 0)', 17), ('(0, 0, 0, 0, 0, 0, 0, 1, 0, 0, 0)', 14), ('(0, 0, 0, 0, 0, 0, -1, 0, 0, 0, 0)', 13), ('(0, 0, 0, 0, 0, 0, 0, 0, 1, 0, 0)', 13), ('(0, 0, 0, 0, 0, 0, 0, 0, 0, 0, -1)', 12), ('(0, 0, 0, 0, -1, 0, 0, 0, 0, 1, 0)', 9)]",5
8,11,17,70,"[0, 0, 0, 1, 1, 0, 0, -1]","[0, 0, 0, 1, 1, 0, 0, 16]","[0, 0, 1, 0, 0, -1, 0, 0, 0, 0, 0]","[1, -3, 5, 6, 1, 0, 6, 4, -7, 6, -6]","[0, 0, 0, -1, 0, 0, 0, 0, 0, 1, 0]",2.0,"[13, 8, 6, 10, 2, 1, 15, 2]",False,"[0, 0, 0, 0, 0, 0, 0, 0, 0, 0, 0]",2.0,"[1, -3, 5, 6, 1, 0, 6, 4, -7, 6, -6]","[13, 8, 6, 10, 2, 1, 15, 2]",False,"[0, 0, 0, 0, 0, 0, 0, 0, 0, 0, 0]",2.0,0,"[1, -3, 5, 6, 1, 0, 6, 4, -7, 6, -6]","[13, 8, 6, 10, 2, 1, 15, 2]",False,"[0, 0, 0, 0, 0, 0, 0, 0, 0, 0, 0]",2.0,"[1, -3, 5, 6, 1, 0, 6, 4, -7, 6, -6]","[13, 8, 6, 10, 2, 1, 15, 2]",False,"[0, 1, 0, 0, 0, 0, 0, 0, 0, 0, 0]",2.0,23,0.04693877551020408,31.782194616965207,0,0,3,2,"[1, -3, 4, 5, 1, 1, 6, 4, -7, 7, -6]","[0, 0, 0, 1, 1, 0, 0, 16]",True,20,20,True,True,True,True,0,False,False,False,False,False,True,True,True,True,True,True,False,True,False,False,True,"[1, -3, 4, 5, 1, 1, 6, 4, -7, 7, -6]",4,4,4,4,0,596.8573049170082,8.624998736195266e-05,596.2034047500056,0.009886457992251962,22,22,"[('(0, 0, 0, 0, 0, 0, 0, 0, 0, 0, 0)', 84), ('(0, 1, 0, 0, 0, 0, 0, 0, 0, 0, 0)', 23), ('(0, 0, 0, 0, 0, 0, 1, 0, 0, 0, 0)', 21), ('(0, 0, 0, 0, 0, 0, 0, -1, 0, 0, 0)', 21), ('(0, 0, 0, 0, 0, 0, 0, 0, -1, 0, 0)', 19), ('(0, 0, 0, 0, 0, 0, 0, 0, 0, 0, 1)', 17), ('(0, 0, 0, 0, -1, 0, 0, 0, 0, 0, 0)', 16), ('(1, 0, 0, 0, 0, 0, 0, 0, 0, 0, 0)', 14), ('(0, 0, 0, 0, 0, 1, 0, 0, 0, 0, 0)', 14), ('(0, 1, 0, 0, 0, 0, 0, 0, -1, 0, 0)', 9)]",5
8,11,17,71,"[0, 1, 0, -1, -1, 1, 0, 1]","[0, 1, 0, 16, 16, 1, 0, 1]","[0, 0, 0, -1, 0, 0, 0, 0, 0, -1, 0]","[-7, -1, 2, 5, -5, 4, -1, -5, -7, -6, 7]","[0, 0, 0, -1, 0, 0, 0, 0, 0, -1, 0]",2.0,"[0, 1, 0, 16, 16, 1, 0, 1]",True,"[0, 0, 0, 0, 0, 0, 0, 0, 0, 0, 0]",2.0,"[-7, -1, 2, 5, -5, 4, -1, -5, -7, -6, 7]","[0, 1, 0, 16, 16, 1, 0, 1]",True,"[0, 0, 0, 0, 0, 0, 0, 0, 0, 0, 0]",2.0,0,"[-7, -1, 2, 5, -5, 4, -1, -5, -7, -6, 7]","[0, 1, 0, 16, 16, 1, 0, 1]",True,"[0, 0, 0, 0, 0, 0, 0, 0, 0, 0, 0]",2.0,"[-7, -1, 2, 5, -5, 4, -1, -5, -7, -6, 7]","[0, 1, 0, 16, 16, 1, 0, 1]",True,"[0, 0, 0, 0, 0, 0, 0, 0, 0, 0, 0]",2.0,107,0.2165991902834008,31.63178687728758,0,0,5,2,"[-7, -1, 2, 5, -5, 4, -1, -5, -7, -6, 7]","[0, 1, 0, 16, 16, 1, 0, 1]",True,20,20,True,False,True,True,0,False,False,False,False,False,False,False,True,True,True,True,True,True,False,False,False,"[-7, -1, 2, 5, -5, 4, -1, -5, -7, -6, 7]",0,0,0,0,0,596.530700333009,0.00010299999848939478,595.8782451250008,0.007557125005405396,22,22,"[('(0, 0, 0, 0, 0, 0, 0, 0, 0, 0, 0)', 107), ('(0, 0, 0, 0, 0, 0, 0, -1, 0, 0, 0)', 34), ('(0, 0, 0, 0, 0, 0, 0, 0, 0, 0, 1)', 29), ('(0, 0, 0, -1, 0, 0, 0, 0, 0, 0, 0)', 24), ('(0, 0, 0, 0, 1, 0, 0, 0, 0, 0, 0)', 22), ('(0, 0, 0, 0, 0, 0, 0, 0, -1, 0, 0)', 17), ('(0, 0, 0, 0, 0, 0, 0, 0, 0, 1, 0)', 17), ('(0, -1, 0, 0, 0, 0, 0, 0, 0, 0, 0)', 15), ('(0, 0, 0, 0, 0, 0, 0, -1, 0, 0, 1)', 11), ('(0, 0, -1, 0, 0, 0, 0, 0, 0, 0, 0)', 11)]",5
8,11,17,72,"[0, 0, 1, 1, -1, 0, 0, 0]","[0, 0, 1, 1, 16, 0, 0, 0]","[0, -1, 0, 0, 1, 0, 0, -1, 0, 0, 0]","[3, 8, 6, 2, -1, -7, -2, -5, 6, -8, -2]","[1, 0, 0, 0, 0, 0, 0, 0, 0, 0, 1]",2.0,"[5, 10, 5, 16, 16, 8, 5, 16]",False,"[0, 0, 0, 0, 0, 0, 0, 0, 0, 0, 0]",2.0,"[3, 8, 6, 2, -1, -7, -2, -5, 6, -8, -2]","[5, 10, 5, 16, 16, 8, 5, 16]",False,"[0, 0, 0, 0, 0, 0, 0, 0, 0, 0, 0]",2.0,0,"[3, 8, 6, 2, -1, -7, -2, -5, 6, -8, -2]","[5, 10, 5, 16, 16, 8, 5, 16]",False,"[0, 0, 0, 0, 0, 0, 0, 0, 0, 0, 0]",2.0,"[3, 8, 6, 2, -1, -7, -2, -5, 6, -8, -2]","[5, 10, 5, 16, 16, 8, 5, 16]",False,"[0, 0, -1, 0, 0, 0, 0, 0, 0, 0, 0]",3.0,33,0.06653225806451613,22.797363947538383,0,0,3,3,"[4, 9, 6, 2, -2, -7, -2, -4, 6, -8, -1]","[0, 0, 1, 1, 16, 0, 0, 0]",True,20,20,True,True,True,True,0,False,False,False,False,False,True,True,True,True,True,True,False,False,False,False,True,"[4, 9, 6, 2, -2, -7, -2, -4, 6, -8, -1]",5,5,5,5,0,596.2338872920081,0.00010258401744067669,595.5824760000105,0.007431750011164695,22,22,"[('(0, 0, 0, 0, 0, 0, 0, 0, 0, 0, 0)', 147), ('(0, 0, -1, 0, 0, 0, 0, 0, 0, 0, 0)', 33), ('(0, 0, 0, 0, 0, 0, 0, 0, 0, 0, 1)', 25), ('(0, 0, 0, 0, 0, 0, 0, 0, 0, 1, 0)', 25), ('(0, 0, 0, 1, 0, 0, 0, 0, 0, 0, 0)', 25), ('(0, 0, 0, 0, 0, 0, 0, 0, 1, 0, 0)', 21), ('(0, 0, 0, 0, 0, 0, 1, 0, 0, 0, 0)', 15), ('(0, 0, -1, 0, 0, 0, 0, 0, 0, 0, 1)', 11), ('(0, 0, 0, 0, 0, 0, 0, 0, 0, 1, 1)', 9), ('(0, 0, -1, 1, 0, 0, 0, 0, 0, 0, 0)', 9)]",5
8,11,17,73,"[-1, -1, 1, 0, 0, 0, 0, 1]","[16, 16, 1, 0, 0, 0, 0, 1]","[0, 0, 0, 0, -1, 0, 0, 0, 0, -1, 0]","[8, -4, -7, 6, 2, -5, -3, -1, -7, -2, -5]","[0, 0, 0, 0, -1, 0, 0, 0, 0, -1, 0]",2.0,"[16, 16, 1, 0, 0, 0, 0, 1]",True,"[0, 0, 0, 0, 0, 0, 0, 0, 0, 0, 0]",2.0,"[8, -4, -7, 6, 2, -5, -3, -1, -7, -2, -5]","[16, 16, 1, 0, 0, 0, 0, 1]",True,"[0, 0, 0, 0, 0, 0, 0, 0, 0, 0, 0]",2.0,0,"[8, -4, -7, 6, 2, -5, -3, -1, -7, -2, -5]","[16, 16, 1, 0, 0, 0, 0, 1]",True,"[0, 0, 0, 0, 0, 0, 0, 0, 0, 0, 0]",2.0,"[8, -4, -7, 6, 2, -5, -3, -1, -7, -2, -5]","[16, 16, 1, 0, 0, 0, 0, 1]",True,"[0, 0, 0, 0, 0, 0, 0, 0, 0, 0, 0]",2.0,101,0.20404040404040405,11.637502718671573,0,0,4,2,"[8, -4, -7, 6, 2, -5, -3, -1, -7, -2, -5]","[16, 16, 1, 0, 0, 0, 0, 1]",True,20,20,True,False,True,True,0,False,False,False,False,False,False,False,True,True,True,True,True,True,False,False,False,"[8, -4, -7, 6, 2, -5, -3, -1, -7, -2, -5]",0,0,0,0,0,595.8677829579974,9.783299174159765e-05,595.2266967080068,0.007641125004738569,22,22,"[('(0, 0, 0, 0, 0, 0, 0, 0, 0, 0, 0)', 101), ('(0, 0, 0, 0, 1, 0, 0, 0, 0, 0, 0)', 30), ('(0, 0, 0, -1, 0, 0, 0, 0, 0, 0, 0)', 22), ('(0, 0, 0, 0, 0, 0, 0, 0, 0, 0, -1)', 21), ('(0, 0, 0, 0, 0, 1, 0, 0, 0, 0, 0)', 20), ('(0, 0, 0, 0, 0, 0, -1, 0, 0, 0, 0)', 19), ('(0, 0, 0, 0, 0, 0, 0, 0, -1, 0, 0)', 18), ('(0, 0, 0, 0, 0, 0, 0, 0, 0, -1, 0)', 15), ('(0, 0, 0, -1, 0, 1, 0, 0, 0, 0, 0)', 13), ('(0, 0, 0, -1, 0, 0, -1, 0, 0, 0, 0)', 12)]",5
8,11,17,74,"[1, -1, -1, -1, 0, 0, 0, 0]","[1, 16, 16, 16, 0, 0, 0, 0]","[1, 0, 1, 0, 0, 0, -1, 0, 1, -1, 0]","[-8, -8, -3, -1, 4, 7, -4, 5, -1, 0, 8]","[0, 0, 1, -1, 1, -1, 0, 1, 0, -1, 0]",6.0,"[3, 6, 13, 5, 14, 7, 9, 9]",False,"[0, 0, 1, 0, -1, -1, -1, 1, 0, 1, 0]",4.0,"[-8, -9, -1, -2, 5, 5, -4, 6, 0, -1, 8]","[10, 15, 2, 2, 6, 6, 7, 15]",False,"[0, 0, 0, 0, 0, 0, -1, 0, 0, 0, 0]",5.0,1,"[-9, -8, -3, -2, 5, 6, -3, 6, -2, 0, 8]","[1, 16, 16, 16, 0, 0, 0, 0]",True,"[0, 0, 0, 0, 0, 0, -1, 0, 0, 0, 0]",5.0,"[-9, -8, -3, -2, 5, 6, -3, 6, -2, 0, 8]","[1, 16, 16, 16, 0, 0, 0, 0]",True,"[0, 0, 0, 0, 0, 0, -1, 0, 0, 0, 0]",5.0,31,0.06326530612244897,24.903426409720026,0,0,4,5,"[-9, -8, -3, -2, 5, 6, -3, 6, -2, 0, 8]","[1, 16, 16, 16, 0, 0, 0, 0]",True,20,20,True,True,False,False,0,True,True,False,True,True,True,True,False,False,False,False,False,False,True,True,True,"[-9, -8, -3, -2, 5, 6, -3, 6, -2, 0, 8]",7,13,0,0,0,597.1429574169742,0.00014725001528859138,596.4699335829937,0.007381458999589086,22,22,"[('(0, 0, 0, 0, 0, 0, 0, 0, 0, 0, 0)', 98), ('(0, 0, 0, 0, 0, 0, 0, 0, 0, 0, 1)', 31), ('(0, 0, 0, 0, 0, 0, -1, 0, 0, 0, 0)', 31), ('(0, 0, 0, 0, 0, 0, 0, 0, 0, 1, 0)', 23), ('(0, 0, 0, 0, 0, 0, 0, -1, 0, 0, 0)', 21), ('(0, 1, 0, 0, 0, 0, 0, 0, 0, 0, 0)', 21), ('(0, 0, 1, 0, 0, 0, 0, 0, 0, 0, 0)', 18), ('(0, 0, 0, 0, 0, 0, 0, 0, 1, 0, 0)', 12), ('(0, 0, 0, 0, 0, -1, 0, 0, 0, 0, 0)', 10), ('(0, 0, 0, 0, 0, 0, -1, 0, 0, 1, 0)', 8)]",5
8,11,17,75,"[0, -1, 0, 1, 1, 0, 0, 1]","[0, 16, 0, 1, 1, 0, 0, 1]","[0, 0, 1, 0, 0, 0, 0, -1, 0, 0, 0]","[-8, 8, -7, -5, 2, 4, 7, 0, -5, 6, -8]","[0, 0, 1, 0, 0, 0, 0, -1, 0, 0, 0]",2.0,"[0, 16, 0, 1, 1, 0, 0, 1]",True,"[0, 0, 0, 0, 0, 0, 0, 0, 0, 0, 0]",2.0,"[-8, 8, -7, -5, 2, 4, 7, 0, -5, 6, -8]","[0, 16, 0, 1, 1, 0, 0, 1]",True,"[0, 0, 0, 0, 0, 0, 0, 0, 0, 0, 0]",2.0,0,"[-8, 8, -7, -5, 2, 4, 7, 0, -5, 6, -8]","[0, 16, 0, 1, 1, 0, 0, 1]",True,"[0, 0, 0, 0, 0, 0, 0, 0, 0, 0, 0]",2.0,"[-8, 8, -7, -5, 2, 4, 7, 0, -5, 6, -8]","[0, 16, 0, 1, 1, 0, 0, 1]",True,"[0, 0, 0, 0, 0, 0, 0, 0, 0, 0, 0]",2.0,182,0.3699186991869919,11.579051384715857,0,0,4,2,"[-8, 8, -7, -5, 2, 4, 7, 0, -5, 6, -8]","[0, 16, 0, 1, 1, 0, 0, 1]",True,20,20,True,False,True,True,0,False,False,False,False,False,False,False,True,True,True,True,True,True,False,False,False,"[-8, 8, -7, -5, 2, 4, 7, 0, -5, 6, -8]",0,0,0,0,0,596.4014855000132,9.275000775232911e-05,595.7634002499981,0.007258582976646721,22,22,"[('(0, 0, 0, 0, 0, 0, 0, 0, 0, 0, 0)', 182), ('(0, 0, -1, 0, 0, 0, 0, 0, 0, 0, 0)', 37), ('(0, 0, 0, 0, 0, 0, 0, 0, 0, -1, 0)', 29), ('(1, 0, 0, 0, 0, 0, 0, 0, 0, 0, 0)', 22), ('(0, 0, 0, 0, 0, 0, 0, 0, 0, 0, -1)', 19), ('(0, 0, 0, -1, 0, 0, 0, 0, 0, 0, 0)', 17), ('(0, 0, -1, 0, 0, 0, 0, 0, 0, -1, 0)', 15), ('(0, 0, 0, 0, 0, 0, 0, 0, 0, -1, -1)', 8), ('(0, 0, -1, 0, 0, 0, 0, 0, 0, 0, -1)', 8), ('(0, 0, 0, 0, 0, 1, 0, 0, 0, 0, 0)', 7)]",5
8,11,17,77,"[-1, 1, -1, 0, -1, 0, 1, 1]","[16, 1, 16, 0, 16, 0, 1, 1]","[0, 1, 0, 0, 0, 0, 0, 0, 0, 0, 0]","[8, -1, -2, 2, -5, 0, 2, 5, -1, -4, -2]","[0, 1, 0, 0, 0, 0, 0, 0, 0, 0, 0]",1.0,"[16, 1, 16, 0, 16, 0, 1, 1]",True,"[0, 0, 0, 0, 0, 0, 0, 0, 0, 0, 0]",1.0,"[8, -1, -2, 2, -5, 0, 2, 5, -1, -4, -2]","[16, 1, 16, 0, 16, 0, 1, 1]",True,"[0, 0, 0, 0, 0, 0, 0, 0, 0, 0, 0]",1.0,0,"[8, -1, -2, 2, -5, 0, 2, 5, -1, -4, -2]","[16, 1, 16, 0, 16, 0, 1, 1]",True,"[0, 0, 0, 0, 0, 0, 0, 0, 0, 0, 0]",1.0,"[8, -1, -2, 2, -5, 0, 2, 5, -1, -4, -2]","[16, 1, 16, 0, 16, 0, 1, 1]",True,"[0, 0, 0, 0, 0, 0, 0, 0, 0, 0, 0]",1.0,141,0.28313253012048195,60.55441729423987,0,0,6,1,"[8, -1, -2, 2, -5, 0, 2, 5, -1, -4, -2]","[16, 1, 16, 0, 16, 0, 1, 1]",True,20,20,True,False,True,True,0,False,False,False,False,False,False,False,True,True,True,True,True,True,False,False,False,"[8, -1, -2, 2, -5, 0, 2, 5, -1, -4, -2]",0,0,0,0,0,595.5252646669978,9.866597247309983e-05,594.8856342500076,0.007400458998745307,22,22,"[('(0, 0, 0, 0, 0, 0, 0, 0, 0, 0, 0)', 141), ('(0, 0, 0, 0, 0, 0, -1, 0, 0, 0, 0)', 49), ('(0, 0, 0, 0, 1, 0, 0, 0, 0, 0, 0)', 40), ('(0, 0, 0, 0, 0, 1, 0, 0, 0, 0, 0)', 34), ('(0, 0, 0, 0, 0, 0, 0, 0, 0, -1, 0)', 32), ('(0, 0, 0, 0, 1, 1, 0, 0, 0, 0, 0)', 17), ('(0, 0, 0, 0, 0, 1, 0, 0, 0, -1, 0)', 14), ('(0, 0, 0, 0, 0, 0, -1, 0, 0, -1, 0)', 10), ('(0, 0, 0, 0, 0, 1, -1, 0, 0, 0, 0)', 10), ('(0, 0, 0, 0, 1, 0, 0, 0, 0, -1, 0)', 9)]",5
8,11,17,76,"[0, 1, 1, 0, 0, 0, 0, 1]","[0, 1, 1, 0, 0, 0, 0, 1]","[0, 0, 0, 0, 0, 0, 0, -1, -1, -1, 0]","[-1, -1, -1, 1, 2, -3, 5, 4, -4, 0, 3]","[0, 1, 1, -1, 0, 0, 0, 0, 0, 1, 0]",4.0,"[3, 1, 8, 8, 5, 12, 9, 16]",False,"[0, 0, 0, 0, 0, 0, 0, 0, 0, 0, 0]",4.0,"[-1, -1, -1, 1, 2, -3, 5, 4, -4, 0, 3]","[3, 1, 8, 8, 5, 12, 9, 16]",False,"[0, 0, 0, 0, 0, 0, 0, 0, 0, 0, 0]",4.0,0,"[-1, -1, -1, 1, 2, -3, 5, 4, -4, 0, 3]","[3, 1, 8, 8, 5, 12, 9, 16]",False,"[0, 0, 0, 0, 0, 0, 0, 0, 0, 0, 0]",4.0,"[-1, -1, -1, 1, 2, -3, 5, 4, -4, 0, 3]","[3, 1, 8, 8, 5, 12, 9, 16]",False,"[0, 0, 1, 0, 0, 0, 0, 0, 0, 0, 0]",8.0,5,0.01020408163265306,5108.220824053077,4,1,8,5,"[-1, 0, -1, 1, 1, -3, 7, 4, -4, 0, 3]","[1, 1, 14, 4, 8, 9, 1, 1]",False,20,20,False,False,True,True,9,False,False,False,False,False,False,False,True,True,True,True,False,False,False,False,False,"[-1, 0, 0, 0, 2, -3, 5, 5, -3, 2, 3]",9,9,9,9,13,597.04096183402,0.00011324998922646046,596.404575084016,0.0074794579995796084,22,22,"[('(0, 0, 0, 0, 0, 0, 0, 0, 0, 0, 0)', 150), ('(0, 0, 0, 0, 0, 0, 0, 0, 0, 1, 0)', 33), ('(0, 0, 0, 0, 0, 0, 0, 0, 0, 0, -1)', 31), ('(0, 0, 0, 0, 0, 0, 0, -1, 0, 0, 0)', 19), ('(0, 0, 0, 0, 0, 0, 0, 0, 1, 0, 0)', 16), ('(1, 0, 0, 0, 0, 0, 0, 0, 0, 0, 0)', 15), ('(0, 0, 0, 0, 0, -1, 0, 0, 0, 0, 0)', 13), ('(0, 0, 0, 1, 0, 0, 0, 0, 0, 0, 0)', 12), ('(0, 0, 0, 0, 0, 0, 0, 0, 1, 0, -1)', 11), ('(0, 0, 0, 0, -1, 0, 0, 0, 0, 0, 0)', 10)]",5
8,11,17,78,"[1, 0, 1, -1, 0, 0, 1, 0]","[1, 0, 1, 16, 0, 0, 1, 0]","[0, 0, 0, 0, 0, 0, 1, 0, 0, 1, 0]","[3, 0, 5, -8, 7, 0, -8, -3, -5, -3, 7]","[0, 0, 0, 0, 0, 0, 1, 0, 0, 1, 0]",2.0,"[1, 0, 1, 16, 0, 0, 1, 0]",True,"[0, 0, 0, 0, 0, 0, 0, 0, 0, 0, 0]",2.0,"[3, 0, 5, -8, 7, 0, -8, -3, -5, -3, 7]","[1, 0, 1, 16, 0, 0, 1, 0]",True,"[0, 0, 0, 0, 0, 0, 0, 0, 0, 0, 0]",2.0,0,"[3, 0, 5, -8, 7, 0, -8, -3, -5, -3, 7]","[1, 0, 1, 16, 0, 0, 1, 0]",True,"[0, 0, 0, 0, 0, 0, 0, 0, 0, 0, 0]",2.0,"[3, 0, 5, -8, 7, 0, -8, -3, -5, -3, 7]","[1, 0, 1, 16, 0, 0, 1, 0]",True,"[0, 0, 0, 0, 0, 0, 0, 0, 0, 0, 0]",2.0,155,0.31313131313131315,11.595014399275046,0,0,4,2,"[3, 0, 5, -8, 7, 0, -8, -3, -5, -3, 7]","[1, 0, 1, 16, 0, 0, 1, 0]",True,20,20,True,False,True,True,0,False,False,False,False,False,False,False,True,True,True,True,True,True,False,False,False,"[3, 0, 5, -8, 7, 0, -8, -3, -5, -3, 7]",0,0,0,0,0,596.4964380419988,0.00010045798262581229,595.8461029580212,0.007999374996870756,22,22,"[('(0, 0, 0, 0, 0, 0, 0, 0, 0, 0, 0)', 155), ('(0, 0, 0, 0, 0, 0, 0, -1, 0, 0, 0)', 29), ('(0, 0, 0, 0, 0, 0, 0, 0, 0, 0, -1)', 26), ('(0, 0, 0, 0, 0, 0, 0, 0, 0, -1, 0)', 23), ('(1, 0, 0, 0, 0, 0, 0, 0, 0, 0, 0)', 14), ('(0, 0, 0, 0, 0, 1, 0, 0, 0, 0, 0)', 14), ('(0, 0, 1, 0, 0, 0, 0, 0, 0, 0, 0)', 13), ('(0, 0, 0, 0, 0, 0, 1, 0, 0, 0, 0)', 11), ('(0, 0, 0, 0, 0, 0, 0, 0, 0, -1, -1)', 9), ('(0, 0, 0, 0, 1, 0, 0, 0, 0, 0, 0)', 9)]",5
8,11,17,79,"[-1, 0, 1, 0, 0, -1, 1, 0]","[16, 0, 1, 0, 0, 16, 1, 0]","[-1, 0, 0, -1, 1, 0, 0, 0, 0, 0, 1]","[4, 7, 3, -4, 5, 8, 8, 2, -1, 6, -5]","[-1, 0, 0, -1, 1, 0, 0, 0, 0, 0, 1]",4.0,"[16, 0, 1, 0, 0, 16, 1, 0]",True,"[0, 0, 0, 0, 0, 0, 0, 0, 0, 0, 0]",4.0,"[4, 7, 3, -4, 5, 8, 8, 2, -1, 6, -5]","[16, 0, 1, 0, 0, 16, 1, 0]",True,"[0, 0, 0, 0, 0, 0, 0, 0, 0, 0, 0]",4.0,0,"[4, 7, 3, -4, 5, 8, 8, 2, -1, 6, -5]","[16, 0, 1, 0, 0, 16, 1, 0]",True,"[0, 0, 0, 0, 0, 0, 0, 0, 0, 0, 0]",4.0,"[4, 7, 3, -4, 5, 8, 8, 2, -1, 6, -5]","[16, 0, 1, 0, 0, 16, 1, 0]",True,"[0, 0, 0, 0, 0, 0, 0, 0, 0, 0, 0]",4.0,158,0.317907444668008,13.693109579777976,0,0,4,4,"[4, 7, 3, -4, 5, 8, 8, 2, -1, 6, -5]","[16, 0, 1, 0, 0, 16, 1, 0]",True,20,20,True,False,True,True,0,False,False,False,False,False,False,False,True,True,True,True,True,True,False,False,False,"[4, 7, 3, -4, 5, 8, 8, 2, -1, 6, -5]",0,0,0,0,0,596.9222618749773,0.00010779101285152137,596.2510479999764,0.007492834003642201,22,22,"[('(0, 0, 0, 0, 0, 0, 0, 0, 0, 0, 0)', 158), ('(0, 0, 0, 0, 0, 0, 0, 0, 0, 0, -1)', 43), ('(0, 0, 0, -1, 0, 0, 0, 0, 0, 0, 0)', 29), ('(0, 0, 0, 0, 0, 0, 0, -1, 0, 0, 0)', 23), ('(0, -1, 0, 0, 0, 0, 0, 0, 0, 0, 0)', 21), ('(0, 0, 0, 0, 0, 0, -1, 0, 0, 0, 0)', 16), ('(0, 0, 0, 0, 0, 0, 0, 0, 1, 0, 0)', 13), ('(0, 0, 0, 0, 0, 1, 0, 0, 0, 0, 0)', 12), ('(0, 0, -1, 0, 0, 0, 0, 0, 0, 0, 0)', 9), ('(0, 0, 0, -1, 0, 0, 0, 0, 0, 0, -1)', 6)]",5
8,11,17,80,"[0, 1, 1, 0, 0, 1, 0, 0]","[0, 1, 1, 0, 0, 1, 0, 0]","[0, 0, 0, 0, 0, 0, 0, 0, 0, 0, 0]","[-5, 7, -6, 2, -2, -3, -8, -3, -3, -7, 3]","[0, 0, 0, 0, 0, 0, 0, 0, 0, 0, 0]",0.0,"[0, 1, 1, 0, 0, 1, 0, 0]",True,"[0, 0, 0, 0, 0, 0, 0, 0, 0, 0, 0]",0.0,"[-5, 7, -6, 2, -2, -3, -8, -3, -3, -7, 3]","[0, 1, 1, 0, 0, 1, 0, 0]",True,"[0, 0, 0, 0, 0, 0, 0, 0, 0, 0, 0]",0.0,0,"[-5, 7, -6, 2, -2, -3, -8, -3, -3, -7, 3]","[0, 1, 1, 0, 0, 1, 0, 0]",True,"[0, 0, 0, 0, 0, 0, 0, 0, 0, 0, 0]",0.0,"[-5, 7, -6, 2, -2, -3, -8, -3, -3, -7, 3]","[0, 1, 1, 0, 0, 1, 0, 0]",True,"[0, 0, 0, 0, 0, 0, 0, 0, 0, 0, 0]",0.0,326,0.6533066132264529,49.42100398291027,0,0,3,0,"[-5, 7, -6, 2, -2, -3, -8, -3, -3, -7, 3]","[0, 1, 1, 0, 0, 1, 0, 0]",True,20,20,True,False,True,True,0,False,False,False,False,False,False,False,True,True,True,True,True,True,False,False,False,"[-5, 7, -6, 2, -2, -3, -8, -3, -3, -7, 3]",0,0,0,0,0,595.0792629170173,0.00010383300832472742,594.4333312920062,0.007218041981104761,22,22,"[('(0, 0, 0, 0, 0, 0, 0, 0, 0, 0, 0)', 326), ('(0, 1, 0, 0, 0, 0, 0, 0, 0, 0, 0)', 12), ('(-1, 0, 0, 0, 0, 0, 0, 0, 0, 0, 0)', 11), ('(0, 0, 0, 0, 0, 0, 0, 1, 0, 0, 0)', 10), ('(0, 0, 0, 0, 0, 0, 1, 0, 0, 0, 0)', 9), ('(0, 0, 0, 0, -1, 0, 0, 0, 0, 0, 0)', 8), ('(0, 0, 0, 0, 0, 0, 0, 0, 0, -1, 0)', 8), ('(0, 0, 0, 0, 0, 0, 0, -1, 0, 0, 0)', 7), ('(0, 0, 0, 0, 0, 0, -1, 0, 0, 0, 0)', 7), ('(0, 0, 0, 0, 0, 0, 0, 0, 0, 1, 0)', 7)]",5
8,11,17,81,"[1, -1, 0, 0, 1, 0, -1, -1]","[1, 16, 0, 0, 1, 0, 16, 16]","[-1, 0, 0, 0, 1, 1, 0, 0, 0, 0, 1]","[5, 3, 8, 1, 2, 5, 5, -3, 0, 2, 3]","[-1, 0, 0, 0, 1, 1, 0, 0, 0, 0, 1]",4.0,"[1, 16, 0, 0, 1, 0, 16, 16]",True,"[0, 0, 0, 0, 0, 0, 0, 0, 0, 0, 0]",4.0,"[5, 3, 8, 1, 2, 5, 5, -3, 0, 2, 3]","[1, 16, 0, 0, 1, 0, 16, 16]",True,"[0, 0, 0, 0, 0, 0, 0, 0, 0, 0, 0]",4.0,0,"[5, 3, 8, 1, 2, 5, 5, -3, 0, 2, 3]","[1, 16, 0, 0, 1, 0, 16, 16]",True,"[0, 0, 0, 0, 0, 0, 0, 0, 0, 0, 0]",4.0,"[5, 3, 8, 1, 2, 5, 5, -3, 0, 2, 3]","[1, 16, 0, 0, 1, 0, 16, 16]",True,"[0, 0, 0, 0, 0, 0, 0, 0, 0, 0, 0]",4.0,167,0.3373737373737374,33.687603602059674,0,0,5,4,"[5, 3, 8, 1, 2, 5, 5, -3, 0, 2, 3]","[1, 16, 0, 0, 1, 0, 16, 16]",True,20,20,True,False,True,True,0,False,False,False,False,False,False,False,True,True,True,True,True,True,False,False,False,"[5, 3, 8, 1, 2, 5, 5, -3, 0, 2, 3]",0,0,0,0,0,596.1221454999759,9.112502448260784e-05,595.4803237500018,0.009273791976738721,22,22,"[('(0, 0, 0, 0, 0, 0, 0, 0, 0, 0, 0)', 167), ('(0, -1, 0, 0, 0, 0, 0, 0, 0, 0, 0)', 39), ('(0, 0, 0, 0, 0, 0, 0, 0, 0, 0, 1)', 31), ('(0, 0, 0, 0, 1, 0, 0, 0, 0, 0, 0)', 25), ('(0, 0, 0, 0, 0, -1, 0, 0, 0, 0, 0)', 14), ('(0, 0, -1, 0, 0, 0, 0, 0, 0, 0, 0)', 12), ('(0, 0, 0, 0, 0, 0, 1, 0, 0, 0, 0)', 10), ('(0, 0, 0, 0, 0, 0, 1, 0, 0, 0, 1)', 10), ('(-1, 0, 0, 0, 0, 0, 0, 0, 0, 0, 0)', 10), ('(0, 0, 0, 0, 0, 0, 0, -1, 0, 0, 0)', 9)]",5
8,11,17,82,"[-1, 0, 0, 1, -1, 0, 0, -1]","[16, 0, 0, 1, 16, 0, 0, 16]","[-1, 0, 0, 0, 0, 0, 0, 0, 0, -1, 1]","[3, 7, 1, -6, 8, -7, -5, 4, -7, -6, 5]","[1, 0, 0, 0, -1, -1, 1, 1, -1, 0, 0]",6.0,"[16, 12, 4, 14, 1, 1, 5, 5]",False,"[0, 0, -1, -1, 0, 1, 0, 1, 0, 0, 0]",3.0,"[5, 7, 1, -6, 7, -8, -4, 5, -8, -5, 4]","[16, 0, 0, 1, 16, 0, 0, 16]",True,"[0, 0, 0, -1, 0, 0, 0, 0, 0, 0, 0]",4.0,1,"[3, 7, 2, -7, 7, -8, -4, 5, -8, -6, 4]","[15, 4, 5, 9, 14, 8, 12, 15]",False,"[0, 0, 0, -1, 0, 0, 0, 0, 0, 0, 0]",4.0,"[3, 7, 2, -7, 7, -8, -4, 5, -8, -6, 4]","[15, 4, 5, 9, 14, 8, 12, 15]",False,"[0, 0, 0, 0, 0, 0, 0, 0, 0, 0, 0]",6.0,105,0.21384928716904278,5115.833656090589,5,0,8,6,"[3, 7, 1, -6, 8, -7, -5, 4, -7, -6, 5]","[16, 12, 4, 14, 1, 1, 5, 5]",False,20,20,False,True,False,False,7,True,True,True,False,False,False,False,False,False,False,False,False,False,True,True,False,"[5, 7, 1, -6, 7, -8, -4, 5, -8, -5, 4]",11,0,7,7,11,597.1694637920009,0.00013791699893772602,596.5170961669937,0.007620374992256984,22,22,"[('(0, 0, 0, 0, 0, 0, 0, 0, 0, 0, 0)', 105), ('(0, 0, 0, -1, 0, 0, 0, 0, 0, 0, 0)', 32), ('(1, 0, 0, 0, 0, 0, 0, 0, 0, 0, 0)', 30), ('(0, -1, 0, 0, 0, 0, 0, 0, 0, 0, 0)', 20), ('(0, 0, 0, 0, -1, 0, 0, 0, 0, 0, 0)', 19), ('(0, 0, 0, 0, 0, 0, 0, 0, 0, 0, 1)', 14), ('(0, 0, -1, 0, 0, 0, 0, 0, 0, 0, 0)', 12), ('(0, 0, 0, 0, 0, 0, 0, 0, 0, 1, 0)', 11), ('(0, 0, 0, 0, 0, 0, -1, 0, 0, 0, 0)', 9), ('(0, 0, 0, 0, 0, 1, 0, 0, 0, 0, 0)', 8)]",5
8,11,17,83,"[0, 0, -1, -1, 1, -1, 0, 0]","[0, 0, 16, 16, 1, 16, 0, 0]","[0, 0, 0, 0, 0, 0, 1, 0, 0, 0, 0]","[3, 8, 4, -1, 8, -5, 0, -4, 6, -7, 1]","[0, 0, 0, 0, 0, 0, 1, 0, 0, 0, 0]",1.0,"[0, 0, 16, 16, 1, 16, 0, 0]",True,"[0, 0, 0, 0, 0, 0, 0, 0, 0, 0, 0]",1.0,"[3, 8, 4, -1, 8, -5, 0, -4, 6, -7, 1]","[0, 0, 16, 16, 1, 16, 0, 0]",True,"[0, 0, 0, 0, 0, 0, 0, 0, 0, 0, 0]",1.0,0,"[3, 8, 4, -1, 8, -5, 0, -4, 6, -7, 1]","[0, 0, 16, 16, 1, 16, 0, 0]",True,"[0, 0, 0, 0, 0, 0, 0, 0, 0, 0, 0]",1.0,"[3, 8, 4, -1, 8, -5, 0, -4, 6, -7, 1]","[0, 0, 16, 16, 1, 16, 0, 0]",True,"[0, 0, 0, 0, 0, 0, 0, 0, 0, 0, 0]",1.0,59,0.12090163934426229,20.64056554377779,0,0,4,1,"[3, 8, 4, -1, 8, -5, 0, -4, 6, -7, 1]","[0, 0, 16, 16, 1, 16, 0, 0]",True,20,20,True,False,True,True,0,False,False,False,False,False,False,False,True,True,True,True,True,True,False,False,False,"[3, 8, 4, -1, 8, -5, 0, -4, 6, -7, 1]",0,0,0,0,0,597.4597338750027,9.616598254069686e-05,596.802911708015,0.007632833003299311,22,22,"[('(0, 0, 0, 0, 0, 0, 0, 0, 0, 0, 0)', 59), ('(0, 0, 0, 0, 0, 0, 1, 0, 0, 0, 0)', 18), ('(0, 0, 0, 0, 0, 1, 0, 0, 0, 0, 0)', 16), ('(0, 0, 0, 1, 0, 0, 0, 0, 0, 0, 0)', 15), ('(0, 0, 0, 0, 0, 0, 0, 0, 0, 1, 0)', 14), ('(0, 0, 1, 0, 0, 0, 0, 0, 0, 0, 0)', 14), ('(-1, 0, 0, 0, 0, 0, 0, 0, 0, 0, 0)', 11), ('(0, 1, 0, 0, 0, 0, 0, 0, 0, 0, 0)', 11), ('(0, 0, 0, 0, -1, 0, 0, 0, 0, 0, 0)', 10), ('(0, 0, 0, 0, 0, 0, 0, 0, 1, 0, 0)', 10)]",5
8,11,17,84,"[1, 1, 1, 0, 0, 1, -1, 0]","[1, 1, 1, 0, 0, 1, 16, 0]","[0, 0, 0, 0, 1, 0, -1, 0, 0, 0, 0]","[-6, -8, 6, 7, 7, -1, -6, 3, -3, 5, 2]","[0, 0, 0, 0, 1, 0, -1, 0, 0, 0, 0]",2.0,"[1, 1, 1, 0, 0, 1, 16, 0]",True,"[0, 0, 0, 0, 0, 0, 0, 0, 0, 0, 0]",2.0,"[-6, -8, 6, 7, 7, -1, -6, 3, -3, 5, 2]","[1, 1, 1, 0, 0, 1, 16, 0]",True,"[0, 0, 0, 0, 0, 0, 0, 0, 0, 0, 0]",2.0,0,"[-6, -8, 6, 7, 7, -1, -6, 3, -3, 5, 2]","[1, 1, 1, 0, 0, 1, 16, 0]",True,"[0, 0, 0, 0, 0, 0, 0, 0, 0, 0, 0]",2.0,"[-6, -8, 6, 7, 7, -1, -6, 3, -3, 5, 2]","[1, 1, 1, 0, 0, 1, 16, 0]",True,"[0, 0, 0, 0, 0, 0, 0, 0, 0, 0, 0]",2.0,119,0.2448559670781893,31.6212508257218,0,0,5,2,"[-6, -8, 6, 7, 7, -1, -6, 3, -3, 5, 2]","[1, 1, 1, 0, 0, 1, 16, 0]",True,20,20,True,False,True,True,0,False,False,False,False,False,False,False,True,True,True,True,True,True,False,False,False,"[-6, -8, 6, 7, 7, -1, -6, 3, -3, 5, 2]",0,0,0,0,0,597.5771660419996,9.433299419470131e-05,596.9152345409966,0.007539666985394433,22,22,"[('(0, 0, 0, 0, 0, 0, 0, 0, 0, 0, 0)', 119), ('(0, 0, 0, 0, 0, 0, 0, 0, 0, 0, -1)', 28), ('(0, 0, 0, 0, 1, 0, 0, 0, 0, 0, 0)', 24), ('(0, 0, 0, 0, 0, 1, 0, 0, 0, 0, 0)', 23), ('(0, 0, 0, 0, 0, 0, 1, 0, 0, 0, 0)', 19), ('(0, 0, 0, 0, 0, 0, 0, 0, 0, 1, 0)', 16), ('(-1, 0, 0, 0, 0, 0, 0, 0, 0, 0, 0)', 13), ('(0, 0, 0, 0, 0, 0, 0, -1, 0, 0, 0)', 12), ('(0, 0, 0, 0, 1, 0, 0, 0, 0, 0, -1)', 11), ('(0, 0, 0, 0, 0, 0, 0, 0, -1, 0, 0)', 9)]",5
8,11,17,85,"[0, -1, 0, 0, 0, 1, 1, 0]","[0, 16, 0, 0, 0, 1, 1, 0]","[1, 1, 0, 0, 0, 0, 0, 0, 1, 1, 0]","[2, -1, 1, 2, 4, -1, -2, -5, -1, 2, -6]","[-1, -1, -1, 0, 0, 0, 0, 0, 0, 1, 0]",4.0,"[11, 2, 6, 1, 11, 10, 5, 5]",False,"[0, 0, 0, 0, 0, 0, 0, 0, 0, 0, 0]",4.0,"[2, -1, 1, 2, 4, -1, -2, -5, -1, 2, -6]","[11, 2, 6, 1, 11, 10, 5, 5]",False,"[0, 0, 0, 0, 0, 0, 0, 0, 0, 0, 0]",4.0,0,"[2, -1, 1, 2, 4, -1, -2, -5, -1, 2, -6]","[11, 2, 6, 1, 11, 10, 5, 5]",False,"[0, 0, 0, 0, 0, 0, 0, 0, 0, 0, 0]",4.0,"[2, -1, 1, 2, 4, -1, -2, -5, -1, 2, -6]","[11, 2, 6, 1, 11, 10, 5, 5]",False,"[-1, 0, 0, 0, 0, 0, 0, 0, 0, 0, 0]",7.0,14,0.02834008097165992,4077.0791949798895,3,1,7,4,"[1, -1, 0, 2, 4, -1, -1, -6, -1, 1, -6]","[11, 1, 16, 0, 9, 16, 16, 2]",False,20,20,False,True,True,True,8,False,False,False,False,False,False,False,True,True,True,True,False,False,False,False,True,"[0, -3, 0, 2, 4, -1, -2, -5, -2, 2, -6]",10,10,10,10,9,599.3925300409901,9.329200838692486e-05,598.7330555420194,0.00918300001649186,22,22,"[('(0, 0, 0, 0, 0, 0, 0, 0, 0, 0, 0)', 97), ('(0, 0, 0, 0, 0, 0, 1, 0, 0, 0, 0)', 24), ('(0, 0, 0, 0, 0, 0, 0, 0, 0, -1, 0)', 23), ('(0, 0, 0, 0, 1, 0, 0, 0, 0, 0, 0)', 20), ('(0, 1, 0, 0, 0, 0, 0, 0, 0, 0, 0)', 18), ('(-1, 0, 0, 0, 0, 0, 0, 0, 0, 0, 0)', 14), ('(0, 0, 0, 0, 0, 0, 0, 0, -1, 0, 0)', 13), ('(0, 0, 0, 1, 0, 0, 0, 0, 0, 0, 0)', 12), ('(0, 0, 0, 0, 1, 0, 1, 0, 0, 0, 0)', 10), ('(0, 0, 0, 0, 0, 1, 0, 0, 0, 0, 0)', 10)]",5
8,11,17,86,"[0, 1, 0, 0, 0, 0, 0, 0]","[0, 1, 0, 0, 0, 0, 0, 0]","[-1, -1, 1, -1, -1, 0, 0, 0, 0, 1, 0]","[-7, 6, 7, 6, -4, -5, -2, 2, 2, -3, 4]","[-1, -1, 0, -2, 0, 1, 0, 0, 0, 0, 0]",7.0,"[2, 4, 15, 1, 12, 8, 4, 12]",False,"[0, 1, -1, 0, 0, 0, 0, 0, 0, 0, 0]",5.0,"[-8, 5, 7, 5, -4, -5, -3, 3, 1, -3, 4]","[13, 2, 7, 4, 8, 9, 16, 12]",False,"[0, 1, -1, 0, 0, 0, 0, 0, 0, 0, 0]",5.0,2,"[-8, 5, 7, 5, -4, -5, -3, 3, 1, -3, 4]","[13, 2, 7, 4, 8, 9, 16, 12]",False,"[0, 1, 0, 0, 0, 0, 0, 0, 0, 0, 0]",6.0,"[-7, 5, 8, 5, -3, -5, -2, 3, 2, -3, 4]","[15, 1, 10, 12, 2, 2, 3, 6]",False,"[0, 0, 0, 0, 0, 0, -1, 0, 0, 0, 0]",6.0,19,0.0389344262295082,96.0004267726446,0,0,1,6,"[-7, 6, 6, 5, -3, -4, -2, 2, 2, -4, 4]","[0, 1, 0, 0, 0, 0, 0, 0]",True,20,20,True,True,False,False,0,True,True,False,False,False,True,True,True,True,False,False,False,False,False,False,True,"[-7, 6, 6, 5, -3, -4, -2, 2, 2, -4, 4]",5,9,9,8,0,598.8527454159921,0.00020229199435561895,598.1765828749922,0.007381291972706094,22,22,"[('(0, 0, 0, 0, 0, 0, 0, 0, 0, 0, 0)', 86), ('(0, 1, 0, 0, 0, 0, 0, 0, 0, 0, 0)', 22), ('(0, 0, 0, 0, 0, 0, 0, -1, 0, 0, 0)', 21), ('(0, 0, 0, 0, 0, 0, 0, 0, 0, 1, 0)', 19), ('(0, 0, 0, 0, 0, 0, -1, 0, 0, 0, 0)', 19), ('(0, 0, 0, 0, 0, 0, 0, 0, -1, 0, 0)', 18), ('(1, 0, 0, 0, 0, 0, 0, 0, 0, 0, 0)', 18), ('(0, 0, 0, 0, -1, 0, 0, 0, 0, 0, 0)', 17), ('(0, 0, -1, 0, 0, 0, 0, 0, 0, 0, 0)', 11), ('(0, 0, 0, -1, 0, 0, 0, 0, 0, 0, 0)', 9)]",5
8,11,17,88,"[-1, 0, 1, -1, 0, -1, 0, 0]","[16, 0, 1, 16, 0, 16, 0, 0]","[1, 0, 0, 0, 0, 0, 0, 0, 1, 0, 0]","[2, -3, 3, -1, -7, 4, 1, 3, -5, 6, 7]","[1, 0, 0, 0, 0, 0, 0, 0, 1, 0, 0]",2.0,"[16, 0, 1, 16, 0, 16, 0, 0]",True,"[0, 0, 0, 0, 0, 0, 0, 0, 0, 0, 0]",2.0,"[2, -3, 3, -1, -7, 4, 1, 3, -5, 6, 7]","[16, 0, 1, 16, 0, 16, 0, 0]",True,"[0, 0, 0, 0, 0, 0, 0, 0, 0, 0, 0]",2.0,0,"[2, -3, 3, -1, -7, 4, 1, 3, -5, 6, 7]","[16, 0, 1, 16, 0, 16, 0, 0]",True,"[0, 0, 0, 0, 0, 0, 0, 0, 0, 0, 0]",2.0,"[2, -3, 3, -1, -7, 4, 1, 3, -5, 6, 7]","[16, 0, 1, 16, 0, 16, 0, 0]",True,"[0, 0, 0, 0, 0, 0, 0, 0, 0, 0, 0]",2.0,112,0.22857142857142856,11.627261218128766,0,0,4,2,"[2, -3, 3, -1, -7, 4, 1, 3, -5, 6, 7]","[16, 0, 1, 16, 0, 16, 0, 0]",True,20,20,True,False,True,True,0,False,False,False,False,False,False,False,True,True,True,True,True,True,False,False,False,"[2, -3, 3, -1, -7, 4, 1, 3, -5, 6, 7]",0,0,0,0,0,599.0452142500144,9.958300506696105e-05,598.3938417909958,0.007517374993767589,22,22,"[('(0, 0, 0, 0, 0, 0, 0, 0, 0, 0, 0)', 112), ('(0, 0, 0, 0, -1, 0, 0, 0, 0, 0, 0)', 35), ('(0, 0, 0, 0, 0, 0, 0, 0, 0, 0, -1)', 27), ('(0, 0, 0, 0, 0, 0, 0, 0, 0, -1, 0)', 23), ('(1, 0, 0, 0, 0, 0, 0, 0, 0, 0, 0)', 23), ('(0, 0, 0, -1, 0, 0, 0, 0, 0, 0, 0)', 18), ('(0, 0, 0, 0, 0, 0, -1, 0, 0, 0, 0)', 13), ('(0, 0, 0, 0, -1, 0, -1, 0, 0, 0, 0)', 9), ('(0, 0, 0, 0, -1, 0, 0, 1, 0, 0, 0)', 9), ('(0, 0, 0, 0, 0, 0, 0, 1, 0, 0, 0)', 8)]",5
8,11,17,87,"[-1, 1, 1, 1, -1, 0, 1, 1]","[16, 1, 1, 1, 16, 0, 1, 1]","[0, -1, 0, 0, 0, 0, 0, 0, 0, 0, 0]","[5, -4, -1, 4, -1, 0, -7, -8, 7, 3, 2]","[0, -1, 0, 0, 0, 0, 0, 0, 0, 0, 0]",1.0,"[16, 1, 1, 1, 16, 0, 1, 1]",True,"[0, 0, 0, 0, 0, 0, 0, 0, 0, 0, 0]",1.0,"[5, -4, -1, 4, -1, 0, -7, -8, 7, 3, 2]","[16, 1, 1, 1, 16, 0, 1, 1]",True,"[0, 0, 0, 0, 0, 0, 0, 0, 0, 0, 0]",1.0,0,"[5, -4, -1, 4, -1, 0, -7, -8, 7, 3, 2]","[16, 1, 1, 1, 16, 0, 1, 1]",True,"[0, 0, 0, 0, 0, 0, 0, 0, 0, 0, 0]",1.0,"[5, -4, -1, 4, -1, 0, -7, -8, 7, 3, 2]","[16, 1, 1, 1, 16, 0, 1, 1]",True,"[0, 0, 0, 0, 0, 0, 0, 0, 0, 0, 0]",1.0,197,0.3995943204868154,80.52117329693054,0,0,7,1,"[5, -4, -1, 4, -1, 0, -7, -8, 7, 3, 2]","[16, 1, 1, 1, 16, 0, 1, 1]",True,20,20,True,False,True,True,0,False,False,False,False,False,False,False,True,True,True,True,True,True,False,False,False,"[5, -4, -1, 4, -1, 0, -7, -8, 7, 3, 2]",0,0,0,0,0,599.4720636249986,9.129199315793812e-05,598.828311041987,0.007666082994546741,22,22,"[('(0, 0, 0, 0, 0, 0, 0, 0, 0, 0, 0)', 197), ('(0, 0, 0, 0, 0, 0, 0, 1, 0, 0, 0)', 50), ('(0, 0, 0, 0, 0, 0, 0, 0, 0, 0, 1)', 42), ('(0, 0, 1, 0, 0, 0, 0, 0, 0, 0, 0)', 29), ('(0, 0, 0, 0, 0, 0, 0, 0, 0, 1, 0)', 24), ('(0, 0, 1, 0, 0, 0, 0, 1, 0, 0, 0)', 12), ('(0, 0, 0, 0, 0, 0, 0, 1, 0, 0, 1)', 7), ('(0, 0, -1, 0, 0, 0, 0, 0, 0, 0, 0)', 7), ('(0, 0, 0, 0, 0, 0, 0, 1, 0, 1, 0)', 6), ('(0, 0, 0, 0, 0, 1, 0, 0, 0, 0, 0)', 6)]",5
8,11,17,89,"[0, 0, 1, -1, 0, 1, 1, 0]","[0, 0, 1, 16, 0, 1, 1, 0]","[-1, 0, 0, 0, -1, 0, -1, 0, 0, -1, 0]","[3, 4, 6, -1, -3, 5, -5, 9, -8, -6, 2]","[1, -1, -1, 0, 0, 0, 0, -1, 0, 0, 1]",5.0,"[1, 15, 4, 10, 0, 12, 3, 10]",False,"[-1, 0, -1, 0, 1, 0, 0, 0, 0, 0, 0]",4.0,"[5, 3, 5, -1, -2, 5, -4, 8, -8, -5, 3]","[0, 0, 1, 16, 0, 1, 1, 0]",True,"[0, 0, 0, 0, 0, 0, 0, 0, 0, 0, 0]",5.0,0,"[3, 4, 6, -1, -3, 5, -5, 9, -8, -6, 2]","[1, 15, 4, 10, 0, 12, 3, 10]",False,"[0, 0, 0, 0, 0, 0, 0, 0, 0, 0, 0]",5.0,"[3, 4, 6, -1, -3, 5, -5, 9, -8, -6, 2]","[1, 15, 4, 10, 0, 12, 3, 10]",False,"[-1, 0, 0, 0, 0, 0, 0, 0, 0, 0, 0]",5.0,15,0.030364372469635626,5064.972741127776,5,0,6,5,"[3, 3, 6, -1, -3, 4, -5, 9, -8, -6, 2]","[9, 0, 8, 1, 8, 3, 0, 9]",False,20,20,False,True,False,False,7,True,True,True,False,False,False,False,False,False,False,False,False,False,False,False,False,"[5, 3, 5, -1, -2, 5, -4, 8, -8, -5, 3]",11,0,11,11,11,598.765453458007,0.00010537498746998608,598.093294292019,0.008713540999451652,22,22,"[('(0, 0, 0, 0, 0, 0, 0, 0, 0, 0, 0)', 121), ('(0, 0, 0, 0, 0, 0, 0, 0, 0, 1, 0)', 39), ('(0, 0, 0, 0, 0, -1, 0, 0, 0, 0, 0)', 27), ('(0, 0, -1, 0, 0, 0, 0, 0, 0, 0, 0)', 25), ('(0, 0, 0, 0, 1, 0, 0, 0, 0, 0, 0)', 24), ('(0, 0, 0, 0, 0, 0, 0, 0, 0, 0, 1)', 22), ('(0, 0, 0, 0, 0, 0, -1, 0, 0, 0, 0)', 16), ('(-1, 0, 0, 0, 0, 0, 0, 0, 0, 0, 0)', 15), ('(0, 0, 0, 0, 0, 0, 0, 0, -1, 0, 0)', 9), ('(-1, 0, 0, 0, 0, 0, 0, 0, 0, 0, 1)', 6)]",5
8,11,17,90,"[-1, 0, 0, 1, 0, -1, -1, -1]","[16, 0, 0, 1, 0, 16, 16, 16]","[0, 0, 1, 0, 0, 0, 0, 0, 0, -1, 0]","[-3, 7, -9, 3, 3, 5, -5, 6, 2, 7, 7]","[0, 0, 1, 0, 0, 0, 0, 0, 0, -1, 0]",2.0,"[16, 0, 0, 1, 0, 16, 16, 16]",True,"[0, 0, 0, 0, 0, 0, 0, 0, 0, 0, 0]",2.0,"[-3, 7, -9, 3, 3, 5, -5, 6, 2, 7, 7]","[16, 0, 0, 1, 0, 16, 16, 16]",True,"[0, 0, 0, 0, 0, 0, 0, 0, 0, 0, 0]",2.0,0,"[-3, 7, -9, 3, 3, 5, -5, 6, 2, 7, 7]","[16, 0, 0, 1, 0, 16, 16, 16]",True,"[0, 0, 0, 0, 0, 0, 0, 0, 0, 0, 0]",2.0,"[-3, 7, -9, 3, 3, 5, -5, 6, 2, 7, 7]","[16, 0, 0, 1, 0, 16, 16, 16]",True,"[0, 0, 0, 0, 0, 0, 0, 0, 0, 0, 0]",2.0,126,0.25250501002004005,31.615581291354143,0,0,5,2,"[-3, 7, -9, 3, 3, 5, -5, 6, 2, 7, 7]","[16, 0, 0, 1, 0, 16, 16, 16]",True,20,20,True,False,True,True,0,False,False,False,False,False,False,False,True,True,True,True,True,True,False,False,False,"[-3, 7, -9, 3, 3, 5, -5, 6, 2, 7, 7]",0,0,0,0,0,598.5433095829794,8.620801963843405e-05,597.8945609169896,0.007581791986012831,22,22,"[('(0, 0, 0, 0, 0, 0, 0, 0, 0, 0, 0)', 126), ('(0, 0, 0, 0, 0, 0, 0, 0, 0, 0, 1)', 32), ('(0, 0, 0, 0, 0, 0, 0, 0, 0, -1, 0)', 27), ('(0, 0, 0, 0, 0, 1, 0, 0, 0, 0, 0)', 27), ('(0, 1, 0, 0, 0, 0, 0, 0, 0, 0, 0)', 27), ('(0, 0, 0, 0, 0, 0, -1, 0, 0, 0, 0)', 26), ('(0, 0, 0, 0, 0, 0, 0, 0, 1, 0, 0)', 21), ('(0, 0, 0, 1, 0, 0, 0, 0, 0, 0, 0)', 17), ('(0, 0, 0, 0, 0, 0, 0, 0, 0, -1, 1)', 10), ('(0, 1, 0, 0, 0, 0, 0, 0, 0, 0, 1)', 8)]",5
8,11,17,91,"[1, 1, 0, 1, 0, 0, 1, -1]","[1, 1, 0, 1, 0, 0, 1, 16]","[0, -1, 0, 0, 0, 0, 0, 0, 0, 0, 1]","[6, 2, -2, -7, 6, 4, -5, 3, 0, 5, 2]","[0, -1, 0, 0, 0, 0, 0, 0, 0, 0, 1]",2.0,"[1, 1, 0, 1, 0, 0, 1, 16]",True,"[0, 0, 0, 0, 0, 0, 0, 0, 0, 0, 0]",2.0,"[6, 2, -2, -7, 6, 4, -5, 3, 0, 5, 2]","[1, 1, 0, 1, 0, 0, 1, 16]",True,"[0, 0, 0, 0, 0, 0, 0, 0, 0, 0, 0]",2.0,0,"[6, 2, -2, -7, 6, 4, -5, 3, 0, 5, 2]","[1, 1, 0, 1, 0, 0, 1, 16]",True,"[0, 0, 0, 0, 0, 0, 0, 0, 0, 0, 0]",2.0,"[6, 2, -2, -7, 6, 4, -5, 3, 0, 5, 2]","[1, 1, 0, 1, 0, 0, 1, 16]",True,"[0, 0, 0, 0, 0, 0, 0, 0, 0, 0, 0]",2.0,102,0.2073170731707317,31.636527101177037,0,0,5,2,"[6, 2, -2, -7, 6, 4, -5, 3, 0, 5, 2]","[1, 1, 0, 1, 0, 0, 1, 16]",True,20,20,True,False,True,True,0,False,False,False,False,False,False,False,True,True,True,True,True,True,False,False,False,"[6, 2, -2, -7, 6, 4, -5, 3, 0, 5, 2]",0,0,0,0,0,598.4288617089915,0.00010237499373033643,597.7714152089902,0.008412875002250075,22,22,"[('(0, 0, 0, 0, 0, 0, 0, 0, 0, 0, 0)', 102), ('(1, 0, 0, 0, 0, 0, 0, 0, 0, 0, 0)', 35), ('(0, 0, 0, 0, 0, 0, 0, 1, 0, 0, 0)', 30), ('(0, 0, 0, 0, 0, 0, 0, 0, 0, -1, 0)', 25), ('(0, 0, 1, 0, 0, 0, 0, 0, 0, 0, 0)', 23), ('(0, 0, 0, 0, 0, 1, 0, 0, 0, 0, 0)', 20), ('(0, 0, 0, 0, 0, 0, 0, 0, 0, 0, 1)', 19), ('(0, 0, 1, 0, 0, 0, 0, 0, 0, -1, 0)', 13), ('(1, 0, 0, 0, 0, 1, 0, 0, 0, 0, 0)', 7), ('(0, 0, 0, 0, 0, 1, 0, 1, 0, 0, 0)', 7)]",5
8,11,17,92,"[-1, -1, 0, -1, 0, 0, 0, -1]","[16, 16, 0, 16, 0, 0, 0, 16]","[0, 0, 0, 0, 0, 0, 0, 0, 0, 0, 0]","[-6, -7, -4, -5, 3, -4, 3, 3, 6, 8, 8]","[0, 0, 0, 0, 0, 0, 0, 0, 0, 0, 0]",0.0,"[16, 16, 0, 16, 0, 0, 0, 16]",True,"[0, 0, 0, 0, 0, 0, 0, 0, 0, 0, 0]",0.0,"[-6, -7, -4, -5, 3, -4, 3, 3, 6, 8, 8]","[16, 16, 0, 16, 0, 0, 0, 16]",True,"[0, 0, 0, 0, 0, 0, 0, 0, 0, 0, 0]",0.0,0,"[-6, -7, -4, -5, 3, -4, 3, 3, 6, 8, 8]","[16, 16, 0, 16, 0, 0, 0, 16]",True,"[0, 0, 0, 0, 0, 0, 0, 0, 0, 0, 0]",0.0,"[-6, -7, -4, -5, 3, -4, 3, 3, 6, 8, 8]","[16, 16, 0, 16, 0, 0, 0, 16]",True,"[0, 0, 0, 0, 0, 0, 0, 0, 0, 0, 0]",0.0,349,0.6993987975951904,29.414206684551655,0,0,4,0,"[-6, -7, -4, -5, 3, -4, 3, 3, 6, 8, 8]","[16, 16, 0, 16, 0, 0, 0, 16]",True,20,20,True,False,True,True,0,False,False,False,False,False,False,False,True,True,True,True,True,True,False,False,False,"[-6, -7, -4, -5, 3, -4, 3, 3, 6, 8, 8]",0,0,0,0,0,596.0169970830029,9.566600783728063e-05,595.3725772500038,0.007361875002970919,22,22,"[('(0, 0, 0, 0, 0, 0, 0, 0, 0, 0, 0)', 349), ('(0, 0, 0, 0, -1, 0, 0, 0, 0, 0, 0)', 9), ('(0, 0, 0, -1, 0, 0, 0, 0, 0, 0, 0)', 8), ('(0, 0, 0, 0, 0, 0, 0, 0, 0, -1, 0)', 7), ('(0, 0, 0, 0, 0, 0, 0, 1, 0, 0, 0)', 7), ('(0, 0, 1, 0, 0, 0, 0, 0, 0, 0, 0)', 7), ('(0, 0, 0, 0, 0, 0, 0, 0, -1, 0, 0)', 7), ('(0, 0, 0, 0, 0, 0, 0, 0, 0, 0, 1)', 6), ('(0, 0, 0, 0, 0, 0, 0, 0, 0, 0, -1)', 6), ('(0, 0, 0, 0, 1, 0, 0, 0, 0, 0, 0)', 6)]",5
8,11,17,93,"[-1, 1, 1, 0, -1, 0, -1, 0]","[16, 1, 1, 0, 16, 0, 16, 0]","[0, 0, 0, 0, 1, 0, -1, 0, 0, 0, 0]","[2, 4, 4, 2, -3, 1, -7, -5, 4, 2, 8]","[0, 0, 0, 0, 1, 0, -1, 0, 0, 0, 0]",2.0,"[16, 1, 1, 0, 16, 0, 16, 0]",True,"[0, 0, 0, 0, 0, 0, 0, 0, 0, 0, 0]",2.0,"[2, 4, 4, 2, -3, 1, -7, -5, 4, 2, 8]","[16, 1, 1, 0, 16, 0, 16, 0]",True,"[0, 0, 0, 0, 0, 0, 0, 0, 0, 0, 0]",2.0,0,"[2, 4, 4, 2, -3, 1, -7, -5, 4, 2, 8]","[16, 1, 1, 0, 16, 0, 16, 0]",True,"[0, 0, 0, 0, 0, 0, 0, 0, 0, 0, 0]",2.0,"[2, 4, 4, 2, -3, 1, -7, -5, 4, 2, 8]","[16, 1, 1, 0, 16, 0, 16, 0]",True,"[0, 0, 0, 0, 0, 0, 0, 0, 0, 0, 0]",2.0,117,0.23684210526315788,31.622931537553434,0,0,5,2,"[2, 4, 4, 2, -3, 1, -7, -5, 4, 2, 8]","[16, 1, 1, 0, 16, 0, 16, 0]",True,20,20,True,False,True,True,0,False,False,False,False,False,False,False,True,True,True,True,True,True,False,False,False,"[2, 4, 4, 2, -3, 1, -7, -5, 4, 2, 8]",0,0,0,0,0,597.2458995409834,0.00011662501492537558,596.5866854999913,0.007261874998221174,22,22,"[('(0, 0, 0, 0, 0, 0, 0, 0, 0, 0, 0)', 117), ('(0, 0, 0, 0, 0, 0, 0, 1, 0, 0, 0)', 35), ('(0, 0, 0, 0, 0, 1, 0, 0, 0, 0, 0)', 29), ('(1, 0, 0, 0, 0, 0, 0, 0, 0, 0, 0)', 26), ('(0, 0, -1, 0, 0, 0, 0, 0, 0, 0, 0)', 23), ('(0, 0, 0, 0, 0, 0, 0, 0, -1, 0, 0)', 22), ('(0, 0, 0, 0, 0, 0, -1, 0, 0, 0, 0)', 18), ('(0, 0, 0, 0, 0, 0, 0, 0, 0, -1, 0)', 12), ('(0, 0, 0, 0, 0, 0, 0, 1, 0, -1, 0)', 9), ('(0, 0, 0, 0, 0, 0, -1, 0, -1, 0, 0)', 7)]",5
8,11,17,94,"[1, 0, -1, 1, 0, 1, 1, 1]","[1, 0, 16, 1, 0, 1, 1, 1]","[-1, 0, 0, 1, 0, 0, 0, 0, 0, 0, 0]","[0, 2, 3, 0, 7, 2, -5, -2, 5, -5, 7]","[-1, 0, 0, 1, 0, 0, 0, 0, 0, 0, 0]",2.0,"[1, 0, 16, 1, 0, 1, 1, 1]",True,"[0, 0, 0, 0, 0, 0, 0, 0, 0, 0, 0]",2.0,"[0, 2, 3, 0, 7, 2, -5, -2, 5, -5, 7]","[1, 0, 16, 1, 0, 1, 1, 1]",True,"[0, 0, 0, 0, 0, 0, 0, 0, 0, 0, 0]",2.0,0,"[0, 2, 3, 0, 7, 2, -5, -2, 5, -5, 7]","[1, 0, 16, 1, 0, 1, 1, 1]",True,"[0, 0, 0, 0, 0, 0, 0, 0, 0, 0, 0]",2.0,"[0, 2, 3, 0, 7, 2, -5, -2, 5, -5, 7]","[1, 0, 16, 1, 0, 1, 1, 1]",True,"[0, 0, 0, 0, 0, 0, 0, 0, 0, 0, 0]",2.0,96,0.1955193482688391,51.642528902149664,0,0,6,2,"[0, 2, 3, 0, 7, 2, -5, -2, 5, -5, 7]","[1, 0, 16, 1, 0, 1, 1, 1]",True,20,20,True,False,True,True,0,False,False,False,False,False,False,False,True,True,True,True,True,True,False,False,False,"[0, 2, 3, 0, 7, 2, -5, -2, 5, -5, 7]",0,0,0,0,0,597.4913683750201,0.00013220799155533314,596.8156314580119,0.007383999996818602,22,22,"[('(0, 0, 0, 0, 0, 0, 0, 0, 0, 0, 0)', 96), ('(0, 0, 0, 0, 0, 0, 0, 0, 0, 1, 0)', 26), ('(0, 0, 0, 0, 0, 0, -1, 0, 0, 0, 0)', 22), ('(0, 0, 0, 0, 0, 0, 0, -1, 0, 0, 0)', 18), ('(0, 0, 0, 0, -1, 0, 0, 0, 0, 0, 0)', 17), ('(0, 0, 0, -1, 0, 0, 0, 0, 0, 0, 0)', 16), ('(0, 0, 0, 0, 0, 0, 0, 0, 1, 0, 0)', 16), ('(0, 1, 0, 0, 0, 0, 0, 0, 0, 0, 0)', 16), ('(0, 0, 0, 0, 0, 1, 0, 0, 0, 0, 0)', 15), ('(0, 0, 0, 0, 0, 0, 0, 0, 0, 0, -1)', 10)]",5
8,11,17,95,"[-1, 0, -1, 0, 1, 0, -1, -1]","[16, 0, 16, 0, 1, 0, 16, 16]","[0, 0, 0, -1, 0, 0, 0, 0, 0, 0, 0]","[4, 0, 2, 5, 7, 7, 4, 1, -8, 3, 3]","[0, 0, 0, -1, 0, 0, 0, 0, 0, 0, 0]",1.0,"[16, 0, 16, 0, 1, 0, 16, 16]",True,"[0, 0, 0, 0, 0, 0, 0, 0, 0, 0, 0]",1.0,"[4, 0, 2, 5, 7, 7, 4, 1, -8, 3, 3]","[16, 0, 16, 0, 1, 0, 16, 16]",True,"[0, 0, 0, 0, 0, 0, 0, 0, 0, 0, 0]",1.0,0,"[4, 0, 2, 5, 7, 7, 4, 1, -8, 3, 3]","[16, 0, 16, 0, 1, 0, 16, 16]",True,"[0, 0, 0, 0, 0, 0, 0, 0, 0, 0, 0]",1.0,"[4, 0, 2, 5, 7, 7, 4, 1, -8, 3, 3]","[16, 0, 16, 0, 1, 0, 16, 16]",True,"[0, 0, 0, 0, 0, 0, 0, 0, 0, 0, 0]",1.0,114,0.2331288343558282,40.575506787163675,0,0,5,1,"[4, 0, 2, 5, 7, 7, 4, 1, -8, 3, 3]","[16, 0, 16, 0, 1, 0, 16, 16]",True,20,20,True,False,True,True,0,False,False,False,False,False,False,False,True,True,True,True,True,True,False,False,False,"[4, 0, 2, 5, 7, 7, 4, 1, -8, 3, 3]",0,0,0,0,0,597.5725842909887,9.341700933873653e-05,596.9033852909924,0.007415875006699935,22,22,"[('(0, 0, 0, 0, 0, 0, 0, 0, 0, 0, 0)', 114), ('(0, 0, 0, 0, 0, -1, 0, 0, 0, 0, 0)', 30), ('(0, 0, 0, 0, 0, 0, 0, 0, 0, -1, 0)', 27), ('(0, 0, 0, 0, 0, 0, 0, 0, 0, 0, -1)', 25), ('(0, 0, 0, 0, 0, 0, 0, 0, 1, 0, 0)', 23), ('(-1, 0, 0, 0, 0, 0, 0, 0, 0, 0, 0)', 22), ('(0, 0, 1, 0, 0, 0, 0, 0, 0, 0, 0)', 20), ('(0, 0, 0, 0, 0, 0, -1, 0, 0, 0, 0)', 17), ('(0, 0, 0, 0, 0, 0, 0, 0, 1, -1, 0)', 11), ('(0, 0, 0, 0, 0, 0, -1, 0, 0, -1, 0)', 7)]",5
8,11,17,97,"[1, 0, 0, 1, -1, 0, -1, 1]","[1, 0, 0, 1, 16, 0, 16, 1]","[0, 0, 0, 1, 0, 0, 0, 1, 0, 0, 0]","[9, 7, 6, -6, 8, -8, 2, 6, -9, -4, -2]","[-1, -1, 1, 0, 0, 1, 0, -1, 1, 0, 0]",6.0,"[13, 7, 1, 13, 5, 10, 16, 14]",False,"[0, 1, 0, 1, 1, 0, -1, 0, -1, 0, 0]",2.0,"[8, 6, 7, -7, 8, -7, 2, 4, -8, -4, -2]","[1, 0, 0, 1, 16, 0, 16, 1]",True,"[0, 0, 0, 0, 1, 0, 0, 0, 0, 0, 0]",5.0,1,"[8, 6, 7, -5, 8, -7, 1, 5, -9, -3, -1]","[10, 3, 13, 6, 0, 11, 10, 13]",False,"[0, 0, 0, 0, 1, 0, 0, 0, 0, 0, 0]",5.0,"[8, 6, 7, -5, 8, -7, 1, 5, -9, -3, -1]","[10, 3, 13, 6, 0, 11, 10, 13]",False,"[0, 0, 0, 1, 0, 0, 0, 0, 0, 0, 0]",10.0,18,0.03696098562628337,6110.205556102083,5,1,7,7,"[7, 6, 7, -5, 8, -8, 2, 7, -9, -5, -3]","[2, 0, 16, 12, 1, 11, 6, 4]",False,20,20,False,True,False,False,8,True,True,True,False,False,False,False,False,False,False,False,False,False,True,True,False,"[8, 6, 7, -7, 8, -7, 2, 4, -8, -4, -2]",10,0,9,9,18,597.3796558339964,0.00015458400594070554,596.7350665839913,0.00791345801553689,22,22,"[('(0, 0, 0, 0, 0, 0, 0, 0, 0, 0, 0)', 89), ('(0, 0, 0, 0, 1, 0, 0, 0, 0, 0, 0)', 25), ('(0, 0, 0, 0, 0, 1, 0, 0, 0, 0, 0)', 22), ('(0, 0, 0, 0, 0, 0, 0, 0, 1, 0, 0)', 21), ('(0, 0, 0, 0, 0, 0, 0, -1, 0, 0, 0)', 19), ('(0, 0, 0, 1, 0, 0, 0, 0, 0, 0, 0)', 18), ('(0, 0, 0, 0, 1, 1, 0, 0, 0, 0, 0)', 12), ('(0, 1, 0, 0, 0, 0, 0, 0, 0, 0, 0)', 12), ('(0, 1, 0, 0, 0, 1, 0, 0, 0, 0, 0)', 8), ('(0, 0, 0, 0, 0, 0, 0, -1, 1, 0, 0)', 8)]",5
8,11,17,96,"[-1, 0, 1, 0, 1, 0, 0, 0]","[16, 0, 1, 0, 1, 0, 0, 0]","[-1, 0, 0, -1, 0, -1, 0, 0, 0, 0, 0]","[2, 5, 5, 5, -8, -6, 7, 0, 7, -4, 0]","[-1, 0, 0, -1, 0, -1, 0, 0, 0, 0, 0]",3.0,"[16, 0, 1, 0, 1, 0, 0, 0]",True,"[0, 0, 0, 0, 0, 0, 0, 0, 0, 0, 0]",3.0,"[2, 5, 5, 5, -8, -6, 7, 0, 7, -4, 0]","[16, 0, 1, 0, 1, 0, 0, 0]",True,"[0, 0, 0, 0, 0, 0, 0, 0, 0, 0, 0]",3.0,0,"[2, 5, 5, 5, -8, -6, 7, 0, 7, -4, 0]","[16, 0, 1, 0, 1, 0, 0, 0]",True,"[0, 0, 0, 0, 0, 0, 0, 0, 0, 0, 0]",3.0,"[2, 5, 5, 5, -8, -6, 7, 0, 7, -4, 0]","[16, 0, 1, 0, 1, 0, 0, 0]",True,"[0, 0, 0, 0, 0, 0, 0, 0, 0, 0, 0]",3.0,72,0.1469387755102041,22.72095405588516,0,0,3,3,"[2, 5, 5, 5, -8, -6, 7, 0, 7, -4, 0]","[16, 0, 1, 0, 1, 0, 0, 0]",True,20,20,True,False,True,True,0,False,False,False,False,False,False,False,True,True,True,True,True,True,False,False,False,"[2, 5, 5, 5, -8, -6, 7, 0, 7, -4, 0]",0,0,0,0,0,598.083295917022,9.49160021264106e-05,597.4368594159896,0.00602683299803175,22,22,"[('(0, 0, 0, 0, 0, 0, 0, 0, 0, 0, 0)', 72), ('(-1, 0, 0, 0, 0, 0, 0, 0, 0, 0, 0)', 25), ('(0, 0, -1, 0, 0, 0, 0, 0, 0, 0, 0)', 20), ('(0, -1, 0, 0, 0, 0, 0, 0, 0, 0, 0)', 19), ('(0, 0, 0, 0, 0, 0, 0, 0, 0, 0, 1)', 17), ('(0, 0, 0, -1, 0, 0, 0, 0, 0, 0, 0)', 17), ('(0, 0, 0, 0, 0, 1, 0, 0, 0, 0, 0)', 16), ('(0, 0, 0, 0, 0, 0, 1, 0, 0, 0, 0)', 15), ('(0, 0, 0, 0, 0, 0, 0, 0, 1, 0, 0)', 15), ('(0, 0, 0, 0, 0, 0, 0, 0, 0, 1, 0)', 10)]",5
8,11,17,98,"[0, -1, 0, 0, -1, -1, 1, 1]","[0, 16, 0, 0, 16, 16, 1, 1]","[0, 0, -1, 0, 1, 0, -1, 1, 0, 0, -1]","[-2, -3, 1, -4, -7, -4, 9, 3, -3, -4, -6]","[0, 1, -1, 0, 0, -1, -1, 0, 0, 0, 0]",4.0,"[15, 1, 13, 8, 13, 5, 7, 15]",False,"[0, 0, 0, 0, 0, 0, 0, 0, 0, 0, 0]",4.0,"[-2, -3, 1, -4, -7, -4, 9, 3, -3, -4, -6]","[15, 1, 13, 8, 13, 5, 7, 15]",False,"[0, 0, 0, 0, 0, 0, 0, 0, 0, 0, 0]",4.0,0,"[-2, -3, 1, -4, -7, -4, 9, 3, -3, -4, -6]","[15, 1, 13, 8, 13, 5, 7, 15]",False,"[0, 0, 0, 0, 0, 0, 0, 0, 0, 0, 0]",4.0,"[-2, -3, 1, -4, -7, -4, 9, 3, -3, -4, -6]","[15, 1, 13, 8, 13, 5, 7, 15]",False,"[0, 0, 0, 0, 0, 0, 0, 1, 0, 0, 0]",5.0,14,0.028688524590163935,44.979194979889776,0,0,5,5,"[-2, -2, 1, -4, -8, -5, 9, 2, -3, -4, -5]","[0, 16, 0, 0, 16, 16, 1, 1]",True,20,20,True,True,True,True,0,False,False,False,False,False,True,True,True,True,True,True,False,False,False,False,True,"[-2, -2, 1, -4, -8, -5, 9, 2, -3, -4, -5]",5,5,5,5,0,597.3191539580002,9.991598199121654e-05,596.6923356250045,0.005024584010243416,22,22,"[('(0, 0, 0, 0, 0, 0, 0, 0, 0, 0, 0)', 82), ('(0, 0, 0, 0, -1, 0, 0, 0, 0, 0, 0)', 22), ('(0, 0, 0, 0, 0, 0, 0, 0, 0, 0, -1)', 18), ('(0, 0, 0, 0, 0, 0, 0, 0, 1, 0, 0)', 16), ('(0, 0, 0, 0, 0, 0, 0, 1, 0, 0, 0)', 14), ('(0, 0, 0, 0, 0, 0, 0, 0, 0, -1, 0)', 13), ('(0, 0, 0, 0, 0, 0, -1, 0, 0, 0, 0)', 11), ('(0, 0, 0, 0, 0, 1, 0, 0, 0, 0, 0)', 10), ('(0, 0, -1, 0, 0, 0, 0, 0, 0, 0, 0)', 9), ('(0, 0, 0, -1, 0, 0, 0, 0, 0, 0, 0)', 8)]",5
8,11,17,99,"[1, 0, 0, 1, 0, 0, 0, 1]","[1, 0, 0, 1, 0, 0, 0, 1]","[0, 0, -1, 0, 1, 0, 0, 0, 0, 0, -1]","[7, 0, 0, 5, 4, -7, 3, -3, 5, -5, 8]","[0, 0, 1, -1, -1, 0, 1, 0, 0, 1, 0]",5.0,"[12, 1, 4, 3, 11, 16, 13, 8]",False,"[0, -1, -1, 0, -1, 1, -1, 0, 0, 0, 0]",3.0,"[6, 0, 1, 4, 3, -7, 4, -2, 4, -4, 8]","[2, 4, 7, 5, 5, 5, 11, 10]",False,"[0, 0, 0, 0, 0, 0, 0, 0, 0, 0, 0]",5.0,0,"[7, 0, 0, 5, 4, -7, 3, -3, 5, -5, 8]","[12, 1, 4, 3, 11, 16, 13, 8]",False,"[0, 0, 0, 0, 0, 0, 0, 0, 0, 0, 0]",5.0,"[7, 0, 0, 5, 4, -7, 3, -3, 5, -5, 8]","[12, 1, 4, 3, 11, 16, 13, 8]",False,"[-1, 0, 0, 0, 0, 0, 0, 0, 0, 0, 0]",7.0,11,0.022494887525562373,5107.101509335022,5,0,7,7,"[8, 1, 0, 5, 3, -8, 3, -3, 5, -5, 8]","[6, 1, 10, 0, 15, 1, 11, 3]",False,20,20,False,True,False,False,6,True,True,False,False,False,False,False,False,False,False,False,False,False,False,False,False,"[7, 0, 2, 4, 2, -7, 4, -3, 5, -4, 9]",12,6,12,12,12,594.9506646249793,0.00010370800737291574,594.2976063750102,0.00392587500391528,22,22,"[('(0, 0, 0, 0, 0, 0, 0, 0, 0, 0, 0)', 71), ('(0, 0, 0, 0, 0, 0, -1, 0, 0, 0, 0)', 25), ('(0, 0, 0, 0, 0, 0, 0, 0, 1, 0, 0)', 24), ('(0, 0, 0, -1, 0, 0, 0, 0, 0, 0, 0)', 23), ('(0, -1, 0, 0, 0, 0, 0, 0, 0, 0, 0)', 19), ('(0, 0, -1, 0, 0, 0, 0, 0, 0, 0, 0)', 16), ('(0, 0, 0, 0, 1, 0, 0, 0, 0, 0, 0)', 12), ('(-1, 0, 0, 0, 0, 0, 0, 0, 0, 0, 0)', 11), ('(0, 0, 0, 0, 0, 0, 0, 1, 0, 0, 0)', 9), ('(0, 0, 0, 0, 0, 0, 0, 0, 0, 0, -1)', 9)]",5
9,12,17,0,"[0, -1, 0, 1, -1, -1, 0, -1, -1]","[0, 16, 0, 1, 16, 16, 0, 16, 16]","[0, 0, 0, 0, 1, 0, -1, 0, 1, 0, 1, 0]","[3, 3, -2, 5, -5, 2, -4, -9, -7, 6, -6, -2]","[1, 0, 0, 1, 0, 0, 0, 1, -1, 0, 0, 0]",4.0,"[4, 6, 2, 3, 3, 10, 3, 4, 14]",False,"[0, 0, 0, 1, 0, 0, -1, 0, 1, 0, 0, 0]",3.0,"[4, 3, -1, 7, -5, 2, -4, -8, -8, 6, -5, -2]","[11, 8, 0, 7, 1, 16, 10, 4, 8]",False,"[0, 0, 0, 0, 0, 0, 0, 0, 0, 0, 0, 0]",4.0,0,"[3, 3, -2, 5, -5, 2, -4, -9, -7, 6, -6, -2]","[4, 6, 2, 3, 3, 10, 3, 4, 14]",False,"[0, 0, 0, 0, 0, 0, 0, 0, 0, 0, 0, 0]",4.0,"[3, 3, -2, 5, -5, 2, -4, -9, -7, 6, -6, -2]","[4, 6, 2, 3, 3, 10, 3, 4, 14]",False,"[0, 0, 0, 1, 0, 0, 0, 0, 0, 0, 0, 0]",5.0,23,0.0471311475409836,4084.9321946169653,4,0,7,5,"[5, 2, -1, 6, -5, 1, -4, -8, -7, 6, -6, -2]","[9, 9, 1, 16, 7, 0, 16, 0, 3]",False,20,20,False,True,False,False,8,True,True,False,False,False,False,False,False,False,False,False,False,False,False,False,False,"[4, 3, -2, 6, -6, 2, -3, -8, -9, 6, -7, -2]",10,9,10,10,11,3169.9299740419956,8.275001891888678e-05,3168.232047999976,0.008700625010533258,24,24,"[('(0, 0, 0, 0, 0, 0, 0, 0, 0, 0, 0, 0)', 72), ('(0, 0, 0, 0, 0, 0, 0, -1, 0, 0, 0, 0)', 26), ('(0, 0, 0, 1, 0, 0, 0, 0, 0, 0, 0, 0)', 23), ('(0, 0, 0, 0, 0, 0, 0, 0, 0, 0, 0, 1)', 18), ('(0, 0, 0, 0, 0, 0, 0, 0, 0, 0, -1, 0)', 15), ('(0, 1, 0, 0, 0, 0, 0, 0, 0, 0, 0, 0)', 14), ('(0, 0, 0, 0, 0, 0, 0, 0, 0, -1, 0, 0)', 12), ('(0, 0, 0, 1, 0, 0, 0, 0, 0, 0, -1, 0)', 11), ('(-1, 0, 0, 0, 0, 0, 0, 0, 0, 0, 0, 0)', 7), ('(0, 0, 0, 0, -1, 0, 0, 0, 0, 0, 0, 0)', 6)]",5
9,12,17,3,"[1, 0, 0, 0, 0, -1, -1, 0, 1]","[1, 0, 0, 0, 0, 16, 16, 0, 1]","[0, 1, 0, 0, 0, 1, 0, 0, 1, 0, 0, -1]","[2, 8, -5, 3, -8, -7, 5, -7, 5, 5, -2, -5]","[1, 0, 1, 0, 0, 1, -1, 0, 0, 0, 1, 0]",5.0,"[0, 1, 2, 15, 9, 12, 1, 3, 2]",False,"[0, 0, -1, 0, -1, 0, 0, 1, 0, 0, 0, 0]",4.0,"[3, 7, -4, 3, -8, -7, 4, -7, 4, 5, -1, -4]","[1, 0, 0, 0, 0, 16, 16, 0, 1]",True,"[0, 0, 0, 0, 0, 0, 0, 0, 0, 0, 0, 0]",5.0,0,"[2, 8, -5, 3, -8, -7, 5, -7, 5, 5, -2, -5]","[0, 1, 2, 15, 9, 12, 1, 3, 2]",False,"[0, 0, 0, 0, 0, 0, 0, 0, 0, 0, 0, 0]",5.0,"[2, 8, -5, 3, -8, -7, 5, -7, 5, 5, -2, -5]","[0, 1, 2, 15, 9, 12, 1, 3, 2]",False,"[0, 0, 0, 0, 0, 0, 0, 0, 0, 0, 0, 0]",5.0,87,0.17864476386036962,6104.802266318552,6,0,8,5,"[2, 8, -5, 3, -8, -7, 5, -7, 5, 5, -2, -5]","[0, 1, 2, 15, 9, 12, 1, 3, 2]",False,20,20,False,True,False,False,6,True,True,True,False,False,False,False,False,False,False,False,False,False,False,False,False,"[3, 7, -4, 3, -8, -7, 4, -7, 4, 5, -1, -4]",7,0,7,7,7,3170.3108078750083,8.033300400711596e-05,3168.57365604199,0.009068084007594734,24,24,"[('(0, 0, 0, 0, 0, 0, 0, 0, 0, 0, 0, 0)', 87), ('(0, 0, 0, 0, 0, -1, 0, 0, 0, 0, 0, 0)', 23), ('(0, 0, -1, 0, 0, 0, 0, 0, 0, 0, 0, 0)', 22), ('(0, 1, 0, 0, 0, 0, 0, 0, 0, 0, 0, 0)', 20), ('(0, 0, 0, 0, -1, 0, 0, 0, 0, 0, 0, 0)', 17), ('(0, 0, 0, 1, 0, 0, 0, 0, 0, 0, 0, 0)', 16), ('(0, 0, 0, 0, 0, 0, -1, 0, 0, 0, 0, 0)', 13), ('(0, 0, 0, 0, 0, 0, 0, 0, 0, -1, 0, 0)', 12), ('(0, 1, -1, 0, 0, 0, 0, 0, 0, 0, 0, 0)', 9), ('(0, 0, 0, 0, 0, 0, 0, -1, 0, 0, 0, 0)', 7)]",5
9,12,17,1,"[-1, -1, 1, 1, 1, 0, 0, -1, 0]","[16, 16, 1, 1, 1, 0, 0, 16, 0]","[0, 0, 0, 0, 0, 0, 1, 0, 0, 1, 0, 0]","[-3, -4, 0, -6, 7, -3, -7, -8, -8, 0, -2, -3]","[-1, 0, 0, -1, 0, 0, 0, 0, 0, 0, 1, -1]",4.0,"[2, 4, 0, 3, 5, 6, 1, 10, 14]",False,"[-1, 1, -1, 1, 0, -1, 0, 0, 0, 0, 1, 0]",2.0,"[-4, -4, 0, -7, 7, -3, -8, -8, -8, -1, -1, -4]","[16, 16, 1, 1, 1, 0, 0, 16, 0]",True,"[0, 0, 0, 0, 0, 0, 0, 0, 0, 0, 0, 0]",4.0,0,"[-3, -4, 0, -6, 7, -3, -7, -8, -8, 0, -2, -3]","[2, 4, 0, 3, 5, 6, 1, 10, 14]",False,"[0, 0, 0, 0, 0, 0, 0, 0, 0, 0, 0, 0]",4.0,"[-3, -4, 0, -6, 7, -3, -7, -8, -8, 0, -2, -3]","[2, 4, 0, 3, 5, 6, 1, 10, 14]",False,"[0, 0, 0, 0, 0, 0, 0, 0, -1, 0, 0, 0]",9.0,37,0.07581967213114754,6099.086241384027,5,1,7,6,"[-3, -3, 0, -8, 7, -3, -6, -10, -8, 0, -1, -3]","[0, 1, 3, 9, 14, 1, 7, 0, 14]",False,20,20,False,False,False,False,6,True,True,True,False,False,False,False,False,False,False,False,False,False,False,False,False,"[-4, -4, 0, -7, 7, -3, -8, -8, -8, -1, -1, -4]",6,0,6,6,13,3170.7132430420024,8.766699465923011e-05,3168.979843915993,0.008339874999364838,24,24,"[('(0, 0, 0, 0, 0, 0, 0, 0, 0, 0, 0, 0)', 158), ('(0, 0, -1, 0, 0, 0, 0, 0, 0, 0, 0, 0)', 38), ('(0, 0, 0, 0, 0, 0, 0, 0, -1, 0, 0, 0)', 37), ('(0, 0, 0, 0, 0, 0, 0, 0, 0, 0, 1, 0)', 20), ('(0, 0, 0, 0, 0, 0, 1, 0, 0, 0, 0, 0)', 20), ('(0, 0, 0, 0, 1, 0, 0, 0, 0, 0, 0, 0)', 17), ('(0, 0, 0, 0, 0, 0, 0, 0, 0, 0, 0, -1)', 11), ('(0, 0, -1, 0, 0, 0, 0, 0, -1, 0, 0, 0)', 10), ('(0, 0, -1, 0, 0, 0, 1, 0, 0, 0, 0, 0)', 6), ('(0, 0, -1, 0, 0, 0, 0, 0, 0, 0, 1, 0)', 5)]",5
9,12,17,2,"[0, 1, 0, 1, 0, -1, -1, -1, 0]","[0, 1, 0, 1, 0, 16, 16, 16, 0]","[-1, -1, 0, -1, 0, 0, 0, 0, 1, 0, 0, 0]","[4, 5, -2, 6, 3, -2, -8, 6, -5, -8, 5, -7]","[0, 0, 1, 1, 1, -1, 0, 0, 0, 0, 0, 0]",4.0,"[7, 8, 14, 6, 5, 15, 13, 0, 14]",False,"[0, -1, -1, 0, 0, -1, 0, 0, 0, 0, 0, 0]",4.0,"[5, 5, -1, 7, 5, -3, -8, 5, -5, -9, 5, -7]","[8, 2, 6, 6, 7, 12, 10, 11, 1]",False,"[0, 0, 0, 0, 0, 0, 0, 0, 0, 0, 0, 0]",4.0,0,"[4, 5, -2, 6, 3, -2, -8, 6, -5, -8, 5, -7]","[7, 8, 14, 6, 5, 15, 13, 0, 14]",False,"[0, 0, 0, 0, 0, 0, 0, 0, 0, 0, 0, 0]",4.0,"[4, 5, -2, 6, 3, -2, -8, 6, -5, -8, 5, -7]","[7, 8, 14, 6, 5, 15, 13, 0, 14]",False,"[1, -1, 0, 0, 0, 0, 0, 0, 0, 0, 0, 0]",9.0,6,0.012096774193548387,6099.255408985095,5,1,7,6,"[4, 4, 0, 9, 3, -2, -8, 6, -4, -8, 5, -7]","[13, 5, 0, 1, 16, 4, 11, 0, 3]",False,20,20,False,True,False,True,8,False,True,False,False,False,False,False,False,True,False,True,False,False,False,False,False,"[5, 6, -1, 8, 4, -3, -8, 6, -6, -8, 5, -7]",10,6,10,10,13,3171.1070226669835,9.037501877173781e-05,3169.3859328329854,0.0074494169966783375,24,24,"[('(0, 0, 0, 0, 0, 0, 0, 0, 0, 0, 0, 0)', 135), ('(0, -1, 0, 0, 0, 0, 0, 0, 0, 0, 0, 0)', 32), ('(0, 0, 0, 0, 1, 0, 0, 0, 0, 0, 0, 0)', 25), ('(0, 0, 0, -1, 0, 0, 0, 0, 0, 0, 0, 0)', 19), ('(0, 0, 0, 0, 0, 0, 0, 0, 0, 0, 1, 0)', 17), ('(0, 0, -1, 0, 0, 0, 0, 0, 0, 0, 0, 0)', 16), ('(0, 0, 0, 0, 0, 0, 0, 0, -1, 0, 0, 0)', 12), ('(0, 0, 0, 0, 0, 0, 1, 0, 0, 0, 0, 0)', 11), ('(1, 0, 0, 0, 0, 0, 0, 0, 0, 0, 0, 0)', 10), ('(0, -1, 0, -1, 0, 0, 0, 0, 0, 0, 0, 0)', 8)]",5
9,12,17,4,"[1, 0, 0, 0, 1, 0, 0, 1, 1]","[1, 0, 0, 0, 1, 0, 0, 1, 1]","[0, 0, 0, -1, 0, 1, 1, 0, -1, 0, 0, 0]","[1, -3, -4, 9, 0, 7, -8, -1, 0, -6, -7, 3]","[0, 0, 0, -1, 0, 1, 1, 0, -1, 0, 0, 0]",4.0,"[1, 0, 0, 0, 1, 0, 0, 1, 1]",True,"[-1, -1, 0, 0, 0, 0, -1, 1, 0, 0, -1, 0]",4.0,"[0, -4, -4, 8, 0, 8, -7, -1, -1, -6, -6, 2]","[0, 4, 1, 1, 12, 0, 15, 16, 8]",False,"[0, 0, 0, 0, 0, 0, 0, 0, 0, 0, 0, 0]",4.0,0,"[1, -3, -4, 9, 0, 7, -8, -1, 0, -6, -7, 3]","[1, 0, 0, 0, 1, 0, 0, 1, 1]",True,"[0, 0, 0, 0, 0, 0, 0, 0, 0, 0, 0, 0]",4.0,"[1, -3, -4, 9, 0, 7, -8, -1, 0, -6, -7, 3]","[1, 0, 0, 0, 1, 0, 0, 1, 1]",True,"[0, 0, 0, 0, 0, 0, 0, 0, 0, 0, 0, 0]",4.0,84,0.17038539553752535,13.755734874350967,0,0,4,4,"[1, -3, -4, 9, 0, 7, -8, -1, 0, -6, -7, 3]","[1, 0, 0, 0, 1, 0, 0, 1, 1]",True,20,20,True,False,False,True,0,False,True,False,False,False,False,False,False,True,False,True,False,True,False,False,False,"[1, -3, -4, 9, 0, 7, -8, -1, 0, -6, -7, 3]",0,8,0,0,0,3171.48613616699,8.149998029693961e-05,3169.765629917005,0.007348249986534938,24,24,"[('(0, 0, 0, 0, 0, 0, 0, 0, 0, 0, 0, 0)', 84), ('(0, -1, 0, 0, 0, 0, 0, 0, 0, 0, 0, 0)', 28), ('(0, 0, 0, 0, 0, 0, -1, 0, 0, 0, 0, 0)', 23), ('(0, 0, 0, 0, 0, 0, 0, -1, 0, 0, 0, 0)', 21), ('(0, 0, 0, 0, 0, 0, 0, 0, 0, 0, 0, 1)', 20), ('(0, 0, 0, 0, 0, 0, 0, 0, 0, 1, 0, 0)', 19), ('(0, 0, 0, 0, -1, 0, 0, 0, 0, 0, 0, 0)', 13), ('(0, 0, 0, 0, 0, 0, 0, 0, 0, 0, -1, 0)', 11), ('(0, -1, 0, 0, -1, 0, 0, 0, 0, 0, 0, 0)', 10), ('(0, 0, 0, 0, 0, 0, -1, 0, 0, 1, 0, 0)', 7)]",5
9,12,17,5,"[0, 1, 0, -1, 0, 0, 0, 0, -1]","[0, 1, 0, 16, 0, 0, 0, 0, 16]","[0, -1, 0, 0, 0, 0, 0, 0, 0, 0, 0, 0]","[1, -5, 1, -1, 4, -6, 5, 7, -1, -7, -5, 1]","[0, -1, 0, 0, 0, 0, 0, 0, 0, 0, 0, 0]",1.0,"[0, 1, 0, 16, 0, 0, 0, 0, 16]",True,"[0, 0, 0, 0, 0, 0, 0, 0, 0, 0, 0, 0]",1.0,"[1, -5, 1, -1, 4, -6, 5, 7, -1, -7, -5, 1]","[0, 1, 0, 16, 0, 0, 0, 0, 16]",True,"[0, 0, 0, 0, 0, 0, 0, 0, 0, 0, 0, 0]",1.0,0,"[1, -5, 1, -1, 4, -6, 5, 7, -1, -7, -5, 1]","[0, 1, 0, 16, 0, 0, 0, 0, 16]",True,"[0, 0, 0, 0, 0, 0, 0, 0, 0, 0, 0, 0]",1.0,"[1, -5, 1, -1, 4, -6, 5, 7, -1, -7, -5, 1]","[0, 1, 0, 16, 0, 0, 0, 0, 16]",True,"[0, 0, 0, 0, 0, 0, 0, 0, 0, 0, 0, 0]",1.0,60,0.12269938650306748,40.63891261358267,0,0,3,1,"[1, -5, 1, -1, 4, -6, 5, 7, -1, -7, -5, 1]","[0, 1, 0, 16, 0, 0, 0, 0, 16]",True,20,20,True,False,True,True,0,False,False,False,False,False,False,False,True,True,True,True,True,True,False,False,False,"[1, -5, 1, -1, 4, -6, 5, 7, -1, -7, -5, 1]",0,0,0,0,0,3174.3572260419896,8.483298006467521e-05,3172.500601000007,0.009492416982538998,24,24,"[('(0, 0, 0, 0, 0, 0, 0, 0, 0, 0, 0, 0)', 60), ('(1, 0, 0, 0, 0, 0, 0, 0, 0, 0, 0, 0)', 21), ('(0, 0, 0, 0, 0, 0, 0, 0, 0, -1, 0, 0)', 19), ('(0, 0, -1, 0, 0, 0, 0, 0, 0, 0, 0, 0)', 19), ('(0, 0, 0, 0, 0, 0, 0, 0, -1, 0, 0, 0)', 18), ('(0, -1, 0, 0, 0, 0, 0, 0, 0, 0, 0, 0)', 18), ('(0, 0, 0, 0, 0, 1, 0, 0, 0, 0, 0, 0)', 16), ('(0, 0, 0, -1, 0, 0, 0, 0, 0, 0, 0, 0)', 14), ('(0, 0, 0, 0, 0, 0, 0, 0, 0, 0, 0, 1)', 13), ('(0, 0, 0, 0, 0, 0, 0, 0, -1, -1, 0, 0)', 11)]",5
9,12,17,6,"[-1, 0, 1, -1, 0, 0, 0, 0, 1]","[16, 0, 1, 16, 0, 0, 0, 0, 1]","[0, 0, 0, 0, 0, 1, 1, 0, 0, 0, 0, 0]","[3, -2, 2, 5, -8, -8, -2, -2, 3, 0, -1, -6]","[0, 0, 0, 0, 0, 1, 1, 0, 0, 0, 0, 0]",2.0,"[16, 0, 1, 16, 0, 0, 0, 0, 1]",True,"[0, 0, 0, 0, 0, 0, 0, 0, 0, 0, 0, 0]",2.0,"[3, -2, 2, 5, -8, -8, -2, -2, 3, 0, -1, -6]","[16, 0, 1, 16, 0, 0, 0, 0, 1]",True,"[0, 0, 0, 0, 0, 0, 0, 0, 0, 0, 0, 0]",2.0,0,"[3, -2, 2, 5, -8, -8, -2, -2, 3, 0, -1, -6]","[16, 0, 1, 16, 0, 0, 0, 0, 1]",True,"[0, 0, 0, 0, 0, 0, 0, 0, 0, 0, 0, 0]",2.0,"[3, -2, 2, 5, -8, -8, -2, -2, 3, 0, -1, -6]","[16, 0, 1, 16, 0, 0, 0, 0, 1]",True,"[0, 0, 0, 0, 0, 0, 0, 0, 0, 0, 0, 0]",2.0,126,0.25557809330628806,11.61558129135414,0,0,4,2,"[3, -2, 2, 5, -8, -8, -2, -2, 3, 0, -1, -6]","[16, 0, 1, 16, 0, 0, 0, 0, 1]",True,20,20,True,False,True,True,0,False,False,False,False,False,False,False,True,True,True,True,True,True,False,False,False,"[3, -2, 2, 5, -8, -8, -2, -2, 3, 0, -1, -6]",0,0,0,0,0,3174.4745307500125,0.00010216701775789261,3172.6391611660074,0.010148667002795264,24,24,"[('(0, 0, 0, 0, 0, 0, 0, 0, 0, 0, 0, 0)', 126), ('(0, 0, 0, -1, 0, 0, 0, 0, 0, 0, 0, 0)', 23), ('(0, 0, 0, 0, 0, 0, 0, 0, -1, 0, 0, 0)', 20), ('(1, 0, 0, 0, 0, 0, 0, 0, 0, 0, 0, 0)', 20), ('(0, 0, -1, 0, 0, 0, 0, 0, 0, 0, 0, 0)', 19), ('(0, 0, 0, 0, 0, 0, 0, 0, 0, 0, -1, 0)', 18), ('(0, -1, 0, 0, 0, 0, 0, 0, 0, 0, 0, 0)', 18), ('(0, 0, 0, 0, 0, 0, 0, 0, 0, -1, 0, 0)', 13), ('(0, -1, 0, 0, 0, 0, 0, 0, -1, 0, 0, 0)', 9), ('(0, 0, 0, -1, 0, 0, 0, 0, 0, 0, -1, 0)', 7)]",5
9,12,17,7,"[0, -1, 1, 0, 1, 0, 0, 0, 0]","[0, 16, 1, 0, 1, 0, 0, 0, 0]","[0, 0, 0, 0, -1, 1, 0, 0, 0, 0, 0, 0]","[-7, -7, -6, -8, 2, -1, 5, 4, -5, 6, 0, 5]","[0, 0, 0, 0, -1, 1, 0, 0, 0, 0, 0, 0]",2.0,"[0, 16, 1, 0, 1, 0, 0, 0, 0]",True,"[0, 0, 0, 0, 0, 0, 0, 0, 0, 0, 0, 0]",2.0,"[-7, -7, -6, -8, 2, -1, 5, 4, -5, 6, 0, 5]","[0, 16, 1, 0, 1, 0, 0, 0, 0]",True,"[0, 0, 0, 0, 0, 0, 0, 0, 0, 0, 0, 0]",2.0,0,"[-7, -7, -6, -8, 2, -1, 5, 4, -5, 6, 0, 5]","[0, 16, 1, 0, 1, 0, 0, 0, 0]",True,"[0, 0, 0, 0, 0, 0, 0, 0, 0, 0, 0, 0]",2.0,"[-7, -7, -6, -8, 2, -1, 5, 4, -5, 6, 0, 5]","[0, 16, 1, 0, 1, 0, 0, 0, 0]",True,"[0, 0, 0, 0, 0, 0, 0, 0, 0, 0, 0, 0]",2.0,101,0.20612244897959184,31.637502718671573,0,0,3,2,"[-7, -7, -6, -8, 2, -1, 5, 4, -5, 6, 0, 5]","[0, 16, 1, 0, 1, 0, 0, 0, 0]",True,20,20,True,False,True,True,0,False,False,False,False,False,False,False,True,True,True,True,True,True,False,False,False,"[-7, -7, -6, -8, 2, -1, 5, 4, -5, 6, 0, 5]",0,0,0,0,0,3174.377698041004,9.845802560448647e-05,3172.52447754101,0.008279500005301088,24,24,"[('(0, 0, 0, 0, 0, 0, 0, 0, 0, 0, 0, 0)', 101), ('(0, 0, -1, 0, 0, 0, 0, 0, 0, 0, 0, 0)', 30), ('(0, 0, 0, 0, 0, 0, 0, 0, 0, 0, 0, -1)', 26), ('(0, 0, 0, 1, 0, 0, 0, 0, 0, 0, 0, 0)', 24), ('(0, 0, 0, 0, 0, 0, -1, 0, 0, 0, 0, 0)', 20), ('(0, -1, 0, 0, 0, 0, 0, 0, 0, 0, 0, 0)', 18), ('(0, 0, 0, 0, 1, 0, 0, 0, 0, 0, 0, 0)', 16), ('(0, 0, 0, 0, 0, 0, 0, 0, -1, 0, 0, 0)', 13), ('(0, 0, 0, 0, 1, 0, 0, 0, 0, 0, 0, -1)', 8), ('(0, 0, -1, 0, 0, 0, -1, 0, 0, 0, 0, 0)', 8)]",5
9,12,17,8,"[-1, 0, -1, 0, 0, -1, 0, -1, 0]","[16, 0, 16, 0, 0, 16, 0, 16, 0]","[0, 0, -1, 0, 0, 0, 1, 0, 0, 0, 0, 0]","[2, 8, 1, -6, 3, -7, 7, -3, -7, 7, -4, 6]","[-1, 0, 0, 0, 1, 0, 0, 0, 0, 0, 0, 0]",2.0,"[6, 3, 16, 2, 4, 2, 0, 2, 8]",False,"[-1, 0, 0, 0, 0, 0, 0, 0, 0, 0, 0, 0]",2.0,"[1, 8, 2, -6, 4, -7, 6, -3, -7, 7, -4, 6]","[16, 0, 16, 0, 0, 16, 0, 16, 0]",True,"[0, 0, 0, 0, 0, 0, 0, 0, 0, 0, 0, 0]",2.0,0,"[2, 8, 1, -6, 3, -7, 7, -3, -7, 7, -4, 6]","[6, 3, 16, 2, 4, 2, 0, 2, 8]",False,"[0, 0, 0, 0, 0, 0, 0, 0, 0, 0, 0, 0]",2.0,"[2, 8, 1, -6, 3, -7, 7, -3, -7, 7, -4, 6]","[6, 3, 16, 2, 4, 2, 0, 2, 8]",False,"[-1, 0, 0, 0, 0, 0, 0, 0, 0, 0, 0, 0]",2.0,34,0.06924643584521385,11.744465193851058,0,0,4,2,"[1, 8, 2, -6, 4, -7, 6, -3, -7, 7, -4, 6]","[16, 0, 16, 0, 0, 16, 0, 16, 0]",True,20,20,True,True,True,True,0,False,True,True,False,False,True,True,False,True,False,True,True,True,False,False,True,"[1, 8, 2, -6, 4, -7, 6, -3, -7, 7, -4, 6]",4,0,4,4,0,3174.3269248750003,0.00011175000690855086,3172.506695209013,0.008129374997224659,24,24,"[('(0, 0, 0, 0, 0, 0, 0, 0, 0, 0, 0, 0)', 140), ('(0, 0, -1, 0, 0, 0, 0, 0, 0, 0, 0, 0)', 41), ('(-1, 0, 0, 0, 0, 0, 0, 0, 0, 0, 0, 0)', 34), ('(0, 0, 0, -1, 0, 0, 0, 0, 0, 0, 0, 0)', 24), ('(0, 0, 0, 0, 0, -1, 0, 0, 0, 0, 0, 0)', 22), ('(0, 0, 0, 0, 0, 0, -1, 0, 0, 0, 0, 0)', 18), ('(-1, 0, -1, 0, 0, 0, 0, 0, 0, 0, 0, 0)', 11), ('(-1, 0, 0, 0, 0, 0, -1, 0, 0, 0, 0, 0)', 10), ('(0, 0, -1, -1, 0, 0, 0, 0, 0, 0, 0, 0)', 9), ('(0, 0, -1, 0, 0, -1, 0, 0, 0, 0, 0, 0)', 9)]",5
9,12,17,9,"[1, -1, 0, -1, -1, -1, 1, 0, 0]","[1, 16, 0, 16, 16, 16, 1, 0, 0]","[0, 0, 0, 0, -1, 0, -1, 0, 1, 0, 0, 0]","[6, 5, -7, -2, 4, -2, -4, -8, -4, 6, 0, -3]","[0, 0, 0, 0, -1, 0, -1, 0, 1, 0, 0, 0]",3.0,"[1, 16, 0, 16, 16, 16, 1, 0, 0]",True,"[0, 0, 0, 0, 0, 0, 0, 0, 0, 0, 0, 0]",3.0,"[6, 5, -7, -2, 4, -2, -4, -8, -4, 6, 0, -3]","[1, 16, 0, 16, 16, 16, 1, 0, 0]",True,"[0, 0, 0, 0, 0, 0, 0, 0, 0, 0, 0, 0]",3.0,0,"[6, 5, -7, -2, 4, -2, -4, -8, -4, 6, 0, -3]","[1, 16, 0, 16, 16, 16, 1, 0, 0]",True,"[0, 0, 0, 0, 0, 0, 0, 0, 0, 0, 0, 0]",3.0,"[6, 5, -7, -2, 4, -2, -4, -8, -4, 6, 0, -3]","[1, 16, 0, 16, 16, 16, 1, 0, 0]",True,"[0, 0, 0, 0, 0, 0, 0, 0, 0, 0, 0, 0]",3.0,73,0.14989733059548255,42.71959349067958,0,0,6,3,"[6, 5, -7, -2, 4, -2, -4, -8, -4, 6, 0, -3]","[1, 16, 0, 16, 16, 16, 1, 0, 0]",True,20,20,True,False,True,True,0,False,False,False,False,False,False,False,True,True,True,True,True,True,False,False,False,"[6, 5, -7, -2, 4, -2, -4, -8, -4, 6, 0, -3]",0,0,0,0,0,3174.280966374994,0.00010816598660312593,3172.361786333,0.007870292000006884,24,24,"[('(0, 0, 0, 0, 0, 0, 0, 0, 0, 0, 0, 0)', 73), ('(0, 0, 0, 0, 0, 0, 0, 0, 0, 0, -1, 0)', 24), ('(0, 0, 0, 0, 0, 0, 0, 0, 1, 0, 0, 0)', 24), ('(0, 0, 0, 0, 0, 0, 0, 0, 0, 0, 0, 1)', 22), ('(0, 0, 0, 0, 0, 0, 0, 0, 0, 1, 0, 0)', 20), ('(0, 0, 0, 0, -1, 0, 0, 0, 0, 0, 0, 0)', 13), ('(0, 0, 0, 1, 0, 0, 0, 0, 0, 0, 0, 0)', 11), ('(0, 1, 0, 0, 0, 0, 0, 0, 0, 0, 0, 0)', 11), ('(0, 0, 0, 0, 0, 0, 0, 0, 1, 1, 0, 0)', 8), ('(-1, 0, 0, 0, 0, 0, 0, 0, 0, 0, 0, 0)', 8)]",5
9,12,17,10,"[1, 1, 0, 0, 0, 0, 0, 1, -1]","[1, 1, 0, 0, 0, 0, 0, 1, 16]","[0, 1, 0, 0, 0, 0, 0, 0, 0, 0, 0, 0]","[0, 3, 1, -3, -6, -7, 7, 7, 8, -1, -2, -2]","[0, 1, 0, 0, 0, 0, 0, 0, 0, 0, 0, 0]",1.0,"[1, 1, 0, 0, 0, 0, 0, 1, 16]",True,"[0, 0, 0, 0, 0, 0, 0, 0, 0, 0, 0, 0]",1.0,"[0, 3, 1, -3, -6, -7, 7, 7, 8, -1, -2, -2]","[1, 1, 0, 0, 0, 0, 0, 1, 16]",True,"[0, 0, 0, 0, 0, 0, 0, 0, 0, 0, 0, 0]",1.0,0,"[0, 3, 1, -3, -6, -7, 7, 7, 8, -1, -2, -2]","[1, 1, 0, 0, 0, 0, 0, 1, 16]",True,"[0, 0, 0, 0, 0, 0, 0, 0, 0, 0, 0, 0]",1.0,"[0, 3, 1, -3, -6, -7, 7, 7, 8, -1, -2, -2]","[1, 1, 0, 0, 0, 0, 0, 1, 16]",True,"[0, 0, 0, 0, 0, 0, 0, 0, 0, 0, 0, 0]",1.0,89,0.18275154004106775,20.600019032966973,0,0,4,1,"[0, 3, 1, -3, -6, -7, 7, 7, 8, -1, -2, -2]","[1, 1, 0, 0, 0, 0, 0, 1, 16]",True,20,20,True,False,True,True,0,False,False,False,False,False,False,False,True,True,True,True,True,True,False,False,False,"[0, 3, 1, -3, -6, -7, 7, 7, 8, -1, -2, -2]",0,0,0,0,0,3179.799448042002,8.687499212101102e-05,3177.9837586249923,0.008928208000725135,24,24,"[('(0, 0, 0, 0, 0, 0, 0, 0, 0, 0, 0, 0)', 89), ('(0, 0, -1, 0, 0, 0, 0, 0, 0, 0, 0, 0)', 19), ('(0, 0, 0, 0, 0, 0, 0, 0, 0, 0, -1, 0)', 16), ('(0, 0, 0, 1, 0, 0, 0, 0, 0, 0, 0, 0)', 16), ('(0, 0, 0, 0, 0, 0, 0, 0, 0, 0, 0, -1)', 15), ('(0, 0, 0, 0, 1, 0, 0, 0, 0, 0, 0, 0)', 12), ('(0, 0, 0, 0, 0, 0, -1, 0, 0, 0, 0, 0)', 12), ('(0, 0, 0, 0, 0, 0, 0, 0, 0, 1, 0, 0)', 11), ('(0, 0, 0, 0, 0, 1, 0, 0, 0, 0, 0, 0)', 11), ('(0, 0, -1, 0, 1, 0, 0, 0, 0, 0, 0, 0)', 10)]",5
9,12,17,11,"[1, 0, 0, 0, -1, -1, -1, 1, 0]","[1, 0, 0, 0, 16, 16, 16, 1, 0]","[0, 0, 0, -1, 0, 1, -1, 0, 0, -1, -1, 0]","[4, 2, -7, -1, 2, 9, 1, -2, -6, -3, 8, 0]","[0, 0, 0, 0, 0, -1, 1, 0, 0, 0, 0, -1]",3.0,"[12, 16, 12, 16, 10, 5, 7, 0, 1]",False,"[0, 0, 0, 0, 0, 0, 0, 0, 0, 0, 0, 0]",3.0,"[4, 2, -7, -1, 2, 9, 1, -2, -6, -3, 8, 0]","[12, 16, 12, 16, 10, 5, 7, 0, 1]",False,"[0, 0, 0, 0, 0, 0, 0, 0, 0, 0, 0, 0]",3.0,0,"[4, 2, -7, -1, 2, 9, 1, -2, -6, -3, 8, 0]","[12, 16, 12, 16, 10, 5, 7, 0, 1]",False,"[0, 0, 0, 0, 0, 0, 0, 0, 0, 0, 0, 0]",3.0,"[4, 2, -7, -1, 2, 9, 1, -2, -6, -3, 8, 0]","[12, 16, 12, 16, 10, 5, 7, 0, 1]",False,"[0, 0, 0, 0, 0, 0, 0, 0, 0, 0, 0, 0]",3.0,94,0.1902834008097166,5082.694612310839,5,0,8,3,"[4, 2, -7, -1, 2, 9, 1, -2, -6, -3, 8, 0]","[12, 16, 12, 16, 10, 5, 7, 0, 1]",False,20,20,False,True,True,True,9,False,False,False,False,False,False,False,True,True,True,True,True,True,False,False,False,"[4, 2, -7, 0, 2, 7, 3, -2, -6, -2, 9, -1]",12,12,12,12,12,3179.671329292003,9.937499999068677e-05,3177.838849791995,0.008264208998298272,24,24,"[('(0, 0, 0, 0, 0, 0, 0, 0, 0, 0, 0, 0)', 94), ('(0, 0, 0, 0, 0, 0, 0, 0, 0, 0, 0, -1)', 24), ('(0, 0, 0, 0, 1, 0, 0, 0, 0, 0, 0, 0)', 22), ('(0, -1, 0, 0, 0, 0, 0, 0, 0, 0, 0, 0)', 18), ('(0, 0, 0, 0, 0, 0, 0, 0, 0, 0, 1, 0)', 16), ('(0, 0, -1, 0, 0, 0, 0, 0, 0, 0, 0, 0)', 16), ('(1, 0, 0, 0, 0, 0, 0, 0, 0, 0, 0, 0)', 14), ('(0, 0, 0, 0, 0, 1, 0, 0, 0, 0, 0, 0)', 13), ('(0, 0, 0, 1, 0, 0, 0, 0, 0, 0, 0, 0)', 13), ('(0, 0, 0, 0, 0, 0, 0, 0, 1, 0, 0, 0)', 11)]",5
9,12,17,12,"[1, 0, 1, 0, 1, -1, 1, 0, 0]","[1, 0, 1, 0, 1, 16, 1, 0, 0]","[0, 0, 0, 0, 1, 0, -1, 0, 0, 1, 1, 0]","[-6, -8, 7, -6, 6, -3, 8, -2, -5, -4, -7, 0]","[-1, 0, 0, 0, 1, 0, -1, 0, 0, 0, -1, 0]",4.0,"[5, 3, 5, 15, 4, 9, 7, 4, 14]",False,"[-1, 0, 0, 0, 1, 1, 0, 0, 0, 0, 0, 1]",4.0,"[-6, -8, 7, -6, 7, -3, 7, -3, -6, -4, -9, 0]","[4, 12, 2, 10, 6, 14, 9, 14, 10]",False,"[0, 0, 0, 0, 0, 0, 0, 0, 0, 0, 0, 0]",4.0,0,"[-6, -8, 7, -6, 6, -3, 8, -2, -5, -4, -7, 0]","[5, 3, 5, 15, 4, 9, 7, 4, 14]",False,"[0, 0, 0, 0, 0, 0, 0, 0, 0, 0, 0, 0]",4.0,"[-6, -8, 7, -6, 6, -3, 8, -2, -5, -4, -7, 0]","[5, 3, 5, 15, 4, 9, 7, 4, 14]",False,"[0, 0, 0, 0, 0, 0, 0, -1, 0, 0, 0, 0]",6.0,24,0.04938271604938271,5115.978112417513,5,0,8,6,"[-6, -9, 6, -6, 7, -3, 7, -3, -5, -5, -7, 0]","[1, 5, 16, 16, 13, 12, 14, 8, 0]",False,20,20,False,False,False,True,6,False,True,False,False,False,False,False,False,True,False,True,False,False,False,False,False,"[-7, -8, 7, -6, 6, -3, 8, -2, -5, -5, -9, 0]",6,6,6,6,10,3179.73874595901,9.633399895392358e-05,3177.931849790999,0.00818075001006946,24,24,"[('(0, 0, 0, 0, 0, 0, 0, 0, 0, 0, 0, 0)', 105), ('(0, 0, 0, 0, 0, 1, 0, 0, 0, 0, 0, 0)', 33), ('(0, 0, 0, 0, 0, 0, 0, 0, 0, 0, 1, 0)', 26), ('(0, 0, 0, 0, 0, 0, 0, -1, 0, 0, 0, 0)', 24), ('(0, 0, 0, 1, 0, 0, 0, 0, 0, 0, 0, 0)', 20), ('(0, 0, 0, 0, 0, 0, -1, 0, 0, 0, 0, 0)', 19), ('(0, 0, 0, 0, 0, 0, 0, 0, 0, 1, 0, 0)', 15), ('(0, 0, 1, 0, 0, 0, 0, 0, 0, 0, 0, 0)', 15), ('(0, 0, 0, 0, 0, 1, -1, 0, 0, 0, 0, 0)', 10), ('(0, 0, 0, 0, 0, 0, -1, -1, 0, 0, 0, 0)', 9)]",5
9,12,17,13,"[0, 0, -1, 0, 0, -1, 0, 0, 1]","[0, 0, 16, 0, 0, 16, 0, 0, 1]","[-1, 1, 1, 0, 0, 0, 0, 0, 0, 0, 0, 0]","[-7, 3, 1, 8, -7, 2, 5, 1, 3, -1, -1, -8]","[-1, 1, 1, 0, 0, 0, 0, 0, 0, 0, 0, 0]",3.0,"[0, 0, 16, 0, 0, 16, 0, 0, 1]",True,"[0, 0, 0, 0, 0, 0, 0, 0, 0, 0, 0, 0]",3.0,"[-7, 3, 1, 8, -7, 2, 5, 1, 3, -1, -1, -8]","[0, 0, 16, 0, 0, 16, 0, 0, 1]",True,"[0, 0, 0, 0, 0, 0, 0, 0, 0, 0, 0, 0]",3.0,0,"[-7, 3, 1, 8, -7, 2, 5, 1, 3, -1, -1, -8]","[0, 0, 16, 0, 0, 16, 0, 0, 1]",True,"[0, 0, 0, 0, 0, 0, 0, 0, 0, 0, 0, 0]",3.0,"[-7, 3, 1, 8, -7, 2, 5, 1, 3, -1, -1, -8]","[0, 0, 16, 0, 0, 16, 0, 0, 1]",True,"[0, 0, 0, 0, 0, 0, 0, 0, 0, 0, 0, 0]",3.0,141,0.28600405679513186,22.654417294239874,0,0,3,3,"[-7, 3, 1, 8, -7, 2, 5, 1, 3, -1, -1, -8]","[0, 0, 16, 0, 0, 16, 0, 0, 1]",True,20,20,True,False,True,True,0,False,False,False,False,False,False,False,True,True,True,True,True,True,False,False,False,"[-7, 3, 1, 8, -7, 2, 5, 1, 3, -1, -1, -8]",0,0,0,0,0,3179.785899708979,0.00010450000991113484,3177.9581105829857,0.00829175001126714,24,24,"[('(0, 0, 0, 0, 0, 0, 0, 0, 0, 0, 0, 0)', 141), ('(0, 0, 1, 0, 0, 0, 0, 0, 0, 0, 0, 0)', 37), ('(0, 0, 0, 0, 0, 0, 1, 0, 0, 0, 0, 0)', 30), ('(0, 1, 0, 0, 0, 0, 0, 0, 0, 0, 0, 0)', 26), ('(0, 0, 0, 0, 0, 0, 0, 1, 0, 0, 0, 0)', 22), ('(0, 0, 0, 0, 0, 0, 0, 0, 0, 0, -1, 0)', 20), ('(0, 0, 0, 0, -1, 0, 0, 0, 0, 0, 0, 0)', 15), ('(0, 1, 1, 0, 0, 0, 0, 0, 0, 0, 0, 0)', 12), ('(0, 1, 0, 0, -1, 0, 0, 0, 0, 0, 0, 0)', 8), ('(0, 0, 1, 0, 0, 0, 1, 0, 0, 0, 0, 0)', 6)]",5
9,12,17,14,"[-1, 1, 1, -1, 1, 0, 0, 0, 1]","[16, 1, 1, 16, 1, 0, 0, 0, 1]","[1, 0, 1, 0, 0, 0, 0, -1, 1, -1, 0, 1]","[5, 2, -8, -5, 1, 7, 2, 0, -2, -6, 0, 2]","[2, 1, 0, 0, 0, 0, 0, 0, 0, 0, 0, -1]",6.0,"[1, 3, 13, 0, 9, 7, 9, 9, 4]",False,"[-1, 0, -1, 1, 0, 0, 0, 0, 0, 1, 0, 0]",4.0,"[7, 4, -8, -5, 1, 7, 1, -1, -2, -6, 0, 2]","[15, 10, 3, 4, 10, 11, 9, 9, 1]",False,"[0, 0, 0, 0, 0, 0, 0, 0, 0, 0, 0, 0]",6.0,0,"[5, 2, -8, -5, 1, 7, 2, 0, -2, -6, 0, 2]","[1, 3, 13, 0, 9, 7, 9, 9, 4]",False,"[0, 0, 0, 0, 0, 0, 0, 0, 0, 0, 0, 0]",6.0,"[5, 2, -8, -5, 1, 7, 2, 0, -2, -6, 0, 2]","[1, 3, 13, 0, 9, 7, 9, 9, 4]",False,"[0, 0, 0, 0, -1, 0, 0, 0, 0, 0, 0, 0]",10.0,19,0.039337474120082816,5130.200426772644,4,1,8,7,"[5, 3, -8, -5, 2, 6, 3, 1, -2, -7, 0, 2]","[1, 0, 1, 5, 2, 2, 1, 16, 3]",False,20,20,False,True,False,False,9,True,True,False,False,False,False,False,False,False,False,False,False,False,False,False,False,"[6, 3, -9, -5, 1, 7, 2, 1, -3, -5, 0, 0]",10,14,10,10,14,3179.8360895000224,0.00014150000060908496,3177.991245375015,0.010242709016893059,24,24,"[('(0, 0, 0, 0, 0, 0, 0, 0, 0, 0, 0, 0)', 82), ('(0, -1, 0, 0, 0, 0, 0, 0, 0, 0, 0, 0)', 23), ('(-1, 0, 0, 0, 0, 0, 0, 0, 0, 0, 0, 0)', 22), ('(0, 0, 0, 0, -1, 0, 0, 0, 0, 0, 0, 0)', 19), ('(0, 0, 0, 0, 0, 0, 0, 0, 0, 1, 0, 0)', 17), ('(0, 0, 0, 0, 0, 0, 0, 0, -1, 0, 0, 0)', 17), ('(0, 0, 0, 1, 0, 0, 0, 0, 0, 0, 0, 0)', 15), ('(0, 0, 0, 0, 0, 0, -1, 0, 0, 0, 0, 0)', 14), ('(0, 0, 0, 0, 0, 0, 0, -1, 0, 0, 0, 0)', 9), ('(0, 0, 0, 0, 0, 0, 0, 0, 0, 0, 1, 0)', 8)]",5
9,12,17,15,"[1, 0, 1, 1, 0, 0, 1, 1, 0]","[1, 0, 1, 1, 0, 0, 1, 1, 0]","[0, 0, 0, -1, 0, -1, 0, 1, 0, 0, 0, 0]","[8, -8, -3, -8, -2, 3, -2, -1, 5, 7, 6, -1]","[0, 0, 0, 0, -1, 1, 0, 0, 0, 1, 1, 0]",4.0,"[16, 5, 6, 10, 13, 11, 6, 7, 3]",False,"[0, 0, 0, 0, 0, 0, 0, -1, -1, 0, 0, 0]",3.0,"[8, -8, -3, -7, -3, 5, -2, -2, 5, 8, 7, -1]","[1, 0, 1, 1, 0, 0, 1, 1, 0]",True,"[0, 0, 0, 0, 0, 0, 0, 0, 0, 0, 0, 0]",4.0,0,"[8, -8, -3, -8, -2, 3, -2, -1, 5, 7, 6, -1]","[16, 5, 6, 10, 13, 11, 6, 7, 3]",False,"[0, 0, 0, 0, 0, 0, 0, -1, -1, 0, 0, 0]",3.0,"[8, -8, -3, -7, -3, 5, -2, -2, 5, 8, 7, -1]","[1, 0, 1, 1, 0, 0, 1, 1, 0]",True,"[1, 0, 0, 0, 0, 0, 0, 0, 0, 0, 0, 0]",5.0,13,0.026530612244897958,7104.986094267038,7,0,8,5,"[9, -7, -3, -8, -2, 3, -2, -1, 5, 8, 6, -1]","[5, 0, 12, 6, 1, 8, 14, 14, 9]",False,20,20,False,True,False,False,5,True,True,True,False,True,False,False,False,False,True,True,False,False,False,True,False,"[8, -8, -3, -7, -3, 5, -2, -2, 5, 8, 7, -1]",9,0,9,0,10,3186.3002442919824,0.00011537497630342841,3184.4716244169977,0.011549292015843093,24,24,"[('(0, 0, 0, 0, 0, 0, 0, 0, 0, 0, 0, 0)', 111), ('(0, 0, 0, 0, 0, 1, 0, 0, 0, 0, 0, 0)', 22), ('(0, 1, 0, 0, 0, 0, 0, 0, 0, 0, 0, 0)', 22), ('(0, 0, 0, 0, 0, 0, 0, 0, -1, 0, 0, 0)', 19), ('(0, 0, 0, 0, -1, 0, 0, 0, 0, 0, 0, 0)', 19), ('(0, 0, -1, 0, 0, 0, 0, 0, 0, 0, 0, 0)', 19), ('(0, 0, 0, 0, 0, 0, 0, 0, 0, 0, 0, -1)', 17), ('(0, 0, 0, 0, 0, 0, 0, -1, 0, 0, 0, 0)', 15), ('(1, 0, 0, 0, 0, 0, 0, 0, 0, 0, 0, 0)', 13), ('(0, 0, 0, 0, 0, 0, 0, 0, 0, 1, 0, 0)', 9)]",5
9,12,17,17,"[0, 0, -1, -1, -1, -1, -1, 0, 0]","[0, 0, 16, 16, 16, 16, 16, 0, 0]","[0, 0, 0, 0, 0, 0, 0, 0, 0, 0, 0, 0]","[3, 3, 3, -7, 1, 1, -4, -5, -5, 2, -6, 8]","[0, 0, 0, 0, 0, 0, 0, 0, 0, 0, 0, 0]",0.0,"[0, 0, 16, 16, 16, 16, 16, 0, 0]",True,"[0, 0, 0, 0, 0, 0, 0, 0, 0, 0, 0, 0]",0.0,"[3, 3, 3, -7, 1, 1, -4, -5, -5, 2, -6, 8]","[0, 0, 16, 16, 16, 16, 16, 0, 0]",True,"[0, 0, 0, 0, 0, 0, 0, 0, 0, 0, 0, 0]",0.0,0,"[3, 3, 3, -7, 1, 1, -4, -5, -5, 2, -6, 8]","[0, 0, 16, 16, 16, 16, 16, 0, 0]",True,"[0, 0, 0, 0, 0, 0, 0, 0, 0, 0, 0, 0]",0.0,"[3, 3, 3, -7, 1, 1, -4, -5, -5, 2, -6, 8]","[0, 0, 16, 16, 16, 16, 16, 0, 0]",True,"[0, 0, 0, 0, 0, 0, 0, 0, 0, 0, 0, 0]",0.0,348,0.696,49.41449280777976,0,0,5,0,"[3, 3, 3, -7, 1, 1, -4, -5, -5, 2, -6, 8]","[0, 0, 16, 16, 16, 16, 16, 0, 0]",True,20,20,True,False,True,True,0,False,False,False,False,False,False,False,True,True,True,True,True,True,False,False,False,"[3, 3, 3, -7, 1, 1, -4, -5, -5, 2, -6, 8]",0,0,0,0,0,3186.3816917499935,9.083299664780498e-05,3184.549233415979,0.009258833015337586,24,24,"[('(0, 0, 0, 0, 0, 0, 0, 0, 0, 0, 0, 0)', 348), ('(0, 0, 0, 0, 0, 0, 0, 0, 0, -1, 0, 0)', 9), ('(0, 0, 0, 0, 0, 0, 1, 0, 0, 0, 0, 0)', 9), ('(0, 0, 0, 0, 0, 0, 0, 0, 0, 0, 1, 0)', 8), ('(0, 0, 0, 0, 0, 0, 0, 0, 0, 0, 0, 1)', 7), ('(0, 0, 0, 1, 0, 0, 0, 0, 0, 0, 0, 0)', 7), ('(0, 0, 0, 0, 0, 0, 0, 0, 0, 0, 0, -1)', 6), ('(0, 0, 0, 0, 0, 0, 0, 0, -1, 0, 0, 0)', 6), ('(0, 0, 0, 0, 0, 0, -1, 0, 0, 0, 0, 0)', 6), ('(0, 0, 0, 0, 1, 0, 0, 0, 0, 0, 0, 0)', 6)]",5
9,12,17,18,"[0, -1, 1, 1, 1, 0, 0, 0, 0]","[0, 16, 1, 1, 1, 0, 0, 0, 0]","[0, 0, 0, 0, 0, 0, 0, 0, 0, 0, 0, 0]","[6, 0, -7, -5, -5, 2, 5, 5, 2, 3, 4, 6]","[0, 0, 0, 0, 0, 0, 0, 0, 0, 0, 0, 0]",0.0,"[0, 16, 1, 1, 1, 0, 0, 0, 0]",True,"[0, 0, 0, 0, 0, 0, 0, 0, 0, 0, 0, 0]",0.0,"[6, 0, -7, -5, -5, 2, 5, 5, 2, 3, 4, 6]","[0, 16, 1, 1, 1, 0, 0, 0, 0]",True,"[0, 0, 0, 0, 0, 0, 0, 0, 0, 0, 0, 0]",0.0,0,"[6, 0, -7, -5, -5, 2, 5, 5, 2, 3, 4, 6]","[0, 16, 1, 1, 1, 0, 0, 0, 0]",True,"[0, 0, 0, 0, 0, 0, 0, 0, 0, 0, 0, 0]",0.0,"[6, 0, -7, -5, -5, 2, 5, 5, 2, 3, 4, 6]","[0, 16, 1, 1, 1, 0, 0, 0, 0]",True,"[0, 0, 0, 0, 0, 0, 0, 0, 0, 0, 0, 0]",0.0,348,0.6987951807228916,29.41449280777976,0,0,4,0,"[6, 0, -7, -5, -5, 2, 5, 5, 2, 3, 4, 6]","[0, 16, 1, 1, 1, 0, 0, 0, 0]",True,20,20,True,False,True,True,0,False,False,False,False,False,False,False,True,True,True,True,True,True,False,False,False,"[6, 0, -7, -5, -5, 2, 5, 5, 2, 3, 4, 6]",0,0,0,0,0,3186.4255081249867,0.0001356659922748804,3184.607981792011,0.009528375027002767,24,24,"[('(0, 0, 0, 0, 0, 0, 0, 0, 0, 0, 0, 0)', 348), ('(0, 0, -1, 0, 0, 0, 0, 0, 0, 0, 0, 0)', 11), ('(0, 0, 0, 0, 0, 0, 0, 0, 1, 0, 0, 0)', 10), ('(0, 0, 0, 0, 0, 1, 0, 0, 0, 0, 0, 0)', 10), ('(0, 0, 0, 0, 1, 0, 0, 0, 0, 0, 0, 0)', 10), ('(0, 0, 1, 0, 0, 0, 0, 0, 0, 0, 0, 0)', 7), ('(0, 0, 0, 0, 0, 0, 0, -1, 0, 0, 0, 0)', 7), ('(0, -1, 0, 0, 0, 0, 0, 0, 0, 0, 0, 0)', 7), ('(1, 0, 0, 0, 0, 0, 0, 0, 0, 0, 0, 0)', 7), ('(0, 0, 0, 0, 0, 0, 0, 0, 0, 0, 0, 1)', 6)]",5
9,12,17,16,"[0, 0, 0, 0, -1, -1, -1, 0, 0]","[0, 0, 0, 0, 16, 16, 16, 0, 0]","[0, 0, 1, -1, 0, 0, 0, 0, -1, 0, 1, 0]","[-6, 4, 3, 1, 2, -5, 1, -6, 2, -1, -2, 2]","[1, 1, 0, 0, 0, 0, 2, 0, 0, 0, 0, 0]",6.0,"[4, 5, 16, 13, 1, 11, 9, 16, 9]",False,"[0, 0, -1, 0, 0, 1, 0, 1, 1, 1, 0, 0]",3.0,"[-6, 6, 3, 1, 2, -5, 3, -6, 2, -1, -3, 2]","[12, 6, 7, 5, 10, 8, 10, 5, 1]",False,"[0, 0, 0, 0, 0, 0, 0, 0, 0, 0, 0, 0]",6.0,0,"[-6, 4, 3, 1, 2, -5, 1, -6, 2, -1, -2, 2]","[4, 5, 16, 13, 1, 11, 9, 16, 9]",False,"[0, 0, 0, 0, 1, 1, 0, 0, 0, 0, 0, 0]",5.0,"[-5, 4, 3, 0, 1, -5, 4, -6, 1, -1, -2, 2]","[8, 14, 1, 13, 11, 15, 3, 4, 7]",False,"[0, 0, -1, 0, 0, 0, 0, 0, 0, 0, 0, 0]",7.0,8,0.01646090534979424,5147.130277542266,5,0,9,7,"[-6, 4, 2, 1, 2, -5, 2, -6, 3, 0, -2, 1]","[2, 3, 16, 7, 5, 1, 1, 2, 1]",False,20,20,False,True,False,False,7,True,True,False,False,False,False,False,False,False,False,False,False,False,False,False,True,"[-5, 5, 2, 2, 2, -5, 3, -6, 3, -1, -3, 2]",10,5,10,13,7,3187.7704840420047,8.870800957083702e-05,3185.9611203750246,0.01184620801359415,24,24,"[('(0, 0, 0, 0, 0, 0, 0, 0, 0, 0, 0, 0)', 64), ('(0, 0, 0, 0, 0, 0, -1, 0, 0, 0, 0, 0)', 21), ('(0, 0, 0, 0, 0, 0, 0, 0, 0, 0, 1, 0)', 18), ('(0, 0, 0, 0, 1, 0, 0, 0, 0, 0, 0, 0)', 15), ('(0, 0, 0, 0, 0, 0, 0, 0, 0, 1, 0, 0)', 13), ('(0, 1, 0, 0, 0, 0, 0, 0, 0, 0, 0, 0)', 13), ('(0, 0, 0, 0, 0, 1, 0, 0, 0, 0, 0, 0)', 10), ('(0, 0, 0, 0, 0, 0, 0, 0, 0, 0, 0, 1)', 9), ('(0, 0, 0, -1, 0, 0, 0, 0, 0, 0, 0, 0)', 9), ('(0, 0, 0, 0, 0, 0, 0, -1, 0, 0, 0, 0)', 8)]",5
9,12,17,19,"[0, -1, -1, 0, -1, -1, -1, 0, 1]","[0, 16, 16, 0, 16, 16, 16, 0, 1]","[0, -1, 0, 0, 0, -1, 0, 1, 0, 1, 0, 0]","[4, -1, 7, 1, -6, 1, -7, 1, -4, 1, -1, -5]","[0, 0, 1, -1, 0, 0, 1, 1, 0, 0, -1, 0]",5.0,"[8, 9, 1, 14, 9, 8, 7, 4, 5]",False,"[-1, 0, 1, -1, -1, 1, 0, 0, 0, -1, 1, 0]",4.0,"[3, -1, 9, 0, -6, 1, -6, 2, -3, 2, -2, -5]","[9, 9, 1, 14, 1, 0, 0, 2, 0]",False,"[0, 0, 0, 0, 0, 0, 0, 0, 0, 0, 0, 0]",5.0,0,"[4, -1, 7, 1, -6, 1, -7, 1, -4, 1, -1, -5]","[8, 9, 1, 14, 9, 8, 7, 4, 5]",False,"[0, 0, 0, 0, 0, 0, 0, 0, 0, 0, 0, 0]",5.0,"[4, -1, 7, 1, -6, 1, -7, 1, -4, 1, -1, -5]","[8, 9, 1, 14, 9, 8, 7, 4, 5]",False,"[0, 0, 0, 0, 0, 0, 0, 1, 0, 0, 0, 0]",6.0,21,0.0440251572327044,5095.990895754664,5,0,7,6,"[4, -2, 7, 1, -5, 1, -6, 2, -4, 1, -1, -6]","[0, 1, 0, 11, 10, 13, 9, 1, 5]",False,20,20,False,False,False,False,7,True,True,False,False,False,False,False,False,False,False,False,False,False,False,False,False,"[4, 0, 8, 0, -6, 2, -6, 1, -4, 0, -2, -5]",7,10,7,7,12,3187.2757612909772,0.00014004201511852443,3185.4029104580113,0.008835915999952704,24,24,"[('(0, 0, 0, 0, 0, 0, 0, 0, 0, 0, 0, 0)', 48), ('(0, 0, 0, 0, 0, 0, 0, 1, 0, 0, 0, 0)', 21), ('(0, 0, 0, 0, 0, 0, 0, 0, 0, 0, 1, 0)', 12), ('(-1, 0, 0, 0, 0, 0, 0, 0, 0, 0, 0, 0)', 12), ('(0, 0, 1, 0, 0, 0, 0, 0, 0, 0, 0, 0)', 11), ('(0, 1, 0, 0, 0, 0, 0, 0, 0, 0, 0, 0)', 11), ('(0, 0, 0, 0, 0, 0, 0, 0, 0, 0, 0, -1)', 9), ('(0, 0, 0, 0, 0, 0, 0, 0, 1, 0, 0, 0)', 9), ('(0, 0, 0, 0, 0, 0, 0, 0, 0, 1, 0, 0)', 9), ('(0, 0, 0, 0, 0, 0, -1, 0, 0, 0, 0, 0)', 7)]",5
9,12,17,20,"[0, 0, -1, 1, -1, 0, 0, 0, 1]","[0, 0, 16, 1, 16, 0, 0, 0, 1]","[1, 0, 0, 0, 0, 0, 0, -1, -1, 0, 0, 1]","[-7, -9, 5, -3, 2, 1, 8, 1, -9, -8, 4, 6]","[0, 1, -1, 0, 0, 0, 0, 0, 1, 1, 0, 0]",4.0,"[5, 9, 2, 0, 11, 11, 12, 6, 4]",False,"[0, -1, -1, -1, 0, 0, -1, -1, 0, 0, 1, 0]",4.0,"[-8, -8, 4, -3, 2, 1, 8, 2, -7, -7, 4, 5]","[0, 0, 16, 1, 16, 0, 0, 0, 1]",True,"[0, 0, 0, 0, 0, 0, 0, 0, 0, 0, 0, 0]",4.0,0,"[-7, -9, 5, -3, 2, 1, 8, 1, -9, -8, 4, 6]","[5, 9, 2, 0, 11, 11, 12, 6, 4]",False,"[0, 0, 0, 0, 0, 0, 0, 0, 0, 0, 0, 0]",4.0,"[-7, -9, 5, -3, 2, 1, 8, 1, -9, -8, 4, 6]","[5, 9, 2, 0, 11, 11, 12, 6, 4]",False,"[0, 0, 0, -1, 0, 0, 0, 0, 0, 0, 0, 0]",6.0,19,0.03877551020408163,6136.0004267726445,6,0,9,6,"[-8, -8, 5, -3, 2, 0, 7, 0, -9, -7, 4, 6]","[16, 1, 9, 1, 12, 15, 13, 3, 12]",False,20,20,False,True,False,True,9,False,True,True,False,False,False,False,False,True,False,True,False,False,False,False,False,"[-8, -8, 4, -3, 2, 1, 8, 2, -7, -7, 4, 5]",10,0,10,10,12,3176.8561549999868,9.350001346319914e-05,3174.7556582919788,0.009149999998044223,24,24,"[('(0, 0, 0, 0, 0, 0, 0, 0, 0, 0, 0, 0)', 114), ('(0, 0, 0, 0, 0, 0, 0, 0, 0, 0, 0, 1)', 25), ('(0, 0, 0, 0, 0, 0, -1, 0, 0, 0, 0, 0)', 23), ('(0, -1, 0, 0, 0, 0, 0, 0, 0, 0, 0, 0)', 20), ('(0, 0, 0, -1, 0, 0, 0, 0, 0, 0, 0, 0)', 19), ('(0, 0, 0, 0, 0, 0, 0, 1, 0, 0, 0, 0)', 17), ('(0, 0, 0, 0, -1, 0, 0, 0, 0, 0, 0, 0)', 17), ('(0, 0, 0, 0, 0, 0, 0, 0, 1, 0, 0, 0)', 16), ('(0, 0, 0, 0, 0, 0, 0, 0, 0, 0, -1, 0)', 10), ('(1, 0, 0, 0, 0, 0, 0, 0, 0, 0, 0, 0)', 8)]",5
9,12,17,21,"[0, 0, 1, -1, -1, -1, 0, 1, 0]","[0, 0, 1, 16, 16, 16, 0, 1, 0]","[0, -1, 0, 0, 0, 0, 0, 0, 0, 0, 0, 0]","[-5, 0, 5, 5, 7, -3, -4, -4, -3, 0, -3, -2]","[0, -1, 0, 0, 0, 0, 0, 0, 0, 0, 0, 0]",1.0,"[0, 0, 1, 16, 16, 16, 0, 1, 0]",True,"[0, 0, 0, 0, 0, 0, 0, 0, 0, 0, 0, 0]",1.0,"[-5, 0, 5, 5, 7, -3, -4, -4, -3, 0, -3, -2]","[0, 0, 1, 16, 16, 16, 0, 1, 0]",True,"[0, 0, 0, 0, 0, 0, 0, 0, 0, 0, 0, 0]",1.0,0,"[-5, 0, 5, 5, 7, -3, -4, -4, -3, 0, -3, -2]","[0, 0, 1, 16, 16, 16, 0, 1, 0]",True,"[0, 0, 0, 0, 0, 0, 0, 0, 0, 0, 0, 0]",1.0,"[-5, 0, 5, 5, 7, -3, -4, -4, -3, 0, -3, -2]","[0, 0, 1, 16, 16, 16, 0, 1, 0]",True,"[0, 0, 0, 0, 0, 0, 0, 0, 0, 0, 0, 0]",1.0,83,0.17078189300411523,40.60691832011567,0,0,5,1,"[-5, 0, 5, 5, 7, -3, -4, -4, -3, 0, -3, -2]","[0, 0, 1, 16, 16, 16, 0, 1, 0]",True,20,20,True,False,True,True,0,False,False,False,False,False,False,False,True,True,True,True,True,True,False,False,False,"[-5, 0, 5, 5, 7, -3, -4, -4, -3, 0, -3, -2]",0,0,0,0,0,3176.7182669170143,9.370798943564296e-05,3174.7258881249873,0.011555083008715883,24,24,"[('(0, 0, 0, 0, 0, 0, 0, 0, 0, 0, 0, 0)', 83), ('(0, 0, 0, 0, -1, 0, 0, 0, 0, 0, 0, 0)', 24), ('(0, 0, 0, 0, 0, 0, 0, 0, -1, 0, 0, 0)', 22), ('(0, 0, 0, 0, 0, 0, 0, 0, 0, 0, 0, -1)', 22), ('(0, 0, 0, 0, 0, 0, 0, 0, 0, 1, 0, 0)', 19), ('(0, 0, 0, 0, 0, 0, 0, -1, 0, 0, 0, 0)', 19), ('(0, 0, 0, 0, 0, 0, 0, 0, 0, 0, 1, 0)', 18), ('(0, 0, 1, 0, 0, 0, 0, 0, 0, 0, 0, 0)', 18), ('(0, 0, 0, 0, 0, 0, -1, 0, 0, 0, 0, 0)', 14), ('(0, -1, 0, 0, 0, 0, 0, 0, 0, 0, 0, 0)', 7)]",5
9,12,17,22,"[1, 1, 0, 0, 0, 0, 0, -1, -1]","[1, 1, 0, 0, 0, 0, 0, 16, 16]","[0, 0, 0, 0, 0, 0, 0, 0, 1, 0, 0, 0]","[8, -8, 7, -1, 6, -8, 4, -1, 1, 7, 2, -8]","[0, 0, 0, 0, 0, 0, 0, 0, 1, 0, 0, 0]",1.0,"[1, 1, 0, 0, 0, 0, 0, 16, 16]",True,"[0, 0, 0, 0, 0, 0, 0, 0, 0, 0, 0, 0]",1.0,"[8, -8, 7, -1, 6, -8, 4, -1, 1, 7, 2, -8]","[1, 1, 0, 0, 0, 0, 0, 16, 16]",True,"[0, 0, 0, 0, 0, 0, 0, 0, 0, 0, 0, 0]",1.0,0,"[8, -8, 7, -1, 6, -8, 4, -1, 1, 7, 2, -8]","[1, 1, 0, 0, 0, 0, 0, 16, 16]",True,"[0, 0, 0, 0, 0, 0, 0, 0, 0, 0, 0, 0]",1.0,"[8, -8, 7, -1, 6, -8, 4, -1, 1, 7, 2, -8]","[1, 1, 0, 0, 0, 0, 0, 16, 16]",True,"[0, 0, 0, 0, 0, 0, 0, 0, 0, 0, 0, 0]",1.0,113,0.23061224489795917,20.57638015516055,0,0,4,1,"[8, -8, 7, -1, 6, -8, 4, -1, 1, 7, 2, -8]","[1, 1, 0, 0, 0, 0, 0, 16, 16]",True,20,20,True,False,True,True,0,False,False,False,False,False,False,False,True,True,True,True,True,True,False,False,False,"[8, -8, 7, -1, 6, -8, 4, -1, 1, 7, 2, -8]",0,0,0,0,0,3176.627432666981,0.00010208299499936402,3174.682272874983,0.008491832995787263,24,24,"[('(0, 0, 0, 0, 0, 0, 0, 0, 0, 0, 0, 0)', 113), ('(0, 0, 0, 0, 0, 0, 0, 0, 0, 0, 0, -1)', 39), ('(0, 0, 0, 1, 0, 0, 0, 0, 0, 0, 0, 0)', 22), ('(0, 0, 0, 0, 0, 0, 0, 0, 0, 0, -1, 0)', 20), ('(1, 0, 0, 0, 0, 0, 0, 0, 0, 0, 0, 0)', 19), ('(0, 0, 0, 0, 0, 0, 0, 0, -1, 0, 0, 0)', 17), ('(0, 0, 0, 0, 0, 1, 0, 0, 0, 0, 0, 0)', 17), ('(0, 0, 0, 0, 0, 0, 1, 0, 0, 0, 0, 0)', 15), ('(0, 0, 0, 0, 0, 0, 0, 0, -1, 0, 0, -1)', 7), ('(0, 0, 0, 0, 0, 1, 0, 0, 0, 0, 0, -1)', 7)]",5
9,12,17,23,"[1, -1, 0, 0, -1, 0, 1, 0, 0]","[1, 16, 0, 0, 16, 0, 1, 0, 0]","[0, 0, -1, 0, 0, 0, 0, 1, 0, 0, 0, 0]","[-5, 0, 0, 8, 8, -5, 2, -8, -7, -1, 3, 7]","[0, 0, -1, 0, 0, 0, 0, 1, 0, 0, 0, 0]",2.0,"[1, 16, 0, 0, 16, 0, 1, 0, 0]",True,"[0, 0, 0, 0, 0, 0, 0, 0, 0, 0, 0, 0]",2.0,"[-5, 0, 0, 8, 8, -5, 2, -8, -7, -1, 3, 7]","[1, 16, 0, 0, 16, 0, 1, 0, 0]",True,"[0, 0, 0, 0, 0, 0, 0, 0, 0, 0, 0, 0]",2.0,0,"[-5, 0, 0, 8, 8, -5, 2, -8, -7, -1, 3, 7]","[1, 16, 0, 0, 16, 0, 1, 0, 0]",True,"[0, 0, 0, 0, 0, 0, 0, 0, 0, 0, 0, 0]",2.0,"[-5, 0, 0, 8, 8, -5, 2, -8, -7, -1, 3, 7]","[1, 16, 0, 0, 16, 0, 1, 0, 0]",True,"[0, 0, 0, 0, 0, 0, 0, 0, 0, 0, 0, 0]",2.0,68,0.13793103448275862,11.676589349540274,0,0,4,2,"[-5, 0, 0, 8, 8, -5, 2, -8, -7, -1, 3, 7]","[1, 16, 0, 0, 16, 0, 1, 0, 0]",True,20,20,True,False,True,True,0,False,False,False,False,False,False,False,True,True,True,True,True,True,False,False,False,"[-5, 0, 0, 8, 8, -5, 2, -8, -7, -1, 3, 7]",0,0,0,0,0,3176.4933280000114,0.00010120801744051278,3174.599028416007,0.009492166980635375,24,24,"[('(0, 0, 0, 0, 0, 0, 0, 0, 0, 0, 0, 0)', 68), ('(0, 0, 0, 0, 0, 0, 0, 1, 0, 0, 0, 0)', 20), ('(0, 0, 0, 0, 1, 0, 0, 0, 0, 0, 0, 0)', 20), ('(0, 0, 0, 0, 0, 0, 0, 0, -1, 0, 0, 0)', 19), ('(0, 0, 0, 1, 0, 0, 0, 0, 0, 0, 0, 0)', 18), ('(0, 0, -1, 0, 0, 0, 0, 0, 0, 0, 0, 0)', 17), ('(0, 0, 0, 0, 0, 1, 0, 0, 0, 0, 0, 0)', 15), ('(0, 0, 0, 0, 0, 0, -1, 0, 0, 0, 0, 0)', 12), ('(-1, 0, 0, 0, 0, 0, 0, 0, 0, 0, 0, 0)', 12), ('(-1, 0, 0, 0, 0, 0, -1, 0, 0, 0, 0, 0)', 8)]",5
9,12,17,24,"[0, 0, 1, -1, 0, 0, -1, 1, 0]","[0, 0, 1, 16, 0, 0, 16, 1, 0]","[0, 0, 0, 1, 0, 0, 0, 0, 0, 0, 0, -1]","[-5, -7, -5, 5, -4, -8, 3, 2, 2, -4, -3, 9]","[0, 0, 0, 1, 0, 0, 0, 0, 0, 0, 0, -1]",2.0,"[0, 0, 1, 16, 0, 0, 16, 1, 0]",True,"[0, 0, 0, 0, 0, 0, 0, 0, 0, 0, 0, 0]",2.0,"[-5, -7, -5, 5, -4, -8, 3, 2, 2, -4, -3, 9]","[0, 0, 1, 16, 0, 0, 16, 1, 0]",True,"[0, 0, 0, 0, 0, 0, 0, 0, 0, 0, 0, 0]",2.0,0,"[-5, -7, -5, 5, -4, -8, 3, 2, 2, -4, -3, 9]","[0, 0, 1, 16, 0, 0, 16, 1, 0]",True,"[0, 0, 0, 0, 0, 0, 0, 0, 0, 0, 0, 0]",2.0,"[-5, -7, -5, 5, -4, -8, 3, 2, 2, -4, -3, 9]","[0, 0, 1, 16, 0, 0, 16, 1, 0]",True,"[0, 0, 0, 0, 0, 0, 0, 0, 0, 0, 0, 0]",2.0,96,0.19591836734693877,11.642528902149662,0,0,4,2,"[-5, -7, -5, 5, -4, -8, 3, 2, 2, -4, -3, 9]","[0, 0, 1, 16, 0, 0, 16, 1, 0]",True,20,20,True,False,True,True,0,False,False,False,False,False,False,False,True,True,True,True,True,True,False,False,False,"[-5, -7, -5, 5, -4, -8, 3, 2, 2, -4, -3, 9]",0,0,0,0,0,3176.586082624999,0.00012875001993961632,3174.663589874981,0.007647708000149578,24,24,"[('(0, 0, 0, 0, 0, 0, 0, 0, 0, 0, 0, 0)', 96), ('(0, 0, 0, 0, 0, 0, 0, 1, 0, 0, 0, 0)', 25), ('(0, 0, 0, 0, 0, 0, 0, 0, 0, -1, 0, 0)', 22), ('(0, 0, -1, 0, 0, 0, 0, 0, 0, 0, 0, 0)', 22), ('(0, 0, 0, 0, 0, 0, 0, 0, 0, 0, 0, 1)', 20), ('(0, 0, 0, 0, 0, 0, 0, 0, 0, 0, -1, 0)', 19), ('(0, 0, 0, 0, 0, 0, 0, 0, -1, 0, 0, 0)', 18), ('(0, -1, 0, 0, 0, 0, 0, 0, 0, 0, 0, 0)', 16), ('(0, 0, 0, -1, 0, 0, 0, 0, 0, 0, 0, 0)', 14), ('(0, 0, 0, -1, 0, 0, 0, 0, 0, 0, 0, 1)', 9)]",5
9,12,17,25,"[0, 1, -1, 0, 0, 1, -1, 0, -1]","[0, 1, 16, 0, 0, 1, 16, 0, 16]","[0, 0, 0, 0, 0, 0, 1, 0, 0, 1, 0, 1]","[-3, 1, -7, 6, 1, 7, 3, 5, 4, 5, -1, -8]","[0, 0, 0, 0, 0, 0, 1, 0, 0, 1, 0, 1]",3.0,"[0, 1, 16, 0, 0, 1, 16, 0, 16]",True,"[0, 0, 0, 0, 0, 0, 0, 0, 0, 0, 0, 0]",3.0,"[-3, 1, -7, 6, 1, 7, 3, 5, 4, 5, -1, -8]","[0, 1, 16, 0, 0, 1, 16, 0, 16]",True,"[0, 0, 0, 0, 0, 0, 0, 0, 0, 0, 0, 0]",3.0,0,"[-3, 1, -7, 6, 1, 7, 3, 5, 4, 5, -1, -8]","[0, 1, 16, 0, 0, 1, 16, 0, 16]",True,"[0, 0, 0, 0, 0, 0, 0, 0, 0, 0, 0, 0]",3.0,"[-3, 1, -7, 6, 1, 7, 3, 5, 4, 5, -1, -8]","[0, 1, 16, 0, 0, 1, 16, 0, 16]",True,"[0, 0, 0, 0, 0, 0, 0, 0, 0, 0, 0, 0]",3.0,98,0.2,22.69048801498654,0,0,5,3,"[-3, 1, -7, 6, 1, 7, 3, 5, 4, 5, -1, -8]","[0, 1, 16, 0, 0, 1, 16, 0, 16]",True,20,20,True,False,True,True,0,False,False,False,False,False,False,False,True,True,True,True,True,True,False,False,False,"[-3, 1, -7, 6, 1, 7, 3, 5, 4, 5, -1, -8]",0,0,0,0,0,3173.670074249996,8.733299910090864e-05,3171.827944833989,0.008307499985676259,24,24,"[('(0, 0, 0, 0, 0, 0, 0, 0, 0, 0, 0, 0)', 98), ('(0, 0, 0, 0, 0, 0, 1, 0, 0, 0, 0, 0)', 28), ('(0, 0, 0, 0, 0, 0, 0, 0, 0, 0, -1, 0)', 21), ('(0, 0, 0, 0, 0, 0, 0, 1, 0, 0, 0, 0)', 21), ('(0, 0, 0, 0, 0, 1, 0, 0, 0, 0, 0, 0)', 17), ('(0, 0, 0, 0, 1, 0, 0, 0, 0, 0, 0, 0)', 16), ('(0, 0, 0, 0, 0, 0, 0, 0, 0, 1, 0, 0)', 16), ('(0, 0, 1, 0, 0, 0, 0, 0, 0, 0, 0, 0)', 14), ('(0, 0, 0, 0, 0, 0, 0, 0, 0, 0, 0, 1)', 13), ('(0, 0, 0, 0, 0, 0, 1, 1, 0, 0, 0, 0)', 8)]",5
9,12,17,27,"[-1, 0, 1, 1, -1, 0, 1, 0, 0]","[16, 0, 1, 1, 16, 0, 1, 0, 0]","[0, 0, -1, 0, 0, 0, 0, 0, 0, 0, 0, 0]","[2, -4, 8, 1, 1, 2, 4, -6, -2, -1, 6, 2]","[0, 0, -1, 0, 0, 0, 0, 0, 0, 0, 0, 0]",1.0,"[16, 0, 1, 1, 16, 0, 1, 0, 0]",True,"[0, 0, 0, 0, 0, 0, 0, 0, 0, 0, 0, 0]",1.0,"[2, -4, 8, 1, 1, 2, 4, -6, -2, -1, 6, 2]","[16, 0, 1, 1, 16, 0, 1, 0, 0]",True,"[0, 0, 0, 0, 0, 0, 0, 0, 0, 0, 0, 0]",1.0,0,"[2, -4, 8, 1, 1, 2, 4, -6, -2, -1, 6, 2]","[16, 0, 1, 1, 16, 0, 1, 0, 0]",True,"[0, 0, 0, 0, 0, 0, 0, 0, 0, 0, 0, 0]",1.0,"[2, -4, 8, 1, 1, 2, 4, -6, -2, -1, 6, 2]","[16, 0, 1, 1, 16, 0, 1, 0, 0]",True,"[0, 0, 0, 0, 0, 0, 0, 0, 0, 0, 0, 0]",1.0,126,0.25557809330628806,40.565581291354135,0,0,5,1,"[2, -4, 8, 1, 1, 2, 4, -6, -2, -1, 6, 2]","[16, 0, 1, 1, 16, 0, 1, 0, 0]",True,20,20,True,False,True,True,0,False,False,False,False,False,False,False,True,True,True,True,True,True,False,False,False,"[2, -4, 8, 1, 1, 2, 4, -6, -2, -1, 6, 2]",0,0,0,0,0,3173.463627207995,0.00011954200454056263,3171.623263958987,0.010878041997784749,24,24,"[('(0, 0, 0, 0, 0, 0, 0, 0, 0, 0, 0, 0)', 126), ('(0, 0, 0, 0, 0, 0, 0, 0, 0, -1, 0, 0)', 46), ('(0, 0, 1, 0, 0, 0, 0, 0, 0, 0, 0, 0)', 34), ('(0, 0, 0, 0, 0, 0, 0, 0, 0, 0, -1, 0)', 30), ('(1, 0, 0, 0, 0, 0, 0, 0, 0, 0, 0, 0)', 30), ('(0, -1, 0, 0, 0, 0, 0, 0, 0, 0, 0, 0)', 24), ('(1, -1, 0, 0, 0, 0, 0, 0, 0, 0, 0, 0)', 10), ('(0, -1, 0, 0, 0, 0, 0, 0, 0, -1, 0, 0)', 10), ('(1, 0, 0, 0, 0, 0, 0, 0, 0, 0, -1, 0)', 8), ('(1, 0, 1, 0, 0, 0, 0, 0, 0, 0, 0, 0)', 8)]",5
9,12,17,26,"[0, 1, 0, 0, 0, 0, 1, -1, -1]","[0, 1, 0, 0, 0, 0, 1, 16, 16]","[1, 0, 0, 0, 0, 0, 0, -1, 0, 0, 0, 0]","[7, 3, 5, 1, 1, -6, -7, 4, 2, 6, -7, -1]","[1, 0, 0, 0, 0, 0, 0, -1, 0, 0, 0, 0]",2.0,"[0, 1, 0, 0, 0, 0, 1, 16, 16]",True,"[0, 0, 0, 0, 0, 0, 0, 0, 0, 0, 0, 0]",2.0,"[7, 3, 5, 1, 1, -6, -7, 4, 2, 6, -7, -1]","[0, 1, 0, 0, 0, 0, 1, 16, 16]",True,"[0, 0, 0, 0, 0, 0, 0, 0, 0, 0, 0, 0]",2.0,0,"[7, 3, 5, 1, 1, -6, -7, 4, 2, 6, -7, -1]","[0, 1, 0, 0, 0, 0, 1, 16, 16]",True,"[0, 0, 0, 0, 0, 0, 0, 0, 0, 0, 0, 0]",2.0,"[7, 3, 5, 1, 1, -6, -7, 4, 2, 6, -7, -1]","[0, 1, 0, 0, 0, 0, 1, 16, 16]",True,"[0, 0, 0, 0, 0, 0, 0, 0, 0, 0, 0, 0]",2.0,96,0.19875776397515527,11.642528902149662,0,0,4,2,"[7, 3, 5, 1, 1, -6, -7, 4, 2, 6, -7, -1]","[0, 1, 0, 0, 0, 0, 1, 16, 16]",True,20,20,True,False,True,True,0,False,False,False,False,False,False,False,True,True,True,True,True,True,False,False,False,"[7, 3, 5, 1, 1, -6, -7, 4, 2, 6, -7, -1]",0,0,0,0,0,3174.1851775420073,0.000127042003441602,3172.3742892910086,0.0084500829980243,24,24,"[('(0, 0, 0, 0, 0, 0, 0, 0, 0, 0, 0, 0)', 96), ('(0, 0, 0, 0, 0, 0, 0, 0, 0, 1, 0, 0)', 27), ('(0, -1, 0, 0, 0, 0, 0, 0, 0, 0, 0, 0)', 20), ('(0, 0, 0, 0, 0, 0, 0, 0, 0, 0, 0, 1)', 16), ('(0, 0, 0, 0, 0, -1, 0, 0, 0, 0, 0, 0)', 14), ('(0, 0, 0, 0, 0, 0, 0, 0, 0, 0, 1, 0)', 13), ('(0, 0, 0, 1, 0, 0, 0, 0, 0, 0, 0, 0)', 10), ('(0, 0, 0, 0, -1, 0, 0, 0, 0, 0, 0, 0)', 10), ('(1, 0, 0, 0, 0, 0, 0, 0, 0, 0, 0, 0)', 10), ('(0, 0, -1, 0, 0, 0, 0, 0, 0, 0, 0, 0)', 9)]",5
9,12,17,28,"[1, 1, 1, 0, 0, -1, 0, 1, 0]","[1, 1, 1, 0, 0, 16, 0, 1, 0]","[0, 0, 1, 0, 0, 0, 0, 1, -1, 0, 0, 1]","[-2, 3, 2, -9, -6, -4, 3, -4, -6, 2, 5, 0]","[0, 0, -1, 1, 0, 0, 0, 0, 0, 0, -1, 0]",3.0,"[10, 10, 3, 7, 6, 2, 12, 2, 7]",False,"[0, 0, 0, 0, 0, 0, 0, 0, 0, 0, 0, 0]",3.0,"[-2, 3, 2, -9, -6, -4, 3, -4, -6, 2, 5, 0]","[10, 10, 3, 7, 6, 2, 12, 2, 7]",False,"[0, 0, 0, 0, 0, 0, 0, 0, 0, 0, 0, 0]",3.0,0,"[-2, 3, 2, -9, -6, -4, 3, -4, -6, 2, 5, 0]","[10, 10, 3, 7, 6, 2, 12, 2, 7]",False,"[0, 0, 0, 0, 0, 0, 0, 0, 0, 0, 0, 0]",3.0,"[-2, 3, 2, -9, -6, -4, 3, -4, -6, 2, 5, 0]","[10, 10, 3, 7, 6, 2, 12, 2, 7]",False,"[0, 0, 1, 0, 0, 0, 0, 0, 0, 0, 0, 0]",9.0,9,0.018145161290322582,7099.2197414907005,6,1,7,6,"[-2, 5, 1, -9, -6, -5, 4, -3, -6, 2, 5, 0]","[2, 0, 13, 14, 5, 6, 16, 6, 0]",False,20,20,False,False,True,True,9,False,False,False,False,False,False,False,True,True,True,True,False,False,False,False,False,"[-2, 3, 0, -8, -6, -4, 3, -5, -5, 2, 4, -1]",9,9,9,9,15,3173.7531110410055,0.0001024169905576855,3171.9207418749866,0.007552041992312297,24,24,"[('(0, 0, 0, 0, 0, 0, 0, 0, 0, 0, 0, 0)', 101), ('(0, 0, 0, 0, 0, 0, 0, 0, 1, 0, 0, 0)', 24), ('(1, 0, 0, 0, 0, 0, 0, 0, 0, 0, 0, 0)', 23), ('(0, -1, 0, 0, 0, 0, 0, 0, 0, 0, 0, 0)', 22), ('(0, 0, 0, -1, 0, 0, 0, 0, 0, 0, 0, 0)', 21), ('(0, 0, 0, 0, 1, 0, 0, 0, 0, 0, 0, 0)', 19), ('(0, 0, 0, 0, 0, 0, 0, 0, 0, 0, 0, -1)', 18), ('(0, 0, 0, 0, 0, 1, 0, 0, 0, 0, 0, 0)', 15), ('(0, 0, 1, 0, 0, 0, 0, 0, 0, 0, 0, 0)', 9), ('(0, 0, 0, 0, 0, 0, 0, 0, 0, 1, 0, 0)', 7)]",5
9,12,17,29,"[1, 1, 1, 1, 0, 0, 0, -1, -1]","[1, 1, 1, 1, 0, 0, 0, 16, 16]","[0, 0, 0, 1, -1, 0, 0, 0, 0, 0, -1, 0]","[2, -3, 1, -7, -4, -4, 8, -6, -5, 6, -6, 2]","[1, 0, 0, 0, 0, 1, 0, 1, 0, 0, 0, 0]",3.0,"[11, 4, 5, 1, 14, 5, 14, 16, 12]",False,"[-1, 1, 0, 0, 0, 0, 0, 0, 0, 0, 0, 0]",3.0,"[3, -3, 1, -8, -3, -3, 8, -5, -5, 6, -5, 2]","[1, 1, 1, 1, 0, 0, 0, 16, 16]",True,"[0, 0, 0, 0, 0, 0, 0, 0, 0, 0, 0, 0]",3.0,0,"[2, -3, 1, -7, -4, -4, 8, -6, -5, 6, -6, 2]","[11, 4, 5, 1, 14, 5, 14, 16, 12]",False,"[0, 0, 0, 0, 0, 0, 0, 0, 0, 0, 0, 0]",3.0,"[2, -3, 1, -7, -4, -4, 8, -6, -5, 6, -6, 2]","[11, 4, 5, 1, 14, 5, 14, 16, 12]",False,"[0, 1, 1, 0, 0, 0, 0, 0, 0, 0, 0, 0]",10.0,4,0.00819672131147541,5180.339056208757,5,0,9,10,"[2, -4, 2, -7, -3, -2, 8, -6, -4, 7, -5, 1]","[15, 16, 9, 16, 7, 16, 15, 1, 12]",False,20,20,False,True,False,True,5,False,True,True,False,False,False,False,False,True,False,True,False,False,False,False,False,"[3, -3, 1, -8, -3, -3, 8, -5, -5, 6, -5, 2]",6,0,6,6,9,3173.6924729590246,0.00011295799049548805,3171.798739666003,0.007969875005073845,24,24,"[('(0, 0, 0, 0, 0, 0, 0, 0, 0, 0, 0, 0)', 55), ('(0, 0, 0, 0, 0, 0, 0, 1, 0, 0, 0, 0)', 20), ('(0, 0, 0, 0, 0, 0, 0, 0, 0, 0, 1, 0)', 14), ('(0, 0, 0, 0, 0, 0, 0, 0, 0, 0, 0, -1)', 13), ('(0, 1, 0, 0, 0, 0, 0, 0, 0, 0, 0, 0)', 13), ('(0, 0, 1, 0, 0, 0, 0, 0, 0, 0, 0, 0)', 12), ('(-1, 0, 0, 0, 0, 0, 0, 0, 0, 0, 0, 0)', 12), ('(0, 0, 0, 1, 0, 0, 0, 0, 0, 0, 0, 0)', 11), ('(0, 0, 0, 0, 1, 0, 0, 0, 0, 0, 0, 0)', 9), ('(0, 0, 0, 0, 0, -1, 0, 0, 0, 0, 0, 0)', 9)]",5
9,12,17,30,"[-1, 0, -1, 0, -1, 0, 0, 0, 1]","[16, 0, 16, 0, 16, 0, 0, 0, 1]","[1, 1, 0, 0, 0, 0, 0, 0, 0, 1, 0, 0]","[2, -9, -8, 2, 1, 8, 6, 2, -8, 0, -3, 7]","[1, 1, 0, 0, 0, 0, 0, 0, 0, 1, 0, 0]",3.0,"[16, 0, 16, 0, 16, 0, 0, 0, 1]",True,"[0, 0, 0, 0, 0, 0, 0, 0, 0, 0, 0, 0]",3.0,"[2, -9, -8, 2, 1, 8, 6, 2, -8, 0, -3, 7]","[16, 0, 16, 0, 16, 0, 0, 0, 1]",True,"[0, 0, 0, 0, 0, 0, 0, 0, 0, 0, 0, 0]",3.0,0,"[2, -9, -8, 2, 1, 8, 6, 2, -8, 0, -3, 7]","[16, 0, 16, 0, 16, 0, 0, 0, 1]",True,"[0, 0, 0, 0, 0, 0, 0, 0, 0, 0, 0, 0]",3.0,"[2, -9, -8, 2, 1, 8, 6, 2, -8, 0, -3, 7]","[16, 0, 16, 0, 16, 0, 0, 0, 1]",True,"[0, 0, 0, 0, 0, 0, 0, 0, 0, 0, 0, 0]",3.0,108,0.22176591375770022,2.6808652117770855,0,0,4,3,"[2, -9, -8, 2, 1, 8, 6, 2, -8, 0, -3, 7]","[16, 0, 16, 0, 16, 0, 0, 0, 1]",True,20,20,True,False,True,True,0,False,False,False,False,False,False,False,True,True,True,True,True,True,False,False,False,"[2, -9, -8, 2, 1, 8, 6, 2, -8, 0, -3, 7]",0,0,0,0,0,3207.1502467079845,9.341698023490608e-05,3205.3010342089983,0.008292792015708983,24,24,"[('(0, 0, 0, 0, 0, 0, 0, 0, 0, 0, 0, 0)', 108), ('(0, 0, 0, 0, -1, 0, 0, 0, 0, 0, 0, 0)', 26), ('(0, 0, 0, 0, 0, 0, 0, 0, 0, 0, 0, -1)', 23), ('(0, 0, 0, 0, 0, 0, 0, 0, -1, 0, 0, 0)', 18), ('(0, 0, 0, 0, 0, 0, 0, -1, 0, 0, 0, 0)', 18), ('(0, -1, 0, 0, 0, 0, 0, 0, 0, 0, 0, 0)', 18), ('(0, 0, 1, 0, 0, 0, 0, 0, 0, 0, 0, 0)', 16), ('(0, 0, 0, 0, 0, 0, 1, 0, 0, 0, 0, 0)', 9), ('(0, 0, 0, 0, 0, 0, 0, 0, 0, -1, 0, 0)', 9), ('(1, 0, 0, 0, 0, 0, 0, 0, 0, 0, 0, 0)', 8)]",5
9,12,17,31,"[1, 0, 0, 0, 0, 1, 0, 1, 1]","[1, 0, 0, 0, 0, 1, 0, 1, 1]","[0, 0, 0, 0, 0, 0, 0, 1, 0, 0, 0, 0]","[0, 3, 4, 0, 2, -2, 8, 6, -8, -6, -1, 8]","[0, 0, 0, 0, 0, 0, 0, 1, 0, 0, 0, 0]",1.0,"[1, 0, 0, 0, 0, 1, 0, 1, 1]",True,"[0, 0, 0, 0, 0, 0, 0, 0, 0, 0, 0, 0]",1.0,"[0, 3, 4, 0, 2, -2, 8, 6, -8, -6, -1, 8]","[1, 0, 0, 0, 0, 1, 0, 1, 1]",True,"[0, 0, 0, 0, 0, 0, 0, 0, 0, 0, 0, 0]",1.0,0,"[0, 3, 4, 0, 2, -2, 8, 6, -8, -6, -1, 8]","[1, 0, 0, 0, 0, 1, 0, 1, 1]",True,"[0, 0, 0, 0, 0, 0, 0, 0, 0, 0, 0, 0]",1.0,"[0, 3, 4, 0, 2, -2, 8, 6, -8, -6, -1, 8]","[1, 0, 0, 0, 0, 1, 0, 1, 1]",True,"[0, 0, 0, 0, 0, 0, 0, 0, 0, 0, 0, 0]",1.0,173,0.34808853118712274,20.534094470078546,0,0,4,1,"[0, 3, 4, 0, 2, -2, 8, 6, -8, -6, -1, 8]","[1, 0, 0, 0, 0, 1, 0, 1, 1]",True,20,20,True,False,True,True,0,False,False,False,False,False,False,False,True,True,True,True,True,True,False,False,False,"[0, 3, 4, 0, 2, -2, 8, 6, -8, -6, -1, 8]",0,0,0,0,0,3207.0385139580176,9.23750048968941e-05,3205.190199499979,0.009782792010810226,24,24,"[('(0, 0, 0, 0, 0, 0, 0, 0, 0, 0, 0, 0)', 173), ('(0, 0, 0, 0, 0, 0, -1, 0, 0, 0, 0, 0)', 41), ('(0, 0, 0, 0, 1, 0, 0, 0, 0, 0, 0, 0)', 32), ('(0, 0, 0, 1, 0, 0, 0, 0, 0, 0, 0, 0)', 25), ('(0, 0, 0, 0, 0, 0, 0, 0, 0, 1, 0, 0)', 18), ('(0, 0, 0, 0, 0, 0, 0, 0, 0, 0, 0, 1)', 14), ('(0, 0, 0, 1, 1, 0, 0, 0, 0, 0, 0, 0)', 10), ('(0, 0, 0, 0, 0, 0, -1, 0, 0, 1, 0, 0)', 9), ('(0, 0, 0, 0, 1, 0, 0, 0, 0, 0, 0, 1)', 8), ('(0, 0, 0, 1, 0, 0, 0, 0, 0, 1, 0, 0)', 7)]",5
9,12,17,32,"[0, 0, 1, 0, 1, 0, 0, 1, 0]","[0, 0, 1, 0, 1, 0, 0, 1, 0]","[0, 0, 0, -1, 0, 0, 0, 1, -1, 0, -1, 0]","[-8, 7, 0, 8, -1, -9, 7, 6, -3, -1, -6, -6]","[0, 0, 0, -1, 0, 1, 1, 0, -1, 0, 0, 0]",4.0,"[14, 2, 2, 16, 13, 1, 7, 13, 10]",False,"[0, 0, 0, 0, 0, 0, 0, 0, 0, 0, 0, 0]",4.0,"[-8, 7, 0, 8, -1, -9, 7, 6, -3, -1, -6, -6]","[14, 2, 2, 16, 13, 1, 7, 13, 10]",False,"[0, 0, 0, 0, 0, 0, 0, 0, 0, 0, 0, 0]",4.0,0,"[-8, 7, 0, 8, -1, -9, 7, 6, -3, -1, -6, -6]","[14, 2, 2, 16, 13, 1, 7, 13, 10]",False,"[0, 0, 0, 0, 0, 0, 0, 0, 0, 0, 0, 0]",4.0,"[-8, 7, 0, 8, -1, -9, 7, 6, -3, -1, -6, -6]","[14, 2, 2, 16, 13, 1, 7, 13, 10]",False,"[0, 0, 1, 0, 0, 0, 0, 0, 0, 0, 0, 0]",4.0,15,0.031055900621118012,33.92274112777603,0,0,3,4,"[-8, 7, 0, 8, -1, -8, 8, 5, -3, -1, -5, -6]","[0, 0, 1, 0, 1, 0, 0, 1, 0]",True,20,20,True,True,True,True,0,False,False,False,False,False,True,True,True,True,True,True,False,True,False,False,True,"[-8, 7, 0, 8, -1, -8, 8, 5, -3, -1, -5, -6]",4,4,4,4,0,3207.035234042007,9.370897896587849e-05,3205.172121709009,0.0084500829980243,24,24,"[('(0, 0, 0, 0, 0, 0, 0, 0, 0, 0, 0, 0)', 48), ('(0, 0, 0, 1, 0, 0, 0, 0, 0, 0, 0, 0)', 21), ('(0, 0, 0, 0, 0, 0, 0, 1, 0, 0, 0, 0)', 18), ('(0, 0, 1, 0, 0, 0, 0, 0, 0, 0, 0, 0)', 15), ('(0, 0, 0, 0, 0, 0, 0, 0, 0, -1, 0, 0)', 12), ('(0, 0, 0, 0, 0, 0, 0, 0, 0, 0, -1, 0)', 12), ('(0, 0, 0, 0, 0, 0, 0, 0, 1, 0, 0, 0)', 11), ('(0, 0, 0, 0, 0, 1, 0, 0, 0, 0, 0, 0)', 11), ('(1, 0, 0, 0, 0, 0, 0, 0, 0, 0, 0, 0)', 8), ('(0, 1, 0, 0, 0, 0, 0, 0, 0, 0, 0, 0)', 8)]",5
9,12,17,33,"[-1, 0, -1, 0, 0, 1, 0, 0, 0]","[16, 0, 16, 0, 0, 1, 0, 0, 0]","[1, 0, 0, 0, 0, 0, 0, 0, 0, -1, 0, -1]","[-5, -2, -1, -3, -7, 8, 2, 3, -6, -5, 2, 3]","[1, 0, 0, 0, 0, 0, 0, 0, 0, -1, 0, -1]",3.0,"[16, 0, 16, 0, 0, 1, 0, 0, 0]",True,"[0, 0, 0, 0, 0, 0, 0, 0, 0, 0, 0, 0]",3.0,"[-5, -2, -1, -3, -7, 8, 2, 3, -6, -5, 2, 3]","[16, 0, 16, 0, 0, 1, 0, 0, 0]",True,"[0, 0, 0, 0, 0, 0, 0, 0, 0, 0, 0, 0]",3.0,0,"[-5, -2, -1, -3, -7, 8, 2, 3, -6, -5, 2, 3]","[16, 0, 16, 0, 0, 1, 0, 0, 0]",True,"[0, 0, 0, 0, 0, 0, 0, 0, 0, 0, 0, 0]",3.0,"[-5, -2, -1, -3, -7, 8, 2, 3, -6, -5, 2, 3]","[16, 0, 16, 0, 0, 1, 0, 0, 0]",True,"[0, 0, 0, 0, 0, 0, 0, 0, 0, 0, 0, 0]",3.0,73,0.15145228215767634,22.719593490679582,0,0,3,3,"[-5, -2, -1, -3, -7, 8, 2, 3, -6, -5, 2, 3]","[16, 0, 16, 0, 0, 1, 0, 0, 0]",True,20,20,True,False,True,True,0,False,False,False,False,False,False,False,True,True,True,True,True,True,False,False,False,"[-5, -2, -1, -3, -7, 8, 2, 3, -6, -5, 2, 3]",0,0,0,0,0,3207.042154790979,0.0001309590006712824,3205.205391583004,0.011380082985851914,24,24,"[('(0, 0, 0, 0, 0, 0, 0, 0, 0, 0, 0, 0)', 73), ('(0, 0, 1, 0, 0, 0, 0, 0, 0, 0, 0, 0)', 18), ('(0, -1, 0, 0, 0, 0, 0, 0, 0, 0, 0, 0)', 17), ('(-1, 0, 0, 0, 0, 0, 0, 0, 0, 0, 0, 0)', 16), ('(0, 0, 0, 0, -1, 0, 0, 0, 0, 0, 0, 0)', 16), ('(0, 0, 0, 0, 0, 0, 0, 0, 1, 0, 0, 0)', 16), ('(0, 0, 0, 0, 0, -1, 0, 0, 0, 0, 0, 0)', 15), ('(0, 0, 0, 0, 0, 0, 0, 0, 0, 0, 1, 0)', 14), ('(0, 0, 0, 0, 0, 0, 1, 0, 0, 0, 0, 0)', 11), ('(0, 0, 0, 0, 0, 0, 0, 0, 0, -1, 0, 0)', 6)]",5
9,12,17,34,"[0, -1, 0, 0, 0, 1, 0, -1, 0]","[0, 16, 0, 0, 0, 1, 0, 16, 0]","[0, 0, 0, -1, 0, 0, 1, 1, 0, 0, 1, 0]","[-7, -6, 0, 6, 7, -7, -8, 1, 0, 4, -5, -2]","[0, 0, 0, -1, 0, 0, 1, 1, 0, 0, 1, 0]",4.0,"[0, 16, 0, 0, 0, 1, 0, 16, 0]",True,"[0, -1, 0, 0, 1, 0, 1, 0, 1, 1, 0, 0]",3.0,"[-7, -6, 1, 5, 7, -7, -7, 3, 0, 4, -3, -2]","[1, 4, 15, 3, 15, 8, 15, 10, 1]",False,"[0, 0, 0, 0, 0, 0, 0, 0, 0, 0, 0, 0]",4.0,0,"[-7, -6, 0, 6, 7, -7, -8, 1, 0, 4, -5, -2]","[0, 16, 0, 0, 0, 1, 0, 16, 0]",True,"[0, 0, 0, 0, 0, 0, 0, 0, 0, 0, 0, 0]",4.0,"[-7, -6, 0, 6, 7, -7, -8, 1, 0, 4, -5, -2]","[0, 16, 0, 0, 0, 1, 0, 16, 0]",True,"[0, 0, 0, 0, 0, 0, 0, 0, 0, 0, 0, 0]",4.0,98,0.2024793388429752,33.740488014986546,0,0,3,4,"[-7, -6, 0, 6, 7, -7, -8, 1, 0, 4, -5, -2]","[0, 16, 0, 0, 0, 1, 0, 16, 0]",True,20,20,True,False,False,False,0,True,True,False,False,False,False,False,False,False,False,False,False,False,False,False,False,"[-7, -6, 0, 6, 7, -7, -8, 1, 0, 4, -5, -2]",0,11,0,0,0,3207.157010541996,0.00011583298328332603,3205.303582957975,0.011068874999182299,24,24,"[('(0, 0, 0, 0, 0, 0, 0, 0, 0, 0, 0, 0)', 98), ('(0, 0, 0, 0, 0, 0, 0, 1, 0, 0, 0, 0)', 16), ('(0, 0, 0, 0, 0, 0, -1, 0, 0, 0, 0, 0)', 15), ('(0, 0, 0, 0, 0, 0, 0, 0, 0, 0, -1, 0)', 15), ('(0, 0, 0, 0, 0, 0, 0, 0, 0, 1, 0, 0)', 14), ('(0, 0, 0, 0, 0, -1, 0, 0, 0, 0, 0, 0)', 14), ('(0, -1, 0, 0, 0, 0, 0, 0, 0, 0, 0, 0)', 11), ('(0, 0, -1, 0, 0, 0, 0, 0, 0, 0, 0, 0)', 10), ('(-1, 0, 0, 0, 0, 0, 0, 0, 0, 0, 0, 0)', 9), ('(0, 0, 0, 0, 1, 0, 0, 0, 0, 0, 0, 0)', 9)]",5
9,12,17,35,"[1, 0, -1, 1, -1, 1, 0, 1, 0]","[1, 0, 16, 1, 16, 1, 0, 1, 0]","[1, 0, 0, 0, -1, 0, 0, 0, 0, 0, 0, 0]","[-7, 8, -3, 6, -3, -5, -8, -1, -3, 3, 5, -1]","[1, 0, 0, 0, -1, 0, 0, 0, 0, 0, 0, 0]",2.0,"[1, 0, 16, 1, 16, 1, 0, 1, 0]",True,"[0, 0, 0, 0, 0, 0, 0, 0, 0, 0, 0, 0]",2.0,"[-7, 8, -3, 6, -3, -5, -8, -1, -3, 3, 5, -1]","[1, 0, 16, 1, 16, 1, 0, 1, 0]",True,"[0, 0, 0, 0, 0, 0, 0, 0, 0, 0, 0, 0]",2.0,0,"[-7, 8, -3, 6, -3, -5, -8, -1, -3, 3, 5, -1]","[1, 0, 16, 1, 16, 1, 0, 1, 0]",True,"[0, 0, 0, 0, 0, 0, 0, 0, 0, 0, 0, 0]",2.0,"[-7, 8, -3, 6, -3, -5, -8, -1, -3, 3, 5, -1]","[1, 0, 16, 1, 16, 1, 0, 1, 0]",True,"[0, 0, 0, 0, 0, 0, 0, 0, 0, 0, 0, 0]",2.0,126,0.2550607287449393,51.61558129135414,0,0,6,2,"[-7, 8, -3, 6, -3, -5, -8, -1, -3, 3, 5, -1]","[1, 0, 16, 1, 16, 1, 0, 1, 0]",True,20,20,True,False,True,True,0,False,False,False,False,False,False,False,True,True,True,True,True,True,False,False,False,"[-7, 8, -3, 6, -3, -5, -8, -1, -3, 3, 5, -1]",0,0,0,0,0,3235.0353299579874,9.416701504960656e-05,3233.1302205839893,0.010427875007735565,24,24,"[('(0, 0, 0, 0, 0, 0, 0, 0, 0, 0, 0, 0)', 126), ('(0, 0, 0, 0, 0, 0, 0, 0, 0, 0, 1, 0)', 26), ('(0, 0, 0, 0, 0, 0, 0, -1, 0, 0, 0, 0)', 20), ('(0, 0, 0, 0, 0, 0, 0, 0, 0, 1, 0, 0)', 19), ('(0, 0, -1, 0, 0, 0, 0, 0, 0, 0, 0, 0)', 18), ('(0, 1, 0, 0, 0, 0, 0, 0, 0, 0, 0, 0)', 16), ('(0, 0, 0, 0, 0, 0, 0, 0, 0, 0, 0, -1)', 15), ('(0, 0, 0, 0, 0, 0, -1, 0, 0, 0, 0, 0)', 10), ('(0, 0, 0, 0, -1, 0, 0, 0, 0, 0, 0, 0)', 10), ('(0, 0, 0, 0, 0, 0, 0, 0, 0, 0, 1, -1)', 8)]",5
9,12,17,36,"[1, 0, -1, -1, -1, 0, -1, -1, 0]","[1, 0, 16, 16, 16, 0, 16, 16, 0]","[1, 0, 1, 0, 0, 0, 0, -1, 0, 0, 0, 0]","[0, -4, 6, 0, 8, -7, 0, 7, -8, -1, 8, 0]","[0, 0, 0, 1, 0, -1, 0, 0, 0, 1, 0, 0]",3.0,"[9, 15, 6, 12, 4, 9, 8, 12, 12]",False,"[0, 0, 0, 0, 0, 0, 0, 0, 0, 0, 0, 0]",3.0,"[0, -4, 6, 0, 8, -7, 0, 7, -8, -1, 8, 0]","[9, 15, 6, 12, 4, 9, 8, 12, 12]",False,"[0, 0, 0, 0, 0, 0, 0, 0, 0, 0, 0, 0]",3.0,0,"[0, -4, 6, 0, 8, -7, 0, 7, -8, -1, 8, 0]","[9, 15, 6, 12, 4, 9, 8, 12, 12]",False,"[0, 0, 0, 0, 0, 0, 0, 0, 0, 0, 0, 0]",3.0,"[0, -4, 6, 0, 8, -7, 0, 7, -8, -1, 8, 0]","[9, 15, 6, 12, 4, 9, 8, 12, 12]",False,"[0, 0, 0, 0, 1, 0, 0, 0, 0, 0, 0, 0]",3.0,23,0.046747967479674794,42.832194616965204,0,0,6,3,"[-1, -4, 5, 1, 8, -8, 0, 8, -8, 0, 8, 0]","[1, 0, 16, 16, 16, 0, 16, 16, 0]",True,20,20,True,True,True,True,0,False,False,False,False,False,True,True,True,True,True,True,False,True,False,False,True,"[-1, -4, 5, 1, 8, -8, 0, 8, -8, 0, 8, 0]",6,6,6,6,0,3235.0991364159854,9.950000094249845e-05,3233.224686958012,0.009663333999924362,24,24,"[('(0, 0, 0, 0, 0, 0, 0, 0, 0, 0, 0, 0)', 97), ('(0, 0, 0, 0, 1, 0, 0, 0, 0, 0, 0, 0)', 23), ('(0, 0, 0, 0, 0, 0, 0, 0, 0, 0, -1, 0)', 22), ('(-1, 0, 0, 0, 0, 0, 0, 0, 0, 0, 0, 0)', 22), ('(0, 0, 1, 0, 0, 0, 0, 0, 0, 0, 0, 0)', 18), ('(0, 0, 0, 0, 0, 0, 0, 0, 0, 1, 0, 0)', 16), ('(0, 0, 0, -1, 0, 0, 0, 0, 0, 0, 0, 0)', 16), ('(0, 0, 0, 0, 0, 0, 0, 1, 0, 0, 0, 0)', 12), ('(0, -1, 0, 0, 0, 0, 0, 0, 0, 0, 0, 0)', 12), ('(0, -1, 0, 0, 1, 0, 0, 0, 0, 0, 0, 0)', 9)]",5
9,12,17,37,"[0, -1, 0, -1, 1, 1, 0, -1, 0]","[0, 16, 0, 16, 1, 1, 0, 16, 0]","[0, 0, 0, 0, 0, -1, 0, 0, 0, 0, 0, 0]","[6, 7, 3, -1, -4, -7, 1, 2, 2, 8, 7, -1]","[0, 0, 0, 0, 0, -1, 0, 0, 0, 0, 0, 0]",1.0,"[0, 16, 0, 16, 1, 1, 0, 16, 0]",True,"[0, 0, 0, 0, 0, 0, 0, 0, 0, 0, 0, 0]",1.0,"[6, 7, 3, -1, -4, -7, 1, 2, 2, 8, 7, -1]","[0, 16, 0, 16, 1, 1, 0, 16, 0]",True,"[0, 0, 0, 0, 0, 0, 0, 0, 0, 0, 0, 0]",1.0,0,"[6, 7, 3, -1, -4, -7, 1, 2, 2, 8, 7, -1]","[0, 16, 0, 16, 1, 1, 0, 16, 0]",True,"[0, 0, 0, 0, 0, 0, 0, 0, 0, 0, 0, 0]",1.0,"[6, 7, 3, -1, -4, -7, 1, 2, 2, 8, 7, -1]","[0, 16, 0, 16, 1, 1, 0, 16, 0]",True,"[0, 0, 0, 0, 0, 0, 0, 0, 0, 0, 0, 0]",1.0,175,0.35496957403651114,40.53295160049618,0,0,5,1,"[6, 7, 3, -1, -4, -7, 1, 2, 2, 8, 7, -1]","[0, 16, 0, 16, 1, 1, 0, 16, 0]",True,20,20,True,False,True,True,0,False,False,False,False,False,False,False,True,True,True,True,True,True,False,False,False,"[6, 7, 3, -1, -4, -7, 1, 2, 2, 8, 7, -1]",0,0,0,0,0,3235.2193609169917,9.133300045505166e-05,3233.364840583992,0.009115666995057836,24,24,"[('(0, 0, 0, 0, 0, 0, 0, 0, 0, 0, 0, 0)', 175), ('(0, 0, 0, 0, 0, 0, 0, 0, 0, 0, 0, -1)', 53), ('(0, 0, -1, 0, 0, 0, 0, 0, 0, 0, 0, 0)', 46), ('(0, 0, 0, 1, 0, 0, 0, 0, 0, 0, 0, 0)', 36), ('(0, 0, 0, 1, 0, 0, 0, 0, 0, 0, 0, -1)', 14), ('(0, 0, -1, 0, 0, 0, 0, 0, 0, 0, 0, -1)', 13), ('(0, 0, -1, 1, 0, 0, 0, 0, 0, 0, 0, 0)', 11), ('(-1, 0, 0, 0, 0, 0, 0, 0, 0, 0, 0, 0)', 6), ('(0, 0, 0, 0, 0, 0, 0, 0, 1, 0, 0, 0)', 5), ('(1, 0, 0, 0, 0, 0, 0, 0, 0, 0, 0, 0)', 5)]",5
9,12,17,38,"[1, 0, 0, -1, 0, -1, 1, 1, 0]","[1, 0, 0, 16, 0, 16, 1, 1, 0]","[0, 0, 0, -1, 0, 0, 0, -1, 0, 0, 0, 0]","[6, 0, 1, 4, 8, 1, -8, -2, 6, 1, -3, 6]","[0, 0, 0, -1, 0, 0, 0, -1, 0, 0, 0, 0]",2.0,"[1, 0, 0, 16, 0, 16, 1, 1, 0]",True,"[0, 0, 0, 0, 0, 0, 0, 0, 0, 0, 0, 0]",2.0,"[6, 0, 1, 4, 8, 1, -8, -2, 6, 1, -3, 6]","[1, 0, 0, 16, 0, 16, 1, 1, 0]",True,"[0, 0, 0, 0, 0, 0, 0, 0, 0, 0, 0, 0]",2.0,0,"[6, 0, 1, 4, 8, 1, -8, -2, 6, 1, -3, 6]","[1, 0, 0, 16, 0, 16, 1, 1, 0]",True,"[0, 0, 0, 0, 0, 0, 0, 0, 0, 0, 0, 0]",2.0,"[6, 0, 1, 4, 8, 1, -8, -2, 6, 1, -3, 6]","[1, 0, 0, 16, 0, 16, 1, 1, 0]",True,"[0, 0, 0, 0, 0, 0, 0, 0, 0, 0, 0, 0]",2.0,116,0.23577235772357724,31.623782606520226,0,0,5,2,"[6, 0, 1, 4, 8, 1, -8, -2, 6, 1, -3, 6]","[1, 0, 0, 16, 0, 16, 1, 1, 0]",True,20,20,True,False,True,True,0,False,False,False,False,False,False,False,True,True,True,True,True,True,False,False,False,"[6, 0, 1, 4, 8, 1, -8, -2, 6, 1, -3, 6]",0,0,0,0,0,3235.2127346249763,0.00010258398833684623,3233.3461306249956,0.008468999993056059,24,24,"[('(0, 0, 0, 0, 0, 0, 0, 0, 0, 0, 0, 0)', 116), ('(0, 0, -1, 0, 0, 0, 0, 0, 0, 0, 0, 0)', 25), ('(0, 0, 0, 0, 0, 0, 0, -1, 0, 0, 0, 0)', 24), ('(0, 0, 0, 0, 0, 0, 0, 0, -1, 0, 0, 0)', 21), ('(0, 0, 0, 0, 0, 0, -1, 0, 0, 0, 0, 0)', 18), ('(0, 0, 0, 0, 0, 1, 0, 0, 0, 0, 0, 0)', 18), ('(0, 0, 0, 0, 0, 0, 0, 0, 0, 0, 1, 0)', 10), ('(0, -1, 0, 0, 0, 0, 0, 0, 0, 0, 0, 0)', 10), ('(0, 0, 0, 0, 0, 0, 0, 0, 0, 0, 0, 1)', 9), ('(0, 0, -1, 0, 0, 0, 0, -1, 0, 0, 0, 0)', 8)]",5
9,12,17,39,"[0, 1, 0, 0, -1, -1, 0, 1, -1]","[0, 1, 0, 0, 16, 16, 0, 1, 16]","[0, 0, 0, 0, 0, 0, 0, 0, 0, 0, 0, 1]","[2, 1, 2, 0, 7, -4, -3, -8, -1, 8, 4, -5]","[0, 0, 0, 0, 0, 0, 0, 0, 0, 0, 0, 1]",1.0,"[0, 1, 0, 0, 16, 16, 0, 1, 16]",True,"[0, 0, 0, 0, 0, 0, 0, 0, 0, 0, 0, 0]",1.0,"[2, 1, 2, 0, 7, -4, -3, -8, -1, 8, 4, -5]","[0, 1, 0, 0, 16, 16, 0, 1, 16]",True,"[0, 0, 0, 0, 0, 0, 0, 0, 0, 0, 0, 0]",1.0,0,"[2, 1, 2, 0, 7, -4, -3, -8, -1, 8, 4, -5]","[0, 1, 0, 0, 16, 16, 0, 1, 16]",True,"[0, 0, 0, 0, 0, 0, 0, 0, 0, 0, 0, 0]",1.0,"[2, 1, 2, 0, 7, -4, -3, -8, -1, 8, 4, -5]","[0, 1, 0, 0, 16, 16, 0, 1, 16]",True,"[0, 0, 0, 0, 0, 0, 0, 0, 0, 0, 0, 0]",1.0,126,0.2571428571428571,40.565581291354135,0,0,5,1,"[2, 1, 2, 0, 7, -4, -3, -8, -1, 8, 4, -5]","[0, 1, 0, 0, 16, 16, 0, 1, 16]",True,20,20,True,False,True,True,0,False,False,False,False,False,False,False,True,True,True,True,True,True,False,False,False,"[2, 1, 2, 0, 7, -4, -3, -8, -1, 8, 4, -5]",0,0,0,0,0,3235.052850542008,0.0001457089965697378,3233.140370042005,0.008345666981767863,24,24,"[('(0, 0, 0, 0, 0, 0, 0, 0, 0, 0, 0, 0)', 126), ('(0, 0, 0, 0, 0, 0, 0, 0, 0, -1, 0, 0)', 33), ('(0, 0, 0, 0, 0, 0, 0, 1, 0, 0, 0, 0)', 31), ('(0, 0, 0, 0, 0, 0, -1, 0, 0, 0, 0, 0)', 27), ('(0, 0, 0, 0, 0, 0, 0, 0, 0, 0, 0, -1)', 25), ('(0, 0, 0, 0, 0, 1, 0, 0, 0, 0, 0, 0)', 24), ('(0, 0, 0, 0, 0, 0, 0, 1, 0, -1, 0, 0)', 12), ('(0, 0, 0, 0, 0, 0, -1, 1, 0, 0, 0, 0)', 10), ('(0, 0, 0, 0, 0, 1, 0, 1, 0, 0, 0, 0)', 10), ('(0, 0, 0, 0, 0, 1, -1, 0, 0, 0, 0, 0)', 10)]",5
9,12,17,40,"[-1, 1, 1, 0, 0, 1, 0, 0, 0]","[16, 1, 1, 0, 0, 1, 0, 0, 0]","[0, 0, 0, 0, 1, -1, 1, 0, 0, 0, -1, 0]","[1, 5, -3, 3, -1, 2, -3, 6, -8, -3, -2, -4]","[1, 0, 0, 0, 0, 1, 1, 1, 0, -1, 0, 0]",5.0,"[2, 8, 10, 14, 16, 4, 11, 0, 12]",False,"[-1, 0, 0, -1, 0, -1, 0, 0, 0, 0, 0, 0]",4.0,"[2, 5, -3, 3, -2, 4, -3, 7, -8, -4, -1, -4]","[16, 1, 1, 0, 0, 1, 0, 0, 0]",True,"[0, 0, 0, 0, 0, 0, 0, 0, 0, 0, 0, 0]",5.0,0,"[1, 5, -3, 3, -1, 2, -3, 6, -8, -3, -2, -4]","[2, 8, 10, 14, 16, 4, 11, 0, 12]",False,"[-1, 0, 0, -1, 0, -1, 0, 0, 0, 0, 0, 0]",4.0,"[2, 5, -3, 3, -2, 4, -3, 7, -8, -4, -1, -4]","[16, 1, 1, 0, 0, 1, 0, 0, 0]",True,"[0, 0, 0, 0, 0, 0, 0, 0, -1, -1, 0, 0]",9.0,5,0.010330578512396695,5099.270824053077,4,1,7,6,"[3, 4, -3, 2, -1, 1, -2, 8, -8, -4, -1, -4]","[1, 4, 16, 2, 3, 5, 0, 0, 16]",False,20,20,False,True,False,False,6,True,True,True,False,True,False,False,False,False,True,True,False,False,False,True,False,"[2, 5, -3, 3, -2, 4, -3, 7, -8, -4, -1, -4]",9,0,9,0,15,3248.4089012089826,9.537499863654375e-05,3246.481363125,0.00891200001933612,24,24,"[('(0, 0, 0, 0, 0, 0, 0, 0, 0, 0, 0, 0)', 77), ('(0, 0, 0, 0, 0, 0, 1, 0, 0, 0, 0, 0)', 20), ('(0, 0, 0, 0, 0, -1, 0, 0, 0, 0, 0, 0)', 19), ('(0, 0, 0, 0, 0, 0, 0, 0, -1, 0, 0, 0)', 17), ('(0, 0, 0, 0, 0, 0, 0, 1, 0, 0, 0, 0)', 11), ('(0, 0, 0, 0, 0, 0, 0, 0, 0, -1, 0, 0)', 11), ('(-1, 0, 0, 0, 0, 0, 0, 0, 0, 0, 0, 0)', 11), ('(0, 0, 0, 0, 0, 0, 1, 0, 0, 0, 0, -1)', 8), ('(0, 0, 0, 0, 0, 0, 1, 1, 0, 0, 0, 0)', 8), ('(0, 0, 0, -1, 0, 0, 0, 0, 0, 0, 0, 0)', 8)]",5
9,12,17,41,"[0, 1, -1, 0, 0, 0, 1, 1, -1]","[0, 1, 16, 0, 0, 0, 1, 1, 16]","[1, -1, 0, 0, -1, 1, 0, 1, 0, 0, 0, 0]","[-2, 1, 5, 7, -4, 2, -2, -6, 2, 2, -4, 5]","[1, 1, 1, -1, 0, 1, 0, 0, 0, 0, 0, 0]",5.0,"[16, 7, 6, 6, 9, 6, 16, 2, 10]",False,"[0, -1, 0, -1, 1, 0, -1, 0, 0, -1, -1, 0]",4.0,"[0, 2, 7, 5, -4, 3, -2, -6, 2, 2, -4, 4]","[4, 11, 11, 16, 1, 11, 4, 15, 5]",False,"[0, 0, 0, 0, 0, 0, 0, 0, 0, 0, 0, 0]",5.0,0,"[-2, 1, 5, 7, -4, 2, -2, -6, 2, 2, -4, 5]","[16, 7, 6, 6, 9, 6, 16, 2, 10]",False,"[0, 0, 0, 0, 0, 0, 0, 0, 0, 0, 0, 0]",5.0,"[-2, 1, 5, 7, -4, 2, -2, -6, 2, 2, -4, 5]","[16, 7, 6, 6, 9, 6, 16, 2, 10]",False,"[0, 0, 0, -1, 0, 0, 0, 0, 0, 0, 0, 0]",5.0,21,0.04259634888438134,44.94089575466417,0,0,5,5,"[-2, 3, 6, 6, -3, 2, -2, -7, 2, 2, -4, 5]","[0, 1, 16, 0, 0, 0, 1, 1, 16]",True,20,20,True,True,False,False,0,True,True,False,False,False,True,True,False,False,False,False,False,False,False,False,True,"[-2, 3, 6, 6, -3, 2, -2, -7, 2, 2, -4, 5]",8,11,8,8,0,3248.470483207988,9.541699546389282e-05,3246.5679315419984,0.008377874997677281,24,24,"[('(0, 0, 0, 0, 0, 0, 0, 0, 0, 0, 0, 0)', 75), ('(0, 0, 0, -1, 0, 0, 0, 0, 0, 0, 0, 0)', 21), ('(0, 0, 0, 0, 1, 0, 0, 0, 0, 0, 0, 0)', 17), ('(0, 0, 0, 0, 0, -1, 0, 0, 0, 0, 0, 0)', 16), ('(0, 0, 0, 0, 0, 0, 0, 0, 1, 0, 0, 0)', 13), ('(0, 1, 0, 0, 0, 0, 0, 0, 0, 0, 0, 0)', 11), ('(1, 0, 0, 0, 0, 0, 0, 0, 0, 0, 0, 0)', 10), ('(0, 0, 0, 0, 0, 0, 0, 0, 0, 0, -1, 0)', 9), ('(1, 0, 0, 0, 0, 0, 0, 0, 1, 0, 0, 0)', 7), ('(0, 0, -1, 0, 0, 0, 0, 0, 0, 0, 0, 0)', 7)]",5
9,12,17,42,"[0, 1, 0, 0, -1, -1, 0, 0, 0]","[0, 1, 0, 0, 16, 16, 0, 0, 0]","[0, 0, 0, 0, 0, -1, 0, 0, 0, 0, 0, -1]","[-9, 1, 6, 5, 0, -3, -6, -1, -7, 8, -6, 0]","[1, 0, 0, 0, 0, 1, 0, 0, 1, -1, 0, 0]",4.0,"[4, 13, 11, 4, 6, 11, 14, 1, 3]",False,"[0, -1, 1, -1, 0, 0, -1, 0, 0, 0, -1, 0]",2.0,"[-8, 1, 6, 5, 0, -1, -6, -1, -6, 7, -6, 1]","[0, 1, 0, 0, 16, 16, 0, 0, 0]",True,"[0, 0, 0, 0, 0, 0, 0, 0, 0, 0, 0, 0]",4.0,0,"[-9, 1, 6, 5, 0, -3, -6, -1, -7, 8, -6, 0]","[4, 13, 11, 4, 6, 11, 14, 1, 3]",False,"[0, 0, 0, 0, 0, 0, 0, 0, 0, 0, 0, 0]",4.0,"[-9, 1, 6, 5, 0, -3, -6, -1, -7, 8, -6, 0]","[4, 13, 11, 4, 6, 11, 14, 1, 3]",False,"[0, 0, 1, 0, 0, 0, 0, 0, 0, 0, 0, 0]",7.0,22,0.044989775051124746,7147.036450578407,7,0,9,7,"[-7, 0, 5, 5, 1, -2, -6, 0, -7, 8, -6, 0]","[14, 11, 10, 8, 3, 14, 6, 1, 16]",False,20,20,False,False,False,False,8,True,True,True,False,False,False,False,False,False,False,False,False,False,False,False,False,"[-8, 1, 6, 5, 0, -1, -6, -1, -6, 7, -6, 1]",8,0,8,8,9,3248.3694734999735,9.475002298131585e-05,3246.4820055419987,0.008793749992037192,24,24,"[('(0, 0, 0, 0, 0, 0, 0, 0, 0, 0, 0, 0)', 72), ('(0, 0, 1, 0, 0, 0, 0, 0, 0, 0, 0, 0)', 22), ('(0, 0, 0, 0, 0, -1, 0, 0, 0, 0, 0, 0)', 21), ('(0, -1, 0, 0, 0, 0, 0, 0, 0, 0, 0, 0)', 21), ('(0, 0, 0, 0, 0, 0, 0, 0, 0, 0, 0, -1)', 18), ('(0, 0, 0, 0, -1, 0, 0, 0, 0, 0, 0, 0)', 15), ('(0, 0, 0, 0, 0, 0, 0, 0, 0, -1, 0, 0)', 11), ('(0, 0, 0, 0, 0, 0, -1, 0, 0, 0, 0, 0)', 9), ('(0, 0, 0, -1, 0, 0, 0, 0, 0, 0, 0, 0)', 9), ('(0, -1, 0, 0, 0, 0, 0, 0, 0, 0, 0, -1)', 8)]",5
9,12,17,43,"[-1, 1, 0, 0, 1, 1, 1, 0, -1]","[16, 1, 0, 0, 1, 1, 1, 0, 16]","[-1, 0, 0, 0, 1, 0, 0, -1, 0, 1, 1, 0]","[7, 6, 7, 7, -6, -2, 7, -2, 7, -8, 4, -8]","[1, -1, 1, 0, 0, 0, 0, 1, 0, 0, -1, 0]",5.0,"[4, 2, 2, 14, 10, 10, 14, 4, 4]",False,"[0, 0, 0, 0, 0, 0, 0, 0, 0, 0, -1, 0]",4.0,"[8, 4, 8, 7, -6, -2, 7, -1, 7, -9, 4, -9]","[0, 0, 6, 8, 1, 1, 16, 9, 4]",False,"[0, 0, 0, 0, 0, 0, 0, 0, 0, 0, -1, 0]",4.0,1,"[8, 4, 8, 7, -6, -2, 7, -1, 7, -9, 4, -9]","[0, 0, 6, 8, 1, 1, 16, 9, 4]",False,"[0, 0, 0, 0, 0, 0, 0, 0, 0, 0, -1, 0]",4.0,"[8, 4, 8, 7, -6, -2, 7, -1, 7, -9, 4, -9]","[0, 0, 6, 8, 1, 1, 16, 9, 4]",False,"[0, 0, 0, 0, 0, 0, 0, 0, 0, 0, -1, 0]",4.0,44,0.08888888888888889,4073.819333751023,4,0,7,4,"[8, 4, 8, 7, -6, -2, 7, -1, 7, -9, 4, -9]","[0, 0, 6, 8, 1, 1, 16, 9, 4]",False,20,20,False,True,True,True,6,True,True,False,False,False,False,False,True,True,True,True,True,True,True,True,True,"[9, 5, 8, 7, -7, -2, 7, 0, 7, -9, 2, -8]",16,9,9,9,9,3248.3709418340004,0.0001536250056233257,3246.522681708011,0.008508750004693866,24,24,"[('(0, 0, 0, 0, 0, 0, 0, 0, 0, 0, 0, 0)', 135), ('(0, 0, 0, 0, 0, 0, 0, 0, 0, 0, -1, 0)', 44), ('(0, -1, 0, 0, 0, 0, 0, 0, 0, 0, 0, 0)', 24), ('(0, 0, 1, 0, 0, 0, 0, 0, 0, 0, 0, 0)', 22), ('(0, 0, 0, 1, 0, 0, 0, 0, 0, 0, 0, 0)', 14), ('(0, 0, 0, 0, 0, 0, 1, 0, 0, 0, 0, 0)', 13), ('(0, 0, 0, 0, -1, 0, 0, 0, 0, 0, 0, 0)', 11), ('(0, 0, 0, 0, 0, 1, 0, 0, 0, 0, 0, 0)', 11), ('(0, 0, 0, 0, 0, 0, 0, -1, 0, 0, 0, 0)', 9), ('(0, 0, 0, 0, 0, 0, 0, -1, 0, 0, -1, 0)', 7)]",5
9,12,17,44,"[0, 0, 1, 0, -1, 0, 0, 0, 0]","[0, 0, 1, 0, 16, 0, 0, 0, 0]","[0, 1, 0, 0, 0, 0, 0, -1, 0, 0, 0, 0]","[2, -5, 1, -5, -2, 6, 7, 6, -5, -8, -7, 5]","[0, 1, 0, 0, 0, 0, 0, -1, 0, 0, 0, 0]",2.0,"[0, 0, 1, 0, 16, 0, 0, 0, 0]",True,"[0, 0, 0, 0, 0, 0, 0, 0, 0, 0, 0, 0]",2.0,"[2, -5, 1, -5, -2, 6, 7, 6, -5, -8, -7, 5]","[0, 0, 1, 0, 16, 0, 0, 0, 0]",True,"[0, 0, 0, 0, 0, 0, 0, 0, 0, 0, 0, 0]",2.0,0,"[2, -5, 1, -5, -2, 6, 7, 6, -5, -8, -7, 5]","[0, 0, 1, 0, 16, 0, 0, 0, 0]",True,"[0, 0, 0, 0, 0, 0, 0, 0, 0, 0, 0, 0]",2.0,"[2, -5, 1, -5, -2, 6, 7, 6, -5, -8, -7, 5]","[0, 0, 1, 0, 16, 0, 0, 0, 0]",True,"[0, 0, 0, 0, 0, 0, 0, 0, 0, 0, 0, 0]",2.0,117,0.23636363636363636,51.622931537553434,0,0,2,2,"[2, -5, 1, -5, -2, 6, 7, 6, -5, -8, -7, 5]","[0, 0, 1, 0, 16, 0, 0, 0, 0]",True,20,20,True,False,True,True,0,False,False,False,False,False,False,False,True,True,True,True,True,True,False,False,False,"[2, -5, 1, -5, -2, 6, 7, 6, -5, -8, -7, 5]",0,0,0,0,0,3248.4709225830156,0.00013324999599717557,3246.5529770420108,0.0075305000063963234,24,24,"[('(0, 0, 0, 0, 0, 0, 0, 0, 0, 0, 0, 0)', 117), ('(0, -1, 0, 0, 0, 0, 0, 0, 0, 0, 0, 0)', 32), ('(0, 0, -1, 0, 0, 0, 0, 0, 0, 0, 0, 0)', 26), ('(0, 0, 0, 1, 0, 0, 0, 0, 0, 0, 0, 0)', 26), ('(0, 0, 0, 0, 0, 0, 0, 0, 0, 0, 0, -1)', 20), ('(0, 0, 0, 0, 0, 0, 0, 0, 0, 0, 1, 0)', 20), ('(0, 0, 0, 0, 0, 0, 1, 0, 0, 0, 0, 0)', 16), ('(0, 0, 0, 0, 0, 0, 0, -1, 0, 0, 0, 0)', 12), ('(0, 0, 0, 0, 0, 0, 0, -1, 0, 0, 1, 0)', 7), ('(0, 0, 0, 1, 0, 0, 0, 0, 0, 0, 0, -1)', 7)]",5
9,12,17,45,"[0, 0, 1, 0, 0, -1, 0, 1, -1]","[0, 0, 1, 0, 0, 16, 0, 1, 16]","[0, 0, -1, 0, 0, 0, 0, 0, -1, 0, 0, 0]","[4, -2, 7, 9, -8, -2, 6, 3, -4, -4, -6, 7]","[0, 0, 0, -1, 0, -2, 0, 0, 0, 1, 0, 0]",6.0,"[3, 16, 14, 10, 0, 3, 14, 0, 1]",False,"[1, 0, 1, 0, 0, 0, 0, 1, 1, 0, 0, 0]",2.0,"[4, -2, 8, 8, -8, -4, 6, 3, -3, -3, -6, 7]","[0, 0, 1, 0, 0, 16, 0, 1, 16]",True,"[0, 0, 0, 0, 0, 0, 0, 0, 0, 0, 0, 0]",6.0,0,"[4, -2, 7, 9, -8, -2, 6, 3, -4, -4, -6, 7]","[3, 16, 14, 10, 0, 3, 14, 0, 1]",False,"[0, -1, 1, 0, 0, 0, 0, 0, 0, 0, 0, 0]",5.0,"[3, -1, 7, 9, -8, -5, 6, 3, -4, -4, -6, 7]","[11, 9, 14, 1, 10, 3, 16, 12, 16]",False,"[0, 0, 0, 0, 0, 0, 0, 0, 0, 0, 0, 0]",6.0,134,0.2729124236252546,6065.809472522156,5,1,7,3,"[4, -2, 7, 9, -8, -2, 6, 3, -4, -4, -6, 7]","[3, 16, 14, 10, 0, 3, 14, 0, 1]",False,20,20,False,False,False,False,8,True,True,True,False,False,False,False,False,False,False,False,False,False,False,True,False,"[4, -2, 8, 8, -8, -4, 6, 3, -3, -3, -6, 7]",8,0,8,7,8,3256.939487666008,0.00011699998867698014,3255.0556812919967,0.009917125018546358,24,24,"[('(0, 0, 0, 0, 0, 0, 0, 0, 0, 0, 0, 0)', 134), ('(0, 0, 0, 0, 0, 0, 0, 0, 0, 0, 0, -1)', 36), ('(0, 0, 0, 0, 0, 0, 0, 0, 0, 0, -1, 0)', 22), ('(0, 0, 0, 0, 0, 0, 0, 0, 0, 1, 0, 0)', 19), ('(0, 0, 0, 0, 0, 1, 0, 0, 0, 0, 0, 0)', 18), ('(0, -1, 0, 0, 0, 0, 0, 0, 0, 0, 0, 0)', 18), ('(0, 0, 0, 0, 0, 0, 0, 1, 0, 0, 0, 0)', 15), ('(0, 0, 0, 0, 0, 0, 1, 0, 0, 0, 0, 0)', 15), ('(0, 0, 1, 0, 0, 0, 0, 0, 0, 0, 0, 0)', 8), ('(0, 0, 0, 0, 0, 0, 0, 1, 0, 0, -1, 0)', 7)]",5
9,12,17,46,"[-1, 0, 0, 0, -1, 0, 1, 0, 1]","[16, 0, 0, 0, 16, 0, 1, 0, 1]","[0, 1, 0, 0, 0, -1, 0, 0, 0, 1, 0, 1]","[6, -3, 5, 6, 4, 5, 3, 7, 6, -5, -4, 3]","[0, 0, 0, 0, -1, 0, -1, -1, 0, 1, 0, 1]",5.0,"[15, 8, 0, 11, 7, 15, 11, 0, 15]",False,"[0, -1, 0, 0, 0, 0, 0, 0, 0, 0, 0, 0]",4.0,"[6, -4, 5, 6, 3, 6, 2, 6, 6, -5, -4, 3]","[16, 0, 0, 0, 16, 0, 1, 0, 1]",True,"[0, -1, 0, 0, 0, 0, 0, 0, 0, 0, 0, 0]",4.0,1,"[6, -4, 5, 6, 3, 6, 2, 6, 6, -5, -4, 3]","[16, 0, 0, 0, 16, 0, 1, 0, 1]",True,"[0, -1, 0, 0, 0, 0, 0, 0, 0, 0, 0, 0]",4.0,"[6, -4, 5, 6, 3, 6, 2, 6, 6, -5, -4, 3]","[16, 0, 0, 0, 16, 0, 1, 0, 1]",True,"[0, -1, 0, 0, 0, 0, 0, 0, 0, 0, 0, 0]",4.0,21,0.04276985743380855,13.890895754664168,0,0,4,4,"[6, -4, 5, 6, 3, 6, 2, 6, 6, -5, -4, 3]","[16, 0, 0, 0, 16, 0, 1, 0, 1]",True,20,20,True,True,True,True,0,True,True,True,True,True,True,True,True,True,True,True,True,True,True,True,True,"[6, -4, 5, 6, 3, 6, 2, 6, 6, -5, -4, 3]",5,0,0,0,0,3256.8393752500124,0.0001532090245746076,3254.9682763330056,0.008854957995936275,24,24,"[('(0, 0, 0, 0, 0, 0, 0, 0, 0, 0, 0, 0)', 60), ('(0, -1, 0, 0, 0, 0, 0, 0, 0, 0, 0, 0)', 21), ('(1, 0, 0, 0, 0, 0, 0, 0, 0, 0, 0, 0)', 19), ('(0, 0, 0, 0, 0, 0, 1, 0, 0, 0, 0, 0)', 17), ('(0, 0, 0, 0, -1, 0, 0, 0, 0, 0, 0, 0)', 15), ('(0, 0, 0, 0, 0, 1, 0, 0, 0, 0, 0, 0)', 12), ('(0, 0, 0, 0, 0, 0, 0, 0, 0, 0, 0, -1)', 11), ('(0, 0, 0, 0, 0, 0, 0, 0, 0, 1, 0, 0)', 11), ('(0, 0, 0, -1, 0, 0, 0, 0, 0, 0, 0, 0)', 11), ('(0, 0, 0, 0, 0, 0, 0, -1, 0, 0, 0, 0)', 8)]",5
9,12,17,47,"[0, 0, 0, 0, -1, 1, 0, 0, 0]","[0, 0, 0, 0, 16, 1, 0, 0, 0]","[1, 1, 0, -1, 1, 0, 0, 1, -1, 0, 0, 0]","[1, 5, -1, -4, -8, 4, 3, 1, 1, 2, 6, -8]","[0, 0, 0, 0, 0, 0, -1, -1, 1, -1, 0, 0]",4.0,"[4, 15, 9, 5, 16, 2, 11, 15, 0]",False,"[-1, 1, -1, 0, 0, 1, -1, 0, 0, 0, -1, 0]",4.0,"[0, 4, -1, -4, -8, 5, 2, -1, 2, 1, 6, -8]","[16, 7, 6, 5, 9, 3, 15, 3, 7]",False,"[0, 0, 0, 0, 0, 0, 0, 0, 0, 0, 0, 0]",4.0,0,"[1, 5, -1, -4, -8, 4, 3, 1, 1, 2, 6, -8]","[4, 15, 9, 5, 16, 2, 11, 15, 0]",False,"[0, 0, 0, 0, 0, 0, 0, 0, 0, 0, 0, 0]",4.0,"[1, 5, -1, -4, -8, 4, 3, 1, 1, 2, 6, -8]","[4, 15, 9, 5, 16, 2, 11, 15, 0]",False,"[0, 0, 0, 0, 0, 0, 0, 0, 0, 0, 0, 0]",4.0,92,0.18775510204081633,7093.746740050685,7,0,8,4,"[1, 5, -1, -4, -8, 4, 3, 1, 1, 2, 6, -8]","[4, 15, 9, 5, 16, 2, 11, 15, 0]",False,20,20,False,True,False,True,9,False,True,False,False,False,False,False,False,True,False,True,False,True,False,False,False,"[0, 4, -1, -3, -9, 4, 2, -1, 3, 1, 6, -8]",14,4,14,14,14,3256.8876624580007,9.466698975302279e-05,3255.0395407089964,0.00843958300538361,24,24,"[('(0, 0, 0, 0, 0, 0, 0, 0, 0, 0, 0, 0)', 92), ('(0, 0, 0, 0, 0, 0, -1, 0, 0, 0, 0, 0)', 25), ('(0, 0, 0, 0, 0, 0, 0, 0, 0, 1, 0, 0)', 21), ('(0, 0, -1, 0, 0, 0, 0, 0, 0, 0, 0, 0)', 20), ('(0, 0, 0, 0, -1, 0, 0, 0, 0, 0, 0, 0)', 19), ('(0, 1, 0, 0, 0, 0, 0, 0, 0, 0, 0, 0)', 19), ('(0, 0, 0, 0, 0, 0, 0, 0, 1, 0, 0, 0)', 18), ('(0, 0, 0, 0, 0, 0, 0, 1, 0, 0, 0, 0)', 14), ('(0, 0, 0, 0, 0, 0, 0, 0, 0, 0, 0, -1)', 11), ('(1, 0, 0, 0, 0, 0, 0, 0, 0, 0, 0, 0)', 10)]",5
9,12,17,48,"[1, 1, -1, -1, 0, 0, 1, 0, 0]","[1, 1, 16, 16, 0, 0, 1, 0, 0]","[0, 0, -1, 0, 0, -1, 0, 0, 0, -1, -1, 0]","[6, -8, 6, -1, 6, -2, 1, 6, 1, -3, 3, 4]","[1, 0, 1, 1, 0, 0, 1, 0, 0, 0, -1, 1]",6.0,"[2, 7, 9, 6, 4, 11, 3, 9, 6]",False,"[-1, -1, 0, -1, -1, 1, 0, 0, 0, 0, 0, -1]",4.0,"[7, -8, 8, 0, 6, -3, 2, 5, 1, -4, 2, 5]","[3, 8, 6, 6, 12, 8, 6, 0, 14]",False,"[0, 0, 0, 0, 0, 0, 0, 0, -1, 0, 0, 0]",5.0,1,"[7, -9, 7, -1, 6, -3, 2, 5, 1, -3, 2, 4]","[5, 2, 1, 7, 13, 6, 5, 5, 8]",False,"[0, 0, 0, 0, 0, 0, 0, 0, -1, 0, 0, 0]",5.0,"[7, -9, 7, -1, 6, -3, 2, 5, 1, -3, 2, 4]","[5, 2, 1, 7, 13, 6, 5, 5, 8]",False,"[0, 0, 0, -1, 0, 0, 0, 0, 0, 0, 0, 0]",8.0,12,0.024390243902439025,6158.143505064253,6,0,9,8,"[8, -7, 6, -1, 6, -3, 2, 6, 0, -3, 3, 4]","[15, 5, 1, 10, 13, 1, 16, 5, 13]",False,20,20,False,True,False,False,6,True,True,False,False,False,False,False,False,False,False,False,False,False,False,False,False,"[7, -8, 8, 0, 6, -1, 2, 6, 1, -2, 3, 5]",10,10,11,11,14,3256.9187127909972,0.00015587499365210533,3255.051357084012,0.008549249992938712,24,24,"[('(0, 0, 0, 0, 0, 0, 0, 0, 0, 0, 0, 0)', 88), ('(0, 0, 0, 0, 0, 0, 0, 0, -1, 0, 0, 0)', 30), ('(0, -1, 0, 0, 0, 0, 0, 0, 0, 0, 0, 0)', 25), ('(0, 0, 0, 0, 0, 0, 0, 0, 0, 0, 1, 0)', 18), ('(0, 0, 0, 0, 0, 0, 0, 0, 0, 1, 0, 0)', 13), ('(0, 0, 0, 0, 0, 0, 0, -1, 0, 0, 0, 0)', 12), ('(0, 0, 0, -1, 0, 0, 0, 0, 0, 0, 0, 0)', 12), ('(0, 0, 0, -1, 0, 0, 0, 0, 0, 1, 0, 0)', 9), ('(0, -1, 0, -1, 0, 0, 0, 0, 0, 0, 0, 0)', 9), ('(0, -1, 0, 0, 0, 0, 0, 0, -1, 0, 0, 0)', 9)]",5
9,12,17,49,"[-1, 1, -1, 1, 1, 0, 0, 0, -1]","[16, 1, 16, 1, 1, 0, 0, 0, 16]","[0, -1, 0, 0, 0, 0, 0, 0, 0, 0, 0, 1]","[4, -5, -1, 5, 8, 7, 4, -6, -7, 6, -4, -1]","[0, -1, 0, 0, 0, 0, 0, 0, 0, 0, 0, 1]",2.0,"[16, 1, 16, 1, 1, 0, 0, 0, 16]",True,"[0, 0, 0, 0, 0, 0, 0, 0, 0, 0, 0, 0]",2.0,"[4, -5, -1, 5, 8, 7, 4, -6, -7, 6, -4, -1]","[16, 1, 16, 1, 1, 0, 0, 0, 16]",True,"[0, 0, 0, 0, 0, 0, 0, 0, 0, 0, 0, 0]",2.0,0,"[4, -5, -1, 5, 8, 7, 4, -6, -7, 6, -4, -1]","[16, 1, 16, 1, 1, 0, 0, 0, 16]",True,"[0, 0, 0, 0, 0, 0, 0, 0, 0, 0, 0, 0]",2.0,"[4, -5, -1, 5, 8, 7, 4, -6, -7, 6, -4, -1]","[16, 1, 16, 1, 1, 0, 0, 0, 16]",True,"[0, 0, 0, 0, 0, 0, 0, 0, 0, 0, 0, 0]",2.0,127,0.25865580448065173,51.61479697360804,0,0,6,2,"[4, -5, -1, 5, 8, 7, 4, -6, -7, 6, -4, -1]","[16, 1, 16, 1, 1, 0, 0, 0, 16]",True,20,20,True,False,True,True,0,False,False,False,False,False,False,False,True,True,True,True,True,True,False,False,False,"[4, -5, -1, 5, 8, 7, 4, -6, -7, 6, -4, -1]",0,0,0,0,0,3256.8615793329955,0.0001153330085799098,3254.9454463339935,0.008386500005144626,24,24,"[('(0, 0, 0, 0, 0, 0, 0, 0, 0, 0, 0, 0)', 127), ('(0, 0, 0, 0, 0, 0, -1, 0, 0, 0, 0, 0)', 37), ('(0, 0, 0, 0, 1, 0, 0, 0, 0, 0, 0, 0)', 30), ('(0, 0, 0, 0, 0, 0, 0, -1, 0, 0, 0, 0)', 29), ('(0, 0, -1, 0, 0, 0, 0, 0, 0, 0, 0, 0)', 27), ('(0, 0, 0, 0, 0, 1, 0, 0, 0, 0, 0, 0)', 25), ('(0, 0, 0, 0, 0, 0, 0, 0, 0, 0, -1, 0)', 19), ('(0, 0, 0, 0, 0, 1, -1, 0, 0, 0, 0, 0)', 9), ('(0, 0, -1, 0, 0, 0, -1, 0, 0, 0, 0, 0)', 9), ('(0, 0, 0, 0, 0, 0, -1, 0, 0, 0, -1, 0)', 7)]",5
9,12,17,50,"[0, 0, 0, 1, 0, -1, 1, 1, -1]","[0, 0, 0, 1, 0, 16, 1, 1, 16]","[0, 0, 0, 0, 0, 0, 0, 0, 0, 0, -1, 0]","[-6, -2, 7, -3, 2, 2, 2, -8, -2, -3, 3, 4]","[0, 0, 0, 0, 0, 0, 0, 0, 0, 0, -1, 0]",1.0,"[0, 0, 0, 1, 0, 16, 1, 1, 16]",True,"[0, 0, 0, 0, 0, 0, 0, 0, 0, 0, 0, 0]",1.0,"[-6, -2, 7, -3, 2, 2, 2, -8, -2, -3, 3, 4]","[0, 0, 0, 1, 0, 16, 1, 1, 16]",True,"[0, 0, 0, 0, 0, 0, 0, 0, 0, 0, 0, 0]",1.0,0,"[-6, -2, 7, -3, 2, 2, 2, -8, -2, -3, 3, 4]","[0, 0, 0, 1, 0, 16, 1, 1, 16]",True,"[0, 0, 0, 0, 0, 0, 0, 0, 0, 0, 0, 0]",1.0,"[-6, -2, 7, -3, 2, 2, 2, -8, -2, -3, 3, 4]","[0, 0, 0, 1, 0, 16, 1, 1, 16]",True,"[0, 0, 0, 0, 0, 0, 0, 0, 0, 0, 0, 0]",1.0,200,0.4065040650406504,40.51966950919409,0,0,5,1,"[-6, -2, 7, -3, 2, 2, 2, -8, -2, -3, 3, 4]","[0, 0, 0, 1, 0, 16, 1, 1, 16]",True,20,20,True,False,True,True,0,False,False,False,False,False,False,False,True,True,True,True,True,True,False,False,False,"[-6, -2, 7, -3, 2, 2, 2, -8, -2, -3, 3, 4]",0,0,0,0,0,3320.7736182080116,9.395802044309676e-05,3318.8719515409903,0.009383791999425739,24,24,"[('(0, 0, 0, 0, 0, 0, 0, 0, 0, 0, 0, 0)', 200), ('(0, 0, 0, 0, 0, 0, 0, 0, 0, 0, -1, 0)', 62), ('(0, 0, 0, 0, 0, 0, 0, 0, 0, 0, 0, 1)', 52), ('(0, 0, 0, 0, 0, 0, 0, 0, 0, 1, 0, 0)', 9), ('(0, -1, 0, 0, 0, 0, 0, 0, 0, 0, 0, 0)', 8), ('(0, 0, 0, 0, 0, 0, 0, 0, 0, 0, -1, 1)', 7), ('(0, 0, 0, 0, 0, 0, 0, 0, -1, 0, 0, 0)', 7), ('(0, 0, 0, 1, 0, 0, 0, 0, 0, 0, 0, 0)', 7), ('(0, 0, -1, 0, 0, 0, 0, 0, 0, 0, 0, 0)', 6), ('(0, 1, 0, 0, 0, 0, 0, 0, 0, 0, 0, 0)', 6)]",5
9,12,17,51,"[-1, 0, 1, 0, 0, 1, 0, -1, 0]","[16, 0, 1, 0, 0, 1, 0, 16, 0]","[0, 0, 0, 0, 0, 0, 1, 0, 0, 0, 1, 1]","[-7, -3, -6, 1, 3, -6, 4, 7, -6, -1, -1, -2]","[0, -1, 0, 0, 1, 1, -1, 1, 1, 0, 1, 0]",7.0,"[1, 14, 12, 11, 12, 0, 14, 3, 4]",False,"[0, 0, 0, 0, -1, -1, 0, 0, 0, -1, 0, 1]",3.0,"[-7, -4, -6, 1, 4, -5, 2, 8, -5, -1, -1, -3]","[16, 0, 1, 0, 0, 1, 0, 16, 0]",True,"[0, 0, 0, 0, 0, 0, 0, 0, 0, 0, 0, 0]",7.0,0,"[-7, -3, -6, 1, 3, -6, 4, 7, -6, -1, -1, -2]","[1, 14, 12, 11, 12, 0, 14, 3, 4]",False,"[0, 1, 0, 0, 0, 0, 0, -1, 0, 0, 0, 0]",6.0,"[-7, -4, -6, 2, 3, -6, 3, 9, -6, -2, 0, -2]","[16, 2, 15, 7, 11, 15, 2, 0, 11]",False,"[0, 0, 0, 0, -1, 0, 0, 0, 0, 0, 0, 0]",16.0,21,0.0430327868852459,6116.490895754664,4,2,8,5,"[-7, -4, -9, 1, 4, -7, 2, 8, -6, -1, -1, -2]","[6, 16, 7, 0, 1, 4, 10, 16, 16]",False,20,20,False,True,False,False,8,True,True,True,False,False,False,False,False,False,False,False,False,False,False,True,False,"[-7, -4, -6, 1, 4, -5, 2, 8, -5, -1, -1, -3]",10,0,10,9,15,3320.8591586250113,0.00013445800868794322,3318.9733717500058,0.009700499998871237,24,24,"[('(0, 0, 0, 0, 0, 0, 0, 0, 0, 0, 0, 0)', 68), ('(0, 0, 1, 0, 0, 0, 0, 0, 0, 0, 0, 0)', 26), ('(0, 0, 0, 0, 0, 0, 0, 0, 0, 0, 0, 1)', 22), ('(0, 0, 0, 0, -1, 0, 0, 0, 0, 0, 0, 0)', 21), ('(0, 0, 0, 0, 0, 0, 0, -1, 0, 0, 0, 0)', 18), ('(0, 0, 0, 0, 0, 0, 0, 0, 0, 0, 1, 0)', 17), ('(0, 0, 0, 1, 0, 0, 0, 0, 0, 0, 0, 0)', 16), ('(0, 0, 0, 0, 0, 0, 1, 0, 0, 0, 0, 0)', 12), ('(0, 1, 0, 0, 0, 0, 0, 0, 0, 0, 0, 0)', 12), ('(0, 0, 1, 0, 0, 0, 0, 0, 0, 0, 0, 1)', 7)]",5
9,12,17,52,"[0, 0, 0, 1, 1, 0, -1, 0, 0]","[0, 0, 0, 1, 1, 0, 16, 0, 0]","[0, 0, 0, 0, 0, -1, 0, 0, 1, 0, 0, 0]","[3, 4, -5, 1, -3, 7, 7, -2, 0, -1, 8, -1]","[0, 0, 0, 0, 0, -1, 0, 0, 1, 0, 0, 0]",2.0,"[0, 0, 0, 1, 1, 0, 16, 0, 0]",True,"[0, 0, 0, 0, 0, 0, 0, 0, 0, 0, 0, 0]",2.0,"[3, 4, -5, 1, -3, 7, 7, -2, 0, -1, 8, -1]","[0, 0, 0, 1, 1, 0, 16, 0, 0]",True,"[0, 0, 0, 0, 0, 0, 0, 0, 0, 0, 0, 0]",2.0,0,"[3, 4, -5, 1, -3, 7, 7, -2, 0, -1, 8, -1]","[0, 0, 0, 1, 1, 0, 16, 0, 0]",True,"[0, 0, 0, 0, 0, 0, 0, 0, 0, 0, 0, 0]",2.0,"[3, 4, -5, 1, -3, 7, 7, -2, 0, -1, 8, -1]","[0, 0, 0, 1, 1, 0, 16, 0, 0]",True,"[0, 0, 0, 0, 0, 0, 0, 0, 0, 0, 0, 0]",2.0,60,0.12345679012345678,31.68891261358267,0,0,3,2,"[3, 4, -5, 1, -3, 7, 7, -2, 0, -1, 8, -1]","[0, 0, 0, 1, 1, 0, 16, 0, 0]",True,20,20,True,False,True,True,0,False,False,False,False,False,False,False,True,True,True,True,True,True,False,False,False,"[3, 4, -5, 1, -3, 7, 7, -2, 0, -1, 8, -1]",0,0,0,0,0,3320.773108916008,9.337501251138747e-05,3318.9076228330086,0.008369083981961012,24,24,"[('(0, 0, 0, 0, 0, 0, 0, 0, 0, 0, 0, 0)', 60), ('(0, 0, 0, 0, 0, 0, 0, -1, 0, 0, 0, 0)', 21), ('(0, 1, 0, 0, 0, 0, 0, 0, 0, 0, 0, 0)', 19), ('(1, 0, 0, 0, 0, 0, 0, 0, 0, 0, 0, 0)', 18), ('(0, 0, 0, 0, 0, 0, 0, 0, 0, 0, 0, 1)', 17), ('(0, 0, 0, 0, 0, 1, 0, 0, 0, 0, 0, 0)', 16), ('(0, 0, 0, 0, 1, 0, 0, 0, 0, 0, 0, 0)', 13), ('(0, 0, 0, 0, 0, 0, 0, 0, 0, 0, -1, 0)', 11), ('(0, 1, 0, 0, 1, 0, 0, 0, 0, 0, 0, 0)', 8), ('(0, 0, 0, 1, 0, 0, 0, 0, 0, 0, 0, 0)', 8)]",5
9,12,17,53,"[0, 0, 1, 0, 0, 0, -1, 0, 0]","[0, 0, 1, 0, 0, 0, 16, 0, 0]","[0, 0, -1, 0, 0, 0, 0, 0, 0, 0, 0, 0]","[3, 0, 9, 5, 0, -2, -4, -4, 8, 7, 2, 4]","[0, 0, -1, 0, 0, 0, 0, 0, 0, 0, 0, 0]",1.0,"[0, 0, 1, 0, 0, 0, 16, 0, 0]",True,"[0, 0, 0, 0, 0, 0, 0, 0, 0, 0, 0, 0]",1.0,"[3, 0, 9, 5, 0, -2, -4, -4, 8, 7, 2, 4]","[0, 0, 1, 0, 0, 0, 16, 0, 0]",True,"[0, 0, 0, 0, 0, 0, 0, 0, 0, 0, 0, 0]",1.0,0,"[3, 0, 9, 5, 0, -2, -4, -4, 8, 7, 2, 4]","[0, 0, 1, 0, 0, 0, 16, 0, 0]",True,"[0, 0, 0, 0, 0, 0, 0, 0, 0, 0, 0, 0]",1.0,"[3, 0, 9, 5, 0, -2, -4, -4, 8, 7, 2, 4]","[0, 0, 1, 0, 0, 0, 16, 0, 0]",True,"[0, 0, 0, 0, 0, 0, 0, 0, 0, 0, 0, 0]",1.0,130,0.26369168356997974,60.56248026767988,0,0,2,1,"[3, 0, 9, 5, 0, -2, -4, -4, 8, 7, 2, 4]","[0, 0, 1, 0, 0, 0, 16, 0, 0]",True,20,20,True,False,True,True,0,False,False,False,False,False,False,False,True,True,True,True,True,True,False,False,False,"[3, 0, 9, 5, 0, -2, -4, -4, 8, 7, 2, 4]",0,0,0,0,0,3320.7510160419915,0.0001233329821843654,3318.877261207992,0.00818916701246053,24,24,"[('(0, 0, 0, 0, 0, 0, 0, 0, 0, 0, 0, 0)', 130), ('(0, 0, -1, 0, 0, 0, 0, 0, 0, 0, 0, 0)', 39), ('(0, 0, 0, 0, 0, 0, 0, 0, 0, 0, 1, 0)', 33), ('(0, 0, 0, 0, 0, 1, 0, 0, 0, 0, 0, 0)', 30), ('(1, 0, 0, 0, 0, 0, 0, 0, 0, 0, 0, 0)', 26), ('(0, 0, 0, 0, 0, 0, 1, 0, 0, 0, 0, 0)', 25), ('(1, 0, -1, 0, 0, 0, 0, 0, 0, 0, 0, 0)', 13), ('(1, 0, 0, 0, 0, 1, 0, 0, 0, 0, 0, 0)', 11), ('(0, 0, 0, 0, 0, 1, 1, 0, 0, 0, 0, 0)', 10), ('(0, 0, -1, 0, 0, 0, 0, 0, 0, 0, 1, 0)', 9)]",5
9,12,17,54,"[-1, 0, 1, 0, 0, 1, 0, -1, -1]","[16, 0, 1, 0, 0, 1, 0, 16, 16]","[1, 0, 0, 0, 0, 0, 0, -1, 0, 0, 0, 0]","[-3, 2, 7, -1, -4, 7, 0, -6, -1, 7, 5, -8]","[1, 0, 0, 0, 0, 0, 0, -1, 0, 0, 0, 0]",2.0,"[16, 0, 1, 0, 0, 1, 0, 16, 16]",True,"[0, 0, 0, 0, 0, 0, 0, 0, 0, 0, 0, 0]",2.0,"[-3, 2, 7, -1, -4, 7, 0, -6, -1, 7, 5, -8]","[16, 0, 1, 0, 0, 1, 0, 16, 16]",True,"[0, 0, 0, 0, 0, 0, 0, 0, 0, 0, 0, 0]",2.0,0,"[-3, 2, 7, -1, -4, 7, 0, -6, -1, 7, 5, -8]","[16, 0, 1, 0, 0, 1, 0, 16, 16]",True,"[0, 0, 0, 0, 0, 0, 0, 0, 0, 0, 0, 0]",2.0,"[-3, 2, 7, -1, -4, 7, 0, -6, -1, 7, 5, -8]","[16, 0, 1, 0, 0, 1, 0, 16, 16]",True,"[0, 0, 0, 0, 0, 0, 0, 0, 0, 0, 0, 0]",2.0,109,0.22154471544715448,31.62995196342076,0,0,5,2,"[-3, 2, 7, -1, -4, 7, 0, -6, -1, 7, 5, -8]","[16, 0, 1, 0, 0, 1, 0, 16, 16]",True,20,20,True,False,True,True,0,False,False,False,False,False,False,False,True,True,True,True,True,True,False,False,False,"[-3, 2, 7, -1, -4, 7, 0, -6, -1, 7, 5, -8]",0,0,0,0,0,3320.828732792026,0.00011079202522523701,3318.921155375021,0.008404166001128033,24,24,"[('(0, 0, 0, 0, 0, 0, 0, 0, 0, 0, 0, 0)', 109), ('(0, 0, 0, 0, 0, 0, 0, 0, 0, 0, 1, 0)', 22), ('(0, 0, 0, 0, 0, 0, 0, 0, 0, 0, 0, -1)', 19), ('(0, 0, 0, -1, 0, 0, 0, 0, 0, 0, 0, 0)', 16), ('(0, 0, -1, 0, 0, 0, 0, 0, 0, 0, 0, 0)', 14), ('(0, 0, 0, 0, 0, -1, 0, 0, 0, 0, 0, 0)', 12), ('(0, 0, 0, 0, 0, 0, 1, 0, 0, 0, 0, 0)', 10), ('(0, 0, 0, 0, 0, 0, 0, 0, -1, 0, 0, 0)', 8), ('(0, 0, 0, -1, 0, -1, 0, 0, 0, 0, 0, 0)', 7), ('(0, -1, 0, 0, 0, 0, 0, 0, 0, 0, 0, 0)', 7)]",5
9,12,17,55,"[1, 0, 1, 0, 0, -1, 0, 0, 0]","[1, 0, 1, 0, 0, 16, 0, 0, 0]","[0, 1, 0, 0, 0, -1, 0, 0, 0, 0, 0, -1]","[8, 4, 7, 8, 0, 4, 9, 5, 0, 3, 9, 3]","[0, -1, 0, -1, 0, -1, -1, 0, 0, 0, -1, 0]",5.0,"[15, 11, 7, 15, 15, 2, 5, 2, 15]",False,"[0, 0, 0, 0, 0, 0, 0, 0, 1, 0, 0, 0]",3.0,"[8, 2, 7, 7, 0, 4, 8, 5, 0, 3, 8, 4]","[1, 0, 1, 0, 0, 16, 0, 0, 0]",True,"[0, 0, 0, 0, 0, 0, 0, 0, 1, 0, 0, 0]",3.0,1,"[8, 2, 7, 7, 0, 4, 8, 5, 0, 3, 8, 4]","[1, 0, 1, 0, 0, 16, 0, 0, 0]",True,"[0, 0, 0, 0, 0, 0, 0, 0, 1, 0, 0, 0]",3.0,"[8, 2, 7, 7, 0, 4, 8, 5, 0, 3, 8, 4]","[1, 0, 1, 0, 0, 16, 0, 0, 0]",True,"[0, 0, 0, 0, 0, 0, 0, 0, 1, 0, 0, 0]",3.0,19,0.0389344262295082,22.8504267726446,0,0,3,3,"[8, 2, 7, 7, 0, 4, 8, 5, 0, 3, 8, 4]","[1, 0, 1, 0, 0, 16, 0, 0, 0]",True,20,20,True,True,True,True,0,True,True,True,True,True,True,True,True,True,True,True,True,True,True,True,True,"[8, 2, 7, 7, 0, 4, 8, 5, 0, 3, 8, 4]",8,0,0,0,0,3266.414641582989,0.00014358398038893938,3264.49683774999,0.008713916991837323,24,24,"[('(0, 0, 0, 0, 0, 0, 0, 0, 0, 0, 0, 0)', 72), ('(0, 0, 0, -1, 0, 0, 0, 0, 0, 0, 0, 0)', 21), ('(0, 0, 0, 0, 0, 0, 0, 0, 1, 0, 0, 0)', 19), ('(0, 0, 0, 0, 0, 0, 0, 0, 0, 0, -1, 0)', 17), ('(0, 0, 0, 0, 0, 0, 0, 0, 0, 0, 0, -1)', 16), ('(0, 0, -1, 0, 0, 0, 0, 0, 0, 0, 0, 0)', 16), ('(0, 0, 0, 0, 0, 0, 0, 0, 0, -1, 0, 0)', 13), ('(-1, 0, 0, 0, 0, 0, 0, 0, 0, 0, 0, 0)', 12), ('(0, 0, 0, 0, 0, 0, 0, 1, 0, 0, 0, 0)', 9), ('(0, 0, 0, 0, 0, 0, 0, 0, 0, 0, -1, -1)', 6)]",5
9,12,17,56,"[0, 0, 1, 0, 0, 1, 1, 0, 1]","[0, 0, 1, 0, 0, 1, 1, 0, 1]","[0, 0, 1, 0, 0, 1, 0, 0, 0, 0, 0, 1]","[-1, 5, -2, -8, 0, 5, -1, 3, 7, 0, 0, -1]","[-1, 0, -1, 1, 0, 1, 0, 0, 0, 0, -1, 0]",5.0,"[9, 14, 9, 16, 5, 6, 10, 12, 14]",False,"[0, -1, -1, 0, -1, -1, -1, 1, -1, 0, 0, 0]",3.0,"[-2, 5, -4, -7, 0, 5, -1, 3, 7, 0, -1, -2]","[0, 0, 1, 0, 0, 1, 1, 0, 1]",True,"[0, 0, 0, 0, 0, 0, 0, 0, 0, 0, 0, 0]",5.0,0,"[-1, 5, -2, -8, 0, 5, -1, 3, 7, 0, 0, -1]","[9, 14, 9, 16, 5, 6, 10, 12, 14]",False,"[0, 0, 0, 0, 0, 0, 0, 0, 0, 0, 0, 0]",5.0,"[-1, 5, -2, -8, 0, 5, -1, 3, 7, 0, 0, -1]","[9, 14, 9, 16, 5, 6, 10, 12, 14]",False,"[0, 0, 0, -1, 0, 0, 0, 0, 0, 0, 0, -1]",5.0,6,0.012244897959183673,7085.055408985095,7,0,7,5,"[-2, 5, -3, -7, 0, 7, 0, 4, 7, 0, 0, 0]","[6, 14, 15, 4, 9, 15, 0, 0, 3]",False,20,20,False,False,False,False,8,True,True,True,False,False,False,False,False,False,False,False,False,False,False,False,False,"[-2, 5, -4, -7, 0, 5, -1, 3, 7, 0, -1, -2]",8,0,8,8,12,3266.399682834017,0.00010341699817217886,3264.4963711250166,0.009123957977863029,24,24,"[('(0, 0, 0, 0, 0, 0, 0, 0, 0, 0, 0, 0)', 109), ('(0, 0, -1, 0, 0, 0, 0, 0, 0, 0, 0, 0)', 29), ('(0, 0, 0, 0, -1, 0, 0, 0, 0, 0, 0, 0)', 27), ('(0, 0, 0, 0, 0, -1, 0, 0, 0, 0, 0, 0)', 22), ('(0, 0, 0, 0, 0, 0, 1, 0, 0, 0, 0, 0)', 22), ('(0, 0, 0, 0, 0, 0, 0, -1, 0, 0, 0, 0)', 20), ('(0, 0, 0, 0, 0, 0, 0, 0, 0, 0, 0, -1)', 17), ('(0, 0, 0, -1, 0, 0, 0, 0, 0, 0, 0, 0)', 12), ('(0, 0, 0, 0, 0, 0, 0, 0, 0, 1, 0, 0)', 10), ('(0, -1, 0, 0, 0, 0, 0, 0, 0, 0, 0, 0)', 9)]",5
9,12,17,57,"[1, 0, 0, 0, -1, 0, 0, -1, 0]","[1, 0, 0, 0, 16, 0, 0, 16, 0]","[0, -1, 0, 0, 0, 0, 0, 0, 0, -1, 0, 0]","[-1, 3, -3, -3, -7, -3, -6, 6, 0, 1, 5, -4]","[0, -1, 0, 0, 0, 0, 0, 0, 0, -1, 0, 0]",2.0,"[1, 0, 0, 0, 16, 0, 0, 16, 0]",True,"[0, 0, 0, 0, 0, 0, 0, 0, 0, 0, 0, 0]",2.0,"[-1, 3, -3, -3, -7, -3, -6, 6, 0, 1, 5, -4]","[1, 0, 0, 0, 16, 0, 0, 16, 0]",True,"[0, 0, 0, 0, 0, 0, 0, 0, 0, 0, 0, 0]",2.0,0,"[-1, 3, -3, -3, -7, -3, -6, 6, 0, 1, 5, -4]","[1, 0, 0, 0, 16, 0, 0, 16, 0]",True,"[0, 0, 0, 0, 0, 0, 0, 0, 0, 0, 0, 0]",2.0,"[-1, 3, -3, -3, -7, -3, -6, 6, 0, 1, 5, -4]","[1, 0, 0, 0, 16, 0, 0, 16, 0]",True,"[0, 0, 0, 0, 0, 0, 0, 0, 0, 0, 0, 0]",2.0,51,0.10559006211180125,31.70487562814186,0,0,3,2,"[-1, 3, -3, -3, -7, -3, -6, 6, 0, 1, 5, -4]","[1, 0, 0, 0, 16, 0, 0, 16, 0]",True,20,20,True,False,True,True,0,False,False,False,False,False,False,False,True,True,True,True,True,True,False,False,False,"[-1, 3, -3, -3, -7, -3, -6, 6, 0, 1, 5, -4]",0,0,0,0,0,3266.4335231659934,0.00012854099622927606,3264.5039479169936,0.011817416991107166,24,24,"[('(0, 0, 0, 0, 0, 0, 0, 0, 0, 0, 0, 0)', 51), ('(0, 0, 0, 0, 0, 0, 0, 0, 1, 0, 0, 0)', 21), ('(0, -1, 0, 0, 0, 0, 0, 0, 0, 0, 0, 0)', 18), ('(1, 0, 0, 0, 0, 0, 0, 0, 0, 0, 0, 0)', 18), ('(0, 0, 0, 0, 0, 0, 0, 0, 0, 0, -1, 0)', 14), ('(0, 0, 0, 0, 0, 0, 1, 0, 0, 0, 0, 0)', 12), ('(0, 0, 0, 0, 0, 0, 0, 0, 0, 0, 0, 1)', 12), ('(0, 0, 0, 0, 0, 0, 0, 0, 0, -1, 0, 0)', 11), ('(0, 0, 0, 0, 0, -1, 0, 0, 0, 0, 0, 0)', 9), ('(0, 0, -1, 0, 0, 0, 0, 0, 0, 0, 0, 0)', 9)]",5
9,12,17,58,"[-1, 1, 0, -1, 1, 1, -1, -1, 0]","[16, 1, 0, 16, 1, 1, 16, 16, 0]","[1, 0, 0, 0, 0, 1, 1, 1, 0, 0, 0, 0]","[7, -6, 7, 6, 7, 6, 4, 2, 5, 2, -6, -8]","[1, 0, 0, 0, 0, 1, 1, 1, 0, 0, 0, 0]",4.0,"[16, 1, 0, 16, 1, 1, 16, 16, 0]",True,"[0, 0, 0, 0, 0, 0, 0, 0, 0, 0, 0, 0]",4.0,"[7, -6, 7, 6, 7, 6, 4, 2, 5, 2, -6, -8]","[16, 1, 0, 16, 1, 1, 16, 16, 0]",True,"[0, 0, 0, 0, 0, 0, 0, 0, 0, 0, 0, 0]",4.0,0,"[7, -6, 7, 6, 7, 6, 4, 2, 5, 2, -6, -8]","[16, 1, 0, 16, 1, 1, 16, 16, 0]",True,"[0, 0, 0, 0, 0, 0, 0, 0, 0, 0, 0, 0]",4.0,"[7, -6, 7, 6, 7, 6, 4, 2, 5, 2, -6, -8]","[16, 1, 0, 16, 1, 1, 16, 16, 0]",True,"[0, 0, 0, 0, 0, 0, 0, 0, 0, 0, 0, 0]",4.0,141,0.28716904276985744,73.70441729423987,0,0,7,4,"[7, -6, 7, 6, 7, 6, 4, 2, 5, 2, -6, -8]","[16, 1, 0, 16, 1, 1, 16, 16, 0]",True,20,20,True,False,True,True,0,False,False,False,False,False,False,False,True,True,True,True,True,True,False,False,False,"[7, -6, 7, 6, 7, 6, 4, 2, 5, 2, -6, -8]",0,0,0,0,0,3266.447361917002,0.00010404098429717124,3264.573803416977,0.011221875000046566,24,24,"[('(0, 0, 0, 0, 0, 0, 0, 0, 0, 0, 0, 0)', 141), ('(0, 0, 0, 0, -1, 0, 0, 0, 0, 0, 0, 0)', 31), ('(0, 0, 0, 0, 0, 0, 0, 0, 0, 0, 0, -1)', 27), ('(0, 0, 0, 0, 0, 0, 0, 0, 0, 1, 0, 0)', 22), ('(0, 0, 0, 0, 0, 1, 0, 0, 0, 0, 0, 0)', 18), ('(0, 0, 0, 0, 0, 0, 0, 0, 1, 0, 0, 0)', 13), ('(0, 0, 0, 0, 0, 0, 0, 0, 0, 0, -1, 0)', 10), ('(0, 0, 0, 0, 0, 0, 0, -1, 0, 0, 0, 0)', 9), ('(0, 0, 1, 0, 0, 0, 0, 0, 0, 0, 0, 0)', 8), ('(0, 0, 0, 0, -1, 0, 0, 0, 0, 1, 0, 0)', 7)]",5
9,12,17,59,"[0, 0, 0, 0, -1, 0, 1, -1, 0]","[0, 0, 0, 0, 16, 0, 1, 16, 0]","[1, 0, -1, 0, 0, 0, 0, 0, 0, 0, 0, 0]","[-3, 1, 8, 0, 2, 0, -3, -5, 5, -1, 6, -5]","[1, 0, -1, 0, 0, 0, 0, 0, 0, 0, 0, 0]",2.0,"[0, 0, 0, 0, 16, 0, 1, 16, 0]",True,"[0, 0, 0, 0, 0, 0, 0, 0, 0, 0, 0, 0]",2.0,"[-3, 1, 8, 0, 2, 0, -3, -5, 5, -1, 6, -5]","[0, 0, 0, 0, 16, 0, 1, 16, 0]",True,"[0, 0, 0, 0, 0, 0, 0, 0, 0, 0, 0, 0]",2.0,0,"[-3, 1, 8, 0, 2, 0, -3, -5, 5, -1, 6, -5]","[0, 0, 0, 0, 16, 0, 1, 16, 0]",True,"[0, 0, 0, 0, 0, 0, 0, 0, 0, 0, 0, 0]",2.0,"[-3, 1, 8, 0, 2, 0, -3, -5, 5, -1, 6, -5]","[0, 0, 0, 0, 16, 0, 1, 16, 0]",True,"[0, 0, 0, 0, 0, 0, 0, 0, 0, 0, 0, 0]",2.0,128,0.26229508196721313,31.614018759563834,0,0,3,2,"[-3, 1, 8, 0, 2, 0, -3, -5, 5, -1, 6, -5]","[0, 0, 0, 0, 16, 0, 1, 16, 0]",True,20,20,True,False,True,True,0,False,False,False,False,False,False,False,True,True,True,True,True,True,False,False,False,"[-3, 1, 8, 0, 2, 0, -3, -5, 5, -1, 6, -5]",0,0,0,0,0,3266.438525708014,0.00010445798397995532,3264.5149649170053,0.00827420799760148,24,24,"[('(0, 0, 0, 0, 0, 0, 0, 0, 0, 0, 0, 0)', 128), ('(0, 0, 1, 0, 0, 0, 0, 0, 0, 0, 0, 0)', 41), ('(1, 0, 0, 0, 0, 0, 0, 0, 0, 0, 0, 0)', 27), ('(0, 0, 0, 0, 0, 0, 0, 0, 0, 1, 0, 0)', 19), ('(0, 0, 0, 0, 0, 1, 0, 0, 0, 0, 0, 0)', 18), ('(0, 0, 0, 0, 0, 0, 0, 0, 0, 0, 0, -1)', 16), ('(0, 0, 0, 0, 0, 0, 0, 0, 1, 0, 0, 0)', 14), ('(0, 0, 0, 0, 0, 0, 1, 0, 0, 0, 0, 0)', 14), ('(0, 0, 0, 0, 0, 0, 0, 0, 0, 0, -1, 0)', 12), ('(0, 0, 1, 0, 0, 0, 0, 0, 0, 0, -1, 0)', 6)]",5
9,12,17,60,"[-1, -1, -1, 0, -1, 0, -1, 0, 0]","[16, 16, 16, 0, 16, 0, 16, 0, 0]","[0, 0, 0, 0, 1, 0, 0, 0, 0, 0, 0, 0]","[6, -3, 6, 5, 0, 8, -6, -1, 2, -3, 5, 4]","[0, 0, 0, 0, 1, 0, 0, 0, 0, 0, 0, 0]",1.0,"[16, 16, 16, 0, 16, 0, 16, 0, 0]",True,"[0, 0, 0, 0, 0, 0, 0, 0, 0, 0, 0, 0]",1.0,"[6, -3, 6, 5, 0, 8, -6, -1, 2, -3, 5, 4]","[16, 16, 16, 0, 16, 0, 16, 0, 0]",True,"[0, 0, 0, 0, 0, 0, 0, 0, 0, 0, 0, 0]",1.0,0,"[6, -3, 6, 5, 0, 8, -6, -1, 2, -3, 5, 4]","[16, 16, 16, 0, 16, 0, 16, 0, 0]",True,"[0, 0, 0, 0, 0, 0, 0, 0, 0, 0, 0, 0]",1.0,"[6, -3, 6, 5, 0, 8, -6, -1, 2, -3, 5, 4]","[16, 16, 16, 0, 16, 0, 16, 0, 0]",True,"[0, 0, 0, 0, 0, 0, 0, 0, 0, 0, 0, 0]",1.0,58,0.11885245901639344,40.64224625560942,0,0,5,1,"[6, -3, 6, 5, 0, 8, -6, -1, 2, -3, 5, 4]","[16, 16, 16, 0, 16, 0, 16, 0, 0]",True,20,20,True,False,True,True,0,False,False,False,False,False,False,False,True,True,True,True,True,True,False,False,False,"[6, -3, 6, 5, 0, 8, -6, -1, 2, -3, 5, 4]",0,0,0,0,0,3291.0546433750133,0.00012599999899975955,3289.133214833011,0.00873158298782073,24,24,"[('(0, 0, 0, 0, 0, 0, 0, 0, 0, 0, 0, 0)', 58), ('(0, 0, 0, 0, 0, 0, -1, 0, 0, 0, 0, 0)', 19), ('(0, -1, 0, 0, 0, 0, 0, 0, 0, 0, 0, 0)', 18), ('(0, 0, 0, 1, 0, 0, 0, 0, 0, 0, 0, 0)', 16), ('(0, 0, 0, 0, 0, 0, 0, 0, 0, 0, 0, -1)', 15), ('(0, 0, -1, 0, 0, 0, 0, 0, 0, 0, 0, 0)', 15), ('(0, 0, 0, 0, 1, 0, 0, 0, 0, 0, 0, 0)', 14), ('(0, 0, 0, 0, 0, 0, 0, 0, 0, 1, 0, 0)', 12), ('(0, 0, 0, 0, 0, 0, 0, 1, 0, 0, 0, 0)', 10), ('(0, 0, 0, 0, 0, 0, 0, 0, 1, 0, 0, 0)', 9)]",5
9,12,17,61,"[0, 1, 1, 0, 1, 1, -1, 0, 1]","[0, 1, 1, 0, 1, 1, 16, 0, 1]","[1, 0, 1, 0, 0, -1, 0, -1, -1, 0, 0, 0]","[-7, 2, 2, -5, -5, 5, 0, 3, -5, -1, 5, -4]","[1, 1, 0, -1, 0, 0, -1, 0, 0, -1, 0, 0]",5.0,"[11, 15, 2, 16, 15, 15, 10, 4, 4]",False,"[-1, -1, 0, 1, -1, 1, 0, 0, 0, 0, 0, 0]",4.0,"[-6, 3, 2, -5, -5, 6, -2, 3, -5, -3, 5, -4]","[13, 0, 7, 6, 1, 1, 6, 4, 5]",False,"[0, 0, 0, 0, 0, 0, 0, 1, 0, 0, 0, 0]",4.0,1,"[-6, 3, 1, -6, -5, 5, -1, 2, -6, -1, 5, -4]","[2, 7, 5, 12, 13, 2, 12, 1, 9]",False,"[0, 0, 0, 0, 0, 0, 0, 1, 0, 0, 0, 0]",4.0,"[-6, 3, 1, -6, -5, 5, -1, 2, -6, -1, 5, -4]","[2, 7, 5, 12, 13, 2, 12, 1, 9]",False,"[1, 0, 0, 1, 0, 0, 0, 0, 0, 0, 0, 0]",9.0,4,0.008298755186721992,6149.289056208757,6,0,8,9,"[-5, 3, 3, -7, -4, 6, 0, 4, -4, -1, 5, -4]","[1, 11, 1, 8, 5, 7, 0, 14, 7]",False,20,20,False,True,False,True,6,True,True,False,False,False,False,False,False,True,False,True,False,False,False,False,False,"[-7, 3, 1, -6, -5, 6, -1, 4, -4, -2, 5, -4]",8,7,11,11,12,3291.2601763749844,0.00015308300498872995,3289.371797666012,0.011354916001437232,24,24,"[('(0, 0, 0, 0, 0, 0, 0, 0, 0, 0, 0, 0)', 84), ('(0, 0, 0, 0, 0, 0, 0, 1, 0, 0, 0, 0)', 28), ('(0, 0, 0, 1, 0, 0, 0, 0, 0, 0, 0, 0)', 28), ('(0, -1, 0, 0, 0, 0, 0, 0, 0, 0, 0, 0)', 13), ('(0, 0, 0, 0, 0, 0, 0, 0, 0, 0, -1, 0)', 12), ('(0, 0, 0, 0, -1, 0, 0, 0, 0, 0, 0, 0)', 12), ('(0, 0, -1, 0, 0, 0, 0, 0, 0, 0, 0, 0)', 10), ('(0, 0, 0, 0, 0, 0, -1, 0, 0, 0, 0, 0)', 9), ('(1, 0, 0, 0, 0, 0, 0, 0, 0, 0, 0, 0)', 8), ('(0, -1, 0, 1, 0, 0, 0, 0, 0, 0, 0, 0)', 6)]",5
9,12,17,62,"[-1, 0, -1, 1, 0, -1, 0, 1, 1]","[16, 0, 16, 1, 0, 16, 0, 1, 1]","[0, 0, 0, 0, 0, 0, 0, 0, -1, 0, 0, 0]","[5, -2, -8, 0, 6, 3, -6, -5, 1, 7, 6, -6]","[0, 0, 0, 0, 0, 0, 0, 0, -1, 0, 0, 0]",1.0,"[16, 0, 16, 1, 0, 16, 0, 1, 1]",True,"[0, 0, 0, 0, 0, 0, 0, 0, 0, 0, 0, 0]",1.0,"[5, -2, -8, 0, 6, 3, -6, -5, 1, 7, 6, -6]","[16, 0, 16, 1, 0, 16, 0, 1, 1]",True,"[0, 0, 0, 0, 0, 0, 0, 0, 0, 0, 0, 0]",1.0,0,"[5, -2, -8, 0, 6, 3, -6, -5, 1, 7, 6, -6]","[16, 0, 16, 1, 0, 16, 0, 1, 1]",True,"[0, 0, 0, 0, 0, 0, 0, 0, 0, 0, 0, 0]",1.0,"[5, -2, -8, 0, 6, 3, -6, -5, 1, 7, 6, -6]","[16, 0, 16, 1, 0, 16, 0, 1, 1]",True,"[0, 0, 0, 0, 0, 0, 0, 0, 0, 0, 0, 0]",1.0,92,0.19166666666666668,60.59674005068467,0,0,6,1,"[5, -2, -8, 0, 6, 3, -6, -5, 1, 7, 6, -6]","[16, 0, 16, 1, 0, 16, 0, 1, 1]",True,20,20,True,False,True,True,0,False,False,False,False,False,False,False,True,True,True,True,True,True,False,False,False,"[5, -2, -8, 0, 6, 3, -6, -5, 1, 7, 6, -6]",0,0,0,0,0,3291.2195088339795,0.00012629199773073196,3289.3344306669896,0.009710250014904886,24,24,"[('(0, 0, 0, 0, 0, 0, 0, 0, 0, 0, 0, 0)', 92), ('(0, 0, 0, 0, 0, 0, 0, 0, 0, -1, 0, 0)', 27), ('(0, 0, 0, 0, 0, 0, 0, -1, 0, 0, 0, 0)', 22), ('(0, 0, 0, 0, 0, 1, 0, 0, 0, 0, 0, 0)', 18), ('(0, 0, 0, 0, -1, 0, 0, 0, 0, 0, 0, 0)', 15), ('(0, 0, 0, 0, 0, 0, 0, 0, 0, 0, 0, 1)', 13), ('(0, 0, 0, 0, 0, 0, 0, 0, 0, 0, 1, 0)', 11), ('(0, 0, 0, 0, 0, 0, 1, 0, 0, 0, 0, 0)', 11), ('(0, 0, 0, 1, 0, 0, 0, 0, 0, 0, 0, 0)', 11), ('(0, -1, 0, 0, 0, 0, 0, 0, 0, 0, 0, 0)', 11)]",5
9,12,17,63,"[0, -1, 1, -1, 0, -1, 0, -1, 0]","[0, 16, 1, 16, 0, 16, 0, 16, 0]","[1, 0, 0, 0, 0, 0, 0, 1, 0, 0, -1, 0]","[-4, -3, -9, 4, 1, 4, -5, -7, 0, -1, -3, 1]","[1, -1, 1, 1, -1, 1, 0, 0, 0, 0, 0, 0]",6.0,"[0, 13, 12, 14, 9, 16, 9, 0, 9]",False,"[0, 0, 0, 0, 0, 0, 0, 1, 0, 0, 0, 0]",3.0,"[-4, -4, -8, 5, 0, 5, -5, -8, 0, -1, -2, 1]","[0, 16, 1, 16, 0, 16, 0, 16, 0]",True,"[0, 0, 0, 0, 0, 0, 0, 1, 0, 0, 0, 0]",3.0,1,"[-4, -4, -8, 5, 0, 5, -5, -8, 0, -1, -2, 1]","[0, 16, 1, 16, 0, 16, 0, 16, 0]",True,"[0, 0, 0, 0, 0, 0, 0, 1, 0, 0, 0, 0]",3.0,"[-4, -4, -8, 5, 0, 5, -5, -8, 0, -1, -2, 1]","[0, 16, 1, 16, 0, 16, 0, 16, 0]",True,"[0, 0, 0, 0, 0, 0, 0, 1, 0, 0, 0, 0]",3.0,27,0.05555555555555555,22.816779548982478,0,0,5,3,"[-4, -4, -8, 5, 0, 5, -5, -8, 0, -1, -2, 1]","[0, 16, 1, 16, 0, 16, 0, 16, 0]",True,20,20,True,True,True,True,0,True,True,True,True,True,True,True,True,True,True,True,True,True,True,True,True,"[-4, -4, -8, 5, 0, 5, -5, -8, 0, -1, -2, 1]",7,0,0,0,0,3291.192619792011,0.00015566698857583106,3289.3293888750195,0.008434749994194135,24,24,"[('(0, 0, 0, 0, 0, 0, 0, 0, 0, 0, 0, 0)', 127), ('(0, 0, 0, 0, 0, 0, 0, 1, 0, 0, 0, 0)', 27), ('(0, 0, 0, 0, 0, 0, 0, 0, 0, 0, 1, 0)', 24), ('(0, 0, 0, 0, 0, 0, 0, 0, 0, 0, 0, 1)', 17), ('(0, 0, 0, 0, 0, 0, 0, 0, 1, 0, 0, 0)', 15), ('(0, 0, 0, 0, 0, 1, 0, 0, 0, 0, 0, 0)', 15), ('(0, 0, -1, 0, 0, 0, 0, 0, 0, 0, 0, 0)', 13), ('(0, 0, 0, 0, 0, 0, 0, 0, 0, 1, 0, 0)', 11), ('(0, 0, 0, -1, 0, 0, 0, 0, 0, 0, 0, 0)', 11), ('(0, 0, 0, 0, 0, 0, -1, 0, 0, 0, 0, 0)', 8)]",5
9,12,17,64,"[0, 1, -1, 0, 1, 0, 0, 1, 0]","[0, 1, 16, 0, 1, 0, 0, 1, 0]","[0, 0, -1, 0, 0, 0, 0, 0, 0, 0, 0, 1]","[-6, -7, -8, -8, -5, -4, 0, -4, -4, -9, -5, -8]","[0, 0, 0, 0, 0, -1, 0, 0, 0, 1, 0, 0]",2.0,"[9, 3, 7, 4, 2, 16, 11, 15, 4]",False,"[0, 0, 0, 0, 0, 0, 0, 0, 0, 0, 0, 0]",2.0,"[-6, -7, -8, -8, -5, -4, 0, -4, -4, -9, -5, -8]","[9, 3, 7, 4, 2, 16, 11, 15, 4]",False,"[0, 0, 0, 0, 0, 0, 0, 0, 0, 0, 0, 0]",2.0,0,"[-6, -7, -8, -8, -5, -4, 0, -4, -4, -9, -5, -8]","[9, 3, 7, 4, 2, 16, 11, 15, 4]",False,"[0, 0, 0, 0, 0, 0, 0, 0, 0, 0, 0, 0]",2.0,"[-6, -7, -8, -8, -5, -4, 0, -4, -4, -9, -5, -8]","[9, 3, 7, 4, 2, 16, 11, 15, 4]",False,"[0, 0, 0, 0, 0, 0, 1, 0, 0, 0, 0, 0]",2.0,36,0.07317073170731707,11.738908208735577,0,0,4,2,"[-6, -7, -7, -8, -5, -5, 0, -4, -4, -8, -5, -9]","[0, 1, 16, 0, 1, 0, 0, 1, 0]",True,20,20,True,True,True,True,0,False,False,False,False,False,True,True,True,True,True,True,False,True,False,False,True,"[-6, -7, -7, -8, -5, -5, 0, -4, -4, -8, -5, -9]",4,4,4,4,0,3291.102647916996,0.0001145839923992753,3289.1849569580227,0.008150333014782518,24,24,"[('(0, 0, 0, 0, 0, 0, 0, 0, 0, 0, 0, 0)', 103), ('(0, 0, 0, 0, 0, 0, 1, 0, 0, 0, 0, 0)', 36), ('(0, 0, 0, 0, 0, 0, 0, 0, 0, 0, -1, 0)', 30), ('(0, 0, 0, -1, 0, 0, 0, 0, 0, 0, 0, 0)', 30), ('(0, 0, 0, 0, 0, 1, 0, 0, 0, 0, 0, 0)', 18), ('(0, 0, 0, 0, 0, 0, 0, 0, -1, 0, 0, 0)', 17), ('(0, 0, 0, 0, 1, 0, 0, 0, 0, 0, 0, 0)', 14), ('(1, 0, 0, 0, 0, 0, 0, 0, 0, 0, 0, 0)', 10), ('(0, 0, 1, 0, 0, 0, 0, 0, 0, 0, 0, 0)', 9), ('(0, 0, 0, 0, 1, 0, 0, 0, 0, 0, -1, 0)', 9)]",5
9,12,17,65,"[-1, -1, 1, -1, 0, 1, 0, 0, 1]","[16, 16, 1, 16, 0, 1, 0, 0, 1]","[1, 0, 0, 0, 0, 0, 0, 1, 0, 0, 0, 0]","[4, -2, 2, 2, 3, -8, -5, -4, 4, 5, 4, -4]","[1, 0, 0, 0, 0, 0, 0, 1, 0, 0, 0, 0]",2.0,"[16, 16, 1, 16, 0, 1, 0, 0, 1]",True,"[0, 0, 0, 0, 0, 0, 0, 0, 0, 0, 0, 0]",2.0,"[4, -2, 2, 2, 3, -8, -5, -4, 4, 5, 4, -4]","[16, 16, 1, 16, 0, 1, 0, 0, 1]",True,"[0, 0, 0, 0, 0, 0, 0, 0, 0, 0, 0, 0]",2.0,0,"[4, -2, 2, 2, 3, -8, -5, -4, 4, 5, 4, -4]","[16, 16, 1, 16, 0, 1, 0, 0, 1]",True,"[0, 0, 0, 0, 0, 0, 0, 0, 0, 0, 0, 0]",2.0,"[4, -2, 2, 2, 3, -8, -5, -4, 4, 5, 4, -4]","[16, 16, 1, 16, 0, 1, 0, 0, 1]",True,"[0, 0, 0, 0, 0, 0, 0, 0, 0, 0, 0, 0]",2.0,170,0.3441295546558704,51.585833644349734,0,0,6,2,"[4, -2, 2, 2, 3, -8, -5, -4, 4, 5, 4, -4]","[16, 16, 1, 16, 0, 1, 0, 0, 1]",True,20,20,True,False,True,True,0,False,False,False,False,False,False,False,True,True,True,True,True,True,False,False,False,"[4, -2, 2, 2, 3, -8, -5, -4, 4, 5, 4, -4]",0,0,0,0,0,3287.6116319579887,9.58339951466769e-05,3285.6386352089758,0.009866083011729643,24,24,"[('(0, 0, 0, 0, 0, 0, 0, 0, 0, 0, 0, 0)', 170), ('(0, 0, 1, 0, 0, 0, 0, 0, 0, 0, 0, 0)', 37), ('(0, 0, 0, 0, 0, 0, 0, 0, 0, 0, 0, -1)', 31), ('(0, 0, 0, -1, 0, 0, 0, 0, 0, 0, 0, 0)', 18), ('(0, 0, 0, 0, 0, 1, 0, 0, 0, 0, 0, 0)', 17), ('(0, 0, 0, 0, 0, 0, 1, 0, 0, 0, 0, 0)', 15), ('(0, 0, 0, 0, 0, 0, 0, 0, 0, 1, 0, 0)', 13), ('(0, 0, 0, 0, 0, 0, 0, 0, 1, 0, 0, 0)', 12), ('(0, 0, 1, 0, 0, 1, 0, 0, 0, 0, 0, 0)', 9), ('(0, 0, 0, 0, 0, 0, 0, 0, -1, 0, 0, 0)', 7)]",5
9,12,17,66,"[1, 0, -1, 1, 0, -1, -1, -1, 0]","[1, 0, 16, 1, 0, 16, 16, 16, 0]","[0, 0, 0, 0, 1, 0, 0, 1, 0, 0, 0, 0]","[0, 3, 8, 7, -8, -8, -1, -1, -1, -6, 7, 5]","[0, 0, 0, 0, 1, 0, 0, 1, 0, 0, 0, 0]",2.0,"[1, 0, 16, 1, 0, 16, 16, 16, 0]",True,"[0, 0, 0, 0, 0, 0, 0, 0, 0, 0, 0, 0]",2.0,"[0, 3, 8, 7, -8, -8, -1, -1, -1, -6, 7, 5]","[1, 0, 16, 1, 0, 16, 16, 16, 0]",True,"[0, 0, 0, 0, 0, 0, 0, 0, 0, 0, 0, 0]",2.0,0,"[0, 3, 8, 7, -8, -8, -1, -1, -1, -6, 7, 5]","[1, 0, 16, 1, 0, 16, 16, 16, 0]",True,"[0, 0, 0, 0, 0, 0, 0, 0, 0, 0, 0, 0]",2.0,"[0, 3, 8, 7, -8, -8, -1, -1, -1, -6, 7, 5]","[1, 0, 16, 1, 0, 16, 16, 16, 0]",True,"[0, 0, 0, 0, 0, 0, 0, 0, 0, 0, 0, 0]",2.0,162,0.32595573440643866,51.590624979919326,0,0,6,2,"[0, 3, 8, 7, -8, -8, -1, -1, -1, -6, 7, 5]","[1, 0, 16, 1, 0, 16, 16, 16, 0]",True,20,20,True,False,True,True,0,False,False,False,False,False,False,False,True,True,True,True,True,True,False,False,False,"[0, 3, 8, 7, -8, -8, -1, -1, -1, -6, 7, 5]",0,0,0,0,0,3287.508215082984,9.945800411514938e-05,3285.603280500014,0.008868290984537452,24,24,"[('(0, 0, 0, 0, 0, 0, 0, 0, 0, 0, 0, 0)', 162), ('(1, 0, 0, 0, 0, 0, 0, 0, 0, 0, 0, 0)', 34), ('(0, 0, 0, 0, 0, 0, 0, 0, 0, 0, 0, -1)', 31), ('(0, 0, 0, 0, 0, 0, 0, 0, 1, 0, 0, 0)', 28), ('(0, 0, 1, 0, 0, 0, 0, 0, 0, 0, 0, 0)', 22), ('(0, 0, 0, 0, 0, 0, 1, 0, 0, 0, 0, 0)', 17), ('(0, 0, 0, 0, -1, 0, 0, 0, 0, 0, 0, 0)', 15), ('(0, 0, 1, 0, 0, 0, 0, 0, 0, 0, 0, -1)', 7), ('(1, 0, 0, 0, 0, 0, 0, 0, 0, 0, 0, -1)', 7), ('(0, 0, 0, 0, 0, 0, 0, 0, 1, 0, 0, -1)', 6)]",5
9,12,17,67,"[0, 1, -1, 0, -1, 1, 0, 1, 0]","[0, 1, 16, 0, 16, 1, 0, 1, 0]","[0, 0, 0, -1, -1, 1, 0, 0, 1, 0, 0, -1]","[4, 7, -3, 3, 4, -2, 6, 1, 4, -7, 0, 4]","[0, 0, 0, 0, 0, -1, 1, 0, -1, 0, 0, -1]",4.0,"[4, 12, 13, 13, 2, 4, 1, 8, 13]",False,"[0, -1, 0, 0, 0, 0, 0, 0, 0, 0, 0, 0]",4.0,"[3, 8, -3, 2, 4, -3, 7, 1, 3, -7, 0, 4]","[14, 13, 9, 2, 14, 3, 12, 13, 10]",False,"[0, 0, 0, 0, 0, 0, 0, 0, 0, 0, 0, 0]",4.0,0,"[4, 7, -3, 3, 4, -2, 6, 1, 4, -7, 0, 4]","[4, 12, 13, 13, 2, 4, 1, 8, 13]",False,"[0, 0, 0, 0, 0, 0, 0, 0, 0, 0, 0, 0]",4.0,"[4, 7, -3, 3, 4, -2, 6, 1, 4, -7, 0, 4]","[4, 12, 13, 13, 2, 4, 1, 8, 13]",False,"[0, 0, 0, 0, 0, 0, 0, 0, 0, 0, 0, 1]",10.0,13,0.026476578411405296,7130.236094267038,6,1,8,7,"[4, 8, -2, 4, 4, -3, 6, 1, 4, -7, 2, 4]","[12, 16, 0, 4, 14, 3, 10, 16, 6]",False,20,20,False,True,True,True,8,False,True,False,False,False,False,False,False,True,False,True,False,False,False,False,False,"[4, 7, -3, 4, 5, -4, 7, 1, 2, -7, 0, 4]",11,9,11,11,13,3287.4757545409957,0.0001007910177577287,3285.606354333024,0.009863125014817342,24,24,"[('(0, 0, 0, 0, 0, 0, 0, 0, 0, 0, 0, 0)', 99), ('(0, 0, 0, 0, 0, 0, 0, 0, -1, 0, 0, 0)', 28), ('(0, 0, 0, 1, 0, 0, 0, 0, 0, 0, 0, 0)', 24), ('(0, 0, 1, 0, 0, 0, 0, 0, 0, 0, 0, 0)', 16), ('(0, -1, 0, 0, 0, 0, 0, 0, 0, 0, 0, 0)', 16), ('(1, 0, 0, 0, 0, 0, 0, 0, 0, 0, 0, 0)', 15), ('(0, 0, 0, 0, 0, 0, 0, 0, 0, 0, -1, 0)', 14), ('(0, 0, 0, 0, 0, 0, 0, 0, 0, -1, 0, 0)', 13), ('(0, 0, 0, 0, 0, 0, -1, 0, 0, 0, 0, 0)', 13), ('(0, 0, 0, 0, 0, 0, 0, 0, 0, 0, 0, 1)', 13)]",5
9,12,17,68,"[-1, 0, 0, 0, 1, 0, -1, -1, 0]","[16, 0, 0, 0, 1, 0, 16, 16, 0]","[0, 0, 0, 0, 0, 0, 0, 0, 1, 1, 0, 0]","[6, 2, 0, -7, -8, 2, 6, 2, 2, 3, -4, -6]","[0, 0, 0, 0, 0, 0, 0, 0, 1, 1, 0, 0]",2.0,"[16, 0, 0, 0, 1, 0, 16, 16, 0]",True,"[0, 0, 0, 0, 0, 0, 0, 0, 0, 0, 0, 0]",2.0,"[6, 2, 0, -7, -8, 2, 6, 2, 2, 3, -4, -6]","[16, 0, 0, 0, 1, 0, 16, 16, 0]",True,"[0, 0, 0, 0, 0, 0, 0, 0, 0, 0, 0, 0]",2.0,0,"[6, 2, 0, -7, -8, 2, 6, 2, 2, 3, -4, -6]","[16, 0, 0, 0, 1, 0, 16, 16, 0]",True,"[0, 0, 0, 0, 0, 0, 0, 0, 0, 0, 0, 0]",2.0,"[6, 2, 0, -7, -8, 2, 6, 2, 2, 3, -4, -6]","[16, 0, 0, 0, 1, 0, 16, 16, 0]",True,"[0, 0, 0, 0, 0, 0, 0, 0, 0, 0, 0, 0]",2.0,63,0.13016528925619836,11.684111691664032,0,0,4,2,"[6, 2, 0, -7, -8, 2, 6, 2, 2, 3, -4, -6]","[16, 0, 0, 0, 1, 0, 16, 16, 0]",True,20,20,True,False,True,True,0,False,False,False,False,False,False,False,True,True,True,True,True,True,False,False,False,"[6, 2, 0, -7, -8, 2, 6, 2, 2, 3, -4, -6]",0,0,0,0,0,3287.553528792021,0.00010970799485221505,3285.6956939579977,0.00835812499281019,24,24,"[('(0, 0, 0, 0, 0, 0, 0, 0, 0, 0, 0, 0)', 63), ('(0, 0, 0, 0, 0, 0, 0, -1, 0, 0, 0, 0)', 23), ('(0, 0, 0, 0, 0, 0, 1, 0, 0, 0, 0, 0)', 16), ('(0, 0, 0, 0, 0, 0, 0, 0, 0, 0, 0, 1)', 15), ('(0, 0, 0, 0, 0, 0, 0, 0, 0, -1, 0, 0)', 14), ('(0, 0, 0, 0, 0, 0, 0, 0, 0, 0, -1, 0)', 9), ('(0, 0, 0, 0, 0, -1, 0, 0, 0, 0, 0, 0)', 9), ('(0, 0, 1, 0, 0, 0, 0, 0, 0, 0, 0, 0)', 9), ('(0, 0, 0, 1, 0, 0, 0, 0, 0, 0, 0, 0)', 9), ('(1, 0, 0, 0, 0, 0, 0, 0, 0, 0, 0, 0)', 9)]",5
9,12,17,69,"[-1, -1, -1, 0, 0, 1, -1, 1, 1]","[16, 16, 16, 0, 0, 1, 16, 1, 1]","[0, 0, 0, 0, 0, -1, 0, 0, 0, 0, 1, 0]","[-3, 4, 8, 3, -2, 1, -7, 6, 6, 7, -2, 3]","[0, 0, -1, 0, -1, 1, -1, -1, 0, 0, 0, 0]",5.0,"[11, 1, 12, 9, 12, 7, 8, 11, 6]",False,"[-1, 0, -1, -1, 0, 0, 0, 0, 0, 0, -1, 0]",2.0,"[-3, 4, 7, 3, -3, 3, -8, 5, 6, 7, -3, 3]","[16, 16, 16, 0, 0, 1, 16, 1, 1]",True,"[0, 0, 0, 0, 0, 0, 0, 0, 0, 0, 0, 0]",5.0,0,"[-3, 4, 8, 3, -2, 1, -7, 6, 6, 7, -2, 3]","[11, 1, 12, 9, 12, 7, 8, 11, 6]",False,"[0, 0, 0, 0, 0, 0, 0, 0, 0, 0, 0, 0]",5.0,"[-3, 4, 8, 3, -2, 1, -7, 6, 6, 7, -2, 3]","[11, 1, 12, 9, 12, 7, 8, 11, 6]",False,"[-1, 0, 0, 0, 0, 0, 0, 0, 0, 0, 0, 0]",7.0,21,0.0430327868852459,6037.040895754664,5,1,5,4,"[-2, 4, 7, 2, -3, 0, -7, 5, 6, 7, -2, 3]","[0, 0, 0, 2, 12, 4, 0, 2, 8]",False,20,20,False,False,False,False,9,True,True,True,False,False,False,False,False,False,False,False,False,False,False,False,False,"[-3, 4, 7, 3, -3, 3, -8, 5, 6, 7, -3, 3]",9,0,9,9,13,3287.676023749984,0.00010299999848939478,3285.766703417001,0.0117761250003241,24,24,"[('(0, 0, 0, 0, 0, 0, 0, 0, 0, 0, 0, 0)', 115), ('(0, 0, 0, 0, 0, 0, 0, 0, 0, 1, 0, 0)', 27), ('(0, 0, 0, 0, 0, 0, 0, 0, -1, 0, 0, 0)', 23), ('(-1, 0, 0, 0, 0, 0, 0, 0, 0, 0, 0, 0)', 21), ('(0, 0, -1, 0, 0, 0, 0, 0, 0, 0, 0, 0)', 15), ('(0, 0, 0, 0, 0, 0, 0, 1, 0, 0, 0, 0)', 14), ('(0, 0, 0, 0, 0, 0, 0, 0, 0, 0, 0, -1)', 13), ('(0, 0, 0, 0, 0, 0, 1, 0, 0, 0, 0, 0)', 13), ('(0, 1, 0, 0, 0, 0, 0, 0, 0, 0, 0, 0)', 12), ('(0, 0, 0, 0, 1, 0, 0, 0, 0, 0, 0, 0)', 10)]",5
9,12,17,70,"[1, 0, 0, -1, 1, -1, 0, 0, 0]","[1, 0, 0, 16, 1, 16, 0, 0, 0]","[-1, 0, 0, 0, 0, 0, 0, 0, 1, 1, 1, 0]","[-3, -1, 7, 4, 6, 0, 2, 3, -3, -8, -5, -8]","[0, -1, -1, 0, 0, 1, 0, 0, 1, 1, 0, 0]",5.0,"[9, 10, 6, 0, 15, 15, 1, 13, 16]",False,"[0, 0, 0, 1, 0, 0, 0, 0, 0, 0, 0, 0]",4.0,"[-2, -2, 6, 4, 6, 1, 2, 3, -3, -8, -6, -8]","[1, 0, 0, 16, 1, 16, 0, 0, 0]",True,"[0, 0, 0, 1, 0, 0, 0, 0, 0, 0, 0, 0]",4.0,1,"[-2, -2, 6, 4, 6, 1, 2, 3, -3, -8, -6, -8]","[1, 0, 0, 16, 1, 16, 0, 0, 0]",True,"[0, 0, 0, 1, 0, 0, 0, 0, 0, 0, 0, 0]",4.0,"[-2, -2, 6, 4, 6, 1, 2, 3, -3, -8, -6, -8]","[1, 0, 0, 16, 1, 16, 0, 0, 0]",True,"[0, 0, 0, 1, 0, 0, 0, 0, 0, 0, 0, 0]",4.0,18,0.0371900826446281,13.905556102083356,0,0,4,4,"[-2, -2, 6, 4, 6, 1, 2, 3, -3, -8, -6, -8]","[1, 0, 0, 16, 1, 16, 0, 0, 0]",True,20,20,True,True,True,True,0,True,True,True,True,True,True,True,True,True,True,True,True,True,True,True,True,"[-2, -2, 6, 4, 6, 1, 2, 3, -3, -8, -6, -8]",5,0,0,0,0,3257.1601376670005,0.00015112501569092274,3255.2090024579957,0.011013791983714327,24,24,"[('(0, 0, 0, 0, 0, 0, 0, 0, 0, 0, 0, 0)', 84), ('(0, 0, 0, 1, 0, 0, 0, 0, 0, 0, 0, 0)', 18), ('(0, 0, 0, 0, 0, 0, 0, 0, 1, 0, 0, 0)', 17), ('(1, 0, 0, 0, 0, 0, 0, 0, 0, 0, 0, 0)', 16), ('(0, 0, 0, 0, 0, 0, -1, 0, 0, 0, 0, 0)', 15), ('(0, 0, 1, 0, 0, 0, 0, 0, 0, 0, 0, 0)', 14), ('(0, 1, 0, 0, 0, 0, 0, 0, 0, 0, 0, 0)', 13), ('(0, 0, 0, 0, 0, 0, 0, 0, 0, 0, 1, 0)', 12), ('(0, 0, 0, 0, 0, 0, 0, 0, 0, 0, 0, -1)', 11), ('(0, 0, 0, 0, 0, 1, 0, 0, 0, 0, 0, 0)', 10)]",5
9,12,17,71,"[0, -1, 0, 1, -1, 0, 0, -1, 0]","[0, 16, 0, 1, 16, 0, 0, 16, 0]","[-1, 0, 0, 0, -1, 1, 0, 1, 0, 0, -1, 0]","[2, 5, 7, 0, -6, -8, -3, 4, 1, 3, -5, 4]","[0, -1, 0, 0, 0, 0, 1, 0, 1, 0, 0, 0]",3.0,"[0, 7, 7, 4, 3, 11, 0, 12, 12]",False,"[0, 0, 0, 0, 0, 0, 0, 0, 0, 0, 0, 0]",3.0,"[2, 5, 7, 0, -6, -8, -3, 4, 1, 3, -5, 4]","[0, 7, 7, 4, 3, 11, 0, 12, 12]",False,"[0, 0, 0, 0, 0, 0, 0, 0, 0, 0, 0, 0]",3.0,0,"[2, 5, 7, 0, -6, -8, -3, 4, 1, 3, -5, 4]","[0, 7, 7, 4, 3, 11, 0, 12, 12]",False,"[0, 0, 0, 0, 0, 0, 0, 0, 0, 0, 0, 0]",3.0,"[2, 5, 7, 0, -6, -8, -3, 4, 1, 3, -5, 4]","[0, 7, 7, 4, 3, 11, 0, 12, 12]",False,"[0, 0, 0, 0, 0, 0, 0, 0, 0, 0, 0, 0]",3.0,132,0.26774847870182555,7062.660965087178,7,0,7,3,"[2, 5, 7, 0, -6, -8, -3, 4, 1, 3, -5, 4]","[0, 7, 7, 4, 3, 11, 0, 12, 12]",False,20,20,False,True,True,True,7,False,False,False,False,False,False,False,True,True,True,True,True,True,False,False,False,"[3, 4, 7, 0, -5, -9, -2, 3, 2, 3, -4, 4]",8,8,8,8,8,3256.9549554999976,0.00010033301077783108,3255.0395141250046,0.009006249980302528,24,24,"[('(0, 0, 0, 0, 0, 0, 0, 0, 0, 0, 0, 0)', 132), ('(0, 0, 0, 0, 0, 0, 0, 0, 0, 1, 0, 0)', 31), ('(0, 1, 0, 0, 0, 0, 0, 0, 0, 0, 0, 0)', 26), ('(0, 0, 0, 0, 0, 0, 0, 0, 0, 0, 1, 0)', 20), ('(0, 0, 0, 0, 0, 1, 0, 0, 0, 0, 0, 0)', 17), ('(0, 0, -1, 0, 0, 0, 0, 0, 0, 0, 0, 0)', 17), ('(0, 0, 0, 0, -1, 0, 0, 0, 0, 0, 0, 0)', 15), ('(0, 0, 0, -1, 0, 0, 0, 0, 0, 0, 0, 0)', 13), ('(0, 0, 0, -1, 0, 0, 0, 0, 0, 1, 0, 0)', 10), ('(0, 1, 0, -1, 0, 0, 0, 0, 0, 0, 0, 0)', 9)]",5
9,12,17,72,"[1, 1, 1, 1, 1, -1, 1, -1, 0]","[1, 1, 1, 1, 1, 16, 1, 16, 0]","[0, 0, 1, -1, 0, 0, 1, 1, 0, -1, 0, -1]","[-9, 4, 3, -1, 0, 8, -2, 8, -5, -3, 3, 7]","[1, -1, 2, 0, 0, 0, 0, 0, 0, -1, 0, 0]",7.0,"[2, 1, 14, 16, 13, 15, 1, 4, 0]",False,"[0, 1, 0, 1, -1, -1, 1, 0, 0, 0, 0, 0]",4.0,"[-8, 2, 5, -1, 1, 8, -2, 8, -6, -4, 3, 6]","[16, 13, 6, 10, 0, 1, 0, 14, 3]",False,"[0, 0, -1, 0, 0, 0, 0, 0, 0, 0, 0, 0]",6.0,1,"[-9, 3, 4, -1, 0, 6, -2, 8, -5, -4, 3, 7]","[2, 5, 0, 1, 3, 1, 7, 16, 7]",False,"[0, 0, -1, 0, 0, 0, 0, 0, 0, 0, 0, 0]",6.0,"[-9, 3, 4, -1, 0, 6, -2, 8, -5, -4, 3, 7]","[2, 5, 0, 1, 3, 1, 7, 16, 7]",False,"[1, 0, 0, 0, 0, 0, 0, 0, 0, 0, 0, 0]",8.0,9,0.018480492813141684,6048.1697414907,5,1,5,5,"[-8, 4, 4, -1, -1, 8, -2, 7, -5, -2, 3, 7]","[2, 0, 10, 0, 0, 0, 15, 12, 15]",False,20,20,False,True,False,False,6,True,True,False,False,False,False,False,False,False,False,False,False,False,False,False,True,"[-8, 3, 4, 0, 0, 8, -3, 7, -5, -3, 3, 8]",7,12,10,10,6,3257.0708839579893,0.00014545899466611445,3255.1824709580105,0.008470499975373968,24,24,"[('(0, 0, 0, 0, 0, 0, 0, 0, 0, 0, 0, 0)', 77), ('(0, 0, -1, 0, 0, 0, 0, 0, 0, 0, 0, 0)', 25), ('(0, 0, 0, 0, 0, 0, 0, 0, 0, 0, 1, 0)', 18), ('(0, 0, 0, 0, 0, -1, 0, 0, 0, 0, 0, 0)', 18), ('(0, 0, 0, 0, -1, 0, 0, 0, 0, 0, 0, 0)', 18), ('(0, 0, 0, 0, 0, 0, 0, 1, 0, 0, 0, 0)', 15), ('(0, 0, 0, 1, 0, 0, 0, 0, 0, 0, 0, 0)', 13), ('(0, 0, 0, 0, 0, 0, -1, 0, 0, 0, 0, 0)', 12), ('(0, 1, 0, 0, 0, 0, 0, 0, 0, 0, 0, 0)', 11), ('(1, 0, 0, 0, 0, 0, 0, 0, 0, 0, 0, 0)', 9)]",5
9,12,17,73,"[-1, 0, -1, 1, 0, 0, 0, -1, 0]","[16, 0, 16, 1, 0, 0, 0, 16, 0]","[0, 1, 0, 0, 1, 0, 0, 0, 0, 0, 0, 0]","[-3, 3, 5, 2, 6, -6, -5, 5, 3, 2, 7, 2]","[0, 1, 0, 0, 1, 0, 0, 0, 0, 0, 0, 0]",2.0,"[16, 0, 16, 1, 0, 0, 0, 16, 0]",True,"[-1, 0, 0, 0, 0, 0, 0, 0, 0, 0, 0, 0]",2.0,"[-3, 4, 5, 1, 7, -6, -5, 4, 3, 2, 7, 2]","[10, 8, 12, 6, 11, 16, 11, 5, 1]",False,"[0, 0, 0, 0, 0, 0, 0, 0, 0, 0, 0, 0]",2.0,0,"[-3, 3, 5, 2, 6, -6, -5, 5, 3, 2, 7, 2]","[16, 0, 16, 1, 0, 0, 0, 16, 0]",True,"[0, 0, 0, 0, 0, 0, 0, 0, 0, 0, 0, 0]",2.0,"[-3, 3, 5, 2, 6, -6, -5, 5, 3, 2, 7, 2]","[16, 0, 16, 1, 0, 0, 0, 16, 0]",True,"[0, 0, 0, 0, 0, 0, 0, 0, 0, 0, 0, 0]",2.0,84,0.17391304347826086,11.655734874350967,0,0,4,2,"[-3, 3, 5, 2, 6, -6, -5, 5, 3, 2, 7, 2]","[16, 0, 16, 1, 0, 0, 0, 16, 0]",True,20,20,True,False,True,True,0,False,True,False,False,False,False,False,False,True,False,True,False,True,False,False,False,"[-3, 3, 5, 2, 6, -6, -5, 5, 3, 2, 7, 2]",0,4,0,0,0,3257.020575292001,9.862499427981675e-05,3255.1368095000216,0.008041749999392778,24,24,"[('(0, 0, 0, 0, 0, 0, 0, 0, 0, 0, 0, 0)', 84), ('(0, 0, 0, 0, 0, 0, 0, 0, 1, 0, 0, 0)', 20), ('(0, 0, 0, 0, 0, 0, 1, 0, 0, 0, 0, 0)', 19), ('(0, 0, 0, 0, -1, 0, 0, 0, 0, 0, 0, 0)', 18), ('(-1, 0, 0, 0, 0, 0, 0, 0, 0, 0, 0, 0)', 16), ('(0, 0, 0, 0, 0, 0, 0, 0, 0, 0, -1, 0)', 15), ('(0, 0, 0, 0, 0, 1, 0, 0, 0, 0, 0, 0)', 15), ('(0, 0, 0, 0, 0, 0, 0, 0, 0, 1, 0, 0)', 12), ('(0, 0, 0, 0, 0, 0, 0, -1, 0, 0, 0, 0)', 10), ('(0, 1, 0, 0, 0, 0, 0, 0, 0, 0, 0, 0)', 10)]",5
9,12,17,74,"[1, 1, 0, 0, -1, 0, 1, -1, -1]","[1, 1, 0, 0, 16, 0, 1, 16, 16]","[0, 0, 0, 0, 0, 0, 0, 0, 0, 0, -1, 0]","[5, 6, -3, -1, 2, -8, -7, -6, 4, 1, 9, 6]","[0, 0, 0, 0, 0, 0, 0, 0, 0, 0, -1, 0]",1.0,"[1, 1, 0, 0, 16, 0, 1, 16, 16]",True,"[0, 0, 0, 0, 0, 0, 0, 0, 0, 0, 0, 0]",1.0,"[5, 6, -3, -1, 2, -8, -7, -6, 4, 1, 9, 6]","[1, 1, 0, 0, 16, 0, 1, 16, 16]",True,"[0, 0, 0, 0, 0, 0, 0, 0, 0, 0, 0, 0]",1.0,0,"[5, 6, -3, -1, 2, -8, -7, -6, 4, 1, 9, 6]","[1, 1, 0, 0, 16, 0, 1, 16, 16]",True,"[0, 0, 0, 0, 0, 0, 0, 0, 0, 0, 0, 0]",1.0,"[5, 6, -3, -1, 2, -8, -7, -6, 4, 1, 9, 6]","[1, 1, 0, 0, 16, 0, 1, 16, 16]",True,"[0, 0, 0, 0, 0, 0, 0, 0, 0, 0, 0, 0]",1.0,164,0.3299798792756539,60.53940545260994,0,0,6,1,"[5, 6, -3, -1, 2, -8, -7, -6, 4, 1, 9, 6]","[1, 1, 0, 0, 16, 0, 1, 16, 16]",True,20,20,True,False,True,True,0,False,False,False,False,False,False,False,True,True,True,True,True,True,False,False,False,"[5, 6, -3, -1, 2, -8, -7, -6, 4, 1, 9, 6]",0,0,0,0,0,3256.9959352499864,0.00010837501031346619,3255.054115667008,0.011170292011229321,24,24,"[('(0, 0, 0, 0, 0, 0, 0, 0, 0, 0, 0, 0)', 164), ('(0, 0, -1, 0, 0, 0, 0, 0, 0, 0, 0, 0)', 41), ('(0, 0, 0, 0, -1, 0, 0, 0, 0, 0, 0, 0)', 40), ('(0, 0, 0, 0, 0, 0, 0, 0, 0, 0, -1, 0)', 35), ('(0, 0, 0, 0, 0, 0, 1, 0, 0, 0, 0, 0)', 24), ('(0, 0, 0, 0, -1, 0, 0, 0, 0, 0, -1, 0)', 11), ('(0, 0, 0, 0, -1, 0, 1, 0, 0, 0, 0, 0)', 10), ('(0, 0, -1, 0, -1, 0, 0, 0, 0, 0, 0, 0)', 10), ('(0, 0, 0, 0, 0, 0, 1, 0, 0, 0, -1, 0)', 9), ('(0, 0, -1, 0, 0, 0, 0, 0, 0, 0, -1, 0)', 9)]",5
9,12,17,75,"[1, 0, 0, 0, -1, -1, 0, 0, 0]","[1, 0, 0, 0, 16, 16, 0, 0, 0]","[1, 0, 1, 0, 0, -1, -1, 0, 0, 0, 0, 0]","[1, 4, 1, 2, 4, -4, -1, -5, 7, 8, 2, 2]","[1, 0, 1, 0, 0, -1, -1, 0, 0, 0, 0, 0]",4.0,"[1, 0, 0, 0, 16, 16, 0, 0, 0]",True,"[0, 0, 0, 0, 0, 0, 0, 0, 0, 0, 0, 0]",4.0,"[1, 4, 1, 2, 4, -4, -1, -5, 7, 8, 2, 2]","[1, 0, 0, 0, 16, 16, 0, 0, 0]",True,"[0, 0, 0, 0, 0, 0, 0, 0, 0, 0, 0, 0]",4.0,0,"[1, 4, 1, 2, 4, -4, -1, -5, 7, 8, 2, 2]","[1, 0, 0, 0, 16, 16, 0, 0, 0]",True,"[0, 0, 0, 0, 0, 0, 0, 0, 0, 0, 0, 0]",4.0,"[1, 4, 1, 2, 4, -4, -1, -5, 7, 8, 2, 2]","[1, 0, 0, 0, 16, 16, 0, 0, 0]",True,"[0, 0, 0, 0, 0, 0, 0, 0, 0, 0, 0, 0]",4.0,116,0.23625254582484725,33.723782606520224,0,0,3,4,"[1, 4, 1, 2, 4, -4, -1, -5, 7, 8, 2, 2]","[1, 0, 0, 0, 16, 16, 0, 0, 0]",True,20,20,True,False,True,True,0,False,False,False,False,False,False,False,True,True,True,True,True,True,False,False,False,"[1, 4, 1, 2, 4, -4, -1, -5, 7, 8, 2, 2]",0,0,0,0,0,3317.335952000023,9.499999578110874e-05,3315.3798233330017,0.0082796250062529,24,24,"[('(0, 0, 0, 0, 0, 0, 0, 0, 0, 0, 0, 0)', 116), ('(0, 0, 0, 0, 0, 0, 0, 1, 0, 0, 0, 0)', 41), ('(0, 0, 0, 0, -1, 0, 0, 0, 0, 0, 0, 0)', 30), ('(0, 0, 0, 0, 0, -1, 0, 0, 0, 0, 0, 0)', 22), ('(0, 0, 0, 0, 0, 0, 0, 0, 0, 0, 0, 1)', 17), ('(0, 0, 0, 0, 0, 0, 0, 0, 0, -1, 0, 0)', 17), ('(0, 0, 0, 0, 0, 0, 0, 0, 0, 0, -1, 0)', 16), ('(0, -1, 0, 0, 0, 0, 0, 0, 0, 0, 0, 0)', 12), ('(0, 0, 0, 0, -1, 0, 0, 1, 0, 0, 0, 0)', 11), ('(0, 0, 0, 0, 0, -1, 0, 1, 0, 0, 0, 0)', 9)]",5
9,12,17,76,"[0, 0, 1, 0, 1, -1, -1, -1, 0]","[0, 0, 1, 0, 1, 16, 16, 16, 0]","[0, 1, 0, 0, 0, 0, 0, 0, -1, 0, 0, 0]","[-8, -4, -3, 8, -3, -6, 0, 1, 7, 0, -3, 5]","[0, 1, 0, 0, 0, 0, 0, 0, -1, 0, 0, 0]",2.0,"[0, 0, 1, 0, 1, 16, 16, 16, 0]",True,"[0, 0, 0, 0, 0, 0, 0, 0, 0, 0, 0, 0]",2.0,"[-8, -4, -3, 8, -3, -6, 0, 1, 7, 0, -3, 5]","[0, 0, 1, 0, 1, 16, 16, 16, 0]",True,"[0, 0, 0, 0, 0, 0, 0, 0, 0, 0, 0, 0]",2.0,0,"[-8, -4, -3, 8, -3, -6, 0, 1, 7, 0, -3, 5]","[0, 0, 1, 0, 1, 16, 16, 16, 0]",True,"[0, 0, 0, 0, 0, 0, 0, 0, 0, 0, 0, 0]",2.0,"[-8, -4, -3, 8, -3, -6, 0, 1, 7, 0, -3, 5]","[0, 0, 1, 0, 1, 16, 16, 16, 0]",True,"[0, 0, 0, 0, 0, 0, 0, 0, 0, 0, 0, 0]",2.0,163,0.32796780684104626,31.590013357217583,0,0,5,2,"[-8, -4, -3, 8, -3, -6, 0, 1, 7, 0, -3, 5]","[0, 0, 1, 0, 1, 16, 16, 16, 0]",True,20,20,True,False,True,True,0,False,False,False,False,False,False,False,True,True,True,True,True,True,False,False,False,"[-8, -4, -3, 8, -3, -6, 0, 1, 7, 0, -3, 5]",0,0,0,0,0,3317.079419250018,0.00013699999544769526,3315.183313665999,0.0083876249846071,24,24,"[('(0, 0, 0, 0, 0, 0, 0, 0, 0, 0, 0, 0)', 163), ('(0, 1, 0, 0, 0, 0, 0, 0, 0, 0, 0, 0)', 30), ('(0, 0, 0, 0, 0, 0, 0, 0, 0, 0, 1, 0)', 22), ('(0, 0, 0, 0, 0, 0, 0, 0, 1, 0, 0, 0)', 20), ('(0, 0, 0, 0, 0, -1, 0, 0, 0, 0, 0, 0)', 15), ('(0, 0, 0, 0, 0, 0, 0, 0, 0, 1, 0, 0)', 14), ('(0, 0, 0, 0, 0, 0, -1, 0, 0, 0, 0, 0)', 11), ('(0, 0, 0, 0, 0, 0, 0, 1, 0, 0, 0, 0)', 11), ('(0, 0, 0, 0, 0, 0, -1, 0, 1, 0, 0, 0)', 10), ('(1, 0, 0, 0, 0, 0, 0, 0, 0, 0, 0, 0)', 9)]",5
9,12,17,77,"[0, 0, -1, 1, -1, 0, 1, 0, 1]","[0, 0, 16, 1, 16, 0, 1, 0, 1]","[-1, -1, 0, 0, 1, 1, 0, 0, 0, 0, 0, 1]","[-2, -8, 0, 9, 1, 2, -4, 6, -5, -1, 6, -5]","[0, 0, 0, -1, 1, 0, -1, 0, -1, 0, 0, 0]",4.0,"[0, 13, 13, 6, 11, 8, 12, 15, 8]",False,"[0, 1, -1, -1, 0, 0, 0, 0, 0, 0, 0, 0]",3.0,"[-2, -7, -1, 8, 2, 2, -5, 6, -6, -1, 6, -6]","[13, 7, 4, 7, 1, 12, 16, 1, 6]",False,"[0, 0, 0, 0, 0, 0, 0, 0, 0, 0, 0, 0]",4.0,0,"[-2, -8, 0, 9, 1, 2, -4, 6, -5, -1, 6, -5]","[0, 13, 13, 6, 11, 8, 12, 15, 8]",False,"[0, 1, -1, 0, 0, 0, 0, 0, 0, 0, 0, 0]",3.0,"[-1, -8, -1, 8, 2, 2, -5, 6, -6, -1, 5, -5]","[13, 13, 3, 13, 4, 10, 4, 10, 1]",False,"[0, 0, 0, 0, 0, 0, 0, 0, 0, 0, 0, 1]",5.0,25,0.0508130081300813,7104.924190346198,7,0,8,5,"[-2, -7, 0, 7, 3, 2, -4, 6, -6, -1, 6, -4]","[16, 0, 6, 8, 6, 2, 6, 8, 3]",False,20,20,False,False,False,False,7,True,True,False,False,False,False,False,False,False,False,True,False,False,False,True,False,"[-1, -7, 0, 8, 1, 1, -5, 6, -6, -1, 6, -6]",7,4,7,6,12,3317.4708406249993,9.845799650065601e-05,3315.567784624989,0.0086192500020843,24,24,"[('(0, 0, 0, 0, 0, 0, 0, 0, 0, 0, 0, 0)', 137), ('(0, 0, 0, 0, 0, 0, 0, 1, 0, 0, 0, 0)', 29), ('(0, 1, 0, 0, 0, 0, 0, 0, 0, 0, 0, 0)', 28), ('(0, 0, 0, 0, 0, 0, 0, 0, 0, 0, -1, 0)', 27), ('(0, 0, 0, 0, 0, 0, 0, 0, 0, 0, 0, 1)', 25), ('(0, 0, 0, 0, 0, 0, 0, 0, 0, 1, 0, 0)', 14), ('(1, 0, 0, 0, 0, 0, 0, 0, 0, 0, 0, 0)', 14), ('(0, 0, 0, 0, 0, 0, 0, 1, 0, 0, 0, 1)', 9), ('(0, 0, -1, 0, 0, 0, 0, 0, 0, 0, 0, 0)', 7), ('(0, 0, 0, 0, -1, 0, 0, 0, 0, 0, 0, 0)', 6)]",5
9,12,17,78,"[0, 0, 0, 0, 1, 0, 0, 1, 0]","[0, 0, 0, 0, 1, 0, 0, 1, 0]","[1, 0, 0, 0, 0, -1, 0, -1, 0, 0, 0, 0]","[-2, 0, -8, 3, 5, 8, -4, 5, -1, -3, 5, -5]","[1, 0, 0, 0, 0, -1, 0, -1, 0, 0, 0, 0]",3.0,"[0, 0, 0, 0, 1, 0, 0, 1, 0]",True,"[0, 0, 0, 0, 0, 0, 0, 0, 0, 0, 0, 0]",3.0,"[-2, 0, -8, 3, 5, 8, -4, 5, -1, -3, 5, -5]","[0, 0, 0, 0, 1, 0, 0, 1, 0]",True,"[0, 0, 0, 0, 0, 0, 0, 0, 0, 0, 0, 0]",3.0,0,"[-2, 0, -8, 3, 5, 8, -4, 5, -1, -3, 5, -5]","[0, 0, 0, 0, 1, 0, 0, 1, 0]",True,"[0, 0, 0, 0, 0, 0, 0, 0, 0, 0, 0, 0]",3.0,"[-2, 0, -8, 3, 5, 8, -4, 5, -1, -3, 5, -5]","[0, 0, 0, 0, 1, 0, 0, 1, 0]",True,"[0, 0, 0, 0, 0, 0, 0, 0, 0, 0, 0, 0]",3.0,80,0.16260162601626016,42.71055508453276,0,0,2,3,"[-2, 0, -8, 3, 5, 8, -4, 5, -1, -3, 5, -5]","[0, 0, 0, 0, 1, 0, 0, 1, 0]",True,20,20,True,False,True,True,0,False,False,False,False,False,False,False,True,True,True,True,True,True,False,False,False,"[-2, 0, -8, 3, 5, 8, -4, 5, -1, -3, 5, -5]",0,0,0,0,0,3317.4848633749934,0.00010204099817201495,3315.591881958011,0.008575749990995973,24,24,"[('(0, 0, 0, 0, 0, 0, 0, 0, 0, 0, 0, 0)', 80), ('(-1, 0, 0, 0, 0, 0, 0, 0, 0, 0, 0, 0)', 21), ('(0, 0, 0, 0, 0, 0, 0, 0, 0, 0, -1, 0)', 19), ('(0, 0, 0, 1, 0, 0, 0, 0, 0, 0, 0, 0)', 16), ('(0, 0, 0, 0, 0, 0, 0, 0, 0, 0, 0, -1)', 15), ('(0, 0, -1, 0, 0, 0, 0, 0, 0, 0, 0, 0)', 15), ('(0, 0, 0, 0, 0, 0, 0, 0, 1, 0, 0, 0)', 14), ('(0, 0, 0, 0, -1, 0, 0, 0, 0, 0, 0, 0)', 12), ('(0, 0, 0, 0, 0, 0, 0, -1, 0, 0, 0, 0)', 10), ('(0, 0, 0, 0, 0, 0, -1, 0, 0, 0, 0, 0)', 10)]",5
9,12,17,79,"[0, -1, 1, 1, 0, 1, 0, 0, 1]","[0, 16, 1, 1, 0, 1, 0, 0, 1]","[0, 0, -1, 0, 0, 0, 0, 1, 0, 1, 0, 0]","[-8, 2, 1, -4, 3, 4, -1, -9, -4, 6, 7, -6]","[0, 0, -1, 0, 0, 0, 0, 1, 0, 1, 0, 0]",3.0,"[0, 16, 1, 1, 0, 1, 0, 0, 1]",True,"[0, 0, 0, 0, 0, 0, 0, 0, 0, 0, 0, 0]",3.0,"[-8, 2, 1, -4, 3, 4, -1, -9, -4, 6, 7, -6]","[0, 16, 1, 1, 0, 1, 0, 0, 1]",True,"[0, 0, 0, 0, 0, 0, 0, 0, 0, 0, 0, 0]",3.0,0,"[-8, 2, 1, -4, 3, 4, -1, -9, -4, 6, 7, -6]","[0, 16, 1, 1, 0, 1, 0, 0, 1]",True,"[0, 0, 0, 0, 0, 0, 0, 0, 0, 0, 0, 0]",3.0,"[-8, 2, 1, -4, 3, 4, -1, -9, -4, 6, 7, -6]","[0, 16, 1, 1, 0, 1, 0, 0, 1]",True,"[0, 0, 0, 0, 0, 0, 0, 0, 0, 0, 0, 0]",3.0,79,0.16155419222903886,22.711797336532612,0,0,5,3,"[-8, 2, 1, -4, 3, 4, -1, -9, -4, 6, 7, -6]","[0, 16, 1, 1, 0, 1, 0, 0, 1]",True,20,20,True,False,True,True,0,False,False,False,False,False,False,False,True,True,True,True,True,True,False,False,False,"[-8, 2, 1, -4, 3, 4, -1, -9, -4, 6, 7, -6]",0,0,0,0,0,3317.8876215000055,0.0001078750065062195,3315.9668126249744,0.009188834024826065,24,24,"[('(0, 0, 0, 0, 0, 0, 0, 0, 0, 0, 0, 0)', 79), ('(0, 0, 0, 0, 0, 0, 0, 0, -1, 0, 0, 0)', 29), ('(0, 0, 0, 0, 0, 0, 0, 0, 0, 0, 1, 0)', 26), ('(0, 0, 0, 0, 0, 0, 0, 0, 0, 1, 0, 0)', 21), ('(0, 0, 0, 0, 0, 0, 0, -1, 0, 0, 0, 0)', 19), ('(0, 0, 0, 0, 0, 0, 0, 0, 0, 0, 0, -1)', 18), ('(0, 0, 0, -1, 0, 0, 0, 0, 0, 0, 0, 0)', 17), ('(-1, 0, 0, 0, 0, 0, 0, 0, 0, 0, 0, 0)', 9), ('(0, 0, 0, 0, 0, 0, 0, -1, 0, 0, 1, 0)', 8), ('(0, 0, 0, 0, 0, 0, 0, 0, 0, 0, 1, -1)', 7)]",5
9,12,17,80,"[0, 0, -1, 0, 1, 1, 1, 0, -1]","[0, 0, 16, 0, 1, 1, 1, 0, 16]","[0, 0, -1, 0, 0, 0, 1, 0, 0, 0, 0, 0]","[-3, 4, 4, 0, 6, -8, -5, 8, -7, -1, -7, 0]","[0, 0, -1, 0, 0, 0, 1, 0, 0, 0, 0, 0]",2.0,"[0, 0, 16, 0, 1, 1, 1, 0, 16]",True,"[0, 0, 0, 0, 0, 0, 0, 0, 0, 0, 0, 0]",2.0,"[-3, 4, 4, 0, 6, -8, -5, 8, -7, -1, -7, 0]","[0, 0, 16, 0, 1, 1, 1, 0, 16]",True,"[0, 0, 0, 0, 0, 0, 0, 0, 0, 0, 0, 0]",2.0,0,"[-3, 4, 4, 0, 6, -8, -5, 8, -7, -1, -7, 0]","[0, 0, 16, 0, 1, 1, 1, 0, 16]",True,"[0, 0, 0, 0, 0, 0, 0, 0, 0, 0, 0, 0]",2.0,"[-3, 4, 4, 0, 6, -8, -5, 8, -7, -1, -7, 0]","[0, 0, 16, 0, 1, 1, 1, 0, 16]",True,"[0, 0, 0, 0, 0, 0, 0, 0, 0, 0, 0, 0]",2.0,88,0.17886178861788618,31.651136363026787,0,0,5,2,"[-3, 4, 4, 0, 6, -8, -5, 8, -7, -1, -7, 0]","[0, 0, 16, 0, 1, 1, 1, 0, 16]",True,20,20,True,False,True,True,0,False,False,False,False,False,False,False,True,True,True,True,True,True,False,False,False,"[-3, 4, 4, 0, 6, -8, -5, 8, -7, -1, -7, 0]",0,0,0,0,0,3325.7460412919754,9.429099736735225e-05,3323.7816217500367,0.009145000018179417,24,24,"[('(0, 0, 0, 0, 0, 0, 0, 0, 0, 0, 0, 0)', 88), ('(0, 0, 0, 0, 0, 1, 0, 0, 0, 0, 0, 0)', 27), ('(0, 0, 0, 0, 0, 0, 0, 0, 0, -1, 0, 0)', 23), ('(0, 0, 0, 0, 0, 0, 0, 0, 0, 0, 1, 0)', 21), ('(0, 0, 0, 0, 0, 0, 1, 0, 0, 0, 0, 0)', 17), ('(0, 0, 0, 0, 0, 0, 0, 0, 0, 0, 0, 1)', 13), ('(0, 0, 1, 0, 0, 0, 0, 0, 0, 0, 0, 0)', 13), ('(0, -1, 0, 0, 0, 0, 0, 0, 0, 0, 0, 0)', 12), ('(0, 0, 0, 0, 0, 0, 0, 0, 1, 0, 0, 0)', 8), ('(0, 0, 0, 0, 0, 0, 0, 0, 0, -1, 0, 1)', 7)]",5
9,12,17,81,"[0, -1, 1, 1, 0, 0, 0, 0, 1]","[0, 16, 1, 1, 0, 0, 0, 0, 1]","[0, 0, 0, 0, -1, 0, 0, 0, -1, 0, 0, 1]","[-1, 8, 1, 7, 8, -6, -6, -4, 4, 2, 2, 1]","[0, 0, 0, 0, -1, 1, 1, 0, 0, -1, 1, 0]",5.0,"[2, 4, 10, 0, 6, 9, 6, 7, 7]",False,"[-1, 0, 1, -1, 0, 0, 0, 0, 0, 0, 0, 0]",5.0,"[-1, 8, 0, 8, 7, -5, -6, -5, 4, 1, 2, 1]","[5, 11, 15, 13, 13, 9, 3, 14, 14]",False,"[0, 0, 0, 0, 0, 0, 0, 0, 0, 0, 0, 0]",5.0,0,"[-1, 8, 1, 7, 8, -6, -6, -4, 4, 2, 2, 1]","[2, 4, 10, 0, 6, 9, 6, 7, 7]",False,"[0, 0, 0, 0, 0, 0, 0, 0, 0, 0, 0, 0]",5.0,"[-1, 8, 1, 7, 8, -6, -6, -4, 4, 2, 2, 1]","[2, 4, 10, 0, 6, 9, 6, 7, 7]",False,"[0, 0, 0, 0, 0, -1, 0, 0, 0, 0, 0, 0]",7.0,15,0.031185031185031187,6127.072741127777,6,0,8,7,"[-1, 9, 1, 8, 8, -5, -5, -3, 3, 2, 2, 1]","[3, 1, 14, 10, 2, 4, 0, 1, 2]",False,20,20,False,False,False,True,6,False,True,False,False,False,False,False,False,True,False,True,False,False,False,False,False,"[-1, 8, 1, 7, 8, -5, -5, -4, 5, 1, 3, 0]",6,8,6,6,10,3325.689757083019,9.320801473222673e-05,3323.807731000008,0.009671667008660734,24,24,"[('(0, 0, 0, 0, 0, 0, 0, 0, 0, 0, 0, 0)', 60), ('(0, 0, 1, 0, 0, 0, 0, 0, 0, 0, 0, 0)', 16), ('(0, 0, 0, 0, 0, -1, 0, 0, 0, 0, 0, 0)', 15), ('(0, 1, 0, 0, 0, 0, 0, 0, 0, 0, 0, 0)', 14), ('(0, 0, 0, 0, 0, 0, 0, 0, 1, 0, 0, 0)', 14), ('(0, 0, 0, 0, 0, 0, 0, 0, 0, -1, 0, 0)', 11), ('(0, 0, 0, 0, 0, 0, 0, 0, 0, 0, 0, -1)', 11), ('(-1, 0, 0, 0, 0, 0, 0, 0, 0, 0, 0, 0)', 11), ('(0, 0, 0, 0, 1, 0, 0, 0, 0, 0, 0, 0)', 9), ('(0, 0, 0, 0, 0, 0, 0, -1, 0, 0, 0, 0)', 8)]",5
9,12,17,82,"[0, 0, 1, 0, 0, 0, -1, -1, 1]","[0, 0, 1, 0, 0, 0, 16, 16, 1]","[0, 0, 0, 0, 0, 0, -1, 0, 1, 0, 1, -1]","[7, 5, -5, -4, 0, -5, -4, 7, -2, -6, 3, -4]","[0, 0, 0, 0, 0, 0, -1, 0, 1, 0, 1, -1]",4.0,"[0, 0, 1, 0, 0, 0, 16, 16, 1]",True,"[0, 0, 0, 0, 0, 0, 0, 0, 0, 0, 0, 0]",4.0,"[7, 5, -5, -4, 0, -5, -4, 7, -2, -6, 3, -4]","[0, 0, 1, 0, 0, 0, 16, 16, 1]",True,"[0, 0, 0, 0, 0, 0, 0, 0, 0, 0, 0, 0]",4.0,0,"[7, 5, -5, -4, 0, -5, -4, 7, -2, -6, 3, -4]","[0, 0, 1, 0, 0, 0, 16, 16, 1]",True,"[0, 0, 0, 0, 0, 0, 0, 0, 0, 0, 0, 0]",4.0,"[7, 5, -5, -4, 0, -5, -4, 7, -2, -6, 3, -4]","[0, 0, 1, 0, 0, 0, 16, 16, 1]",True,"[0, 0, 0, 0, 0, 0, 0, 0, 0, 0, 0, 0]",4.0,94,0.19222903885480572,13.744612310839946,0,0,4,4,"[7, 5, -5, -4, 0, -5, -4, 7, -2, -6, 3, -4]","[0, 0, 1, 0, 0, 0, 16, 16, 1]",True,20,20,True,False,True,True,0,False,False,False,False,False,False,False,True,True,True,True,True,True,False,False,False,"[7, 5, -5, -4, 0, -5, -4, 7, -2, -6, 3, -4]",0,0,0,0,0,3325.6423811250133,0.00010462498175911605,3323.6943490000267,0.010720374993979931,24,24,"[('(0, 0, 0, 0, 0, 0, 0, 0, 0, 0, 0, 0)', 94), ('(1, 0, 0, 0, 0, 0, 0, 0, 0, 0, 0, 0)', 34), ('(0, 0, 0, 0, 0, 0, 1, 0, 0, 0, 0, 0)', 25), ('(0, 0, 0, 0, 0, 0, 0, 0, 0, 0, 0, -1)', 23), ('(0, 0, 0, 0, 0, 0, 0, 0, -1, 0, 0, 0)', 22), ('(0, 0, 0, -1, 0, 0, 0, 0, 0, 0, 0, 0)', 21), ('(0, 0, 1, 0, 0, 0, 0, 0, 0, 0, 0, 0)', 16), ('(0, 0, 0, 0, -1, 0, 0, 0, 0, 0, 0, 0)', 15), ('(0, 0, 0, 0, 0, 1, 0, 0, 0, 0, 0, 0)', 12), ('(0, 0, 0, -1, 0, 0, 1, 0, 0, 0, 0, 0)', 8)]",5
9,12,17,83,"[0, 0, 1, 0, 1, 1, -1, 0, -1]","[0, 0, 1, 0, 1, 1, 16, 0, 16]","[0, -1, 0, 1, 1, 0, 0, 0, 0, 0, 0, 0]","[-5, -4, 8, 7, -3, 4, -4, -4, 5, 8, -5, 7]","[0, -1, 0, 1, 1, 0, 0, 0, 0, 0, 0, 0]",3.0,"[0, 0, 1, 0, 1, 1, 16, 0, 16]",True,"[0, 0, 0, 0, 0, 0, 0, 0, 0, 0, 0, 0]",3.0,"[-5, -4, 8, 7, -3, 4, -4, -4, 5, 8, -5, 7]","[0, 0, 1, 0, 1, 1, 16, 0, 16]",True,"[0, 0, 0, 0, 0, 0, 0, 0, 0, 0, 0, 0]",3.0,0,"[-5, -4, 8, 7, -3, 4, -4, -4, 5, 8, -5, 7]","[0, 0, 1, 0, 1, 1, 16, 0, 16]",True,"[0, 0, 0, 0, 0, 0, 0, 0, 0, 0, 0, 0]",3.0,"[-5, -4, 8, 7, -3, 4, -4, -4, 5, 8, -5, 7]","[0, 0, 1, 0, 1, 1, 16, 0, 16]",True,"[0, 0, 0, 0, 0, 0, 0, 0, 0, 0, 0, 0]",3.0,108,0.22131147540983606,22.680865211777085,0,0,5,3,"[-5, -4, 8, 7, -3, 4, -4, -4, 5, 8, -5, 7]","[0, 0, 1, 0, 1, 1, 16, 0, 16]",True,20,20,True,False,True,True,0,False,False,False,False,False,False,False,True,True,True,True,True,True,False,False,False,"[-5, -4, 8, 7, -3, 4, -4, -4, 5, 8, -5, 7]",0,0,0,0,0,3325.690829125,0.00010204201680608094,3323.8019547499716,0.00822375004645437,24,24,"[('(0, 0, 0, 0, 0, 0, 0, 0, 0, 0, 0, 0)', 108), ('(0, 0, 0, 0, 0, 0, 0, 0, 0, 0, -1, 0)', 28), ('(0, 1, 0, 0, 0, 0, 0, 0, 0, 0, 0, 0)', 28), ('(0, 0, 0, 0, 0, 0, 1, 0, 0, 0, 0, 0)', 25), ('(0, 0, 0, 0, 0, 0, 0, 0, 0, 1, 0, 0)', 23), ('(0, 0, 0, 0, 0, 1, 0, 0, 0, 0, 0, 0)', 23), ('(-1, 0, 0, 0, 0, 0, 0, 0, 0, 0, 0, 0)', 15), ('(0, 0, 1, 0, 0, 0, 0, 0, 0, 0, 0, 0)', 13), ('(0, 0, 0, 0, -1, 0, 0, 0, 0, 0, 0, 0)', 8), ('(0, 0, 0, 0, 0, 0, 0, 0, 0, 1, -1, 0)', 7)]",5
9,12,17,84,"[0, 1, 1, 0, -1, 0, -1, 0, 1]","[0, 1, 1, 0, 16, 0, 16, 0, 1]","[0, 0, 0, 1, 0, 1, 0, 0, 0, 0, 0, 0]","[1, 6, 5, -2, -7, -9, -7, 6, -5, -3, -2, -3]","[0, 0, 0, 1, 0, 1, 0, 0, 0, 0, 0, 0]",2.0,"[0, 1, 1, 0, 16, 0, 16, 0, 1]",True,"[0, 0, 0, 0, 0, 0, 0, 0, 0, 0, 0, 0]",2.0,"[1, 6, 5, -2, -7, -9, -7, 6, -5, -3, -2, -3]","[0, 1, 1, 0, 16, 0, 16, 0, 1]",True,"[0, 0, 0, 0, 0, 0, 0, 0, 0, 0, 0, 0]",2.0,0,"[1, 6, 5, -2, -7, -9, -7, 6, -5, -3, -2, -3]","[0, 1, 1, 0, 16, 0, 16, 0, 1]",True,"[0, 0, 0, 0, 0, 0, 0, 0, 0, 0, 0, 0]",2.0,"[1, 6, 5, -2, -7, -9, -7, 6, -5, -3, -2, -3]","[0, 1, 1, 0, 16, 0, 16, 0, 1]",True,"[0, 0, 0, 0, 0, 0, 0, 0, 0, 0, 0, 0]",2.0,70,0.1437371663244353,31.67373201229587,0,0,5,2,"[1, 6, 5, -2, -7, -9, -7, 6, -5, -3, -2, -3]","[0, 1, 1, 0, 16, 0, 16, 0, 1]",True,20,20,True,False,True,True,0,False,False,False,False,False,False,False,True,True,True,True,True,True,False,False,False,"[1, 6, 5, -2, -7, -9, -7, 6, -5, -3, -2, -3]",0,0,0,0,0,3325.654372124991,0.00010529201244935393,3323.686004625022,0.008804415992926806,24,24,"[('(0, 0, 0, 0, 0, 0, 0, 0, 0, 0, 0, 0)', 70), ('(0, 0, 0, 0, 0, 0, 0, 0, 0, 0, 0, -1)', 16), ('(1, 0, 0, 0, 0, 0, 0, 0, 0, 0, 0, 0)', 15), ('(0, 0, 0, 0, 0, 0, 0, 0, 0, 1, 0, 0)', 14), ('(0, 0, 0, 0, 0, 0, 0, 0, 1, 0, 0, 0)', 14), ('(0, 0, 0, 0, 0, 1, 0, 0, 0, 0, 0, 0)', 11), ('(0, 0, 0, 0, -1, 0, 0, 0, 0, 0, 0, 0)', 11), ('(0, 0, 0, 0, 0, 0, 0, -1, 0, 0, 0, 0)', 11), ('(0, 0, 0, 1, 0, 0, 0, 0, 0, 0, 0, 0)', 8), ('(0, 0, 0, 0, 0, 0, -1, 0, 0, 0, 0, 0)', 8)]",5
9,12,17,85,"[0, 0, 1, 0, 0, -1, 1, 1, 0]","[0, 0, 1, 0, 0, 16, 1, 1, 0]","[0, 0, 0, 1, 0, 0, 0, -1, 0, 0, 0, 0]","[-8, 8, 8, -4, -5, -2, 6, -2, -2, -6, 6, 3]","[0, 0, 0, 1, 0, 0, 0, -1, 0, 0, 0, 0]",2.0,"[0, 0, 1, 0, 0, 16, 1, 1, 0]",True,"[0, 0, 0, 0, 0, 0, 0, 0, 0, 0, 0, 0]",2.0,"[-8, 8, 8, -4, -5, -2, 6, -2, -2, -6, 6, 3]","[0, 0, 1, 0, 0, 16, 1, 1, 0]",True,"[0, 0, 0, 0, 0, 0, 0, 0, 0, 0, 0, 0]",2.0,0,"[-8, 8, 8, -4, -5, -2, 6, -2, -2, -6, 6, 3]","[0, 0, 1, 0, 0, 16, 1, 1, 0]",True,"[0, 0, 0, 0, 0, 0, 0, 0, 0, 0, 0, 0]",2.0,"[-8, 8, 8, -4, -5, -2, 6, -2, -2, -6, 6, 3]","[0, 0, 1, 0, 0, 16, 1, 1, 0]",True,"[0, 0, 0, 0, 0, 0, 0, 0, 0, 0, 0, 0]",2.0,62,0.12627291242362526,11.685686527360847,0,0,4,2,"[-8, 8, 8, -4, -5, -2, 6, -2, -2, -6, 6, 3]","[0, 0, 1, 0, 0, 16, 1, 1, 0]",True,20,20,True,False,True,True,0,False,False,False,False,False,False,False,True,True,True,True,True,True,False,False,False,"[-8, 8, 8, -4, -5, -2, 6, -2, -2, -6, 6, 3]",0,0,0,0,0,3246.0545238750055,9.929196676239371e-05,3244.1195023339824,0.008489792002364993,24,24,"[('(0, 0, 0, 0, 0, 0, 0, 0, 0, 0, 0, 0)', 62), ('(0, 0, -1, 0, 0, 0, 0, 0, 0, 0, 0, 0)', 20), ('(0, 0, 0, 0, -1, 0, 0, 0, 0, 0, 0, 0)', 19), ('(0, 0, 0, 0, 0, 0, 0, 0, 1, 0, 0, 0)', 16), ('(0, 0, 0, 0, 0, 0, -1, 0, 0, 0, 0, 0)', 15), ('(0, 0, 0, 0, 0, 0, 0, 1, 0, 0, 0, 0)', 13), ('(0, 0, 0, 0, 0, 0, 0, 0, 0, 0, -1, 0)', 12), ('(0, 0, 0, -1, 0, 0, 0, 0, 0, 0, 0, 0)', 11), ('(0, -1, 0, 0, 0, 0, 0, 0, 0, 0, 0, 0)', 9), ('(1, 0, 0, 0, 0, 0, 0, 0, 0, 0, 0, 0)', 9)]",5
9,12,17,86,"[1, -1, -1, 1, 0, 0, 0, 1, 0]","[1, 16, 16, 1, 0, 0, 0, 1, 0]","[0, 0, 0, 0, 0, 0, 0, 0, 0, 1, 0, 0]","[-6, 0, 3, -8, 0, 6, -7, 8, -5, 3, 4, 7]","[0, 0, 0, 0, 0, 0, 0, 0, 0, 1, 0, 0]",1.0,"[1, 16, 16, 1, 0, 0, 0, 1, 0]",True,"[0, 0, 0, 0, 0, 0, 0, 0, 0, 0, 0, 0]",1.0,"[-6, 0, 3, -8, 0, 6, -7, 8, -5, 3, 4, 7]","[1, 16, 16, 1, 0, 0, 0, 1, 0]",True,"[0, 0, 0, 0, 0, 0, 0, 0, 0, 0, 0, 0]",1.0,0,"[-6, 0, 3, -8, 0, 6, -7, 8, -5, 3, 4, 7]","[1, 16, 16, 1, 0, 0, 0, 1, 0]",True,"[0, 0, 0, 0, 0, 0, 0, 0, 0, 0, 0, 0]",1.0,"[-6, 0, 3, -8, 0, 6, -7, 8, -5, 3, 4, 7]","[1, 16, 16, 1, 0, 0, 0, 1, 0]",True,"[0, 0, 0, 0, 0, 0, 0, 0, 0, 0, 0, 0]",1.0,63,0.12804878048780488,40.63411169166403,0,0,5,1,"[-6, 0, 3, -8, 0, 6, -7, 8, -5, 3, 4, 7]","[1, 16, 16, 1, 0, 0, 0, 1, 0]",True,20,20,True,False,True,True,0,False,False,False,False,False,False,False,True,True,True,True,True,True,False,False,False,"[-6, 0, 3, -8, 0, 6, -7, 8, -5, 3, 4, 7]",0,0,0,0,0,3246.11408983398,0.00010141701204702258,3244.2159239160246,0.008349207986611873,24,24,"[('(0, 0, 0, 0, 0, 0, 0, 0, 0, 0, 0, 0)', 63), ('(0, 0, 0, 0, 0, 0, -1, 0, 0, 0, 0, 0)', 25), ('(0, 0, 0, 0, 0, 1, 0, 0, 0, 0, 0, 0)', 20), ('(0, 0, 0, 0, -1, 0, 0, 0, 0, 0, 0, 0)', 19), ('(0, 0, 0, 0, 0, 0, 0, 0, 0, -1, 0, 0)', 18), ('(0, 0, 0, 0, 0, 0, 0, 0, 1, 0, 0, 0)', 18), ('(0, 0, 0, 0, 0, 0, 0, 0, 0, 0, 0, 1)', 17), ('(0, 0, 0, 0, 0, 0, 0, -1, 0, 0, 0, 0)', 17), ('(0, 1, 0, 0, 0, 0, 0, 0, 0, 0, 0, 0)', 13), ('(0, 1, 0, 0, 0, 0, 0, 0, 0, -1, 0, 0)', 7)]",5
9,12,17,87,"[0, 0, 0, 0, -1, 0, 0, 0, 0]","[0, 0, 0, 0, 16, 0, 0, 0, 0]","[0, -1, 0, 0, 0, 0, 1, 1, 1, 0, 1, 0]","[6, 6, 3, 6, 3, 9, -1, 5, 7, -6, -4, 5]","[1, 1, 0, 0, -1, -1, 1, 0, 0, -1, -1, 0]",7.0,"[9, 15, 5, 15, 3, 11, 12, 10, 4]",False,"[0, 0, -1, 0, 0, 1, 1, 1, 0, 1, 0, 0]",5.0,"[7, 8, 3, 6, 2, 8, -1, 4, 6, -7, -6, 5]","[0, 0, 0, 0, 16, 0, 0, 0, 0]",True,"[0, 0, 0, 0, 0, 0, 0, 0, 0, 0, 0, 0]",7.0,0,"[6, 6, 3, 6, 3, 9, -1, 5, 7, -6, -4, 5]","[9, 15, 5, 15, 3, 11, 12, 10, 4]",False,"[0, 0, 0, 0, 0, 0, 0, 0, 0, 0, 0, 0]",7.0,"[6, 6, 3, 6, 3, 9, -1, 5, 7, -6, -4, 5]","[9, 15, 5, 15, 3, 11, 12, 10, 4]",False,"[0, 1, 0, 0, 0, 0, 0, 0, 0, 0, 0, 0]",12.0,5,0.010245901639344262,6102.420824053078,4,2,7,6,"[7, 5, 4, 6, 3, 8, 0, 5, 6, -5, -4, 5]","[0, 0, 2, 1, 15, 1, 2, 16, 5]",False,20,20,False,True,False,False,8,True,True,True,False,False,False,False,False,False,False,False,False,False,False,False,False,"[7, 8, 3, 6, 2, 8, -1, 4, 6, -7, -6, 5]",14,0,14,14,21,3246.0608798749745,9.137502638623118e-05,3244.1524253750104,0.010627667012158781,24,24,"[('(0, 0, 0, 0, 0, 0, 0, 0, 0, 0, 0, 0)', 104), ('(0, 0, 0, 0, 0, 0, 0, 0, 0, 0, 1, 0)', 21), ('(0, 0, 0, 0, 0, 0, 0, 0, 0, 0, 0, -1)', 17), ('(0, 0, -1, 0, 0, 0, 0, 0, 0, 0, 0, 0)', 17), ('(0, 0, 0, 0, 0, 0, 1, 0, 0, 0, 0, 0)', 17), ('(0, 0, 0, -1, 0, 0, 0, 0, 0, 0, 0, 0)', 13), ('(0, 0, 0, 0, 1, 0, 0, 0, 0, 0, 0, 0)', 12), ('(-1, 0, 0, 0, 0, 0, 0, 0, 0, 0, 0, 0)', 12), ('(0, 0, 0, 0, 0, 0, 0, 0, -1, 0, 0, 0)', 11), ('(0, 0, 0, 0, 0, 1, 0, 0, 0, 0, 0, 0)', 10)]",5
9,12,17,88,"[0, 0, 0, 0, -1, -1, 1, -1, 0]","[0, 0, 0, 0, 16, 16, 1, 16, 0]","[0, 1, 1, 1, 0, 0, 0, -1, -1, 0, 0, 0]","[-3, 3, -2, -5, -1, 6, -3, 4, -6, 2, 4, 2]","[1, 0, 0, -1, 0, 0, -1, 0, 1, -1, 1, 0]",6.0,"[9, 5, 13, 8, 4, 7, 8, 8, 11]",False,"[0, 0, 0, 1, 0, 0, 0, 1, 0, 0, 0, 0]",3.0,"[-2, 3, -1, -6, -1, 6, -4, 3, -5, 2, 5, 2]","[5, 15, 10, 0, 9, 6, 15, 9, 11]",False,"[0, 0, 0, 0, 0, 0, 0, 0, 0, 0, 0, 0]",6.0,0,"[-3, 3, -2, -5, -1, 6, -3, 4, -6, 2, 4, 2]","[9, 5, 13, 8, 4, 7, 8, 8, 11]",False,"[0, 0, 0, 1, 0, 0, 0, 1, 0, 0, 0, 0]",3.0,"[-2, 3, -1, -6, -1, 6, -4, 3, -5, 2, 5, 2]","[5, 15, 10, 0, 9, 6, 15, 9, 11]",False,"[0, 0, 0, 0, 0, 0, 0, 0, 0, 1, 0, 0]",9.0,11,0.022494887525562373,6129.201509335021,6,0,7,9,"[-2, 3, -1, -7, 0, 7, -4, 5, -6, 2, 4, 3]","[2, 7, 16, 0, 12, 13, 5, 0, 7]",False,20,20,False,True,False,False,9,True,True,False,False,False,False,False,False,False,True,True,False,False,False,True,True,"[-2, 2, -3, -7, -1, 6, -4, 5, -4, 1, 5, 2]",15,12,15,12,14,3246.0214301659726,0.00010179099626839161,3244.0843339999556,0.009260457998607308,24,24,"[('(0, 0, 0, 0, 0, 0, 0, 0, 0, 0, 0, 0)', 73), ('(0, 0, -1, 0, 0, 0, 0, 0, 0, 0, 0, 0)', 25), ('(0, 0, 0, 0, 0, 0, 0, 0, 1, 0, 0, 0)', 16), ('(0, 0, 0, 0, 1, 0, 0, 0, 0, 0, 0, 0)', 15), ('(0, 0, 0, 1, 0, 0, 0, 0, 0, 0, 0, 0)', 15), ('(0, 0, 0, 0, 0, 0, 0, 0, 0, 0, -1, 0)', 13), ('(0, 1, 0, 0, 0, 0, 0, 0, 0, 0, 0, 0)', 13), ('(0, 0, 0, 0, 0, 0, 0, 0, 0, 1, 0, 0)', 11), ('(0, 0, 0, 0, 0, 1, 0, 0, 0, 0, 0, 0)', 11), ('(0, 0, 0, 0, 0, 0, -1, 0, 0, 0, 0, 0)', 9)]",5
9,12,17,89,"[0, 1, -1, 1, -1, 1, 1, -1, 1]","[0, 1, 16, 1, 16, 1, 1, 16, 1]","[0, 1, 0, 0, 0, 0, 0, 1, 0, 0, 0, 0]","[-7, -2, -4, -3, 0, 8, -7, -4, -3, 1, -8, -6]","[0, 1, 0, 0, 0, 0, 0, 1, 0, 0, 0, 0]",2.0,"[0, 1, 16, 1, 16, 1, 1, 16, 1]",True,"[0, 0, 0, 0, 0, 0, 0, 0, 0, 0, 0, 0]",2.0,"[-7, -2, -4, -3, 0, 8, -7, -4, -3, 1, -8, -6]","[0, 1, 16, 1, 16, 1, 1, 16, 1]",True,"[0, 0, 0, 0, 0, 0, 0, 0, 0, 0, 0, 0]",2.0,0,"[-7, -2, -4, -3, 0, 8, -7, -4, -3, 1, -8, -6]","[0, 1, 16, 1, 16, 1, 1, 16, 1]",True,"[0, 0, 0, 0, 0, 0, 0, 0, 0, 0, 0, 0]",2.0,"[-7, -2, -4, -3, 0, 8, -7, -4, -3, 1, -8, -6]","[0, 1, 16, 1, 16, 1, 1, 16, 1]",True,"[0, 0, 0, 0, 0, 0, 0, 0, 0, 0, 0, 0]",2.0,68,0.13877551020408163,91.67658934954027,0,0,8,2,"[-7, -2, -4, -3, 0, 8, -7, -4, -3, 1, -8, -6]","[0, 1, 16, 1, 16, 1, 1, 16, 1]",True,20,20,True,False,True,True,0,False,False,False,False,False,False,False,True,True,True,True,True,True,False,False,False,"[-7, -2, -4, -3, 0, 8, -7, -4, -3, 1, -8, -6]",0,0,0,0,0,3246.2523935000063,0.00012750003952533007,3244.2260477079544,0.011609666980803013,24,24,"[('(0, 0, 0, 0, 0, 0, 0, 0, 0, 0, 0, 0)', 68), ('(1, 0, 0, 0, 0, 0, 0, 0, 0, 0, 0, 0)', 25), ('(0, 0, 0, 0, 0, 0, 0, 0, 0, 0, 0, 1)', 18), ('(0, 0, 0, 0, 0, 0, 0, 0, 0, 1, 0, 0)', 16), ('(0, 0, 0, 0, 0, 0, 0, 0, -1, 0, 0, 0)', 15), ('(0, 0, 0, 0, 0, 0, 0, -1, 0, 0, 0, 0)', 15), ('(0, 0, 1, 0, 0, 0, 0, 0, 0, 0, 0, 0)', 15), ('(0, 0, 0, 0, 1, 0, 0, 0, 0, 0, 0, 0)', 11), ('(0, 1, 0, 0, 0, 0, 0, 0, 0, 0, 0, 0)', 10), ('(0, 0, 0, 0, 0, 1, 0, 0, 0, 0, 0, 0)', 9)]",5
9,12,17,90,"[1, -1, 1, 0, 0, -1, 0, -1, 0]","[1, 16, 1, 0, 0, 16, 0, 16, 0]","[-1, 0, 0, 0, 0, 0, 1, 0, 0, 0, 0, 0]","[8, -8, 1, -6, -8, 1, 7, 4, -6, 2, 2, 0]","[-1, 0, 0, 0, 0, 0, 1, 0, 0, 0, 0, 0]",2.0,"[1, 16, 1, 0, 0, 16, 0, 16, 0]",True,"[0, 0, 0, 0, 0, 0, 0, 0, 0, 0, 0, 0]",2.0,"[8, -8, 1, -6, -8, 1, 7, 4, -6, 2, 2, 0]","[1, 16, 1, 0, 0, 16, 0, 16, 0]",True,"[0, 0, 0, 0, 0, 0, 0, 0, 0, 0, 0, 0]",2.0,0,"[8, -8, 1, -6, -8, 1, 7, 4, -6, 2, 2, 0]","[1, 16, 1, 0, 0, 16, 0, 16, 0]",True,"[0, 0, 0, 0, 0, 0, 0, 0, 0, 0, 0, 0]",2.0,"[8, -8, 1, -6, -8, 1, 7, 4, -6, 2, 2, 0]","[1, 16, 1, 0, 0, 16, 0, 16, 0]",True,"[0, 0, 0, 0, 0, 0, 0, 0, 0, 0, 0, 0]",2.0,111,0.22606924643584522,31.628150112870493,0,0,5,2,"[8, -8, 1, -6, -8, 1, 7, 4, -6, 2, 2, 0]","[1, 16, 1, 0, 0, 16, 0, 16, 0]",True,20,20,True,False,True,True,0,False,False,False,False,False,False,False,True,True,True,True,True,True,False,False,False,"[8, -8, 1, -6, -8, 1, 7, 4, -6, 2, 2, 0]",0,0,0,0,0,3162.402362875,9.287497960031033e-05,3160.490270167007,0.008681959006935358,24,24,"[('(0, 0, 0, 0, 0, 0, 0, 0, 0, 0, 0, 0)', 111), ('(0, 0, 0, 0, 0, -1, 0, 0, 0, 0, 0, 0)', 21), ('(0, -1, 0, 0, 0, 0, 0, 0, 0, 0, 0, 0)', 21), ('(0, 0, 0, 0, 0, 0, 0, 0, 1, 0, 0, 0)', 20), ('(0, 0, 0, 0, 0, 0, 0, 0, 0, 0, 0, 1)', 18), ('(0, 0, 0, 0, 1, 0, 0, 0, 0, 0, 0, 0)', 17), ('(0, 0, 0, 0, 0, 0, 0, 0, 0, 0, -1, 0)', 16), ('(0, 0, 0, 0, 0, 0, 0, 0, 0, 1, 0, 0)', 14), ('(0, 0, 0, 0, 0, 0, 0, 1, 0, 0, 0, 0)', 9), ('(0, -1, 0, 0, 0, -1, 0, 0, 0, 0, 0, 0)', 8)]",5
9,12,17,91,"[0, 0, 1, 0, -1, -1, 1, -1, 1]","[0, 0, 1, 0, 16, 16, 1, 16, 1]","[0, 0, 0, 0, 0, 0, 0, 0, -1, 0, 1, 0]","[-8, -6, -5, -2, 0, -5, -5, -3, 6, 8, -9, 8]","[0, 0, 0, 0, 0, 0, 0, 0, -1, 0, 1, 0]",2.0,"[0, 0, 1, 0, 16, 16, 1, 16, 1]",True,"[0, 0, 0, 0, 0, 0, 0, 0, 0, 0, 0, 0]",2.0,"[-8, -6, -5, -2, 0, -5, -5, -3, 6, 8, -9, 8]","[0, 0, 1, 0, 16, 16, 1, 16, 1]",True,"[0, 0, 0, 0, 0, 0, 0, 0, 0, 0, 0, 0]",2.0,0,"[-8, -6, -5, -2, 0, -5, -5, -3, 6, 8, -9, 8]","[0, 0, 1, 0, 16, 16, 1, 16, 1]",True,"[0, 0, 0, 0, 0, 0, 0, 0, 0, 0, 0, 0]",2.0,"[-8, -6, -5, -2, 0, -5, -5, -3, 6, 8, -9, 8]","[0, 0, 1, 0, 16, 16, 1, 16, 1]",True,"[0, 0, 0, 0, 0, 0, 0, 0, 0, 0, 0, 0]",2.0,95,0.1958762886597938,51.643565180853216,0,0,6,2,"[-8, -6, -5, -2, 0, -5, -5, -3, 6, 8, -9, 8]","[0, 0, 1, 0, 16, 16, 1, 16, 1]",True,20,20,True,False,True,True,0,False,False,False,False,False,False,False,True,True,True,True,True,True,False,False,False,"[-8, -6, -5, -2, 0, -5, -5, -3, 6, 8, -9, 8]",0,0,0,0,0,3162.3585720830015,0.00010975002078339458,3160.4197463330347,0.008344417030457407,24,24,"[('(0, 0, 0, 0, 0, 0, 0, 0, 0, 0, 0, 0)', 95), ('(0, 0, -1, 0, 0, 0, 0, 0, 0, 0, 0, 0)', 20), ('(0, 0, 0, 0, 0, 0, 0, 1, 0, 0, 0, 0)', 19), ('(0, 0, 0, 0, 0, 0, 0, 0, 0, -1, 0, 0)', 14), ('(0, 0, 0, 1, 0, 0, 0, 0, 0, 0, 0, 0)', 14), ('(0, 0, 0, 0, -1, 0, 0, 0, 0, 0, 0, 0)', 13), ('(0, 0, 0, 0, 0, 0, 0, 0, 0, 0, 1, 0)', 12), ('(0, 0, 0, 0, 0, 0, 0, 0, 0, 0, 0, 1)', 11), ('(0, 0, 0, 0, 0, -1, 0, 0, 0, 0, 0, 0)', 8), ('(0, 0, 0, 0, -1, 0, 0, 0, 0, -1, 0, 0)', 7)]",5
9,12,17,92,"[1, 0, 0, 0, 0, 0, 1, 0, 0]","[1, 0, 0, 0, 0, 0, 1, 0, 0]","[0, 0, 1, -1, -1, 0, 0, -1, 0, 0, 1, 0]","[-4, 0, -3, -6, 3, 0, 5, 8, 6, -7, -6, 0]","[0, 0, 0, 0, -1, 0, 1, 0, 0, 1, 0, -1]",4.0,"[8, 1, 1, 13, 6, 2, 15, 16, 3]",False,"[-1, -1, 1, -1, 0, 0, 0, 0, 0, 1, 0, 0]",4.0,"[-4, 0, -2, -7, 1, 0, 6, 9, 6, -6, -6, -1]","[13, 1, 3, 4, 12, 2, 0, 7, 11]",False,"[0, 0, 0, 0, 0, 0, 0, 0, 0, 0, 0, 0]",4.0,0,"[-4, 0, -3, -6, 3, 0, 5, 8, 6, -7, -6, 0]","[8, 1, 1, 13, 6, 2, 15, 16, 3]",False,"[0, 0, 0, 0, 0, 0, 0, 0, 0, 0, 0, 0]",4.0,"[-4, 0, -3, -6, 3, 0, 5, 8, 6, -7, -6, 0]","[8, 1, 1, 13, 6, 2, 15, 16, 3]",False,"[0, 0, 0, 0, 0, 0, 0, 0, 0, 0, 0, 0]",4.0,99,0.20204081632653062,6113.739482981401,6,0,9,4,"[-4, 0, -3, -6, 3, 0, 5, 8, 6, -7, -6, 0]","[8, 1, 1, 13, 6, 2, 15, 16, 3]",False,20,20,False,False,False,True,7,False,True,False,False,False,False,False,False,True,False,True,False,True,False,False,False,"[-4, 0, -4, -5, 3, 0, 6, 9, 6, -6, -7, -1]",7,13,7,7,7,3162.405851709016,0.00012025004252791405,3160.3176333750016,0.009874749986920506,24,24,"[('(0, 0, 0, 0, 0, 0, 0, 0, 0, 0, 0, 0)', 99), ('(0, 0, 0, -1, 0, 0, 0, 0, 0, 0, 0, 0)', 26), ('(0, 0, 0, 0, 1, 0, 0, 0, 0, 0, 0, 0)', 25), ('(0, 0, 0, 0, 0, 0, 0, 1, 0, 0, 0, 0)', 24), ('(0, 0, 0, 0, 0, 0, 0, 0, 0, 1, 0, 0)', 23), ('(1, 0, 0, 0, 0, 0, 0, 0, 0, 0, 0, 0)', 18), ('(0, 0, 0, 0, 0, 0, 0, 0, 0, 0, 0, 1)', 15), ('(0, 0, 0, 0, 0, -1, 0, 0, 0, 0, 0, 0)', 15), ('(0, 0, 1, 0, 0, 0, 0, 0, 0, 0, 0, 0)', 14), ('(0, 0, 0, 0, 0, 0, 0, 0, 0, 0, -1, 0)', 8)]",5
9,12,17,93,"[1, -1, 1, -1, -1, 0, 0, 0, -1]","[1, 16, 1, 16, 16, 0, 0, 0, 16]","[0, 0, -1, 0, 0, 0, -1, 0, 0, 0, -1, -1]","[-1, -2, -2, 3, -1, -7, -1, 0, 4, -1, 5, -9]","[0, 0, 0, -1, 0, 0, 0, 0, 0, 0, 0, 1]",2.0,"[3, 7, 16, 8, 6, 13, 7, 1, 8]",False,"[0, 0, 0, 0, 0, 0, 0, 0, 0, 0, 0, 0]",2.0,"[-1, -2, -2, 3, -1, -7, -1, 0, 4, -1, 5, -9]","[3, 7, 16, 8, 6, 13, 7, 1, 8]",False,"[0, 0, 0, 0, 0, 0, 0, 0, 0, 0, 0, 0]",2.0,0,"[-1, -2, -2, 3, -1, -7, -1, 0, 4, -1, 5, -9]","[3, 7, 16, 8, 6, 13, 7, 1, 8]",False,"[0, 0, 0, 0, 0, 0, 0, 0, 0, 0, 0, 0]",2.0,"[-1, -2, -2, 3, -1, -7, -1, 0, 4, -1, 5, -9]","[3, 7, 16, 8, 6, 13, 7, 1, 8]",False,"[0, 0, 0, 1, 0, 0, 0, 0, 0, 0, 0, 0]",4.0,33,0.06666666666666667,4073.8473639475383,4,0,7,4,"[-1, -2, -3, 3, -1, -7, 0, 0, 3, -1, 5, -8]","[0, 7, 6, 11, 13, 1, 0, 1, 16]",False,20,20,False,False,True,True,8,False,False,False,False,False,False,False,True,True,True,True,False,False,False,False,False,"[-1, -2, -1, 2, -1, -7, 0, 0, 4, -1, 6, -7]",8,8,8,8,8,3162.416022624995,0.0001134999911300838,3160.287145416951,0.010114125034306198,24,24,"[('(0, 0, 0, 0, 0, 0, 0, 0, 0, 0, 0, 0)', 100), ('(0, 0, 0, 0, -1, 0, 0, 0, 0, 0, 0, 0)', 34), ('(0, 0, 0, 1, 0, 0, 0, 0, 0, 0, 0, 0)', 33), ('(0, 0, 0, 0, 0, 0, 0, 0, 0, 0, 0, 1)', 27), ('(1, 0, 0, 0, 0, 0, 0, 0, 0, 0, 0, 0)', 24), ('(0, 0, 0, 0, 0, 1, 0, 0, 0, 0, 0, 0)', 20), ('(0, 0, 0, 0, 0, 0, -1, 0, 0, 0, 0, 0)', 16), ('(0, 1, 0, 0, 0, 0, 0, 0, 0, 0, 0, 0)', 15), ('(1, 0, 0, 0, 0, 0, -1, 0, 0, 0, 0, 0)', 6), ('(1, 0, 0, 1, 0, 0, 0, 0, 0, 0, 0, 0)', 6)]",5
9,12,17,94,"[1, 1, 0, 0, 0, 1, 0, 0, 1]","[1, 1, 0, 0, 0, 1, 0, 0, 1]","[-1, 0, 0, 0, -1, 0, 1, 0, 0, 0, 0, 0]","[0, -8, 8, -7, 0, 1, 6, -7, 7, 0, -4, 1]","[-1, 0, 0, -1, 0, 0, -1, 0, 0, 0, 0, -1]",4.0,"[8, 1, 10, 10, 11, 2, 8, 15, 5]",False,"[1, 0, -1, 0, 0, 0, 0, 1, -1, 0, 0, 0]",3.0,"[0, -8, 8, -8, 1, 1, 4, -7, 7, 0, -4, 0]","[1, 1, 0, 0, 0, 1, 0, 0, 1]",True,"[0, 0, 0, 0, 0, 0, 0, 0, 0, 0, 0, 0]",4.0,0,"[0, -8, 8, -7, 0, 1, 6, -7, 7, 0, -4, 1]","[8, 1, 10, 10, 11, 2, 8, 15, 5]",False,"[0, 0, 0, 0, 0, 0, 0, 0, 0, 0, 0, 0]",4.0,"[0, -8, 8, -7, 0, 1, 6, -7, 7, 0, -4, 1]","[8, 1, 10, 10, 11, 2, 8, 15, 5]",False,"[0, 1, 0, 0, 0, 0, 0, 0, 0, 0, 0, 0]",9.0,11,0.022357723577235773,6149.201509335021,6,0,8,9,"[-1, -9, 8, -7, 0, 0, 6, -6, 8, -1, -3, 1]","[2, 10, 12, 0, 1, 11, 11, 14, 1]",False,20,20,False,False,False,False,7,True,True,True,False,False,False,False,False,False,False,False,False,False,False,False,False,"[0, -8, 8, -8, 1, 1, 4, -7, 7, 0, -4, 0]",7,0,7,7,14,3162.1899440829875,0.00012849998893216252,3160.0292908749543,0.008547791978344321,24,24,"[('(0, 0, 0, 0, 0, 0, 0, 0, 0, 0, 0, 0)', 104), ('(0, 0, 0, 0, 0, 0, 0, 0, 0, 0, 0, 1)', 27), ('(0, 0, 0, 0, 0, 0, 0, 0, 1, 0, 0, 0)', 26), ('(0, 0, 0, 0, 0, 0, 0, 0, 0, 0, 1, 0)', 26), ('(1, 0, 0, 0, 0, 0, 0, 0, 0, 0, 0, 0)', 26), ('(0, 0, -1, 0, 0, 0, 0, 0, 0, 0, 0, 0)', 23), ('(0, 0, 0, 0, 0, 0, 0, 0, 0, 1, 0, 0)', 15), ('(0, 0, 0, 0, 1, 0, 0, 0, 0, 0, 0, 0)', 12), ('(0, 0, 0, 0, 0, 0, 0, -1, 0, 0, 0, 0)', 12), ('(0, 1, 0, 0, 0, 0, 0, 0, 0, 0, 0, 0)', 11)]",5
9,12,17,95,"[1, -1, 0, 0, 1, 0, 0, 1, 0]","[1, 16, 0, 0, 1, 0, 0, 1, 0]","[0, 0, 0, 0, 0, 0, 0, 0, 0, 0, -1, 1]","[-5, -8, 4, 2, 8, 5, -7, 6, 6, -8, 1, -3]","[0, 0, 0, 0, 0, 0, 0, 0, 0, 0, -1, 1]",2.0,"[1, 16, 0, 0, 1, 0, 0, 1, 0]",True,"[0, 0, 0, 0, 0, 0, 0, 0, 0, 0, 0, 0]",2.0,"[-5, -8, 4, 2, 8, 5, -7, 6, 6, -8, 1, -3]","[1, 16, 0, 0, 1, 0, 0, 1, 0]",True,"[0, 0, 0, 0, 0, 0, 0, 0, 0, 0, 0, 0]",2.0,0,"[-5, -8, 4, 2, 8, 5, -7, 6, 6, -8, 1, -3]","[1, 16, 0, 0, 1, 0, 0, 1, 0]",True,"[0, 0, 0, 0, 0, 0, 0, 0, 0, 0, 0, 0]",2.0,"[-5, -8, 4, 2, 8, 5, -7, 6, 6, -8, 1, -3]","[1, 16, 0, 0, 1, 0, 0, 1, 0]",True,"[0, 0, 0, 0, 0, 0, 0, 0, 0, 0, 0, 0]",2.0,99,0.20245398773006135,11.63948298140119,0,0,4,2,"[-5, -8, 4, 2, 8, 5, -7, 6, 6, -8, 1, -3]","[1, 16, 0, 0, 1, 0, 0, 1, 0]",True,20,20,True,False,True,True,0,False,False,False,False,False,False,False,True,True,True,True,True,True,False,False,False,"[-5, -8, 4, 2, 8, 5, -7, 6, 6, -8, 1, -3]",0,0,0,0,0,3173.032434749999,0.00012895796680822968,3171.1437927919906,0.009774916979949921,24,24,"[('(0, 0, 0, 0, 0, 0, 0, 0, 0, 0, 0, 0)', 99), ('(0, 0, 0, 0, 0, 0, 0, 0, 0, 0, 0, 1)', 18), ('(0, 0, 0, 0, 0, 0, 0, 0, 0, 1, 0, 0)', 18), ('(0, 0, -1, 0, 0, 0, 0, 0, 0, 0, 0, 0)', 18), ('(0, 0, 0, 0, 0, 0, 0, 0, -1, 0, 0, 0)', 15), ('(0, 0, 0, 0, 0, 0, 0, 0, 0, 0, 1, 0)', 14), ('(0, 0, 0, 1, 0, 0, 0, 0, 0, 0, 0, 0)', 14), ('(0, 0, 0, 0, 0, 1, 0, 0, 0, 0, 0, 0)', 13), ('(0, 0, 0, 0, 1, 0, 0, 0, 0, 0, 0, 0)', 12), ('(0, 0, 0, 0, 0, 0, 0, 1, 0, 0, 0, 0)', 10)]",5
9,12,17,96,"[1, -1, -1, -1, 0, -1, 0, -1, 1]","[1, 16, 16, 16, 0, 16, 0, 16, 1]","[-1, 0, -1, 0, 0, 0, 0, 0, 0, 0, 0, 0]","[9, -2, 0, -3, -7, 0, -8, 7, -4, 1, -2, 3]","[-1, 0, -1, 0, 0, 0, 0, 0, 0, 0, 0, 0]",2.0,"[1, 16, 16, 16, 0, 16, 0, 16, 1]",True,"[0, 0, 0, 0, 0, 0, 0, 0, 0, 0, 0, 0]",2.0,"[9, -2, 0, -3, -7, 0, -8, 7, -4, 1, -2, 3]","[1, 16, 16, 16, 0, 16, 0, 16, 1]",True,"[0, 0, 0, 0, 0, 0, 0, 0, 0, 0, 0, 0]",2.0,0,"[9, -2, 0, -3, -7, 0, -8, 7, -4, 1, -2, 3]","[1, 16, 16, 16, 0, 16, 0, 16, 1]",True,"[0, 0, 0, 0, 0, 0, 0, 0, 0, 0, 0, 0]",2.0,"[9, -2, 0, -3, -7, 0, -8, 7, -4, 1, -2, 3]","[1, 16, 16, 16, 0, 16, 0, 16, 1]",True,"[0, 0, 0, 0, 0, 0, 0, 0, 0, 0, 0, 0]",2.0,139,0.2842535787321063,71.60583575773906,0,0,7,2,"[9, -2, 0, -3, -7, 0, -8, 7, -4, 1, -2, 3]","[1, 16, 16, 16, 0, 16, 0, 16, 1]",True,20,20,True,False,True,True,0,False,False,False,False,False,False,False,True,True,True,True,True,True,False,False,False,"[9, -2, 0, -3, -7, 0, -8, 7, -4, 1, -2, 3]",0,0,0,0,0,3173.006072291988,0.00010729097994044423,3171.156434167002,0.008293916005641222,24,24,"[('(0, 0, 0, 0, 0, 0, 0, 0, 0, 0, 0, 0)', 139), ('(0, 0, 0, 0, 0, 0, 0, 0, 0, 0, 0, -1)', 40), ('(0, 0, 0, 0, 0, 0, -1, 0, 0, 0, 0, 0)', 33), ('(0, 0, 0, 0, 0, 0, 0, 0, 1, 0, 0, 0)', 31), ('(0, 0, 0, 0, 0, 0, 0, 1, 0, 0, 0, 0)', 27), ('(0, 0, 0, 0, 0, 0, 0, 0, 0, 0, 1, 0)', 16), ('(0, 0, 0, 0, 0, 0, 0, 1, 1, 0, 0, 0)', 10), ('(0, 0, 0, 0, 0, 0, -1, 1, 0, 0, 0, 0)', 10), ('(0, 0, 0, 0, 0, 0, -1, 0, 0, 0, 0, -1)', 6), ('(0, 0, 0, 0, 0, 0, 0, 0, 1, 0, 0, -1)', 6)]",5
9,12,17,97,"[1, 1, 1, 0, 0, 1, 0, 0, -1]","[1, 1, 1, 0, 0, 1, 0, 0, 16]","[-1, 1, 0, -1, 1, 0, 0, 0, 0, 1, -1, 1]","[-7, 0, 7, -2, -1, -9, -7, 4, 7, 1, -7, 4]","[0, 0, 0, 0, -1, 1, 0, 0, -1, 1, 0, 1]",5.0,"[10, 12, 12, 10, 10, 6, 0, 1, 12]",False,"[0, 0, 1, -1, 0, 0, 0, 0, 0, 0, -1, 0]",3.0,"[-7, 0, 7, -3, -3, -8, -7, 4, 5, 2, -7, 5]","[6, 6, 9, 13, 1, 9, 6, 9, 14]",False,"[0, 0, 0, 0, 0, 0, 0, 0, 0, 0, 0, 0]",5.0,0,"[-7, 0, 7, -2, -1, -9, -7, 4, 7, 1, -7, 4]","[10, 12, 12, 10, 10, 6, 0, 1, 12]",False,"[0, 0, 0, -1, 0, 0, 0, 0, 0, 0, -1, 0]",4.0,"[-7, 0, 8, -2, -2, -8, -7, 5, 5, 2, -7, 4]","[4, 11, 16, 7, 7, 12, 15, 12, 10]",False,"[0, 0, 0, 0, 0, 0, 0, 0, 0, -1, 0, 0]",6.0,17,0.03441295546558704,7096.010962824211,7,0,7,6,"[-6, 0, 7, -2, -1, -9, -7, 5, 7, 2, -6, 5]","[13, 4, 0, 14, 13, 0, 3, 4, 15]",False,20,20,False,True,False,False,8,True,True,False,False,False,False,False,False,False,False,False,False,False,False,True,False,"[-6, -1, 7, -1, -3, -8, -7, 4, 6, 1, -6, 4]",10,10,10,9,11,3172.8409211250255,9.304098784923553e-05,3170.9886622920167,0.007879291952122003,24,24,"[('(0, 0, 0, 0, 0, 0, 0, 0, 0, 0, 0, 0)', 96), ('(0, 0, 0, 0, 0, 0, 0, 0, 0, 0, -1, 0)', 23), ('(0, 0, 0, -1, 0, 0, 0, 0, 0, 0, 0, 0)', 23), ('(0, 0, 0, 0, 0, 0, 0, 0, 1, 0, 0, 0)', 21), ('(0, 0, 1, 0, 0, 0, 0, 0, 0, 0, 0, 0)', 17), ('(0, 0, 0, 0, 0, 0, 0, 0, 0, -1, 0, 0)', 17), ('(0, 0, 0, 0, 0, 0, 0, 0, 0, 0, 0, -1)', 13), ('(0, 0, 0, 0, 0, 0, 1, 0, 0, 0, 0, 0)', 13), ('(0, 1, 0, 0, 0, 0, 0, 0, 0, 0, 0, 0)', 11), ('(0, 0, 0, 0, 0, 0, 0, 0, 1, 0, -1, 0)', 8)]",5
9,12,17,98,"[-1, -1, 1, 0, -1, 1, 1, 0, -1]","[16, 16, 1, 0, 16, 1, 1, 0, 16]","[-1, 0, 0, 0, 0, 0, 0, 1, 0, 0, 0, 0]","[4, 0, 0, 4, 3, -6, 3, -3, -2, 3, 8, -6]","[-1, 0, 0, 0, 0, 0, 0, 1, 0, 0, 0, 0]",2.0,"[16, 16, 1, 0, 16, 1, 1, 0, 16]",True,"[0, 0, 0, 0, 0, 0, 0, 0, 0, 0, 0, 0]",2.0,"[4, 0, 0, 4, 3, -6, 3, -3, -2, 3, 8, -6]","[16, 16, 1, 0, 16, 1, 1, 0, 16]",True,"[0, 0, 0, 0, 0, 0, 0, 0, 0, 0, 0, 0]",2.0,0,"[4, 0, 0, 4, 3, -6, 3, -3, -2, 3, 8, -6]","[16, 16, 1, 0, 16, 1, 1, 0, 16]",True,"[0, 0, 0, 0, 0, 0, 0, 0, 0, 0, 0, 0]",2.0,"[4, 0, 0, 4, 3, -6, 3, -3, -2, 3, 8, -6]","[16, 16, 1, 0, 16, 1, 1, 0, 16]",True,"[0, 0, 0, 0, 0, 0, 0, 0, 0, 0, 0, 0]",2.0,98,0.20040899795501022,71.64048801498653,0,0,7,2,"[4, 0, 0, 4, 3, -6, 3, -3, -2, 3, 8, -6]","[16, 16, 1, 0, 16, 1, 1, 0, 16]",True,20,20,True,False,True,True,0,False,False,False,False,False,False,False,True,True,True,True,True,True,False,False,False,"[4, 0, 0, 4, 3, -6, 3, -3, -2, 3, 8, -6]",0,0,0,0,0,3172.6751783749787,0.00010054197628051043,3170.8332475830102,0.006187415972817689,24,24,"[('(0, 0, 0, 0, 0, 0, 0, 0, 0, 0, 0, 0)', 98), ('(0, 0, 1, 0, 0, 0, 0, 0, 0, 0, 0, 0)', 26), ('(0, 0, 0, 0, 1, 0, 0, 0, 0, 0, 0, 0)', 24), ('(0, 0, 0, -1, 0, 0, 0, 0, 0, 0, 0, 0)', 24), ('(0, -1, 0, 0, 0, 0, 0, 0, 0, 0, 0, 0)', 22), ('(0, 0, 0, 0, 0, -1, 0, 0, 0, 0, 0, 0)', 20), ('(-1, 0, 0, 0, 0, 0, 0, 0, 0, 0, 0, 0)', 19), ('(0, 0, 0, 0, 0, 0, 0, 0, 0, -1, 0, 0)', 13), ('(0, 0, 0, -1, 1, 0, 0, 0, 0, 0, 0, 0)', 8), ('(0, 0, 1, 0, 1, 0, 0, 0, 0, 0, 0, 0)', 7)]",5
9,12,17,99,"[-1, 0, 1, -1, 1, 0, 0, -1, -1]","[16, 0, 1, 16, 1, 0, 0, 16, 16]","[0, 0, 0, 0, 0, 0, 0, 0, 0, 1, 0, 0]","[-8, -3, 1, 5, 7, 8, 0, -8, -8, -2, 1, -3]","[0, 0, 0, 0, 0, 0, 0, 0, 0, 1, 0, 0]",1.0,"[16, 0, 1, 16, 1, 0, 0, 16, 16]",True,"[0, 0, 0, 0, 0, 0, 0, 0, 0, 0, 0, 0]",1.0,"[-8, -3, 1, 5, 7, 8, 0, -8, -8, -2, 1, -3]","[16, 0, 1, 16, 1, 0, 0, 16, 16]",True,"[0, 0, 0, 0, 0, 0, 0, 0, 0, 0, 0, 0]",1.0,0,"[-8, -3, 1, 5, 7, 8, 0, -8, -8, -2, 1, -3]","[16, 0, 1, 16, 1, 0, 0, 16, 16]",True,"[0, 0, 0, 0, 0, 0, 0, 0, 0, 0, 0, 0]",1.0,"[-8, -3, 1, 5, 7, 8, 0, -8, -8, -2, 1, -3]","[16, 0, 1, 16, 1, 0, 0, 16, 16]",True,"[0, 0, 0, 0, 0, 0, 0, 0, 0, 0, 0, 0]",1.0,57,0.11704312114989733,60.643955698945355,0,0,6,1,"[-8, -3, 1, 5, 7, 8, 0, -8, -8, -2, 1, -3]","[16, 0, 1, 16, 1, 0, 0, 16, 16]",True,20,20,True,False,True,True,0,False,False,False,False,False,False,False,True,True,True,True,True,True,False,False,False,"[-8, -3, 1, 5, 7, 8, 0, -8, -8, -2, 1, -3]",0,0,0,0,0,3172.2371490829973,0.00013804197078570724,3170.3483163749916,0.004552208003588021,24,24,"[('(0, 0, 0, 0, 0, 0, 0, 0, 0, 0, 0, 0)', 57), ('(0, 0, 0, 0, 1, 0, 0, 0, 0, 0, 0, 0)', 18), ('(0, 0, 0, 0, 0, 0, 0, 0, 0, 0, 0, -1)', 16), ('(0, 0, 0, 0, 0, 0, 0, -1, 0, 0, 0, 0)', 16), ('(0, 0, 1, 0, 0, 0, 0, 0, 0, 0, 0, 0)', 15), ('(0, 0, 0, 0, 0, 0, 0, 0, -1, 0, 0, 0)', 14), ('(0, 0, 0, 0, 0, 0, 0, 0, 0, 0, -1, 0)', 14), ('(0, 0, 0, 1, 0, 0, 0, 0, 0, 0, 0, 0)', 14), ('(0, 0, 0, 0, 0, 0, 0, 0, 0, 1, 0, 0)', 14), ('(0, 0, 0, 0, 0, 0, 0, -1, -1, 0, 0, 0)', 11)]",5
